time,spot,expiry,strike,type,token,ltp,oi,volume,bid,ask,lot
2026-10-06 09:20:20,22582.35,2026-10-06,22000.0,CE,40667,585.0,400595,51870,585.7,587.55,65
2026-10-06 09:20:20,22582.35,2026-10-06,22550.0,PE,40700,50.25,13002795,31500625,49.35,49.5,65
2026-10-06 09:20:20,22582.35,2026-10-06,23150.0,PE,40744,559.15,83850,4290,567.15,569.6,65
2026-10-06 09:20:20,22582.35,2026-10-06,23150.0,CE,40743,0.75,3937570,6563570,0.75,0.8,65
2026-10-06 09:20:20,22582.35,2026-10-06,23100.0,PE,40742,512.75,451295,20280,516.35,518.9,65
2026-10-06 09:20:20,22582.35,2026-10-06,23100.0,CE,40741,0.85,10047180,13556335,0.85,0.9,65
2026-10-06 09:20:20,22582.35,2026-10-06,22650.0,CE,40704,35.5,11857040,26441610,35.65,35.7,65
2026-10-06 09:20:20,22582.35,2026-10-06,22600.0,PE,40703,73.45,15069665,34887320,73.45,73.6,65
2026-10-06 09:20:20,22582.35,2026-10-06,23200.0,PE,40746,610.0,360620,4550,617.45,619.55,65
2026-10-06 09:20:20,22582.35,2026-10-06,22050.0,CE,40669,546.6,51935,1365,533.2,536.8,65
2026-10-06 09:20:20,22582.35,2026-10-06,22000.0,PE,40668,1.15,14675115,18814640,1.1,1.15,65
2026-10-06 09:20:20,22582.35,2026-10-06,23200.0,CE,40745,0.7,10103145,11150620,0.7,0.75,65
2026-10-06 09:20:20,22582.35,2026-10-06,22600.0,CE,40701,56.3,21286915,42783520,56.2,56.3,65
2026-10-06 09:20:20,22582.35,2026-10-06,22450.0,PE,40696,22.0,10372375,19227000,21.9,22.0,65
2026-10-06 09:20:20,22582.35,2026-10-06,23000.0,PE,40732,417.6,1013675,213915,417.65,418.75,65
2026-10-06 09:20:20,22582.35,2026-10-06,22550.0,CE,40699,83.55,9604660,19700395,84.55,84.8,65
2026-10-06 09:20:20,22582.35,2026-10-06,22500.0,PE,40698,33.85,19516705,32539585,33.6,33.7,65
2026-10-06 09:20:20,22582.35,2026-10-06,23000.0,CE,40731,1.35,15675920,19865885,1.3,1.35,65
2026-10-06 09:20:20,22582.35,2026-10-06,22500.0,CE,40697,116.65,8207095,13471510,116.75,117.0,65
2026-10-06 09:20:20,22582.35,2026-10-06,23050.0,PE,40736,461.55,228800,11180,465.35,467.25,65
2026-10-06 09:20:20,22582.35,2026-10-06,23050.0,CE,40735,1.0,5130320,8918910,0.95,1.0,65
2026-10-06 09:20:20,22582.35,2026-10-06,22300.0,PE,40681,6.15,11954540,20125755,6.05,6.1,65
2026-10-06 09:20:20,22582.35,2026-10-06,22350.0,CE,40682,242.0,632450,342095,241.9,242.65,65
2026-10-06 09:20:20,22582.35,2026-10-06,22900.0,PE,40722,320.0,536965,150605,317.35,318.0,65
2026-10-06 09:20:20,22582.35,2026-10-06,22450.0,CE,40689,155.4,2441920,3467035,155.1,155.35,65
2026-10-06 09:20:20,22582.35,2026-10-06,22400.0,PE,40688,14.1,17151875,28294955,14.05,14.1,65
2026-10-06 09:20:20,22582.35,2026-10-06,22900.0,CE,40721,2.6,13514800,16905200,2.55,2.6,65
2026-10-06 09:20:20,22582.35,2026-10-06,22400.0,CE,40687,197.55,2622490,1831180,197.35,197.9,65
2026-10-06 09:20:20,22582.35,2026-10-06,22850.0,PE,40720,271.0,288405,212810,271.2,271.75,65
2026-10-06 09:20:20,22582.35,2026-10-06,22350.0,PE,40686,9.15,7167550,14138215,9.15,9.2,65
2026-10-06 09:20:20,22582.35,2026-10-06,22950.0,PE,40724,369.55,362765,31655,368.35,369.5,65
2026-10-06 09:20:20,22582.35,2026-10-06,22950.0,CE,40723,1.85,5709015,11097645,1.8,1.85,65
2026-10-06 09:20:20,22582.35,2026-10-06,22850.0,CE,40717,4.1,8409245,11670555,4.1,4.15,65
2026-10-06 09:20:20,22582.35,2026-10-06,22800.0,PE,40716,224.2,1763255,1419470,224.65,224.9,65
2026-10-06 09:20:20,22582.35,2026-10-06,22050.0,PE,40670,1.35,3582540,7528755,1.3,1.35,65
2026-10-06 09:20:20,22582.35,2026-10-06,22150.0,PE,40674,2.15,5109195,12165530,2.1,2.15,65
2026-10-06 09:20:20,22582.35,2026-10-06,22150.0,CE,40673,438.35,125710,18720,434.4,435.95,65
2026-10-06 09:20:20,22582.35,2026-10-06,22100.0,PE,40672,1.65,7787455,17277845,1.65,1.7,65
2026-10-06 09:20:20,22582.35,2026-10-06,22100.0,CE,40671,485.0,181480,23530,483.65,485.4,65
2026-10-06 09:20:20,22582.35,2026-10-06,22250.0,PE,40678,4.15,5571930,13727610,4.1,4.15,65
2026-10-06 09:20:20,22582.35,2026-10-06,22700.0,PE,40711,139.4,3888495,6831175,139.15,139.55,65
2026-10-06 09:20:20,22582.35,2026-10-06,22250.0,CE,40677,338.0,337480,67860,336.7,337.75,65
2026-10-06 09:20:20,22582.35,2026-10-06,22700.0,CE,40710,21.6,15827630,27144260,21.5,21.55,65
2026-10-06 09:20:20,22582.35,2026-10-06,22200.0,PE,40676,2.85,10944310,21571420,2.85,2.9,65
2026-10-06 09:20:20,22582.35,2026-10-06,22200.0,CE,40675,386.35,556465,98540,386.25,387.55,65
2026-10-06 09:20:20,22582.35,2026-10-06,22800.0,CE,40715,7.15,19184880,24308635,7.1,7.15,65
2026-10-06 09:20:20,22582.35,2026-10-06,22750.0,PE,40714,179.95,1137565,1344005,179.2,179.6,65
2026-10-06 09:20:20,22582.35,2026-10-06,22750.0,CE,40712,12.5,9609665,17554485,12.45,12.5,65
2026-10-06 09:20:20,22582.35,2026-10-06,22300.0,CE,40679,289.0,1000675,366080,289.0,289.8,65
2026-10-06 09:20:20,22582.35,2026-10-06,22650.0,PE,40709,103.85,3420950,8974875,102.75,102.85,65
2026-10-06 09:25:23,22597.95,2026-10-06,22000.0,CE,40667,601.55,396825,84825,601.85,603.6,65
2026-10-06 09:25:23,22597.95,2026-10-06,22550.0,PE,40700,42.3,15546505,51655630,42.6,42.7,65
2026-10-06 09:25:23,22597.95,2026-10-06,23150.0,PE,40744,548.0,80665,8320,550.35,552.5,65
2026-10-06 09:25:23,22597.95,2026-10-06,23150.0,CE,40743,0.75,3956940,9059115,0.7,0.75,65
2026-10-06 09:25:23,22597.95,2026-10-06,23100.0,PE,40742,500.6,443300,34060,500.4,502.1,65
2026-10-06 09:25:23,22597.95,2026-10-06,23100.0,CE,40741,0.8,10667670,18958615,0.8,0.85,65
2026-10-06 09:25:23,22597.95,2026-10-06,22650.0,CE,40704,40.35,13636155,40542840,40.55,40.65,65
2026-10-06 09:25:23,22597.95,2026-10-06,22600.0,PE,40703,63.3,18624840,56957550,63.1,63.3,65
2026-10-06 09:25:23,22597.95,2026-10-06,23200.0,PE,40746,602.1,358540,9035,600.6,602.5,65
2026-10-06 09:25:23,22597.95,2026-10-06,22050.0,CE,40669,553.95,52000,2210,550.35,552.25,65
2026-10-06 09:25:23,22597.95,2026-10-06,22000.0,PE,40668,1.05,15748525,26667940,1.05,1.1,65
2026-10-06 09:25:23,22597.95,2026-10-06,23200.0,CE,40745,0.65,11221145,17047680,0.65,0.7,65
2026-10-06 09:25:23,22597.95,2026-10-06,22600.0,CE,40701,62.85,24254815,70751590,62.85,62.95,65
2026-10-06 09:25:23,22597.95,2026-10-06,22450.0,PE,40696,17.9,12019215,30784520,17.85,17.95,65
2026-10-06 09:25:23,22597.95,2026-10-06,23000.0,PE,40732,400.0,991640,324740,400.65,401.9,65
2026-10-06 09:25:23,22597.95,2026-10-06,22550.0,CE,40699,92.65,10802480,33121075,92.25,92.4,65
2026-10-06 09:25:23,22597.95,2026-10-06,22500.0,PE,40698,28.05,21928855,51531675,27.8,27.9,65
2026-10-06 09:25:23,22597.95,2026-10-06,23000.0,CE,40731,1.4,16562975,27373255,1.35,1.4,65
2026-10-06 09:25:23,22597.95,2026-10-06,22500.0,CE,40697,127.95,8408985,22135750,128.05,128.15,65
2026-10-06 09:25:23,22597.95,2026-10-06,23050.0,PE,40736,449.95,215020,27625,449.2,451.4,65
2026-10-06 09:25:23,22597.95,2026-10-06,23050.0,CE,40735,0.9,5878145,13035945,0.9,0.95,65
2026-10-06 09:25:23,22597.95,2026-10-06,22300.0,PE,40681,4.9,13431080,28628340,4.9,4.95,65
2026-10-06 09:25:23,22597.95,2026-10-06,22350.0,CE,40682,257.3,617825,558350,258.1,258.8,65
2026-10-06 09:25:23,22597.95,2026-10-06,22900.0,PE,40722,303.35,585910,317265,303.2,304.0,65
2026-10-06 09:25:23,22597.95,2026-10-06,22450.0,CE,40689,168.55,2775695,7295990,167.95,168.35,65
2026-10-06 09:25:23,22597.95,2026-10-06,22400.0,PE,40688,11.5,18731050,42462940,11.55,11.6,65
2026-10-06 09:25:23,22597.95,2026-10-06,22900.0,CE,40721,2.75,13819325,24124295,2.7,2.75,65
2026-10-06 09:25:23,22597.95,2026-10-06,22400.0,CE,40687,212.2,2765555,3171090,211.45,212.05,65
2026-10-06 09:25:23,22597.95,2026-10-06,22850.0,PE,40720,254.6,308685,392535,254.15,254.8,65
2026-10-06 09:25:23,22597.95,2026-10-06,22350.0,PE,40686,7.35,8365825,21631415,7.25,7.3,65
2026-10-06 09:25:23,22597.95,2026-10-06,22950.0,PE,40724,352.2,359515,50310,351.45,352.5,65
2026-10-06 09:25:23,22597.95,2026-10-06,22950.0,CE,40723,1.9,6354660,15675270,1.85,1.9,65
2026-10-06 09:25:23,22597.95,2026-10-06,22850.0,CE,40717,4.45,8879390,16692910,4.4,4.45,65
2026-10-06 09:25:23,22597.95,2026-10-06,22800.0,PE,40716,208.5,1893255,2261220,208.35,208.9,65
2026-10-06 09:25:23,22597.95,2026-10-06,22050.0,PE,40670,1.3,4001725,10303280,1.25,1.3,65
2026-10-06 09:25:23,22597.95,2026-10-06,22150.0,PE,40674,1.85,5424445,15851875,1.8,1.85,65
2026-10-06 09:25:23,22597.95,2026-10-06,22150.0,CE,40673,456.25,124085,25545,450.8,453.0,65
2026-10-06 09:25:23,22597.95,2026-10-06,22100.0,PE,40672,1.6,8448375,22983155,1.55,1.6,65
2026-10-06 09:25:23,22597.95,2026-10-06,22100.0,CE,40671,504.9,179855,30355,500.05,502.7,65
2026-10-06 09:25:23,22597.95,2026-10-06,22250.0,PE,40678,3.4,6391905,19055335,3.35,3.4,65
2026-10-06 09:25:23,22597.95,2026-10-06,22700.0,PE,40711,125.2,4444505,11198850,124.95,125.3,65
2026-10-06 09:25:23,22597.95,2026-10-06,22250.0,CE,40677,354.9,334425,115115,352.7,353.95,65
2026-10-06 09:25:23,22597.95,2026-10-06,22700.0,CE,40710,24.1,17920955,41559895,24.1,24.2,65
2026-10-06 09:25:23,22597.95,2026-10-06,22200.0,PE,40676,2.45,11612575,31015530,2.45,2.5,65
2026-10-06 09:25:23,22597.95,2026-10-06,22200.0,CE,40675,401.55,549575,169715,401.55,402.65,65
2026-10-06 09:25:23,22597.95,2026-10-06,22800.0,CE,40715,7.8,20668180,35730955,7.8,7.85,65
2026-10-06 09:25:23,22597.95,2026-10-06,22750.0,PE,40714,164.6,1291290,2194205,164.3,164.65,65
2026-10-06 09:25:23,22597.95,2026-10-06,22750.0,CE,40712,13.9,10276370,24908130,13.85,13.9,65
2026-10-06 09:25:23,22597.95,2026-10-06,22300.0,CE,40679,304.45,1042340,746070,305.0,305.9,65
2026-10-06 09:25:23,22597.95,2026-10-06,22650.0,PE,40709,90.45,4586400,15347345,89.7,89.9,65
2026-10-06 09:30:23,22604.85,2026-10-06,22000.0,CE,40667,611.4,396760,102375,610.8,611.8,65
2026-10-06 09:30:23,22604.85,2026-10-06,22550.0,PE,40700,37.5,18466370,64838410,37.55,37.65,65
2026-10-06 09:30:23,22604.85,2026-10-06,23150.0,PE,40744,545.0,79755,10335,541.35,543.15,65
2026-10-06 09:30:23,22604.85,2026-10-06,23150.0,CE,40743,0.7,4054635,10173735,0.7,0.75,65
2026-10-06 09:30:23,22604.85,2026-10-06,23100.0,PE,40742,496.0,441480,45500,491.85,493.7,65
2026-10-06 09:30:23,22604.85,2026-10-06,23100.0,CE,40741,0.85,11058125,22964370,0.8,0.85,65
2026-10-06 09:30:23,22604.85,2026-10-06,22650.0,CE,40704,41.1,14656200,52828035,41.55,41.7,65
2026-10-06 09:30:23,22604.85,2026-10-06,22600.0,PE,40703,56.15,22266725,72593235,56.1,56.3,65
2026-10-06 09:30:23,22604.85,2026-10-06,23200.0,PE,40746,592.35,357435,16250,591.2,593.1,65
2026-10-06 09:30:23,22604.85,2026-10-06,22050.0,CE,40669,562.7,52195,2730,559.1,560.9,65
2026-10-06 09:30:23,22604.85,2026-10-06,22000.0,PE,40668,1.15,17616300,35761050,1.15,1.2,65
2026-10-06 09:30:23,22604.85,2026-10-06,23200.0,CE,40745,0.7,11414260,19653595,0.65,0.7,65
2026-10-06 09:30:23,22604.85,2026-10-06,22600.0,CE,40701,65.45,25925770,91789360,65.5,65.65,65
2026-10-06 09:30:23,22604.85,2026-10-06,22450.0,PE,40696,15.3,13265915,38074530,15.2,15.25,65
2026-10-06 09:30:23,22604.85,2026-10-06,23000.0,PE,40732,391.85,978055,400660,391.85,393.0,65
2026-10-06 09:30:23,22604.85,2026-10-06,22550.0,CE,40699,96.0,11411920,42869710,95.8,96.05,65
2026-10-06 09:30:23,22604.85,2026-10-06,22500.0,PE,40698,24.2,24432200,64770875,24.1,24.2,65
2026-10-06 09:30:23,22604.85,2026-10-06,23000.0,CE,40731,1.5,17568785,34360755,1.45,1.5,65
2026-10-06 09:30:23,22604.85,2026-10-06,22500.0,CE,40697,133.05,8739705,28530710,133.1,133.45,65
2026-10-06 09:30:23,22604.85,2026-10-06,23050.0,PE,40736,447.7,213460,31135,441.15,442.7,65
2026-10-06 09:30:23,22604.85,2026-10-06,23050.0,CE,40735,0.95,6168500,15370680,0.95,1.0,65
2026-10-06 09:30:23,22604.85,2026-10-06,22300.0,PE,40681,4.4,14107925,34436285,4.4,4.45,65
2026-10-06 09:30:23,22604.85,2026-10-06,22350.0,CE,40682,265.35,620295,683865,265.4,266.1,65
2026-10-06 09:30:23,22604.85,2026-10-06,22900.0,PE,40722,296.05,630370,417690,294.9,295.65,65
2026-10-06 09:30:23,22604.85,2026-10-06,22450.0,CE,40689,174.2,2765165,9416875,174.3,174.7,65
2026-10-06 09:30:23,22604.85,2026-10-06,22400.0,PE,40688,9.95,20105475,51965095,9.9,9.95,65
2026-10-06 09:30:23,22604.85,2026-10-06,22900.0,CE,40721,2.75,14630200,30514575,2.7,2.75,65
2026-10-06 09:30:23,22604.85,2026-10-06,22400.0,CE,40687,218.2,2861560,4181515,218.0,218.6,65
2026-10-06 09:30:23,22604.85,2026-10-06,22850.0,PE,40720,245.4,328835,490815,245.65,246.3,65
2026-10-06 09:30:23,22604.85,2026-10-06,22350.0,PE,40686,6.35,9212840,26576680,6.3,6.4,65
2026-10-06 09:30:23,22604.85,2026-10-06,22950.0,PE,40724,347.5,355160,63440,342.5,343.6,65
2026-10-06 09:30:23,22604.85,2026-10-06,22950.0,CE,40723,1.9,6588920,20496190,1.9,1.95,65
2026-10-06 09:30:23,22604.85,2026-10-06,22850.0,CE,40717,4.45,9408620,20503535,4.4,4.45,65
2026-10-06 09:30:23,22604.85,2026-10-06,22800.0,PE,40716,200.0,2123420,3046225,199.6,200.05,65
2026-10-06 09:30:23,22604.85,2026-10-06,22050.0,PE,40670,1.4,4847830,13501150,1.3,1.35,65
2026-10-06 09:30:23,22604.85,2026-10-06,22150.0,PE,40674,1.9,5584085,18383885,1.9,1.95,65
2026-10-06 09:30:23,22604.85,2026-10-06,22150.0,CE,40673,454.2,124410,28600,459.85,461.0,65
2026-10-06 09:30:23,22604.85,2026-10-06,22100.0,PE,40672,1.65,10549955,29217305,1.6,1.65,65
2026-10-06 09:30:23,22604.85,2026-10-06,22100.0,CE,40671,509.7,179465,39000,508.75,510.5,65
2026-10-06 09:30:23,22604.85,2026-10-06,22250.0,PE,40678,3.15,6770010,22590425,3.1,3.15,65
2026-10-06 09:30:23,22604.85,2026-10-06,22700.0,PE,40711,116.35,5125640,14155570,116.4,116.7,65
2026-10-06 09:30:23,22604.85,2026-10-06,22250.0,CE,40677,362.15,333645,143130,361.75,362.8,65
2026-10-06 09:30:23,22604.85,2026-10-06,22700.0,CE,40710,24.75,19176495,52807885,24.6,24.7,65
2026-10-06 09:30:23,22604.85,2026-10-06,22200.0,PE,40676,2.35,12279735,37940955,2.35,2.4,65
2026-10-06 09:30:23,22604.85,2026-10-06,22200.0,CE,40675,411.95,547885,207285,410.65,411.9,65
2026-10-06 09:30:23,22604.85,2026-10-06,22800.0,CE,40715,7.85,21505510,43168450,7.85,7.9,65
2026-10-06 09:30:23,22604.85,2026-10-06,22750.0,PE,40714,156.2,1457105,2814175,156.5,156.8,65
2026-10-06 09:30:23,22604.85,2026-10-06,22750.0,CE,40712,13.95,11008075,30596085,13.95,14.0,65
2026-10-06 09:30:23,22604.85,2026-10-06,22300.0,CE,40679,313.35,1027195,989755,313.65,314.0,65
2026-10-06 09:30:23,22604.85,2026-10-06,22650.0,PE,40709,83.55,5508945,20229625,82.85,83.0,65
2026-10-06 09:35:35,22611.1,2026-10-06,22000.0,CE,40667,618.95,390000,129610,617.1,618.5,65
2026-10-06 09:35:35,22611.1,2026-10-06,22550.0,PE,40700,34.3,19418165,84067815,34.3,34.35,65
2026-10-06 09:35:35,22611.1,2026-10-06,23150.0,PE,40744,537.6,75985,15210,533.6,536.3,65
2026-10-06 09:35:35,22611.1,2026-10-06,23150.0,CE,40743,0.75,3947645,11148670,0.7,0.75,65
2026-10-06 09:35:35,22611.1,2026-10-06,23100.0,PE,40742,484.5,430430,66820,484.6,485.15,65
2026-10-06 09:35:35,22611.1,2026-10-06,23100.0,CE,40741,0.85,11185005,24927045,0.8,0.85,65
2026-10-06 09:35:35,22611.1,2026-10-06,22650.0,CE,40704,43.4,16419260,75429640,43.35,43.45,65
2026-10-06 09:35:35,22611.1,2026-10-06,22600.0,PE,40703,52.5,25142325,99130525,52.5,52.6,65
2026-10-06 09:35:35,22611.1,2026-10-06,23200.0,PE,40746,585.75,354315,23465,584.95,586.45,65
2026-10-06 09:35:35,22611.1,2026-10-06,22050.0,CE,40669,567.0,52000,3445,566.45,568.2,65
2026-10-06 09:35:35,22611.1,2026-10-06,22000.0,PE,40668,1.15,18457920,41842970,1.15,1.2,65
2026-10-06 09:35:35,22611.1,2026-10-06,23200.0,CE,40745,0.7,11522875,21796190,0.65,0.7,65
2026-10-06 09:35:35,22611.1,2026-10-06,22600.0,CE,40701,68.35,25390040,126310015,68.1,68.25,65
2026-10-06 09:35:35,22611.1,2026-10-06,22450.0,PE,40696,13.85,13685295,48187425,13.8,13.85,65
2026-10-06 09:35:35,22611.1,2026-10-06,23000.0,PE,40732,384.5,967980,498160,385.8,386.75,65
2026-10-06 09:35:35,22611.1,2026-10-06,22550.0,CE,40699,99.9,10583300,58022640,99.9,100.15,65
2026-10-06 09:35:35,22611.1,2026-10-06,22500.0,PE,40698,21.85,26340600,82495205,21.95,22.0,65
2026-10-06 09:35:35,22611.1,2026-10-06,23000.0,CE,40731,1.4,18585060,40561885,1.35,1.4,65
2026-10-06 09:35:35,22611.1,2026-10-06,22500.0,CE,40697,137.95,7884500,39073970,137.4,137.75,65
2026-10-06 09:35:35,22611.1,2026-10-06,23050.0,PE,40736,434.85,195195,66690,434.25,436.1,65
2026-10-06 09:35:35,22611.1,2026-10-06,23050.0,CE,40735,0.95,6468410,16885115,0.95,1.0,65
2026-10-06 09:35:35,22611.1,2026-10-06,22300.0,PE,40681,4.15,14027585,40891955,4.1,4.15,65
2026-10-06 09:35:35,22611.1,2026-10-06,22350.0,CE,40682,272.2,598000,858000,271.35,272.2,65
2026-10-06 09:35:35,22611.1,2026-10-06,22900.0,PE,40722,286.8,659685,549640,287.7,288.5,65
2026-10-06 09:35:35,22611.1,2026-10-06,22450.0,CE,40689,179.65,2388295,12858690,179.7,180.0,65
2026-10-06 09:35:35,22611.1,2026-10-06,22400.0,PE,40688,9.0,20817745,62958090,8.95,9.0,65
2026-10-06 09:35:35,22611.1,2026-10-06,22900.0,CE,40721,2.75,14476410,36859030,2.75,2.8,65
2026-10-06 09:35:35,22611.1,2026-10-06,22400.0,CE,40687,224.7,2848235,5928975,224.8,225.4,65
2026-10-06 09:35:35,22611.1,2026-10-06,22850.0,PE,40720,239.7,368680,664235,239.25,239.85,65
2026-10-06 09:35:35,22611.1,2026-10-06,22350.0,PE,40686,5.8,9586980,31501210,5.8,5.85,65
2026-10-06 09:35:35,22611.1,2026-10-06,22950.0,PE,40724,335.0,351975,85280,335.7,336.75,65
2026-10-06 09:35:35,22611.1,2026-10-06,22950.0,CE,40723,1.85,6883305,25992915,1.85,1.9,65
2026-10-06 09:35:35,22611.1,2026-10-06,22850.0,CE,40717,4.7,9698585,24501815,4.65,4.7,65
2026-10-06 09:35:35,22611.1,2026-10-06,22800.0,PE,40716,193.4,2176980,4282785,193.0,193.5,65
2026-10-06 09:35:35,22611.1,2026-10-06,22050.0,PE,40670,1.3,5762770,17127175,1.3,1.35,65
2026-10-06 09:35:35,22611.1,2026-10-06,22150.0,PE,40674,1.8,6044350,20653555,1.8,1.85,65
2026-10-06 09:35:35,22611.1,2026-10-06,22150.0,CE,40673,468.7,124345,32305,466.4,468.5,65
2026-10-06 09:35:35,22611.1,2026-10-06,22100.0,PE,40672,1.5,11117795,33259200,1.5,1.55,65
2026-10-06 09:35:35,22611.1,2026-10-06,22100.0,CE,40671,520.1,178880,42900,516.5,518.35,65
2026-10-06 09:35:35,22611.1,2026-10-06,22250.0,PE,40678,3.0,6711185,26830505,2.95,3.0,65
2026-10-06 09:35:35,22611.1,2026-10-06,22700.0,PE,40711,111.05,5832320,19641895,110.5,110.6,65
2026-10-06 09:35:35,22611.1,2026-10-06,22250.0,CE,40677,369.0,327145,183625,368.6,369.5,65
2026-10-06 09:35:35,22611.1,2026-10-06,22700.0,CE,40710,26.15,20412925,71676475,26.05,26.15,65
2026-10-06 09:35:35,22611.1,2026-10-06,22200.0,PE,40676,2.3,13065000,43657770,2.25,2.3,65
2026-10-06 09:35:35,22611.1,2026-10-06,22200.0,CE,40675,418.65,543270,275795,417.55,418.9,65
2026-10-06 09:35:35,22611.1,2026-10-06,22800.0,CE,40715,8.3,21297185,54077140,8.3,8.4,65
2026-10-06 09:35:35,22611.1,2026-10-06,22750.0,PE,40714,149.75,1725425,3927430,149.55,149.75,65
2026-10-06 09:35:35,22611.1,2026-10-06,22750.0,CE,40712,14.9,11874070,39813085,14.8,14.85,65
2026-10-06 09:35:35,22611.1,2026-10-06,22300.0,CE,40679,320.0,972010,1228175,320.0,320.5,65
2026-10-06 09:35:35,22611.1,2026-10-06,22650.0,PE,40709,78.2,6787690,28967185,78.0,78.05,65
2026-10-06 09:40:28,22628.2,2026-10-06,22550.0,PE,40700,29.4,21259745,97412380,29.2,29.3,65
2026-10-06 09:40:28,22628.2,2026-10-06,23150.0,PE,40744,527.8,75335,16835,520.35,523.2,65
2026-10-06 09:40:28,22628.2,2026-10-06,23150.0,CE,40743,0.75,3945695,11616215,0.7,0.75,65
2026-10-06 09:40:28,22628.2,2026-10-06,23100.0,PE,40742,470.6,404690,93405,470.55,472.4,65
2026-10-06 09:40:28,22628.2,2026-10-06,23100.0,CE,40741,0.75,11293490,26653640,0.75,0.8,65
2026-10-06 09:40:28,22628.2,2026-10-06,22650.0,CE,40704,47.85,17407390,96664490,47.75,47.85,65
2026-10-06 09:40:28,22628.2,2026-10-06,22600.0,PE,40703,45.75,28608190,120801265,45.55,45.7,65
2026-10-06 09:40:28,22628.2,2026-10-06,23200.0,PE,40746,571.0,351065,30680,571.9,573.6,65
2026-10-06 09:40:28,22628.2,2026-10-06,22050.0,CE,40669,578.0,52130,5525,580.2,582.6,65
2026-10-06 09:40:28,22628.2,2026-10-06,23200.0,CE,40745,0.65,11976055,23205650,0.65,0.7,65
2026-10-06 09:40:28,22628.2,2026-10-06,22600.0,CE,40701,74.25,24809980,153811190,74.3,74.5,65
2026-10-06 09:40:28,22628.2,2026-10-06,22450.0,PE,40696,11.85,14019005,55123445,11.85,11.9,65
2026-10-06 09:40:28,22628.2,2026-10-06,23000.0,PE,40732,372.75,981955,582595,372.7,373.45,65
2026-10-06 09:40:28,22628.2,2026-10-06,22550.0,CE,40699,107.7,10079680,68858660,107.7,107.95,65
2026-10-06 09:40:28,22628.2,2026-10-06,22500.0,PE,40698,18.7,28491385,96465200,18.6,18.65,65
2026-10-06 09:40:28,22628.2,2026-10-06,23000.0,CE,40731,1.3,18513040,44285800,1.3,1.35,65
2026-10-06 09:40:28,22628.2,2026-10-06,22500.0,CE,40697,147.35,7585565,46782190,147.05,147.45,65
2026-10-06 09:40:28,22628.2,2026-10-06,23050.0,PE,40736,421.25,185250,81250,420.3,422.75,65
2026-10-06 09:40:28,22628.2,2026-10-06,23050.0,CE,40735,0.95,6636240,17966585,0.9,0.95,65
2026-10-06 09:40:28,22628.2,2026-10-06,22300.0,PE,40681,3.75,14533740,44972265,3.7,3.75,65
2026-10-06 09:40:28,22628.2,2026-10-06,22350.0,CE,40682,283.35,585845,973765,284.1,284.9,65
2026-10-06 09:40:28,22628.2,2026-10-06,22900.0,PE,40722,276.0,665795,664820,274.5,275.2,65
2026-10-06 09:40:28,22628.2,2026-10-06,22450.0,CE,40689,190.5,2146690,15022930,190.05,190.5,65
2026-10-06 09:40:28,22628.2,2026-10-06,22400.0,PE,40688,7.75,21816145,70950555,7.7,7.75,65
2026-10-06 09:40:28,22628.2,2026-10-06,22900.0,CE,40721,2.8,14454115,45969885,2.75,2.8,65
2026-10-06 09:40:28,22628.2,2026-10-06,22400.0,CE,40687,236.95,2758080,7461285,236.45,237.05,65
2026-10-06 09:40:28,22628.2,2026-10-06,22850.0,PE,40720,227.55,432835,835445,226.7,227.3,65
2026-10-06 09:40:28,22628.2,2026-10-06,22350.0,PE,40686,5.1,9331075,35176375,5.1,5.15,65
2026-10-06 09:40:28,22628.2,2026-10-06,22950.0,PE,40724,322.4,351520,104325,322.9,323.95,65
2026-10-06 09:40:28,22628.2,2026-10-06,22950.0,CE,40723,1.8,7213700,31247320,1.8,1.85,65
2026-10-06 09:40:28,22628.2,2026-10-06,22850.0,CE,40717,4.9,9872915,29072095,4.85,4.95,65
2026-10-06 09:40:28,22628.2,2026-10-06,22800.0,PE,40716,181.8,2442765,5245370,181.25,181.65,65
2026-10-06 09:40:28,22628.2,2026-10-06,22050.0,PE,40670,1.35,6337045,19376825,1.35,1.4,65
2026-10-06 09:40:28,22628.2,2026-10-06,22150.0,PE,40674,1.75,6306300,23093005,1.7,1.75,65
2026-10-06 09:40:28,22628.2,2026-10-06,22150.0,CE,40673,481.65,149630,73905,479.6,481.5,65
2026-10-06 09:40:28,22628.2,2026-10-06,23250.0,PE,40750,621.5,217685,80795,620.9,622.2,65
2026-10-06 09:40:28,22628.2,2026-10-06,22100.0,PE,40672,1.55,11630255,36370425,1.5,1.55,65
2026-10-06 09:40:28,22628.2,2026-10-06,22100.0,CE,40671,531.65,219115,126035,529.6,531.5,65
2026-10-06 09:40:28,22628.2,2026-10-06,22250.0,PE,40678,2.75,7099300,30365920,2.7,2.75,65
2026-10-06 09:40:28,22628.2,2026-10-06,22700.0,PE,40711,100.7,6738940,24687000,100.75,101.0,65
2026-10-06 09:40:28,22628.2,2026-10-06,22250.0,CE,40677,382.0,329745,200785,380.85,382.1,65
2026-10-06 09:40:28,22628.2,2026-10-06,22700.0,CE,40710,28.95,21501610,88680995,29.0,29.1,65
2026-10-06 09:40:28,22628.2,2026-10-06,22200.0,PE,40676,2.2,13566410,47919690,2.15,2.2,65
2026-10-06 09:40:28,22628.2,2026-10-06,22200.0,CE,40675,429.95,532740,309725,430.95,432.6,65
2026-10-06 09:40:28,22628.2,2026-10-06,22800.0,CE,40715,9.0,21435765,63663925,8.95,9.0,65
2026-10-06 09:40:28,22628.2,2026-10-06,22750.0,PE,40714,138.75,1916265,4867720,138.2,138.55,65
2026-10-06 09:40:28,22628.2,2026-10-06,22750.0,CE,40712,16.3,12410060,48242545,16.3,16.35,65
2026-10-06 09:40:28,22628.2,2026-10-06,22300.0,CE,40679,333.3,965640,1369095,332.45,333.15,65
2026-10-06 09:40:28,22628.2,2026-10-06,23250.0,CE,40749,0.65,3783455,9696245,0.6,0.65,65
2026-10-06 09:40:28,22628.2,2026-10-06,22650.0,PE,40709,69.6,7984340,36711805,69.45,69.5,65
2026-10-06 09:45:46,22617.5,2026-10-06,22000.0,CE,40667,622.85,378300,175955,620.6,622.75,65
2026-10-06 09:45:46,22617.5,2026-10-06,22550.0,PE,40700,32.0,23313030,109257070,32.0,32.1,65
2026-10-06 09:45:46,22617.5,2026-10-06,23150.0,PE,40744,532.55,74295,18330,530.05,532.5,65
2026-10-06 09:45:46,22617.5,2026-10-06,23150.0,CE,40743,0.7,3971955,12314575,0.7,0.75,65
2026-10-06 09:45:46,22617.5,2026-10-06,23100.0,PE,40742,479.85,401310,105560,479.7,480.7,65
2026-10-06 09:45:46,22617.5,2026-10-06,23100.0,CE,40741,0.75,11042070,28417350,0.75,0.8,65
2026-10-06 09:45:46,22617.5,2026-10-06,22650.0,CE,40704,44.75,17985825,116202125,44.75,44.9,65
2026-10-06 09:45:46,22617.5,2026-10-06,22600.0,PE,40703,49.85,32222515,142772565,49.75,49.9,65
2026-10-06 09:45:46,22617.5,2026-10-06,23200.0,PE,40746,577.95,348205,36725,579.95,581.95,65
2026-10-06 09:45:46,22617.5,2026-10-06,22050.0,CE,40669,565.45,52390,6630,571.4,573.45,65
2026-10-06 09:45:46,22617.5,2026-10-06,22000.0,PE,40668,1.3,19847360,52103285,1.25,1.3,65
2026-10-06 09:45:46,22617.5,2026-10-06,23200.0,CE,40745,0.7,12245675,26080730,0.65,0.7,65
2026-10-06 09:45:46,22617.5,2026-10-06,22600.0,CE,40701,69.95,24220495,175390345,70.0,70.15,65
2026-10-06 09:45:46,22617.5,2026-10-06,22450.0,PE,40696,12.75,14718665,61175400,12.75,12.8,65
2026-10-06 09:45:46,22617.5,2026-10-06,23000.0,PE,40732,381.6,974155,678275,380.85,382.05,65
2026-10-06 09:45:46,22617.5,2026-10-06,22550.0,CE,40699,102.1,9531275,77642305,102.1,102.35,65
2026-10-06 09:45:46,22617.5,2026-10-06,22500.0,PE,40698,20.25,30226365,110844175,20.3,20.4,65
2026-10-06 09:45:46,22617.5,2026-10-06,23000.0,CE,40731,1.25,18545605,47784750,1.2,1.25,65
2026-10-06 09:45:46,22617.5,2026-10-06,22500.0,CE,40697,140.85,7130890,52440700,140.5,140.9,65
2026-10-06 09:45:46,22617.5,2026-10-06,23050.0,PE,40736,431.75,175110,92105,429.55,431.95,65
2026-10-06 09:45:46,22617.5,2026-10-06,23050.0,CE,40735,0.85,6802965,20004595,0.8,0.85,65
2026-10-06 09:45:46,22617.5,2026-10-06,22300.0,PE,40681,3.95,15032940,50841765,3.95,4.0,65
2026-10-06 09:45:46,22617.5,2026-10-06,22350.0,CE,40682,275.15,601640,1206400,276.0,276.55,65
2026-10-06 09:45:46,22617.5,2026-10-06,22900.0,PE,40722,283.8,678795,827710,283.15,283.85,65
2026-10-06 09:45:46,22617.5,2026-10-06,22450.0,CE,40689,182.9,2069925,16443765,183.35,183.8,65
2026-10-06 09:45:46,22617.5,2026-10-06,22400.0,PE,40688,8.45,22678890,79010165,8.4,8.45,65
2026-10-06 09:45:46,22617.5,2026-10-06,22900.0,CE,40721,2.45,14792375,54706600,2.4,2.45,65
2026-10-06 09:45:46,22617.5,2026-10-06,22400.0,CE,40687,229.15,2697825,8742695,228.8,229.2,65
2026-10-06 09:45:46,22617.5,2026-10-06,22850.0,PE,40720,234.6,428545,1060020,234.65,235.2,65
2026-10-06 09:45:46,22617.5,2026-10-06,22350.0,PE,40686,5.55,9852050,38668630,5.5,5.55,65
2026-10-06 09:45:46,22617.5,2026-10-06,22950.0,PE,40724,331.35,354055,123435,330.9,331.85,65
2026-10-06 09:45:46,22617.5,2026-10-06,22950.0,CE,40723,1.6,6999655,35430525,1.6,1.65,65
2026-10-06 09:45:46,22617.5,2026-10-06,22850.0,CE,40717,4.5,10066355,33490210,4.45,4.5,65
2026-10-06 09:45:46,22617.5,2026-10-06,22800.0,PE,40716,188.8,2619695,6329245,188.3,188.65,65
2026-10-06 09:45:46,22617.5,2026-10-06,22050.0,PE,40670,1.45,7283770,22425390,1.45,1.5,65
2026-10-06 09:45:46,22617.5,2026-10-06,22150.0,PE,40674,1.9,7057700,25492740,1.85,1.9,65
2026-10-06 09:45:46,22617.5,2026-10-06,22150.0,CE,40673,471.2,161655,91130,471.5,473.3,65
2026-10-06 09:45:46,22617.5,2026-10-06,22100.0,PE,40672,1.65,11988795,39574275,1.6,1.65,65
2026-10-06 09:45:46,22617.5,2026-10-06,22100.0,CE,40671,516.9,249925,156455,521.9,523.7,65
2026-10-06 09:45:46,22617.5,2026-10-06,22250.0,PE,40678,2.95,8041735,34017490,2.9,2.95,65
2026-10-06 09:45:46,22617.5,2026-10-06,22700.0,PE,40711,106.8,7759310,30569695,106.9,107.2,65
2026-10-06 09:45:46,22617.5,2026-10-06,22250.0,CE,40677,375.25,396110,288990,373.1,374.15,65
2026-10-06 09:45:46,22617.5,2026-10-06,22700.0,CE,40710,26.95,22930180,105933945,26.85,26.95,65
2026-10-06 09:45:46,22617.5,2026-10-06,22200.0,PE,40676,2.3,14018160,52150085,2.3,2.35,65
2026-10-06 09:45:46,22617.5,2026-10-06,22200.0,CE,40675,422.45,664365,569595,421.8,423.3,65
2026-10-06 09:45:46,22617.5,2026-10-06,22800.0,CE,40715,8.25,21260980,72465250,8.25,8.3,65
2026-10-06 09:45:46,22617.5,2026-10-06,22750.0,PE,40714,145.6,2527525,6613880,145.55,145.9,65
2026-10-06 09:45:46,22617.5,2026-10-06,22750.0,CE,40712,15.15,12722060,55960645,15.15,15.2,65
2026-10-06 09:45:46,22617.5,2026-10-06,22300.0,CE,40679,325.4,967590,1524705,324.2,325.1,65
2026-10-06 09:45:46,22617.5,2026-10-06,22650.0,PE,40709,74.8,9797320,46836855,74.8,75.0,65
2026-10-06 09:50:28,22634.2,2026-10-06,22550.0,PE,40700,27.15,24198330,121175665,27.15,27.25,65
2026-10-06 09:50:28,22634.2,2026-10-06,23150.0,PE,40744,509.65,72150,20865,511.5,513.6,65
2026-10-06 09:50:28,22634.2,2026-10-06,23150.0,CE,40743,0.7,3793140,14553500,0.65,0.7,65
2026-10-06 09:50:28,22634.2,2026-10-06,23100.0,PE,40742,463.0,400335,113490,461.25,463.2,65
2026-10-06 09:50:28,22634.2,2026-10-06,23100.0,CE,40741,0.7,11406785,30037020,0.7,0.75,65
2026-10-06 09:50:28,22634.2,2026-10-06,22650.0,CE,40704,53.65,17192825,141076260,53.4,53.55,65
2026-10-06 09:50:28,22634.2,2026-10-06,22600.0,PE,40703,42.7,34033675,163486180,42.65,42.75,65
2026-10-06 09:50:28,22634.2,2026-10-06,23200.0,PE,40746,560.0,345670,44395,561.25,563.05,65
2026-10-06 09:50:28,22634.2,2026-10-06,22050.0,CE,40669,592.05,52585,8320,589.45,591.5,65
2026-10-06 09:50:28,22634.2,2026-10-06,23200.0,CE,40745,0.65,12135240,27623115,0.6,0.65,65
2026-10-06 09:50:28,22634.2,2026-10-06,22600.0,CE,40701,81.25,22260810,202240805,81.4,81.6,65
2026-10-06 09:50:28,22634.2,2026-10-06,22450.0,PE,40696,11.05,15000180,67645045,11.0,11.05,65
2026-10-06 09:50:28,22634.2,2026-10-06,23000.0,PE,40732,365.2,1002495,792610,362.8,363.8,65
2026-10-06 09:50:28,22634.2,2026-10-06,22550.0,CE,40699,115.9,8550815,86823360,115.85,116.15,65
2026-10-06 09:50:28,22634.2,2026-10-06,22500.0,PE,40698,17.2,31083715,123476340,17.15,17.25,65
2026-10-06 09:50:28,22634.2,2026-10-06,23000.0,CE,40731,1.35,18106595,52424515,1.35,1.4,65
2026-10-06 09:50:28,22634.2,2026-10-06,22500.0,CE,40697,155.9,6417645,58978985,155.85,156.25,65
2026-10-06 09:50:28,22634.2,2026-10-06,23050.0,PE,40736,411.05,172900,102050,411.75,413.1,65
2026-10-06 09:50:28,22634.2,2026-10-06,23050.0,CE,40735,0.9,6711380,21533525,0.85,0.9,65
2026-10-06 09:50:28,22634.2,2026-10-06,22300.0,PE,40681,3.5,15114385,55762525,3.45,3.5,65
2026-10-06 09:50:28,22634.2,2026-10-06,22350.0,CE,40682,293.35,599625,1409590,293.65,294.45,65
2026-10-06 09:50:28,22634.2,2026-10-06,22900.0,PE,40722,265.9,720070,968110,264.7,265.35,65
2026-10-06 09:50:28,22634.2,2026-10-06,22450.0,CE,40689,200.2,1961960,17994210,199.7,200.0,65
2026-10-06 09:50:28,22634.2,2026-10-06,22400.0,PE,40688,7.3,23257130,87810905,7.25,7.3,65
2026-10-06 09:50:28,22634.2,2026-10-06,22900.0,CE,40721,3.05,15192190,62410205,3.05,3.1,65
2026-10-06 09:50:28,22634.2,2026-10-06,22400.0,CE,40687,246.5,2640170,9908340,246.15,246.65,65
2026-10-06 09:50:28,22634.2,2026-10-06,22850.0,PE,40720,217.65,445705,1216345,217.35,217.85,65
2026-10-06 09:50:28,22634.2,2026-10-06,22350.0,PE,40686,4.8,9904375,42732950,4.8,4.85,65
2026-10-06 09:50:28,22634.2,2026-10-06,22950.0,PE,40724,313.05,359385,147875,312.85,313.8,65
2026-10-06 09:50:28,22634.2,2026-10-06,22950.0,CE,40723,1.9,7058090,41393495,1.9,1.95,65
2026-10-06 09:50:28,22634.2,2026-10-06,22850.0,CE,40717,5.6,10426390,38545065,5.6,5.65,65
2026-10-06 09:50:28,22634.2,2026-10-06,22800.0,PE,40716,173.05,2820415,7471620,172.2,172.65,65
2026-10-06 09:50:28,22634.2,2026-10-06,22050.0,PE,40670,1.35,7473310,24469640,1.3,1.35,65
2026-10-06 09:50:28,22634.2,2026-10-06,22150.0,PE,40674,1.7,7064135,26593255,1.7,1.75,65
2026-10-06 09:50:28,22634.2,2026-10-06,22150.0,CE,40673,492.0,108095,94315,489.9,491.8,65
2026-10-06 09:50:28,22634.2,2026-10-06,23250.0,PE,40750,609.65,211185,88400,611.05,612.75,65
2026-10-06 09:50:28,22634.2,2026-10-06,22100.0,PE,40672,1.5,12298390,41882360,1.5,1.55,65
2026-10-06 09:50:28,22634.2,2026-10-06,22100.0,CE,40671,541.6,141895,158730,539.65,541.6,65
2026-10-06 09:50:28,22634.2,2026-10-06,22250.0,PE,40678,2.55,8070530,36825165,2.55,2.6,65
2026-10-06 09:50:28,22634.2,2026-10-06,22700.0,PE,40711,94.85,8365760,36613590,94.65,94.85,65
2026-10-06 09:50:28,22634.2,2026-10-06,22250.0,CE,40677,392.4,362115,308620,391.15,392.35,65
2026-10-06 09:50:28,22634.2,2026-10-06,22700.0,CE,40710,33.2,22093435,129633140,33.1,33.2,65
2026-10-06 09:50:28,22634.2,2026-10-06,22200.0,PE,40676,2.05,13873210,56147455,2.05,2.1,65
2026-10-06 09:50:28,22634.2,2026-10-06,22200.0,CE,40675,440.55,567255,593580,440.5,442.05,65
2026-10-06 09:50:28,22634.2,2026-10-06,22800.0,CE,40715,10.45,20889830,85903935,10.45,10.5,65
2026-10-06 09:50:28,22634.2,2026-10-06,22750.0,PE,40714,131.3,2730065,8466445,130.85,131.2,65
2026-10-06 09:50:28,22634.2,2026-10-06,22750.0,CE,40712,19.1,13346710,68200990,19.0,19.1,65
2026-10-06 09:50:28,22634.2,2026-10-06,22300.0,CE,40679,342.65,944905,1671020,342.05,342.95,65
2026-10-06 09:50:28,22634.2,2026-10-06,23250.0,CE,40749,0.65,3746990,10777065,0.6,0.65,65
2026-10-06 09:50:28,22634.2,2026-10-06,22650.0,PE,40709,65.05,11348805,56993755,64.9,65.0,65
2026-10-06 09:55:30,22650.95,2026-10-06,22550.0,PE,40700,22.95,24681995,133196960,22.95,23.05,65
2026-10-06 09:55:30,22650.95,2026-10-06,23150.0,PE,40744,494.95,71630,22360,492.6,495.6,65
2026-10-06 09:55:30,22650.95,2026-10-06,23150.0,CE,40743,0.7,3664505,16786640,0.7,0.75,65
2026-10-06 09:55:30,22650.95,2026-10-06,23100.0,PE,40742,444.0,399880,121745,444.3,446.1,65
2026-10-06 09:55:30,22650.95,2026-10-06,23100.0,CE,40741,0.8,11150230,31968105,0.8,0.85,65
2026-10-06 09:55:30,22650.95,2026-10-06,22650.0,CE,40704,62.05,17008680,168054120,61.9,62.05,65
2026-10-06 09:55:30,22650.95,2026-10-06,22600.0,PE,40703,36.4,34535345,184456545,36.15,36.25,65
2026-10-06 09:55:30,22650.95,2026-10-06,23200.0,PE,40746,545.65,344825,48685,544.2,546.4,65
2026-10-06 09:55:30,22650.95,2026-10-06,22050.0,CE,40669,607.5,53105,9100,606.35,608.85,65
2026-10-06 09:55:30,22650.95,2026-10-06,23200.0,CE,40745,0.65,12202190,29146585,0.65,0.7,65
2026-10-06 09:55:30,22650.95,2026-10-06,22600.0,CE,40701,92.35,21168875,228699770,92.4,92.55,65
2026-10-06 09:55:30,22650.95,2026-10-06,22450.0,PE,40696,9.75,15047435,73305440,9.65,9.7,65
2026-10-06 09:55:30,22650.95,2026-10-06,23000.0,PE,40732,346.1,1020110,901810,345.55,346.65,65
2026-10-06 09:55:30,22650.95,2026-10-06,22550.0,CE,40699,129.55,8022820,95876365,129.25,129.6,65
2026-10-06 09:55:30,22650.95,2026-10-06,22500.0,PE,40698,14.9,31960890,134890340,14.8,14.85,65
2026-10-06 09:55:30,22650.95,2026-10-06,23000.0,CE,40731,1.5,18013775,57670470,1.45,1.5,65
2026-10-06 09:55:30,22650.95,2026-10-06,22500.0,CE,40697,171.0,5942040,65048685,170.75,171.2,65
2026-10-06 09:55:30,22650.95,2026-10-06,23050.0,PE,40736,393.9,170950,107770,393.9,395.05,65
2026-10-06 09:55:30,22650.95,2026-10-06,23050.0,CE,40735,1.0,6849700,23995985,1.0,1.05,65
2026-10-06 09:55:30,22650.95,2026-10-06,22300.0,PE,40681,3.35,15009995,59852195,3.35,3.4,65
2026-10-06 09:55:30,22650.95,2026-10-06,22350.0,CE,40682,310.3,584675,1549925,310.6,311.6,65
2026-10-06 09:55:30,22650.95,2026-10-06,22900.0,PE,40722,247.75,761150,1167660,247.6,248.15,65
2026-10-06 09:55:30,22650.95,2026-10-06,22450.0,CE,40689,215.65,1854190,19542055,215.0,215.55,65
2026-10-06 09:55:30,22650.95,2026-10-06,22400.0,PE,40688,6.65,23876580,95573010,6.65,6.7,65
2026-10-06 09:55:30,22650.95,2026-10-06,22900.0,CE,40721,3.55,15353000,69942860,3.55,3.6,65
2026-10-06 09:55:30,22650.95,2026-10-06,22400.0,CE,40687,263.55,2628535,11156015,262.2,262.9,65
2026-10-06 09:55:30,22650.95,2026-10-06,22850.0,PE,40720,201.3,493155,1559870,201.0,201.45,65
2026-10-06 09:55:30,22650.95,2026-10-06,22350.0,PE,40686,4.55,10129145,46047105,4.5,4.55,65
2026-10-06 09:55:30,22650.95,2026-10-06,22950.0,PE,40724,295.4,358865,182390,295.4,296.35,65
2026-10-06 09:55:30,22650.95,2026-10-06,22950.0,CE,40723,2.2,6895655,49973430,2.15,2.2,65
2026-10-06 09:55:30,22650.95,2026-10-06,22850.0,CE,40717,6.7,10619180,44122715,6.65,6.7,65
2026-10-06 09:55:30,22650.95,2026-10-06,22800.0,PE,40716,157.1,2959775,9013485,157.25,157.65,65
2026-10-06 09:55:30,22650.95,2026-10-06,22050.0,PE,40670,1.3,7534995,26263575,1.3,1.35,65
2026-10-06 09:55:30,22650.95,2026-10-06,22150.0,PE,40674,1.7,7255560,28060695,1.65,1.7,65
2026-10-06 09:55:30,22650.95,2026-10-06,22150.0,CE,40673,507.25,108290,97565,507.2,509.4,65
2026-10-06 09:55:30,22650.95,2026-10-06,23250.0,PE,40750,594.55,208780,92495,593.8,595.65,65
2026-10-06 09:55:30,22650.95,2026-10-06,22100.0,PE,40672,1.5,13436410,45530875,1.5,1.55,65
2026-10-06 09:55:30,22650.95,2026-10-06,22100.0,CE,40671,555.5,141115,166595,557.35,559.05,65
2026-10-06 09:55:30,22650.95,2026-10-06,22250.0,PE,40678,2.55,7852715,39694395,2.5,2.55,65
2026-10-06 09:55:30,22650.95,2026-10-06,22700.0,PE,40711,82.8,8952840,43311450,83.2,83.3,65
2026-10-06 09:55:30,22650.95,2026-10-06,22250.0,CE,40677,407.75,314925,325455,408.9,410.0,65
2026-10-06 09:55:30,22650.95,2026-10-06,22700.0,CE,40710,38.85,21953555,152450805,38.75,38.8,65
2026-10-06 09:55:30,22650.95,2026-10-06,22200.0,PE,40676,2.0,14115010,59038070,2.0,2.05,65
2026-10-06 09:55:30,22650.95,2026-10-06,22200.0,CE,40675,459.7,422695,626210,458.2,459.85,65
2026-10-06 09:55:30,22650.95,2026-10-06,22800.0,CE,40715,12.35,20808060,100746750,12.2,12.3,65
2026-10-06 09:55:30,22650.95,2026-10-06,22750.0,PE,40714,117.3,2774720,10601630,116.65,116.85,65
2026-10-06 09:55:30,22650.95,2026-10-06,22750.0,CE,40712,22.7,13908700,82058730,22.65,22.75,65
2026-10-06 09:55:30,22650.95,2026-10-06,22300.0,CE,40679,360.0,912795,1854320,359.05,359.85,65
2026-10-06 09:55:30,22650.95,2026-10-06,23250.0,CE,40749,0.6,4067960,12126205,0.6,0.65,65
2026-10-06 09:55:30,22650.95,2026-10-06,22650.0,PE,40709,55.85,12907700,69168645,55.8,55.95,65
2026-10-06 10:00:31,22665.35,2026-10-06,22550.0,PE,40700,20.9,26257075,145866240,20.85,20.95,65
2026-10-06 10:00:31,22665.35,2026-10-06,23150.0,PE,40744,484.15,69485,27365,481.8,484.35,65
2026-10-06 10:00:31,22665.35,2026-10-06,23150.0,CE,40743,0.65,3602950,18009030,0.65,0.7,65
2026-10-06 10:00:31,22665.35,2026-10-06,23100.0,PE,40742,434.8,395200,136955,432.95,434.35,65
2026-10-06 10:00:31,22665.35,2026-10-06,23100.0,CE,40741,0.85,11123515,34715265,0.8,0.85,65
2026-10-06 10:00:31,22665.35,2026-10-06,22650.0,CE,40704,69.15,14631695,196279785,69.1,69.25,65
2026-10-06 10:00:31,22665.35,2026-10-06,22600.0,PE,40703,33.15,37159200,206721190,33.1,33.2,65
2026-10-06 10:00:31,22665.35,2026-10-06,23200.0,PE,40746,533.8,343070,59215,532.2,534.25,65
2026-10-06 10:00:31,22665.35,2026-10-06,22050.0,CE,40669,620.0,54145,10855,618.2,620.5,65
2026-10-06 10:00:31,22665.35,2026-10-06,23200.0,CE,40745,0.6,11902540,32142240,0.6,0.65,65
2026-10-06 10:00:31,22665.35,2026-10-06,22600.0,CE,40701,100.8,17242745,254509255,101.2,101.4,65
2026-10-06 10:00:31,22665.35,2026-10-06,22450.0,PE,40696,8.85,14897675,81327545,8.85,8.9,65
2026-10-06 10:00:31,22665.35,2026-10-06,23000.0,PE,40732,334.6,1052350,1020955,334.15,334.6,65
2026-10-06 10:00:31,22665.35,2026-10-06,22550.0,CE,40699,138.55,6036940,104892255,138.15,138.5,65
2026-10-06 10:00:31,22665.35,2026-10-06,22500.0,PE,40698,13.45,32551935,149820775,13.45,13.5,65
2026-10-06 10:00:31,22665.35,2026-10-06,23000.0,CE,40731,1.65,18109910,71464315,1.65,1.7,65
2026-10-06 10:00:31,22665.35,2026-10-06,22500.0,CE,40697,181.3,5017025,70030740,180.95,181.35,65
2026-10-06 10:00:31,22665.35,2026-10-06,23050.0,PE,40736,385.2,173030,119210,382.5,383.8,65
2026-10-06 10:00:31,22665.35,2026-10-06,23050.0,CE,40735,0.95,6824350,27939210,0.95,1.0,65
2026-10-06 10:00:31,22665.35,2026-10-06,22300.0,PE,40681,3.4,15248545,66670825,3.35,3.4,65
2026-10-06 10:00:31,22665.35,2026-10-06,22350.0,CE,40682,322.3,560690,1667705,322.0,323.0,65
2026-10-06 10:00:31,22665.35,2026-10-06,22900.0,PE,40722,237.0,869830,1435460,238.0,238.25,65
2026-10-06 10:00:31,22665.35,2026-10-06,22450.0,CE,40689,227.05,1617330,20963995,225.95,226.4,65
2026-10-06 10:00:31,22665.35,2026-10-06,22400.0,PE,40688,6.15,23363600,107677115,6.15,6.2,65
2026-10-06 10:00:31,22665.35,2026-10-06,22900.0,CE,40721,4.55,16303495,81496935,4.5,4.55,65
2026-10-06 10:00:31,22665.35,2026-10-06,22400.0,CE,40687,274.2,2421380,12171445,273.7,274.1,65
2026-10-06 10:00:31,22665.35,2026-10-06,22850.0,PE,40720,191.1,606580,1995110,191.15,191.65,65
2026-10-06 10:00:31,22665.35,2026-10-06,22350.0,PE,40686,4.45,9338615,52965315,4.45,4.5,65
2026-10-06 10:00:31,22665.35,2026-10-06,22950.0,PE,40724,285.45,334295,358085,284.6,285.55,65
2026-10-06 10:00:31,22665.35,2026-10-06,22950.0,CE,40723,2.55,6688110,58789835,2.55,2.6,65
2026-10-06 10:00:31,22665.35,2026-10-06,22850.0,CE,40717,8.45,10389015,56488770,8.4,8.45,65
2026-10-06 10:00:31,22665.35,2026-10-06,22800.0,PE,40716,148.45,3547180,11380330,148.75,148.95,65
2026-10-06 10:00:31,22665.35,2026-10-06,22050.0,PE,40670,1.55,8066955,29694665,1.5,1.55,65
2026-10-06 10:00:31,22665.35,2026-10-06,22150.0,PE,40674,1.85,7497620,30713020,1.85,1.9,65
2026-10-06 10:00:31,22665.35,2026-10-06,22150.0,CE,40673,518.1,107250,103285,518.75,521.6,65
2026-10-06 10:00:31,22665.35,2026-10-06,23250.0,PE,40750,583.5,206375,98995,581.6,583.75,65
2026-10-06 10:00:31,22665.35,2026-10-06,22100.0,PE,40672,1.65,13915850,51080250,1.65,1.7,65
2026-10-06 10:00:31,22665.35,2026-10-06,22100.0,CE,40671,570.35,137865,171860,568.35,570.3,65
2026-10-06 10:00:31,22665.35,2026-10-06,22250.0,PE,40678,2.6,7718100,43903860,2.6,2.65,65
2026-10-06 10:00:31,22665.35,2026-10-06,22700.0,PE,40711,77.1,11711570,54021630,77.15,77.35,65
2026-10-06 10:00:31,22665.35,2026-10-06,22250.0,CE,40677,420.0,310895,345995,420.15,421.55,65
2026-10-06 10:00:31,22665.35,2026-10-06,22700.0,CE,40710,44.75,21687315,186375150,44.55,44.65,65
2026-10-06 10:00:31,22665.35,2026-10-06,22200.0,PE,40676,2.2,14551615,64379120,2.15,2.2,65
2026-10-06 10:00:31,22665.35,2026-10-06,22200.0,CE,40675,471.7,413660,660790,469.0,470.65,65
2026-10-06 10:00:31,22665.35,2026-10-06,22800.0,CE,40715,15.35,21105175,125756930,15.3,15.35,65
2026-10-06 10:00:31,22665.35,2026-10-06,22750.0,PE,40714,110.0,3595930,13369395,109.75,110.0,65
2026-10-06 10:00:31,22665.35,2026-10-06,22750.0,CE,40712,27.05,12096760,101889645,27.0,27.1,65
2026-10-06 10:00:31,22665.35,2026-10-06,22300.0,CE,40679,371.25,883610,2006355,370.8,371.55,65
2026-10-06 10:00:31,22665.35,2026-10-06,23250.0,CE,40749,0.55,4051970,13356200,0.55,0.6,65
2026-10-06 10:00:31,22665.35,2026-10-06,22650.0,PE,40709,51.35,17464785,84653335,51.2,51.35,65
2026-10-06 10:05:31,22652.85,2026-10-06,22550.0,PE,40700,24.65,26707655,155784330,24.6,24.7,65
2026-10-06 10:05:31,22652.85,2026-10-06,23150.0,PE,40744,497.85,68250,29315,499.25,501.05,65
2026-10-06 10:05:31,22652.85,2026-10-06,23150.0,CE,40743,0.65,3584295,19195865,0.6,0.65,65
2026-10-06 10:05:31,22652.85,2026-10-06,23100.0,PE,40742,448.65,394290,142350,451.05,452.5,65
2026-10-06 10:05:31,22652.85,2026-10-06,23100.0,CE,40741,0.75,11151660,35705280,0.75,0.8,65
2026-10-06 10:05:31,22652.85,2026-10-06,22650.0,CE,40704,59.25,15603770,213049265,59.05,59.1,65
2026-10-06 10:05:31,22652.85,2026-10-06,22600.0,PE,40703,38.8,38652445,227409130,38.15,38.3,65
2026-10-06 10:05:31,22652.85,2026-10-06,23200.0,PE,40746,547.0,340795,64805,549.45,551.5,65
2026-10-06 10:05:31,22652.85,2026-10-06,22050.0,CE,40669,603.1,54145,10985,600.15,602.5,65
2026-10-06 10:05:31,22652.85,2026-10-06,23200.0,CE,40745,0.6,12247300,33984860,0.55,0.6,65
2026-10-06 10:05:31,22652.85,2026-10-06,22600.0,CE,40701,87.65,17209140,268927880,88.4,88.6,65
2026-10-06 10:05:31,22652.85,2026-10-06,22450.0,PE,40696,10.2,14953640,86342035,10.05,10.1,65
2026-10-06 10:05:31,22652.85,2026-10-06,23000.0,PE,40732,352.1,1027585,1131390,351.15,352.25,65
2026-10-06 10:05:31,22652.85,2026-10-06,22550.0,CE,40699,123.5,5784285,109205655,123.6,123.95,65
2026-10-06 10:05:31,22652.85,2026-10-06,22500.0,PE,40698,15.8,34657155,161761535,15.55,15.65,65
2026-10-06 10:05:31,22652.85,2026-10-06,23000.0,CE,40731,1.4,18479435,75080200,1.4,1.45,65
2026-10-06 10:05:31,22652.85,2026-10-06,22500.0,CE,40697,164.65,5002205,72790835,165.55,166.0,65
2026-10-06 10:05:31,22652.85,2026-10-06,23050.0,PE,40736,398.05,171405,124930,400.6,403.5,65
2026-10-06 10:05:31,22652.85,2026-10-06,23050.0,CE,40735,0.9,6858735,29150875,0.85,0.9,65
2026-10-06 10:05:31,22652.85,2026-10-06,22300.0,PE,40681,3.45,15349100,69225910,3.4,3.45,65
2026-10-06 10:05:31,22652.85,2026-10-06,22350.0,CE,40682,305.0,568035,1719900,303.7,304.75,65
2026-10-06 10:05:31,22652.85,2026-10-06,22900.0,PE,40722,254.3,880100,1789385,255.0,255.6,65
2026-10-06 10:05:31,22652.85,2026-10-06,22450.0,CE,40689,209.5,1602640,21751925,210.15,210.7,65
2026-10-06 10:05:31,22652.85,2026-10-06,22400.0,PE,40688,6.9,23321675,112857290,6.85,6.9,65
2026-10-06 10:05:31,22652.85,2026-10-06,22900.0,CE,40721,3.55,16534440,87694555,3.5,3.55,65
2026-10-06 10:05:31,22652.85,2026-10-06,22400.0,CE,40687,256.6,2353195,12721865,256.0,256.45,65
2026-10-06 10:05:31,22652.85,2026-10-06,22850.0,PE,40720,208.0,614835,2406170,206.8,207.35,65
2026-10-06 10:05:31,22652.85,2026-10-06,22350.0,PE,40686,4.7,10107890,56238000,4.65,4.7,65
2026-10-06 10:05:31,22652.85,2026-10-06,22950.0,PE,40724,301.65,327795,394485,301.7,302.55,65
2026-10-06 10:05:31,22652.85,2026-10-06,22950.0,CE,40723,2.05,6616155,64581465,2.05,2.1,65
2026-10-06 10:05:31,22652.85,2026-10-06,22850.0,CE,40717,6.55,10853245,63804325,6.55,6.6,65
2026-10-06 10:05:31,22652.85,2026-10-06,22800.0,PE,40716,163.5,3615560,13571610,162.45,162.9,65
2026-10-06 10:05:31,22652.85,2026-10-06,22050.0,PE,40670,1.45,8314345,30978870,1.4,1.45,65
2026-10-06 10:05:31,22652.85,2026-10-06,22150.0,PE,40674,1.85,7407400,32569355,1.8,1.85,65
2026-10-06 10:05:31,22652.85,2026-10-06,22150.0,CE,40673,505.0,107055,105235,501.65,503.5,65
2026-10-06 10:05:31,22652.85,2026-10-06,23250.0,PE,40750,599.15,205530,100360,599.65,601.05,65
2026-10-06 10:05:31,22652.85,2026-10-06,22100.0,PE,40672,1.6,14548690,54127190,1.55,1.6,65
2026-10-06 10:05:31,22652.85,2026-10-06,22100.0,CE,40671,551.8,138515,175175,551.6,553.15,65
2026-10-06 10:05:31,22652.85,2026-10-06,22250.0,PE,40678,2.6,7712250,45638320,2.55,2.6,65
2026-10-06 10:05:31,22652.85,2026-10-06,22700.0,PE,40711,87.7,11720475,64945725,87.75,87.95,65
2026-10-06 10:05:31,22652.85,2026-10-06,22250.0,CE,40677,405.05,310505,358150,402.9,403.95,65
2026-10-06 10:05:31,22652.85,2026-10-06,22700.0,CE,40710,37.05,23044645,208090675,36.85,36.95,65
2026-10-06 10:05:31,22652.85,2026-10-06,22200.0,PE,40676,2.1,15103660,66848145,2.1,2.15,65
2026-10-06 10:05:31,22652.85,2026-10-06,22200.0,CE,40675,454.2,415480,674700,450.95,452.5,65
2026-10-06 10:05:31,22652.85,2026-10-06,22800.0,CE,40715,12.05,21213790,140910640,12.1,12.2,65
2026-10-06 10:05:31,22652.85,2026-10-06,22750.0,PE,40714,123.05,3695510,16343275,123.05,123.3,65
2026-10-06 10:05:31,22652.85,2026-10-06,22750.0,CE,40712,21.7,12413375,115345490,21.55,21.6,65
2026-10-06 10:05:31,22652.85,2026-10-06,22300.0,CE,40679,353.6,885755,2084420,353.6,354.6,65
2026-10-06 10:05:31,22652.85,2026-10-06,23250.0,CE,40749,0.55,4071080,14014195,0.5,0.55,65
2026-10-06 10:05:31,22652.85,2026-10-06,22650.0,PE,40709,58.85,19070025,101499645,58.7,58.8,65
2026-10-06 10:10:26,22617.65,2026-10-06,22000.0,CE,40667,616.9,371735,239200,615.5,617.75,65
2026-10-06 10:10:26,22617.65,2026-10-06,22550.0,PE,40700,33.5,25728625,172470350,33.1,33.15,65
2026-10-06 10:10:26,22617.65,2026-10-06,23150.0,PE,40744,538.0,67990,32045,534.85,537.65,65
2026-10-06 10:10:26,22617.65,2026-10-06,23150.0,CE,40743,0.6,3608020,20607665,0.6,0.65,65
2026-10-06 10:10:26,22617.65,2026-10-06,23100.0,PE,40742,482.85,391950,147680,485.05,487.5,65
2026-10-06 10:10:26,22617.65,2026-10-06,23100.0,CE,40741,0.75,11371815,36642450,0.75,0.8,65
2026-10-06 10:10:26,22617.65,2026-10-06,22650.0,CE,40704,42.05,16907995,233172550,42.05,42.15,65
2026-10-06 10:10:26,22617.65,2026-10-06,22600.0,PE,40703,52.0,37470810,261906970,51.65,51.8,65
2026-10-06 10:10:26,22617.65,2026-10-06,23200.0,PE,40746,588.9,337610,71045,585.3,587.95,65
2026-10-06 10:10:26,22617.65,2026-10-06,22050.0,CE,40669,570.7,54210,11635,564.4,567.75,65
2026-10-06 10:10:26,22617.65,2026-10-06,22000.0,PE,40668,1.3,22737585,72230340,1.25,1.3,65
2026-10-06 10:10:26,22617.65,2026-10-06,23200.0,CE,40745,0.55,11808420,36724155,0.55,0.6,65
2026-10-06 10:10:26,22617.65,2026-10-06,22600.0,CE,40701,66.15,18058755,286399425,66.35,66.5,65
2026-10-06 10:10:26,22617.65,2026-10-06,22450.0,PE,40696,13.55,15308735,94498430,13.5,13.55,65
2026-10-06 10:10:26,22617.65,2026-10-06,23000.0,PE,40732,387.6,982410,1290835,386.55,387.85,65
2026-10-06 10:10:26,22617.65,2026-10-06,22550.0,CE,40699,97.7,6186570,114556845,97.7,97.95,65
2026-10-06 10:10:26,22617.65,2026-10-06,22500.0,PE,40698,21.2,33140185,179702705,21.15,21.2,65
2026-10-06 10:10:26,22617.65,2026-10-06,23000.0,CE,40731,1.15,18538910,77761320,1.15,1.2,65
2026-10-06 10:10:26,22617.65,2026-10-06,22500.0,CE,40697,135.85,5163860,77476360,136.0,136.25,65
2026-10-06 10:10:26,22617.65,2026-10-06,23050.0,PE,40736,435.1,170820,131365,435.0,437.55,65
2026-10-06 10:10:26,22617.65,2026-10-06,23050.0,CE,40735,0.8,6601855,30088305,0.8,0.85,65
2026-10-06 10:10:26,22617.65,2026-10-06,22300.0,PE,40681,4.05,15578810,73403915,4.0,4.05,65
2026-10-06 10:10:26,22617.65,2026-10-06,22350.0,CE,40682,270.7,579605,1816360,270.65,271.4,65
2026-10-06 10:10:26,22617.65,2026-10-06,22900.0,PE,40722,288.2,733525,2334020,286.75,287.45,65
2026-10-06 10:10:26,22617.65,2026-10-06,22450.0,CE,40689,178.35,1650350,22811750,178.2,178.65,65
2026-10-06 10:10:26,22617.65,2026-10-06,22400.0,PE,40688,8.85,23494705,121235270,8.8,8.85,65
2026-10-06 10:10:26,22617.65,2026-10-06,22900.0,CE,40721,2.35,16410355,95020250,2.35,2.4,65
2026-10-06 10:10:26,22617.65,2026-10-06,22400.0,CE,40687,223.9,2471170,13416390,223.05,223.6,65
2026-10-06 10:10:26,22617.65,2026-10-06,22850.0,PE,40720,240.1,548665,3057470,239.45,240.0,65
2026-10-06 10:10:26,22617.65,2026-10-06,22350.0,PE,40686,5.8,9954620,59900490,5.75,5.8,65
2026-10-06 10:10:26,22617.65,2026-10-06,22950.0,PE,40724,337.15,315965,543465,336.2,337.2,65
2026-10-06 10:10:26,22617.65,2026-10-06,22950.0,CE,40723,1.5,6828445,68360370,1.5,1.55,65
2026-10-06 10:10:26,22617.65,2026-10-06,22850.0,CE,40717,4.15,10756720,70250830,4.15,4.2,65
2026-10-06 10:10:26,22617.65,2026-10-06,22800.0,PE,40716,194.0,3199235,16981185,193.4,193.65,65
2026-10-06 10:10:26,22617.65,2026-10-06,22050.0,PE,40670,1.45,8502390,32573450,1.45,1.5,65
2026-10-06 10:10:26,22617.65,2026-10-06,22150.0,PE,40674,1.85,7569510,34344050,1.8,1.85,65
2026-10-06 10:10:26,22617.65,2026-10-06,22150.0,CE,40673,470.0,107120,106080,464.7,468.0,65
2026-10-06 10:10:26,22617.65,2026-10-06,22100.0,PE,40672,1.6,14818960,56108585,1.65,1.7,65
2026-10-06 10:10:26,22617.65,2026-10-06,22100.0,CE,40671,522.0,138645,177515,515.55,517.8,65
2026-10-06 10:10:26,22617.65,2026-10-06,22250.0,PE,40678,2.9,7781670,48194445,2.85,2.9,65
2026-10-06 10:10:26,22617.65,2026-10-06,22700.0,PE,40711,110.95,11548290,79177085,111.05,111.25,65
2026-10-06 10:10:26,22617.65,2026-10-06,22250.0,CE,40677,368.0,312910,373100,367.65,368.55,65
2026-10-06 10:10:26,22617.65,2026-10-06,22700.0,CE,40710,25.2,22877465,228913685,25.2,25.25,65
2026-10-06 10:10:26,22617.65,2026-10-06,22200.0,PE,40676,2.2,15476565,69172935,2.2,2.25,65
2026-10-06 10:10:26,22617.65,2026-10-06,22200.0,CE,40675,416.95,420355,708240,417.1,418.25,65
2026-10-06 10:10:26,22617.65,2026-10-06,22800.0,CE,40715,7.6,21493550,156230035,7.65,7.7,65
2026-10-06 10:10:26,22617.65,2026-10-06,22750.0,PE,40714,150.4,3318120,20821645,150.2,150.55,65
2026-10-06 10:10:26,22617.65,2026-10-06,22750.0,CE,40712,13.95,13722995,127965695,13.9,13.95,65
2026-10-06 10:10:26,22617.65,2026-10-06,22300.0,CE,40679,318.6,899405,2236910,318.65,319.6,65
2026-10-06 10:10:26,22617.65,2026-10-06,22650.0,PE,40709,77.75,17432350,124998445,77.55,77.75,65
2026-10-06 10:15:29,22654.9,2026-10-06,22550.0,PE,40700,23.15,25827425,188690970,23.1,23.15,65
2026-10-06 10:15:29,22654.9,2026-10-06,23150.0,PE,40744,502.85,67795,33995,501.4,503.3,65
2026-10-06 10:15:29,22654.9,2026-10-06,23150.0,CE,40743,0.65,3785080,20903090,0.6,0.65,65
2026-10-06 10:15:29,22654.9,2026-10-06,23100.0,PE,40742,445.95,391040,151840,451.25,453.6,65
2026-10-06 10:15:29,22654.9,2026-10-06,23100.0,CE,40741,0.8,11683815,37538150,0.75,0.8,65
2026-10-06 10:15:29,22654.9,2026-10-06,22650.0,CE,40704,56.35,18797025,259131535,56.35,56.5,65
2026-10-06 10:15:29,22654.9,2026-10-06,22600.0,PE,40703,37.35,37261705,291310565,37.15,37.3,65
2026-10-06 10:15:29,22654.9,2026-10-06,23200.0,PE,40746,551.95,336830,74230,551.2,553.35,65
2026-10-06 10:15:29,22654.9,2026-10-06,22050.0,CE,40669,601.4,54210,13780,600.65,604.7,65
2026-10-06 10:15:29,22654.9,2026-10-06,23200.0,CE,40745,0.55,11701820,37733800,0.55,0.6,65
2026-10-06 10:15:29,22654.9,2026-10-06,22600.0,CE,40701,85.2,18444205,309283585,85.25,85.45,65
2026-10-06 10:15:29,22654.9,2026-10-06,22450.0,PE,40696,9.35,15726295,103173135,9.25,9.3,65
2026-10-06 10:15:29,22654.9,2026-10-06,23000.0,PE,40732,352.7,968110,1392625,352.55,353.65,65
2026-10-06 10:15:29,22654.9,2026-10-06,22550.0,CE,40699,121.2,6341140,121934540,121.35,121.65,65
2026-10-06 10:15:29,22654.9,2026-10-06,22500.0,PE,40698,14.5,32125275,197483130,14.5,14.55,65
2026-10-06 10:15:29,22654.9,2026-10-06,23000.0,CE,40731,1.35,19104800,80437890,1.3,1.35,65
2026-10-06 10:15:29,22654.9,2026-10-06,22500.0,CE,40697,162.95,5086770,83066360,162.45,162.85,65
2026-10-06 10:15:29,22654.9,2026-10-06,23050.0,PE,40736,396.65,170235,138255,401.8,403.25,65
2026-10-06 10:15:29,22654.9,2026-10-06,23050.0,CE,40735,0.85,6677840,31423015,0.8,0.85,65
2026-10-06 10:15:29,22654.9,2026-10-06,22300.0,PE,40681,3.0,15536625,77853880,2.95,3.0,65
2026-10-06 10:15:29,22654.9,2026-10-06,22350.0,CE,40682,303.1,570245,1942005,302.45,303.4,65
2026-10-06 10:15:29,22654.9,2026-10-06,22900.0,PE,40722,255.45,734045,2669485,255.1,255.7,65
2026-10-06 10:15:29,22654.9,2026-10-06,22450.0,CE,40689,207.1,1636570,24132875,207.9,208.4,65
2026-10-06 10:15:29,22654.9,2026-10-06,22400.0,PE,40688,6.15,23670400,129600445,6.1,6.15,65
2026-10-06 10:15:29,22654.9,2026-10-06,22900.0,CE,40721,3.05,16656445,100211475,3.0,3.05,65
2026-10-06 10:15:29,22654.9,2026-10-06,22400.0,CE,40687,254.45,2401945,14387685,254.6,255.2,65
2026-10-06 10:15:29,22654.9,2026-10-06,22850.0,PE,40720,208.2,547560,3412175,207.8,208.15,65
2026-10-06 10:15:29,22654.9,2026-10-06,22350.0,PE,40686,4.15,10093200,63617710,4.1,4.15,65
2026-10-06 10:15:29,22654.9,2026-10-06,22950.0,PE,40724,303.95,309855,593515,303.45,304.45,65
2026-10-06 10:15:29,22654.9,2026-10-06,22950.0,CE,40723,1.75,6770270,72086365,1.75,1.8,65
2026-10-06 10:15:29,22654.9,2026-10-06,22850.0,CE,40717,5.65,11053185,76213475,5.65,5.7,65
2026-10-06 10:15:29,22654.9,2026-10-06,22800.0,PE,40716,163.25,3182725,18804045,162.35,162.8,65
2026-10-06 10:15:29,22654.9,2026-10-06,22050.0,PE,40670,1.25,8507460,34485035,1.2,1.25,65
2026-10-06 10:15:29,22654.9,2026-10-06,22150.0,PE,40674,1.5,7410780,35754485,1.45,1.5,65
2026-10-06 10:15:29,22654.9,2026-10-06,22150.0,CE,40673,506.95,106860,108810,499.6,501.4,65
2026-10-06 10:15:29,22654.9,2026-10-06,23250.0,PE,40750,602.25,203645,104195,601.7,604.0,65
2026-10-06 10:15:29,22654.9,2026-10-06,22100.0,PE,40672,1.35,14691560,58996535,1.3,1.35,65
2026-10-06 10:15:29,22654.9,2026-10-06,22100.0,CE,40671,550.0,139620,181805,549.65,551.5,65
2026-10-06 10:15:29,22654.9,2026-10-06,22250.0,PE,40678,2.25,7817355,50831365,2.2,2.25,65
2026-10-06 10:15:29,22654.9,2026-10-06,22700.0,PE,40711,86.1,10930725,89592620,86.15,86.3,65
2026-10-06 10:15:29,22654.9,2026-10-06,22250.0,CE,40677,400.35,317135,395915,400.65,401.95,65
2026-10-06 10:15:29,22654.9,2026-10-06,22700.0,CE,40710,34.8,25065495,252408910,34.7,34.8,65
2026-10-06 10:15:29,22654.9,2026-10-06,22200.0,PE,40676,1.8,15564315,72058155,1.75,1.8,65
2026-10-06 10:15:29,22654.9,2026-10-06,22200.0,CE,40675,450.0,407355,732355,449.55,451.2,65
2026-10-06 10:15:29,22654.9,2026-10-06,22800.0,CE,40715,10.65,21838895,169221390,10.75,10.8,65
2026-10-06 10:15:29,22654.9,2026-10-06,22750.0,PE,40714,121.65,3195400,23508810,121.6,121.9,65
2026-10-06 10:15:29,22654.9,2026-10-06,22750.0,CE,40712,19.75,14617330,140574980,19.7,19.8,65
2026-10-06 10:15:29,22654.9,2026-10-06,22300.0,CE,40679,351.85,851240,2407340,351.65,352.6,65
2026-10-06 10:15:29,22654.9,2026-10-06,23250.0,CE,40749,0.55,4242875,15165865,0.5,0.55,65
2026-10-06 10:15:29,22654.9,2026-10-06,22650.0,PE,40709,57.7,17311125,141701495,57.45,57.5,65
2026-10-06 10:20:54,22645.0,2026-10-06,22550.0,PE,40700,26.5,26779285,200741970,26.65,26.75,65
2026-10-06 10:20:54,22645.0,2026-10-06,23150.0,PE,40744,505.15,66690,36855,510.4,513.35,65
2026-10-06 10:20:54,22645.0,2026-10-06,23150.0,CE,40743,0.65,3502785,21433945,0.6,0.65,65
2026-10-06 10:20:54,22645.0,2026-10-06,23100.0,PE,40742,454.95,392340,157105,460.05,461.95,65
2026-10-06 10:20:54,22645.0,2026-10-06,23100.0,CE,40741,0.75,11726845,38388155,0.7,0.75,65
2026-10-06 10:20:54,22645.0,2026-10-06,22650.0,CE,40704,52.6,17023305,282403160,52.55,52.7,65
2026-10-06 10:20:54,22645.0,2026-10-06,22600.0,PE,40703,41.9,39274235,314761590,41.9,42.05,65
2026-10-06 10:20:54,22645.0,2026-10-06,23200.0,PE,40746,560.15,332410,81380,560.75,563.15,65
2026-10-06 10:20:54,22645.0,2026-10-06,22050.0,CE,40669,591.5,54275,14040,590.7,593.45,65
2026-10-06 10:20:54,22645.0,2026-10-06,23200.0,CE,40745,0.6,11711115,38223120,0.55,0.6,65
2026-10-06 10:20:54,22645.0,2026-10-06,22600.0,CE,40701,80.55,16630380,326920750,80.3,80.55,65
2026-10-06 10:20:54,22645.0,2026-10-06,22450.0,PE,40696,10.95,15512055,110068465,10.8,10.85,65
2026-10-06 10:20:54,22645.0,2026-10-06,23000.0,PE,40732,361.0,980005,1529255,361.5,362.7,65
2026-10-06 10:20:54,22645.0,2026-10-06,22550.0,CE,40699,115.95,5514275,127510695,115.3,115.55,65
2026-10-06 10:20:54,22645.0,2026-10-06,22500.0,PE,40698,17.05,33426705,210333955,17.05,17.1,65
2026-10-06 10:20:54,22645.0,2026-10-06,23000.0,CE,40731,1.3,19224855,83341440,1.3,1.35,65
2026-10-06 10:20:54,22645.0,2026-10-06,22500.0,CE,40697,156.15,4778605,86902660,156.15,156.45,65
2026-10-06 10:20:54,22645.0,2026-10-06,23050.0,PE,40736,406.65,169650,144690,410.25,411.95,65
2026-10-06 10:20:54,22645.0,2026-10-06,23050.0,CE,40735,0.85,6762080,32772090,0.8,0.85,65
2026-10-06 10:20:54,22645.0,2026-10-06,22300.0,PE,40681,3.4,15471235,80746445,3.35,3.4,65
2026-10-06 10:20:54,22645.0,2026-10-06,22350.0,CE,40682,295.4,583115,2151825,294.6,295.4,65
2026-10-06 10:20:54,22645.0,2026-10-06,22900.0,PE,40722,264.0,821730,2923635,264.45,265.25,65
2026-10-06 10:20:54,22645.0,2026-10-06,22450.0,CE,40689,199.8,1542125,25718290,200.3,200.85,65
2026-10-06 10:20:54,22645.0,2026-10-06,22400.0,PE,40688,7.25,23518430,135907460,7.25,7.3,65
2026-10-06 10:20:54,22645.0,2026-10-06,22900.0,CE,40721,2.75,17002960,106176460,2.7,2.75,65
2026-10-06 10:20:54,22645.0,2026-10-06,22400.0,CE,40687,246.6,2331485,15200315,246.0,246.45,65
2026-10-06 10:20:54,22645.0,2026-10-06,22850.0,PE,40720,216.65,611325,3877965,216.45,217.05,65
2026-10-06 10:20:54,22645.0,2026-10-06,22350.0,PE,40686,4.85,9913085,65963235,4.75,4.8,65
2026-10-06 10:20:54,22645.0,2026-10-06,22950.0,PE,40724,311.95,312585,633555,311.45,312.5,65
2026-10-06 10:20:54,22645.0,2026-10-06,22950.0,CE,40723,1.7,7066150,77184770,1.7,1.75,65
2026-10-06 10:20:54,22645.0,2026-10-06,22850.0,CE,40717,5.05,11239280,82334330,5.0,5.05,65
2026-10-06 10:20:54,22645.0,2026-10-06,22800.0,PE,40716,171.1,3303235,20946705,170.25,170.7,65
2026-10-06 10:20:54,22645.0,2026-10-06,22050.0,PE,40670,1.3,8442200,35872655,1.25,1.3,65
2026-10-06 10:20:54,22645.0,2026-10-06,22150.0,PE,40674,1.6,7520695,36528570,1.55,1.6,65
2026-10-06 10:20:54,22645.0,2026-10-06,22150.0,CE,40673,492.55,106730,111670,489.6,492.05,65
2026-10-06 10:20:54,22645.0,2026-10-06,23250.0,PE,40750,615.65,201175,107185,608.45,612.4,65
2026-10-06 10:20:54,22645.0,2026-10-06,22100.0,PE,40672,1.4,14494025,60847475,1.35,1.4,65
2026-10-06 10:20:54,22645.0,2026-10-06,22100.0,CE,40671,547.6,139165,183625,540.6,542.25,65
2026-10-06 10:20:54,22645.0,2026-10-06,22250.0,PE,40678,2.5,7744360,52835770,2.45,2.5,65
2026-10-06 10:20:54,22645.0,2026-10-06,22700.0,PE,40711,93.6,11926785,100265230,92.25,92.5,65
2026-10-06 10:20:54,22645.0,2026-10-06,22250.0,CE,40677,392.25,321620,408525,392.35,393.5,65
2026-10-06 10:20:54,22645.0,2026-10-06,22700.0,CE,40710,31.6,24531195,277119505,31.95,32.05,65
2026-10-06 10:20:54,22645.0,2026-10-06,22200.0,PE,40676,1.95,15612870,73735350,1.9,1.95,65
2026-10-06 10:20:54,22645.0,2026-10-06,22200.0,CE,40675,444.85,403650,747435,440.15,442.25,65
2026-10-06 10:20:54,22645.0,2026-10-06,22800.0,CE,40715,9.55,22341540,184257840,9.6,9.65,65
2026-10-06 10:20:54,22645.0,2026-10-06,22750.0,PE,40714,129.95,3449810,26533845,129.05,129.4,65
2026-10-06 10:20:54,22645.0,2026-10-06,22750.0,CE,40712,17.85,14694550,154968060,17.75,17.85,65
2026-10-06 10:20:54,22645.0,2026-10-06,22300.0,CE,40679,345.0,861250,2518230,343.2,344.25,65
2026-10-06 10:20:54,22645.0,2026-10-06,23250.0,CE,40749,0.5,4284410,15647450,0.5,0.55,65
2026-10-06 10:20:54,22645.0,2026-10-06,22650.0,PE,40709,62.75,20089290,159028285,62.65,62.8,65
2026-10-06 10:25:29,22651.3,2026-10-06,22550.0,PE,40700,24.05,26897260,209653015,24.15,24.25,65
2026-10-06 10:25:29,22651.3,2026-10-06,23150.0,PE,40744,501.0,66105,37505,503.7,506.15,65
2026-10-06 10:25:29,22651.3,2026-10-06,23150.0,CE,40743,0.65,3479840,21526440,0.6,0.65,65
2026-10-06 10:25:29,22651.3,2026-10-06,23100.0,PE,40742,455.5,392795,160160,453.95,455.65,65
2026-10-06 10:25:29,22651.3,2026-10-06,23100.0,CE,40741,0.7,11854115,38699180,0.7,0.75,65
2026-10-06 10:25:29,22651.3,2026-10-06,22650.0,CE,40704,54.9,18750745,294967010,54.55,54.7,65
2026-10-06 10:25:29,22651.3,2026-10-06,22600.0,PE,40703,37.9,40094665,332271615,38.25,38.4,65
2026-10-06 10:25:29,22651.3,2026-10-06,23200.0,PE,40746,552.0,332475,86840,554.05,556.35,65
2026-10-06 10:25:29,22651.3,2026-10-06,22050.0,CE,40669,596.0,54535,14430,597.0,598.55,65
2026-10-06 10:25:29,22651.3,2026-10-06,23200.0,CE,40745,0.5,11573510,38740520,0.5,0.55,65
2026-10-06 10:25:29,22651.3,2026-10-06,22600.0,CE,40701,84.35,17559230,336641435,83.6,83.8,65
2026-10-06 10:25:29,22651.3,2026-10-06,22450.0,PE,40696,9.8,15301975,115411075,9.85,9.9,65
2026-10-06 10:25:29,22651.3,2026-10-06,23000.0,PE,40732,355.35,991055,1588600,355.9,356.95,65
2026-10-06 10:25:29,22651.3,2026-10-06,22550.0,CE,40699,120.3,5964010,130557505,119.35,119.65,65
2026-10-06 10:25:29,22651.3,2026-10-06,22500.0,PE,40698,15.3,33451405,220101310,15.25,15.3,65
2026-10-06 10:25:29,22651.3,2026-10-06,23000.0,CE,40731,1.2,19192160,85026565,1.2,1.25,65
2026-10-06 10:25:29,22651.3,2026-10-06,22500.0,CE,40697,161.25,4804410,88790910,161.15,161.6,65
2026-10-06 10:25:29,22651.3,2026-10-06,23050.0,PE,40736,405.85,168545,148460,403.65,405.8,65
2026-10-06 10:25:29,22651.3,2026-10-06,23050.0,CE,40735,0.75,6872645,33729150,0.75,0.8,65
2026-10-06 10:25:29,22651.3,2026-10-06,22300.0,PE,40681,3.15,15757300,83519540,3.15,3.2,65
2026-10-06 10:25:29,22651.3,2026-10-06,22350.0,CE,40682,300.5,591435,2196155,300.5,301.35,65
2026-10-06 10:25:29,22651.3,2026-10-06,22900.0,PE,40722,256.15,822185,3040180,257.65,258.4,65
2026-10-06 10:25:29,22651.3,2026-10-06,22450.0,CE,40689,205.65,1566890,26163475,205.25,205.8,65
2026-10-06 10:25:29,22651.3,2026-10-06,22400.0,PE,40688,6.55,23472475,140310365,6.55,6.6,65
2026-10-06 10:25:29,22651.3,2026-10-06,22900.0,CE,40721,2.8,16936855,110935110,2.75,2.8,65
2026-10-06 10:25:29,22651.3,2026-10-06,22400.0,CE,40687,252.4,2193425,15753010,252.25,252.9,65
2026-10-06 10:25:29,22651.3,2026-10-06,22850.0,PE,40720,209.4,623740,4104555,209.6,210.1,65
2026-10-06 10:25:29,22651.3,2026-10-06,22350.0,PE,40686,4.45,10002590,68294330,4.4,4.45,65
2026-10-06 10:25:29,22651.3,2026-10-06,22950.0,PE,40724,306.5,313040,651300,305.95,306.9,65
2026-10-06 10:25:29,22651.3,2026-10-06,22950.0,CE,40723,1.7,6976515,79777945,1.65,1.7,65
2026-10-06 10:25:29,22651.3,2026-10-06,22850.0,CE,40717,5.35,11476660,86367060,5.3,5.35,65
2026-10-06 10:25:29,22651.3,2026-10-06,22800.0,PE,40716,164.75,3353935,22223305,164.35,164.75,65
2026-10-06 10:25:29,22651.3,2026-10-06,22050.0,PE,40670,1.3,8447985,37058385,1.25,1.3,65
2026-10-06 10:25:29,22651.3,2026-10-06,22150.0,PE,40674,1.65,7577700,37232780,1.6,1.65,65
2026-10-06 10:25:29,22651.3,2026-10-06,22150.0,CE,40673,501.3,107055,113555,496.65,498.6,65
2026-10-06 10:25:29,22651.3,2026-10-06,23250.0,PE,40750,603.35,200980,107900,603.55,605.15,65
2026-10-06 10:25:29,22651.3,2026-10-06,22100.0,PE,40672,1.45,14450800,61703395,1.4,1.45,65
2026-10-06 10:25:29,22651.3,2026-10-06,22100.0,CE,40671,549.0,139165,184990,546.2,548.5,65
2026-10-06 10:25:29,22651.3,2026-10-06,22250.0,PE,40678,2.3,7886840,54634385,2.3,2.35,65
2026-10-06 10:25:29,22651.3,2026-10-06,22700.0,PE,40711,87.55,11695125,107168945,87.7,87.9,65
2026-10-06 10:25:29,22651.3,2026-10-06,22250.0,CE,40677,400.25,319800,414635,397.85,399.05,65
2026-10-06 10:25:29,22651.3,2026-10-06,22700.0,CE,40710,33.55,24989445,290547920,33.4,33.5,65
2026-10-06 10:25:29,22651.3,2026-10-06,22200.0,PE,40676,1.9,15651090,74585745,1.85,1.9,65
2026-10-06 10:25:29,22651.3,2026-10-06,22200.0,CE,40675,449.85,403650,754390,446.9,448.65,65
2026-10-06 10:25:29,22651.3,2026-10-06,22800.0,CE,40715,10.1,22202375,192628735,9.95,10.0,65
2026-10-06 10:25:29,22651.3,2026-10-06,22750.0,PE,40714,124.15,3412110,28270645,123.4,123.7,65
2026-10-06 10:25:29,22651.3,2026-10-06,22750.0,CE,40712,18.9,15288000,162604975,18.75,18.85,65
2026-10-06 10:25:29,22651.3,2026-10-06,22300.0,CE,40679,350.1,866450,2580045,348.65,349.6,65
2026-10-06 10:25:29,22651.3,2026-10-06,23250.0,CE,40749,0.45,4259905,16328325,0.45,0.5,65
2026-10-06 10:25:29,22651.3,2026-10-06,22650.0,PE,40709,58.9,20396675,170856530,58.9,59.05,65
2026-10-06 10:31:58,22652.75,2026-10-06,22550.0,PE,40700,23.5,27721850,217130225,23.5,23.6,65
2026-10-06 10:31:58,22652.75,2026-10-06,23150.0,PE,40744,506.0,65910,37895,502.3,504.75,65
2026-10-06 10:31:58,22652.75,2026-10-06,23150.0,CE,40743,0.6,3489330,21993790,0.55,0.6,65
2026-10-06 10:31:58,22652.75,2026-10-06,23100.0,PE,40742,450.45,393055,164580,452.9,454.85,65
2026-10-06 10:31:58,22652.75,2026-10-06,23100.0,CE,40741,0.65,11893310,39535405,0.65,0.7,65
2026-10-06 10:31:58,22652.75,2026-10-06,22650.0,CE,40704,54.2,19813235,306584330,54.05,54.2,65
2026-10-06 10:31:58,22652.75,2026-10-06,22600.0,PE,40703,37.7,41024230,345785960,37.25,37.35,65
2026-10-06 10:31:58,22652.75,2026-10-06,23200.0,PE,40746,552.95,332475,88205,552.95,554.9,65
2026-10-06 10:31:58,22652.75,2026-10-06,22050.0,CE,40669,597.85,54665,14495,597.45,599.9,65
2026-10-06 10:31:58,22652.75,2026-10-06,23200.0,CE,40745,0.5,11875175,40462825,0.45,0.5,65
2026-10-06 10:31:58,22652.75,2026-10-06,22600.0,CE,40701,83.45,17342130,344841705,83.8,84.0,65
2026-10-06 10:31:58,22652.75,2026-10-06,22450.0,PE,40696,9.65,15521545,119579395,9.55,9.6,65
2026-10-06 10:31:58,22652.75,2026-10-06,23000.0,PE,40732,355.35,987220,1645605,355.4,356.55,65
2026-10-06 10:31:58,22652.75,2026-10-06,22550.0,CE,40699,119.65,6003660,133040375,119.45,119.6,65
2026-10-06 10:31:58,22652.75,2026-10-06,22500.0,PE,40698,15.0,34144500,228361445,15.05,15.1,65
2026-10-06 10:31:58,22652.75,2026-10-06,23000.0,CE,40731,1.2,19584045,87302085,1.15,1.2,65
2026-10-06 10:31:58,22652.75,2026-10-06,22500.0,CE,40697,160.75,4800380,90294165,160.35,160.75,65
2026-10-06 10:31:58,22652.75,2026-10-06,23050.0,PE,40736,404.55,169065,152295,403.05,404.9,65
2026-10-06 10:31:58,22652.75,2026-10-06,23050.0,CE,40735,0.7,6811675,34304335,0.7,0.75,65
2026-10-06 10:31:58,22652.75,2026-10-06,22300.0,PE,40681,3.3,15626390,86400990,3.25,3.3,65
2026-10-06 10:31:58,22652.75,2026-10-06,22350.0,CE,40682,301.6,589095,2234505,301.15,301.95,65
2026-10-06 10:31:58,22652.75,2026-10-06,22900.0,PE,40722,256.9,837395,3356080,257.0,257.8,65
2026-10-06 10:31:58,22652.75,2026-10-06,22450.0,CE,40689,206.0,1555385,26589095,206.15,206.7,65
2026-10-06 10:31:58,22652.75,2026-10-06,22400.0,PE,40688,6.5,23679695,144048450,6.4,6.45,65
2026-10-06 10:31:58,22652.75,2026-10-06,22900.0,CE,40721,2.7,17108390,116777635,2.65,2.7,65
2026-10-06 10:31:58,22652.75,2026-10-06,22400.0,CE,40687,252.4,2176265,16000205,253.4,254.0,65
2026-10-06 10:31:58,22652.75,2026-10-06,22850.0,PE,40720,209.35,643760,4458090,209.85,210.45,65
2026-10-06 10:31:58,22652.75,2026-10-06,22350.0,PE,40686,4.5,9984585,70750810,4.4,4.45,65
2026-10-06 10:31:58,22652.75,2026-10-06,22950.0,PE,40724,305.0,312130,764725,304.55,305.4,65
2026-10-06 10:31:58,22652.75,2026-10-06,22950.0,CE,40723,1.6,6973070,82542980,1.6,1.65,65
2026-10-06 10:31:58,22652.75,2026-10-06,22850.0,CE,40717,5.1,11537955,89987040,5.05,5.1,65
2026-10-06 10:31:58,22652.75,2026-10-06,22800.0,PE,40716,164.0,3449550,23563735,163.6,163.95,65
2026-10-06 10:31:58,22652.75,2026-10-06,22050.0,PE,40670,1.35,8473985,38145965,1.35,1.4,65
2026-10-06 10:31:58,22652.75,2026-10-06,22150.0,PE,40674,1.8,7662980,37987820,1.75,1.8,65
2026-10-06 10:31:58,22652.75,2026-10-06,22150.0,CE,40673,501.0,106925,113815,497.75,500.1,65
2026-10-06 10:31:58,22652.75,2026-10-06,23250.0,PE,40750,605.15,200850,108355,601.8,605.05,65
2026-10-06 10:31:58,22652.75,2026-10-06,22100.0,PE,40672,1.6,14979185,63421150,1.55,1.6,65
2026-10-06 10:31:58,22652.75,2026-10-06,22100.0,CE,40671,551.75,138905,185315,548.3,550.0,65
2026-10-06 10:31:58,22652.75,2026-10-06,22250.0,PE,40678,2.5,7892820,56471675,2.45,2.5,65
2026-10-06 10:31:58,22652.75,2026-10-06,22700.0,PE,40711,87.45,12146225,112668335,86.35,86.55,65
2026-10-06 10:31:58,22652.75,2026-10-06,22250.0,CE,40677,403.45,320125,420940,399.15,400.35,65
2026-10-06 10:31:58,22652.75,2026-10-06,22700.0,CE,40710,32.7,25642955,303051125,33.1,33.25,65
2026-10-06 10:31:58,22652.75,2026-10-06,22200.0,PE,40676,2.0,15820545,75683140,2.0,2.05,65
2026-10-06 10:31:58,22652.75,2026-10-06,22200.0,CE,40675,448.8,402740,758420,447.65,449.35,65
2026-10-06 10:31:58,22652.75,2026-10-06,22800.0,CE,40715,9.8,22111440,200322785,9.9,9.95,65
2026-10-06 10:31:58,22652.75,2026-10-06,22750.0,PE,40714,123.0,3579355,29751605,122.0,122.35,65
2026-10-06 10:31:58,22652.75,2026-10-06,22750.0,CE,40712,18.4,15589470,169907270,18.7,18.75,65
2026-10-06 10:31:58,22652.75,2026-10-06,22300.0,CE,40679,351.3,842855,2613585,349.15,350.1,65
2026-10-06 10:31:58,22652.75,2026-10-06,23250.0,CE,40749,0.4,4445675,17015375,0.4,0.45,65
2026-10-06 10:31:58,22652.75,2026-10-06,22650.0,PE,40709,57.95,21688680,180300575,58.0,58.15,65
2026-10-06 10:35:23,22658.9,2026-10-06,22550.0,PE,40700,21.5,27778595,223095665,21.7,21.8,65
2026-10-06 10:35:23,22658.9,2026-10-06,23150.0,PE,40744,492.95,65845,38285,493.5,495.55,65
2026-10-06 10:35:23,22658.9,2026-10-06,23150.0,CE,40743,0.6,3497260,22036820,0.55,0.6,65
2026-10-06 10:35:23,22658.9,2026-10-06,23100.0,PE,40742,447.0,393510,166335,442.0,444.35,65
2026-10-06 10:35:23,22658.9,2026-10-06,23100.0,CE,40741,0.7,12140505,39864565,0.65,0.7,65
2026-10-06 10:35:23,22658.9,2026-10-06,22650.0,CE,40704,60.95,19974695,318674915,60.95,61.1,65
2026-10-06 10:35:23,22658.9,2026-10-06,22600.0,PE,40703,34.35,40952600,356989100,34.25,34.4,65
2026-10-06 10:35:23,22658.9,2026-10-06,23200.0,PE,40746,545.25,332605,93405,543.45,545.35,65
2026-10-06 10:35:23,22658.9,2026-10-06,22050.0,CE,40669,606.65,54730,14560,608.2,610.85,65
2026-10-06 10:35:23,22658.9,2026-10-06,23200.0,CE,40745,0.45,11970465,40711645,0.45,0.5,65
2026-10-06 10:35:23,22658.9,2026-10-06,22600.0,CE,40701,91.15,17505410,353470325,91.15,91.35,65
2026-10-06 10:35:23,22658.9,2026-10-06,22450.0,PE,40696,9.05,15450630,123000280,9.0,9.05,65
2026-10-06 10:35:23,22658.9,2026-10-06,23000.0,PE,40732,345.0,954915,1736410,345.0,345.85,65
2026-10-06 10:35:23,22658.9,2026-10-06,22550.0,CE,40699,129.85,5977920,135515315,128.1,128.45,65
2026-10-06 10:35:23,22658.9,2026-10-06,22500.0,PE,40698,13.95,34373170,234957710,13.95,14.0,65
2026-10-06 10:35:23,22658.9,2026-10-06,23000.0,CE,40731,1.25,19445725,88261940,1.25,1.3,65
2026-10-06 10:35:23,22658.9,2026-10-06,22500.0,CE,40697,170.45,4750720,92021800,170.2,170.65,65
2026-10-06 10:35:23,22658.9,2026-10-06,23050.0,PE,40736,394.8,169520,155870,393.5,394.85,65
2026-10-06 10:35:23,22658.9,2026-10-06,23050.0,CE,40735,0.8,6810245,34937175,0.75,0.8,65
2026-10-06 10:35:23,22658.9,2026-10-06,22300.0,PE,40681,3.2,15614885,88131875,3.2,3.25,65
2026-10-06 10:35:23,22658.9,2026-10-06,22350.0,CE,40682,311.0,585975,2270255,310.95,311.8,65
2026-10-06 10:35:23,22658.9,2026-10-06,22900.0,PE,40722,246.0,834535,3455920,247.0,247.45,65
2026-10-06 10:35:23,22658.9,2026-10-06,22450.0,CE,40689,217.0,1545830,26960895,216.9,217.15,65
2026-10-06 10:35:23,22658.9,2026-10-06,22400.0,PE,40688,6.2,23701730,146496805,6.15,6.2,65
2026-10-06 10:35:23,22658.9,2026-10-06,22900.0,CE,40721,3.15,17098965,120279055,3.05,3.1,65
2026-10-06 10:35:23,22658.9,2026-10-06,22400.0,CE,40687,262.7,2146040,16318640,263.0,263.7,65
2026-10-06 10:35:23,22658.9,2026-10-06,22850.0,PE,40720,199.9,603850,4675775,199.65,200.15,65
2026-10-06 10:35:23,22658.9,2026-10-06,22350.0,PE,40686,4.3,10089950,72446855,4.25,4.3,65
2026-10-06 10:35:23,22658.9,2026-10-06,22950.0,PE,40724,294.95,311545,777920,294.4,295.35,65
2026-10-06 10:35:23,22658.9,2026-10-06,22950.0,CE,40723,1.8,6988475,85723690,1.8,1.85,65
2026-10-06 10:35:23,22658.9,2026-10-06,22850.0,CE,40717,5.95,11493820,92623700,5.9,5.95,65
2026-10-06 10:35:23,22658.9,2026-10-06,22800.0,PE,40716,154.0,3411395,24436100,153.85,154.05,65
2026-10-06 10:35:23,22658.9,2026-10-06,22050.0,PE,40670,1.4,8498230,38712245,1.35,1.4,65
2026-10-06 10:35:23,22658.9,2026-10-06,22150.0,PE,40674,1.7,7667140,38360855,1.7,1.75,65
2026-10-06 10:35:23,22658.9,2026-10-06,22150.0,CE,40673,497.05,106860,113880,508.0,509.65,65
2026-10-06 10:35:23,22658.9,2026-10-06,23250.0,PE,40750,605.15,200850,108355,591.95,595.3,65
2026-10-06 10:35:23,22658.9,2026-10-06,22100.0,PE,40672,1.5,14999855,63878035,1.5,1.55,65
2026-10-06 10:35:23,22658.9,2026-10-06,22100.0,CE,40671,559.3,138840,186030,557.45,559.15,65
2026-10-06 10:35:23,22658.9,2026-10-06,22250.0,PE,40678,2.45,7993375,57368155,2.4,2.45,65
2026-10-06 10:35:23,22658.9,2026-10-06,22700.0,PE,40711,80.7,12212005,117586365,80.55,80.75,65
2026-10-06 10:35:23,22658.9,2026-10-06,22250.0,CE,40677,410.0,320060,426725,409.3,410.6,65
2026-10-06 10:35:23,22658.9,2026-10-06,22700.0,CE,40710,37.1,25950210,316212065,37.1,37.2,65
2026-10-06 10:35:23,22658.9,2026-10-06,22200.0,PE,40676,1.95,16071510,76923080,1.95,2.0,65
2026-10-06 10:35:23,22658.9,2026-10-06,22200.0,CE,40675,458.75,397930,773500,458.45,460.3,65
2026-10-06 10:35:23,22658.9,2026-10-06,22800.0,CE,40715,11.55,22123010,207332580,11.5,11.55,65
2026-10-06 10:35:23,22658.9,2026-10-06,22750.0,PE,40714,115.1,3540355,31142605,114.65,114.9,65
2026-10-06 10:35:23,22658.9,2026-10-06,22750.0,CE,40712,21.15,15765035,177179015,21.2,21.3,65
2026-10-06 10:35:23,22658.9,2026-10-06,22300.0,CE,40679,359.35,835250,2663960,359.55,360.65,65
2026-10-06 10:35:23,22658.9,2026-10-06,23250.0,CE,40749,0.45,4425850,17114565,0.4,0.45,65
2026-10-06 10:35:23,22658.9,2026-10-06,22650.0,PE,40709,52.4,21694725,188577285,52.35,52.45,65
2026-10-06 10:40:55,22665.4,2026-10-06,22550.0,PE,40700,20.0,27531205,235271075,19.9,20.0,65
2026-10-06 10:40:55,22665.4,2026-10-06,23150.0,PE,40744,489.95,64610,43355,487.45,489.95,65
2026-10-06 10:40:55,22665.4,2026-10-06,23150.0,CE,40743,0.6,3561740,22444240,0.55,0.6,65
2026-10-06 10:40:55,22665.4,2026-10-06,23100.0,PE,40742,439.0,393445,188890,436.6,438.85,65
2026-10-06 10:40:55,22665.4,2026-10-06,23100.0,CE,40741,0.65,12183145,41310750,0.6,0.65,65
2026-10-06 10:40:55,22665.4,2026-10-06,22650.0,CE,40704,61.9,18201170,342528615,61.95,62.1,65
2026-10-06 10:40:55,22665.4,2026-10-06,22600.0,PE,40703,31.65,41822170,377277095,31.25,31.35,65
2026-10-06 10:40:55,22665.4,2026-10-06,23200.0,PE,40746,538.6,330915,99775,537.7,539.55,65
2026-10-06 10:40:55,22665.4,2026-10-06,22050.0,CE,40669,621.0,54795,15015,613.8,615.9,65
2026-10-06 10:40:55,22665.4,2026-10-06,23200.0,CE,40745,0.45,11781380,41732080,0.45,0.5,65
2026-10-06 10:40:55,22665.4,2026-10-06,22600.0,CE,40701,93.4,15865460,371142395,93.9,94.15,65
2026-10-06 10:40:55,22665.4,2026-10-06,22450.0,PE,40696,8.6,15271100,129107355,8.55,8.6,65
2026-10-06 10:40:55,22665.4,2026-10-06,23000.0,PE,40732,340.65,979810,1851655,338.55,339.65,65
2026-10-06 10:40:55,22665.4,2026-10-06,22550.0,CE,40699,132.1,5627635,140774010,131.9,132.25,65
2026-10-06 10:40:55,22665.4,2026-10-06,22500.0,PE,40698,12.95,34484515,246711725,12.95,13.0,65
2026-10-06 10:40:55,22665.4,2026-10-06,23000.0,CE,40731,1.25,19298500,91902590,1.25,1.3,65
2026-10-06 10:40:55,22665.4,2026-10-06,22500.0,CE,40697,175.0,4653415,95339790,174.35,174.75,65
2026-10-06 10:40:55,22665.4,2026-10-06,23050.0,PE,40736,387.4,170365,162825,387.15,388.55,65
2026-10-06 10:40:55,22665.4,2026-10-06,23050.0,CE,40735,0.85,6780670,36098660,0.8,0.85,65
2026-10-06 10:40:55,22665.4,2026-10-06,22300.0,PE,40681,3.0,15872935,91736320,3.0,3.05,65
2026-10-06 10:40:55,22665.4,2026-10-06,22350.0,CE,40682,317.85,573950,2358070,315.8,316.8,65
2026-10-06 10:40:55,22665.4,2026-10-06,22900.0,PE,40722,242.0,916500,3708510,241.3,241.95,65
2026-10-06 10:40:55,22665.4,2026-10-06,22450.0,CE,40689,220.5,1461460,27937975,220.2,220.75,65
2026-10-06 10:40:55,22665.4,2026-10-06,22400.0,PE,40688,5.8,23372960,152542910,5.75,5.8,65
2026-10-06 10:40:55,22665.4,2026-10-06,22900.0,CE,40721,3.0,17299035,125384220,3.0,3.05,65
2026-10-06 10:40:55,22665.4,2026-10-06,22400.0,CE,40687,268.1,2088450,17011995,268.5,269.1,65
2026-10-06 10:40:55,22665.4,2026-10-06,22850.0,PE,40720,194.9,668265,5110430,194.3,194.85,65
2026-10-06 10:40:55,22665.4,2026-10-06,22350.0,PE,40686,4.1,10474945,75726625,4.0,4.05,65
2026-10-06 10:40:55,22665.4,2026-10-06,22950.0,PE,40724,290.7,312975,819455,288.6,289.5,65
2026-10-06 10:40:55,22665.4,2026-10-06,22950.0,CE,40723,1.8,7001475,91647985,1.8,1.85,65
2026-10-06 10:40:55,22665.4,2026-10-06,22850.0,CE,40717,5.85,11727235,99596055,5.8,5.85,65
2026-10-06 10:40:55,22665.4,2026-10-06,22800.0,PE,40716,149.9,3724240,26430820,149.65,150.0,65
2026-10-06 10:40:55,22665.4,2026-10-06,22050.0,PE,40670,1.2,8504600,40409265,1.2,1.25,65
2026-10-06 10:40:55,22665.4,2026-10-06,22150.0,PE,40674,1.55,7650565,39766220,1.55,1.6,65
2026-10-06 10:40:55,22665.4,2026-10-06,22150.0,CE,40673,511.3,107120,115375,513.2,514.8,65
2026-10-06 10:40:55,22665.4,2026-10-06,23250.0,PE,40750,589.95,199550,110565,586.2,588.55,65
2026-10-06 10:40:55,22665.4,2026-10-06,22100.0,PE,40672,1.4,14545505,67240030,1.35,1.4,65
2026-10-06 10:40:55,22665.4,2026-10-06,22100.0,CE,40671,565.0,138840,189670,562.95,564.55,65
2026-10-06 10:40:55,22665.4,2026-10-06,22250.0,PE,40678,2.35,7950280,59242040,2.3,2.35,65
2026-10-06 10:40:55,22665.4,2026-10-06,22700.0,PE,40711,75.85,13578305,128516895,75.75,75.95,65
2026-10-06 10:40:55,22665.4,2026-10-06,22250.0,CE,40677,414.15,324220,434200,415.25,416.5,65
2026-10-06 10:40:55,22665.4,2026-10-06,22700.0,CE,40710,37.65,26385580,345535710,37.65,37.75,65
2026-10-06 10:40:55,22665.4,2026-10-06,22200.0,PE,40676,1.85,15939170,79113450,1.85,1.9,65
2026-10-06 10:40:55,22665.4,2026-10-06,22200.0,CE,40675,461.0,397280,784810,463.5,465.2,65
2026-10-06 10:40:55,22665.4,2026-10-06,22800.0,CE,40715,11.3,22537580,224135080,11.25,11.3,65
2026-10-06 10:40:55,22665.4,2026-10-06,22750.0,PE,40714,110.05,4232540,34557770,108.8,109.1,65
2026-10-06 10:40:55,22665.4,2026-10-06,22750.0,CE,40712,21.2,15808325,193749855,21.45,21.55,65
2026-10-06 10:40:55,22665.4,2026-10-06,22300.0,CE,40679,366.8,837265,2735590,365.9,366.85,65
2026-10-06 10:40:55,22665.4,2026-10-06,23250.0,CE,40749,0.4,4094805,17721665,0.4,0.45,65
2026-10-06 10:40:55,22665.4,2026-10-06,22650.0,PE,40709,48.95,24647870,205132785,48.75,48.9,65
2026-10-06 10:45:59,22669.8,2026-10-06,22550.0,PE,40700,19.0,27722825,243095125,19.1,19.2,65
2026-10-06 10:45:59,22669.8,2026-10-06,23150.0,PE,40744,483.7,63960,44460,482.95,485.4,65
2026-10-06 10:45:59,22669.8,2026-10-06,23150.0,CE,40743,0.55,3496740,22773075,0.5,0.55,65
2026-10-06 10:45:59,22669.8,2026-10-06,23100.0,PE,40742,433.65,404040,217555,433.65,435.8,65
2026-10-06 10:45:59,22669.8,2026-10-06,23100.0,CE,40741,0.6,12228970,42474640,0.6,0.65,65
2026-10-06 10:45:59,22669.8,2026-10-06,22650.0,CE,40704,63.95,17572815,358734545,63.85,63.95,65
2026-10-06 10:45:59,22669.8,2026-10-06,22600.0,PE,40703,30.15,42899350,391345435,30.05,30.15,65
2026-10-06 10:45:59,22669.8,2026-10-06,23200.0,PE,40746,534.6,329420,113620,533.85,536.35,65
2026-10-06 10:45:59,22669.8,2026-10-06,22050.0,CE,40669,626.0,55120,15535,617.0,619.0,65
2026-10-06 10:45:59,22669.8,2026-10-06,23200.0,CE,40745,0.4,11435450,44920070,0.4,0.45,65
2026-10-06 10:45:59,22669.8,2026-10-06,22600.0,CE,40701,96.85,15478710,382969925,96.55,96.75,65
2026-10-06 10:45:59,22669.8,2026-10-06,22450.0,PE,40696,8.2,15412020,133848520,8.15,8.2,65
2026-10-06 10:45:59,22669.8,2026-10-06,23000.0,PE,40732,336.05,1028170,1971775,334.7,335.65,65
2026-10-06 10:45:59,22669.8,2026-10-06,22550.0,CE,40699,135.95,5573360,144356225,134.65,135.0,65
2026-10-06 10:45:59,22669.8,2026-10-06,22500.0,PE,40698,12.5,35045075,255353020,12.45,12.5,65
2026-10-06 10:45:59,22669.8,2026-10-06,23000.0,CE,40731,1.25,19330025,95197830,1.2,1.25,65
2026-10-06 10:45:59,22669.8,2026-10-06,22500.0,CE,40697,178.8,4549220,97679790,178.4,178.8,65
2026-10-06 10:45:59,22669.8,2026-10-06,23050.0,PE,40736,385.8,171210,169000,383.65,384.95,65
2026-10-06 10:45:59,22669.8,2026-10-06,23050.0,CE,40735,0.8,6776185,36625940,0.8,0.85,65
2026-10-06 10:45:59,22669.8,2026-10-06,22300.0,PE,40681,3.1,15719470,93748590,3.05,3.1,65
2026-10-06 10:45:59,22669.8,2026-10-06,22350.0,CE,40682,321.05,570765,2407340,320.15,321.1,65
2026-10-06 10:45:59,22669.8,2026-10-06,22900.0,PE,40722,237.65,955695,3937505,237.9,238.45,65
2026-10-06 10:45:59,22669.8,2026-10-06,22450.0,CE,40689,224.1,1420510,28468765,224.35,224.85,65
2026-10-06 10:45:59,22669.8,2026-10-06,22400.0,PE,40688,5.65,23100935,156534625,5.7,5.75,65
2026-10-06 10:45:59,22669.8,2026-10-06,22900.0,CE,40721,3.05,17596085,130407615,2.95,3.0,65
2026-10-06 10:45:59,22669.8,2026-10-06,22400.0,CE,40687,272.0,2079935,17505150,271.35,272.0,65
2026-10-06 10:45:59,22669.8,2026-10-06,22850.0,PE,40720,190.35,704275,5423015,190.1,190.5,65
2026-10-06 10:45:59,22669.8,2026-10-06,22350.0,PE,40686,4.05,10874240,78003185,4.0,4.05,65
2026-10-06 10:45:59,22669.8,2026-10-06,22950.0,PE,40724,285.05,315965,852800,284.85,285.6,65
2026-10-06 10:45:59,22669.8,2026-10-06,22950.0,CE,40723,1.8,6966180,97468345,1.75,1.8,65
2026-10-06 10:45:59,22669.8,2026-10-06,22850.0,CE,40717,6.05,12003875,104831480,5.95,6.0,65
2026-10-06 10:45:59,22669.8,2026-10-06,22800.0,PE,40716,146.25,4055610,28185170,145.75,146.05,65
2026-10-06 10:45:59,22669.8,2026-10-06,22050.0,PE,40670,1.4,8519030,41303145,1.35,1.4,65
2026-10-06 10:45:59,22669.8,2026-10-06,22150.0,PE,40674,1.7,7802275,40827345,1.7,1.75,65
2026-10-06 10:45:59,22669.8,2026-10-06,22150.0,CE,40673,526.05,107250,116285,517.15,518.75,65
2026-10-06 10:45:59,22669.8,2026-10-06,23250.0,PE,40750,583.3,197860,112580,583.15,585.2,65
2026-10-06 10:45:59,22669.8,2026-10-06,22100.0,PE,40672,1.55,14784835,69198090,1.5,1.55,65
2026-10-06 10:45:59,22669.8,2026-10-06,22100.0,CE,40671,568.45,138515,192595,567.7,569.6,65
2026-10-06 10:45:59,22669.8,2026-10-06,22250.0,PE,40678,2.45,8040110,60562385,2.4,2.45,65
2026-10-06 10:45:59,22669.8,2026-10-06,22700.0,PE,40711,73.15,14942850,137686900,72.9,73.05,65
2026-10-06 10:45:59,22669.8,2026-10-06,22250.0,CE,40677,418.6,324220,443040,418.95,420.35,65
2026-10-06 10:45:59,22669.8,2026-10-06,22700.0,CE,40710,39.25,26411515,367670810,39.2,39.25,65
2026-10-06 10:45:59,22669.8,2026-10-06,22200.0,PE,40676,2.0,15896855,80808910,1.95,2.0,65
2026-10-06 10:45:59,22669.8,2026-10-06,22200.0,CE,40675,466.5,396955,795795,467.65,469.6,65
2026-10-06 10:45:59,22669.8,2026-10-06,22800.0,CE,40715,11.75,22705930,236176915,11.75,11.8,65
2026-10-06 10:45:59,22669.8,2026-10-06,22750.0,PE,40714,106.55,4525560,37054355,106.6,106.9,65
2026-10-06 10:45:59,22669.8,2026-10-06,22750.0,CE,40712,22.2,16017820,206906765,21.95,22.05,65
2026-10-06 10:45:59,22669.8,2026-10-06,22300.0,CE,40679,370.35,826540,2804880,369.65,370.75,65
2026-10-06 10:45:59,22669.8,2026-10-06,23250.0,CE,40749,0.4,4053660,18443360,0.4,0.45,65
2026-10-06 10:45:59,22669.8,2026-10-06,22650.0,PE,40709,47.15,25949885,217583470,47.05,47.2,65
2026-10-06 10:50:13,22668.85,2026-10-06,22550.0,PE,40700,19.5,28107040,248361035,19.45,19.55,65
2026-10-06 10:50:13,22668.85,2026-10-06,23150.0,PE,40744,481.5,63310,45500,487.25,489.4,65
2026-10-06 10:50:13,22668.85,2026-10-06,23150.0,CE,40743,0.5,3490370,22929985,0.5,0.55,65
2026-10-06 10:50:13,22668.85,2026-10-06,23100.0,PE,40742,436.4,403715,220025,437.55,439.35,65
2026-10-06 10:50:13,22668.85,2026-10-06,23100.0,CE,40741,0.65,12126530,42959605,0.6,0.65,65
2026-10-06 10:50:13,22668.85,2026-10-06,22650.0,CE,40704,61.2,17964505,368917640,61.1,61.3,65
2026-10-06 10:50:13,22668.85,2026-10-06,22600.0,PE,40703,31.0,44079295,400114910,31.0,31.05,65
2026-10-06 10:50:13,22668.85,2026-10-06,23200.0,PE,40746,536.6,336375,135460,536.6,538.5,65
2026-10-06 10:50:13,22668.85,2026-10-06,22050.0,CE,40669,610.25,55315,15665,613.0,615.2,65
2026-10-06 10:50:13,22668.85,2026-10-06,23200.0,CE,40745,0.45,11419915,45105905,0.4,0.45,65
2026-10-06 10:50:13,22668.85,2026-10-06,22600.0,CE,40701,93.55,15598570,390113295,93.5,93.75,65
2026-10-06 10:50:13,22668.85,2026-10-06,22450.0,PE,40696,8.4,15316600,136666205,8.4,8.45,65
2026-10-06 10:50:13,22668.85,2026-10-06,23000.0,PE,40732,339.35,1017445,2017990,339.1,340.15,65
2026-10-06 10:50:13,22668.85,2026-10-06,22550.0,CE,40699,132.05,5581615,146536650,132.15,132.35,65
2026-10-06 10:50:13,22668.85,2026-10-06,22500.0,PE,40698,12.8,35183720,260361660,12.75,12.8,65
2026-10-06 10:50:13,22668.85,2026-10-06,23000.0,CE,40731,1.2,19523595,96516680,1.2,1.25,65
2026-10-06 10:50:13,22668.85,2026-10-06,22500.0,CE,40697,175.2,4571905,99022235,174.65,175.1,65
2026-10-06 10:50:13,22668.85,2026-10-06,23050.0,PE,40736,384.3,171795,172965,387.85,389.5,65
2026-10-06 10:50:13,22668.85,2026-10-06,23050.0,CE,40735,0.85,6784050,36778105,0.8,0.85,65
2026-10-06 10:50:13,22668.85,2026-10-06,22300.0,PE,40681,3.1,15681835,94816800,3.05,3.1,65
2026-10-06 10:50:13,22668.85,2026-10-06,22350.0,CE,40682,317.25,584805,2465840,316.05,316.9,65
2026-10-06 10:50:13,22668.85,2026-10-06,22900.0,PE,40722,241.6,949520,4070105,240.5,241.1,65
2026-10-06 10:50:13,22668.85,2026-10-06,22450.0,CE,40689,221.0,1458925,28997345,220.5,221.0,65
2026-10-06 10:50:13,22668.85,2026-10-06,22400.0,PE,40688,5.85,23003825,158888405,5.75,5.8,65
2026-10-06 10:50:13,22668.85,2026-10-06,22900.0,CE,40721,2.95,17570930,134306185,2.9,2.95,65
2026-10-06 10:50:13,22668.85,2026-10-06,22400.0,CE,40687,268.25,2198885,18099770,268.35,269.0,65
2026-10-06 10:50:13,22668.85,2026-10-06,22850.0,PE,40720,194.3,722280,5639140,193.85,194.4,65
2026-10-06 10:50:13,22668.85,2026-10-06,22350.0,PE,40686,4.05,10984545,79013870,4.05,4.1,65
2026-10-06 10:50:13,22668.85,2026-10-06,22950.0,PE,40724,289.55,318240,866255,288.9,289.65,65
2026-10-06 10:50:13,22668.85,2026-10-06,22950.0,CE,40723,1.7,7007975,99720075,1.7,1.75,65
2026-10-06 10:50:13,22668.85,2026-10-06,22850.0,CE,40717,5.7,12013170,108302220,5.75,5.8,65
2026-10-06 10:50:13,22668.85,2026-10-06,22800.0,PE,40716,149.4,4336930,29438760,149.25,149.6,65
2026-10-06 10:50:13,22668.85,2026-10-06,22050.0,PE,40670,1.35,8846045,42017950,1.3,1.35,65
2026-10-06 10:50:13,22668.85,2026-10-06,22150.0,PE,40674,1.65,7948590,41433405,1.65,1.7,65
2026-10-06 10:50:13,22668.85,2026-10-06,22150.0,CE,40673,519.7,107510,116740,513.5,515.6,65
2026-10-06 10:50:13,22668.85,2026-10-06,23250.0,PE,40750,586.3,197730,112840,587.3,589.15,65
2026-10-06 10:50:13,22668.85,2026-10-06,22100.0,PE,40672,1.5,14992445,71779565,1.45,1.5,65
2026-10-06 10:50:13,22668.85,2026-10-06,22100.0,CE,40671,565.1,136760,193895,563.25,564.95,65
2026-10-06 10:50:13,22668.85,2026-10-06,22250.0,PE,40678,2.45,8230430,61258210,2.35,2.4,65
2026-10-06 10:50:13,22668.85,2026-10-06,22700.0,PE,40711,75.2,15581345,143857285,75.05,75.2,65
2026-10-06 10:50:13,22668.85,2026-10-06,22250.0,CE,40677,415.3,324415,446485,414.15,415.6,65
2026-10-06 10:50:13,22668.85,2026-10-06,22700.0,CE,40710,37.8,26577070,381480775,37.8,37.9,65
2026-10-06 10:50:13,22668.85,2026-10-06,22200.0,PE,40676,2.0,16267225,82792580,1.95,2.0,65
2026-10-06 10:50:13,22668.85,2026-10-06,22200.0,CE,40675,465.35,395785,800995,464.1,466.2,65
2026-10-06 10:50:13,22668.85,2026-10-06,22800.0,CE,40715,11.25,22904765,244333050,11.2,11.25,65
2026-10-06 10:50:13,22668.85,2026-10-06,22750.0,PE,40714,109.3,4695470,38921675,109.2,109.5,65
2026-10-06 10:50:13,22668.85,2026-10-06,22750.0,CE,40712,21.25,16218540,214705270,21.2,21.25,65
2026-10-06 10:50:13,22668.85,2026-10-06,22300.0,CE,40679,364.8,832390,2851095,365.5,366.45,65
2026-10-06 10:50:13,22668.85,2026-10-06,23250.0,CE,40749,0.45,4049890,18513560,0.4,0.45,65
2026-10-06 10:50:13,22668.85,2026-10-06,22650.0,PE,40709,48.9,26867035,226398315,48.75,48.85,65
2026-10-06 10:55:26,22663.6,2026-10-06,22550.0,PE,40700,19.75,29014960,255879260,19.7,19.75,65
2026-10-06 10:55:26,22663.6,2026-10-06,23150.0,PE,40744,485.0,62985,46475,488.7,491.6,65
2026-10-06 10:55:26,22663.6,2026-10-06,23150.0,CE,40743,0.55,3452410,23387260,0.5,0.55,65
2026-10-06 10:55:26,22663.6,2026-10-06,23100.0,PE,40742,441.25,400790,228865,441.0,442.9,65
2026-10-06 10:55:26,22663.6,2026-10-06,23100.0,CE,40741,0.6,11976705,43523025,0.6,0.65,65
2026-10-06 10:55:26,22663.6,2026-10-06,22650.0,CE,40704,59.9,18471960,378552590,58.85,59.0,65
2026-10-06 10:55:26,22663.6,2026-10-06,22600.0,PE,40703,31.2,44553860,412883315,31.4,31.5,65
2026-10-06 10:55:26,22663.6,2026-10-06,23200.0,PE,40746,544.1,338650,139100,538.55,541.9,65
2026-10-06 10:55:26,22663.6,2026-10-06,22050.0,CE,40669,607.7,55445,15925,610.2,612.5,65
2026-10-06 10:55:26,22663.6,2026-10-06,23200.0,CE,40745,0.45,11440520,45354205,0.4,0.45,65
2026-10-06 10:55:26,22663.6,2026-10-06,22600.0,CE,40701,92.4,15670720,396641440,91.75,91.95,65
2026-10-06 10:55:26,22663.6,2026-10-06,22450.0,PE,40696,8.5,15661230,140002915,8.45,8.5,65
2026-10-06 10:55:26,22663.6,2026-10-06,23000.0,PE,40732,342.35,1013415,2084745,342.5,343.6,65
2026-10-06 10:55:26,22663.6,2026-10-06,22550.0,CE,40699,129.95,5489445,148500950,130.1,130.35,65
2026-10-06 10:55:26,22663.6,2026-10-06,22500.0,PE,40698,12.9,35431045,266417385,13.05,13.1,65
2026-10-06 10:55:26,22663.6,2026-10-06,23000.0,CE,40731,1.2,19490770,97387550,1.2,1.25,65
2026-10-06 10:55:26,22663.6,2026-10-06,22500.0,CE,40697,173.5,4472975,100172995,171.25,171.7,65
2026-10-06 10:55:26,22663.6,2026-10-06,23050.0,PE,40736,392.4,171015,176670,391.2,392.8,65
2026-10-06 10:55:26,22663.6,2026-10-06,23050.0,CE,40735,0.85,6796855,37072035,0.8,0.85,65
2026-10-06 10:55:26,22663.6,2026-10-06,22300.0,PE,40681,3.1,15499770,96211310,3.1,3.15,65
2026-10-06 10:55:26,22663.6,2026-10-06,22350.0,CE,40682,313.65,561405,2506595,314.75,315.7,65
2026-10-06 10:55:26,22663.6,2026-10-06,22900.0,PE,40722,242.9,986765,4300530,242.7,243.25,65
2026-10-06 10:55:26,22663.6,2026-10-06,22450.0,CE,40689,219.6,1390675,29258515,218.45,219.0,65
2026-10-06 10:55:26,22663.6,2026-10-06,22400.0,PE,40688,5.8,22978280,161202730,5.85,5.9,65
2026-10-06 10:55:26,22663.6,2026-10-06,22900.0,CE,40721,2.8,17654390,138517600,2.75,2.8,65
2026-10-06 10:55:26,22663.6,2026-10-06,22400.0,CE,40687,266.85,2033200,18363865,264.25,265.0,65
2026-10-06 10:55:26,22663.6,2026-10-06,22850.0,PE,40720,196.4,768690,6132880,196.65,197.15,65
2026-10-06 10:55:26,22663.6,2026-10-06,22350.0,PE,40686,4.1,11033555,80180685,4.1,4.15,65
2026-10-06 10:55:26,22663.6,2026-10-06,22950.0,PE,40724,292.1,328445,944645,290.05,290.85,65
2026-10-06 10:55:26,22663.6,2026-10-06,22950.0,CE,40723,1.65,7073755,104286585,1.65,1.7,65
2026-10-06 10:55:26,22663.6,2026-10-06,22850.0,CE,40717,5.45,11963185,111546045,5.3,5.35,65
2026-10-06 10:55:26,22663.6,2026-10-06,22800.0,PE,40716,150.85,4467515,31471570,150.8,151.2,65
2026-10-06 10:55:26,22663.6,2026-10-06,22050.0,PE,40670,1.45,8814845,42748420,1.4,1.45,65
2026-10-06 10:55:26,22663.6,2026-10-06,22150.0,PE,40674,1.75,8000720,41980640,1.75,1.8,65
2026-10-06 10:55:26,22663.6,2026-10-06,22150.0,CE,40673,511.3,107575,117065,511.8,514.35,65
2026-10-06 10:55:26,22663.6,2026-10-06,23250.0,PE,40750,592.7,197080,114010,588.55,591.55,65
2026-10-06 10:55:26,22663.6,2026-10-06,22100.0,PE,40672,1.6,14923285,73312720,1.55,1.6,65
2026-10-06 10:55:26,22663.6,2026-10-06,22100.0,CE,40671,560.0,136630,194415,561.6,563.45,65
2026-10-06 10:55:26,22663.6,2026-10-06,22250.0,PE,40678,2.45,8162895,61990760,2.45,2.5,65
2026-10-06 10:55:26,22663.6,2026-10-06,22700.0,PE,40711,75.75,15692950,152313590,75.8,76.0,65
2026-10-06 10:55:26,22663.6,2026-10-06,22250.0,CE,40677,412.4,325130,448110,413.45,415.3,65
2026-10-06 10:55:26,22663.6,2026-10-06,22700.0,CE,40710,36.6,26519870,394726865,36.6,36.7,65
2026-10-06 10:55:26,22663.6,2026-10-06,22200.0,PE,40676,2.0,16489655,83769725,2.0,2.05,65
2026-10-06 10:55:26,22663.6,2026-10-06,22200.0,CE,40675,457.7,395915,804115,462.2,463.65,65
2026-10-06 10:55:26,22663.6,2026-10-06,22800.0,CE,40715,10.65,23067525,252877625,10.6,10.65,65
2026-10-06 10:55:26,22663.6,2026-10-06,22750.0,PE,40714,110.05,4775420,41363270,110.05,110.2,65
2026-10-06 10:55:26,22663.6,2026-10-06,22750.0,CE,40712,20.5,16480880,222740440,20.4,20.45,65
2026-10-06 10:55:26,22663.6,2026-10-06,22300.0,CE,40679,364.45,825565,2880800,361.75,362.8,65
2026-10-06 10:55:26,22663.6,2026-10-06,23250.0,CE,40749,0.45,4024345,18623735,0.4,0.45,65
2026-10-06 10:55:26,22663.6,2026-10-06,22650.0,PE,40709,49.45,27532050,238365595,50.1,50.2,65
2026-10-06 11:01:15,22660.95,2026-10-06,22550.0,PE,40700,20.6,29576755,266049745,20.7,20.75,65
2026-10-06 11:01:15,22660.95,2026-10-06,23150.0,PE,40744,500.75,63115,46800,495.55,498.1,65
2026-10-06 11:01:15,22660.95,2026-10-06,23150.0,CE,40743,0.5,3428490,23562955,0.5,0.55,65
2026-10-06 11:01:15,22660.95,2026-10-06,23100.0,PE,40742,447.3,403065,235950,446.6,448.45,65
2026-10-06 11:01:15,22660.95,2026-10-06,23100.0,CE,40741,0.6,12168065,44080920,0.6,0.65,65
2026-10-06 11:01:15,22660.95,2026-10-06,22650.0,CE,40704,55.65,19602830,393857295,55.2,55.3,65
2026-10-06 11:01:15,22660.95,2026-10-06,22600.0,PE,40703,33.0,43706260,430857375,32.75,32.9,65
2026-10-06 11:01:15,22660.95,2026-10-06,23200.0,PE,40746,546.85,337870,141180,545.55,547.45,65
2026-10-06 11:01:15,22660.95,2026-10-06,22050.0,CE,40669,607.7,55445,15925,604.3,606.8,65
2026-10-06 11:01:15,22660.95,2026-10-06,23200.0,CE,40745,0.45,11477180,45588660,0.4,0.45,65
2026-10-06 11:01:15,22660.95,2026-10-06,22600.0,CE,40701,86.35,15873845,406830125,86.7,86.9,65
2026-10-06 11:01:15,22660.95,2026-10-06,22450.0,PE,40696,8.95,15840110,144704560,8.9,8.95,65
2026-10-06 11:01:15,22660.95,2026-10-06,23000.0,PE,40732,348.9,984360,2183090,347.65,348.95,65
2026-10-06 11:01:15,22660.95,2026-10-06,22550.0,CE,40699,124.6,5604235,151447530,123.95,124.1,65
2026-10-06 11:01:15,22660.95,2026-10-06,22500.0,PE,40698,13.5,35800180,277034615,13.45,13.5,65
2026-10-06 11:01:15,22660.95,2026-10-06,23000.0,CE,40731,1.05,19524245,100019010,1.05,1.1,65
2026-10-06 11:01:15,22660.95,2026-10-06,22500.0,CE,40697,167.55,4492800,102334440,167.25,167.65,65
2026-10-06 11:01:15,22660.95,2026-10-06,23050.0,PE,40736,398.5,169260,179660,396.0,398.0,65
2026-10-06 11:01:15,22660.95,2026-10-06,23050.0,CE,40735,0.75,6796140,37613095,0.7,0.75,65
2026-10-06 11:01:15,22660.95,2026-10-06,22300.0,PE,40681,3.25,15606760,97965985,3.2,3.25,65
2026-10-06 11:01:15,22660.95,2026-10-06,22350.0,CE,40682,307.5,560950,2546115,307.55,308.4,65
2026-10-06 11:01:15,22660.95,2026-10-06,22900.0,PE,40722,250.1,919750,4571645,249.0,249.45,65
2026-10-06 11:01:15,22660.95,2026-10-06,22450.0,CE,40689,212.3,1387750,29739320,212.5,213.0,65
2026-10-06 11:01:15,22660.95,2026-10-06,22400.0,PE,40688,6.15,22735115,164892130,6.1,6.15,65
2026-10-06 11:01:15,22660.95,2026-10-06,22900.0,CE,40721,2.4,17570800,144987635,2.4,2.45,65
2026-10-06 11:01:15,22660.95,2026-10-06,22400.0,CE,40687,260.7,2023905,18798715,259.3,260.05,65
2026-10-06 11:01:15,22660.95,2026-10-06,22850.0,PE,40720,201.45,708435,6604260,200.85,201.35,65
2026-10-06 11:01:15,22660.95,2026-10-06,22350.0,PE,40686,4.35,11112920,82102605,4.3,4.35,65
2026-10-06 11:01:15,22660.95,2026-10-06,22950.0,PE,40724,298.9,317135,998790,297.15,298.15,65
2026-10-06 11:01:15,22660.95,2026-10-06,22950.0,CE,40723,1.5,7155785,107070860,1.45,1.5,65
2026-10-06 11:01:15,22660.95,2026-10-06,22850.0,CE,40717,4.7,11934195,117101595,4.7,4.75,65
2026-10-06 11:01:15,22660.95,2026-10-06,22800.0,PE,40716,156.6,4170465,33961200,156.0,156.1,65
2026-10-06 11:01:15,22660.95,2026-10-06,22050.0,PE,40670,1.4,8932690,44055570,1.4,1.45,65
2026-10-06 11:01:15,22660.95,2026-10-06,22150.0,PE,40674,1.75,8086910,42578510,1.75,1.8,65
2026-10-06 11:01:15,22660.95,2026-10-06,22150.0,CE,40673,499.0,107770,117780,505.2,507.9,65
2026-10-06 11:01:15,22660.95,2026-10-06,23250.0,PE,40750,592.7,197145,114335,595.05,597.95,65
2026-10-06 11:01:15,22660.95,2026-10-06,22100.0,PE,40672,1.65,15180100,74847825,1.6,1.65,65
2026-10-06 11:01:15,22660.95,2026-10-06,22100.0,CE,40671,560.25,135980,195780,555.1,556.95,65
2026-10-06 11:01:15,22660.95,2026-10-06,22250.0,PE,40678,2.5,8153210,63119875,2.45,2.5,65
2026-10-06 11:01:15,22660.95,2026-10-06,22700.0,PE,40711,79.95,15067130,164771880,79.65,79.85,65
2026-10-06 11:01:15,22660.95,2026-10-06,22250.0,CE,40677,406.0,325650,455260,405.9,407.2,65
2026-10-06 11:01:15,22660.95,2026-10-06,22700.0,CE,40710,33.0,27337180,414220690,32.95,33.05,65
2026-10-06 11:01:15,22660.95,2026-10-06,22200.0,PE,40676,2.05,16865290,85386535,2.05,2.1,65
2026-10-06 11:01:15,22660.95,2026-10-06,22200.0,CE,40675,454.15,393770,810875,455.55,457.25,65
2026-10-06 11:01:15,22660.95,2026-10-06,22800.0,CE,40715,9.2,23045815,264474600,9.25,9.3,65
2026-10-06 11:01:15,22660.95,2026-10-06,22750.0,PE,40714,115.3,4604730,44604820,115.05,115.3,65
2026-10-06 11:01:15,22660.95,2026-10-06,22750.0,CE,40712,17.85,16786250,234864435,17.9,17.95,65
2026-10-06 11:01:15,22660.95,2026-10-06,22300.0,CE,40679,357.65,831350,2937870,356.65,357.6,65
2026-10-06 11:01:15,22660.95,2026-10-06,23250.0,CE,40749,0.45,4008160,18751590,0.4,0.45,65
2026-10-06 11:01:15,22660.95,2026-10-06,22650.0,PE,40709,51.65,27374945,256811100,51.75,51.85,65
2026-10-06 11:05:23,22680.25,2026-10-06,22550.0,PE,40700,16.5,29488940,273825630,16.55,16.6,65
2026-10-06 11:05:23,22680.25,2026-10-06,23150.0,PE,40744,476.2,62790,48425,473.0,475.75,65
2026-10-06 11:05:23,22680.25,2026-10-06,23150.0,CE,40743,0.6,3430310,24239605,0.55,0.6,65
2026-10-06 11:05:23,22680.25,2026-10-06,23100.0,PE,40742,426.0,402480,242905,424.15,425.8,65
2026-10-06 11:05:23,22680.25,2026-10-06,23100.0,CE,40741,0.65,12141935,44400915,0.6,0.65,65
2026-10-06 11:05:23,22680.25,2026-10-06,22650.0,CE,40704,68.05,19259695,407569045,67.6,67.7,65
2026-10-06 11:05:23,22680.25,2026-10-06,22600.0,PE,40703,26.4,44660330,443435915,26.25,26.35,65
2026-10-06 11:05:23,22680.25,2026-10-06,23200.0,PE,40746,525.7,339365,145535,522.5,525.05,65
2026-10-06 11:05:23,22680.25,2026-10-06,23200.0,CE,40745,0.5,11385400,47273785,0.45,0.5,65
2026-10-06 11:05:23,22680.25,2026-10-06,22600.0,CE,40701,102.45,15304575,416368290,102.25,102.5,65
2026-10-06 11:05:23,22680.25,2026-10-06,22450.0,PE,40696,7.25,15985970,148697380,7.25,7.3,65
2026-10-06 11:05:23,22680.25,2026-10-06,23000.0,PE,40732,327.0,1004445,2257580,325.7,326.7,65
2026-10-06 11:05:23,22680.25,2026-10-06,22550.0,CE,40699,142.45,5485220,154357125,141.95,142.3,65
2026-10-06 11:05:23,22680.25,2026-10-06,22500.0,PE,40698,10.95,35984260,284529570,10.9,10.95,65
2026-10-06 11:05:23,22680.25,2026-10-06,23000.0,CE,40731,1.25,19244615,101684830,1.25,1.3,65
2026-10-06 11:05:23,22680.25,2026-10-06,22500.0,CE,40697,187.05,4553835,104259675,186.35,186.9,65
2026-10-06 11:05:23,22680.25,2026-10-06,23050.0,PE,40736,377.95,170365,183755,374.4,376.0,65
2026-10-06 11:05:23,22680.25,2026-10-06,23050.0,CE,40735,0.75,6818045,38205440,0.75,0.8,65
2026-10-06 11:05:23,22680.25,2026-10-06,22300.0,PE,40681,2.85,15663570,99902010,2.8,2.85,65
2026-10-06 11:05:23,22680.25,2026-10-06,22350.0,CE,40682,329.5,557570,2579395,328.8,329.8,65
2026-10-06 11:05:23,22680.25,2026-10-06,22900.0,PE,40722,227.45,946075,4735640,228.0,228.35,65
2026-10-06 11:05:23,22680.25,2026-10-06,22450.0,CE,40689,233.45,1363570,30118920,232.75,233.0,65
2026-10-06 11:05:23,22680.25,2026-10-06,22400.0,PE,40688,5.15,22788740,167789440,5.1,5.15,65
2026-10-06 11:05:23,22680.25,2026-10-06,22900.0,CE,40721,3.15,17606485,148865405,3.15,3.2,65
2026-10-06 11:05:23,22680.25,2026-10-06,22400.0,CE,40687,280.75,2013830,19126575,280.8,281.6,65
2026-10-06 11:05:23,22680.25,2026-10-06,22850.0,PE,40720,180.6,725205,6942715,181.0,181.25,65
2026-10-06 11:05:23,22680.25,2026-10-06,22350.0,PE,40686,3.75,11201840,83695495,3.7,3.75,65
2026-10-06 11:05:23,22680.25,2026-10-06,22950.0,PE,40724,277.1,316615,1030380,275.85,276.6,65
2026-10-06 11:05:23,22680.25,2026-10-06,22950.0,CE,40723,1.85,7120100,109060120,1.85,1.9,65
2026-10-06 11:05:23,22680.25,2026-10-06,22850.0,CE,40717,6.3,11872705,121133220,6.3,6.35,65
2026-10-06 11:05:23,22680.25,2026-10-06,22800.0,PE,40716,137.35,4295785,35693320,137.05,137.4,65
2026-10-06 11:05:23,22680.25,2026-10-06,23300.0,CE,40751,0.4,7436000,28899455,0.35,0.4,65
2026-10-06 11:05:23,22680.25,2026-10-06,22150.0,PE,40674,1.7,8059610,43725305,1.65,1.7,65
2026-10-06 11:05:23,22680.25,2026-10-06,22150.0,CE,40673,520.95,107315,118170,527.3,529.85,65
2026-10-06 11:05:23,22680.25,2026-10-06,23250.0,PE,40750,590.05,197145,114400,571.55,574.85,65
2026-10-06 11:05:23,22680.25,2026-10-06,22100.0,PE,40672,1.55,15079870,75874435,1.5,1.55,65
2026-10-06 11:05:23,22680.25,2026-10-06,22100.0,CE,40671,575.0,135590,196560,577.55,579.0,65
2026-10-06 11:05:23,22680.25,2026-10-06,22250.0,PE,40678,2.3,8056815,63902605,2.25,2.3,65
2026-10-06 11:05:23,22680.25,2026-10-06,22700.0,PE,40711,66.05,15864810,173171310,66.2,66.4,65
2026-10-06 11:05:23,22680.25,2026-10-06,22250.0,CE,40677,425.6,325455,457795,428.0,429.5,65
2026-10-06 11:05:23,22680.25,2026-10-06,22700.0,CE,40710,42.0,28018900,432865355,41.85,42.0,65
2026-10-06 11:05:23,22680.25,2026-10-06,22200.0,PE,40676,1.9,16758625,86672820,1.9,1.95,65
2026-10-06 11:05:23,22680.25,2026-10-06,22200.0,CE,40675,478.0,394680,823290,477.15,478.0,65
2026-10-06 11:05:23,22680.25,2026-10-06,23300.0,PE,40752,626.75,745355,124475,623.0,624.4,65
2026-10-06 11:05:23,22680.25,2026-10-06,22800.0,CE,40715,12.55,23245820,274347255,12.4,12.45,65
2026-10-06 11:05:23,22680.25,2026-10-06,22750.0,PE,40714,98.35,4820010,47041280,98.05,98.3,65
2026-10-06 11:05:23,22680.25,2026-10-06,22750.0,CE,40712,23.6,17042675,245833120,23.5,23.6,65
2026-10-06 11:05:23,22680.25,2026-10-06,22300.0,CE,40679,379.15,830635,2989935,378.55,379.15,65
2026-10-06 11:05:23,22680.25,2026-10-06,23250.0,CE,40749,0.4,4011410,18845710,0.4,0.45,65
2026-10-06 11:05:23,22680.25,2026-10-06,22650.0,PE,40709,41.75,28129465,268275345,41.8,41.9,65
2026-10-06 11:10:29,22684.0,2026-10-06,22550.0,PE,40700,16.35,28424370,288808585,16.35,16.45,65
2026-10-06 11:10:29,22684.0,2026-10-06,23150.0,PE,40744,470.8,63895,50505,475.75,477.5,65
2026-10-06 11:10:29,22684.0,2026-10-06,23150.0,CE,40743,0.5,3497195,24672635,0.5,0.55,65
2026-10-06 11:10:29,22684.0,2026-10-06,23100.0,PE,40742,424.6,400725,254800,425.9,427.85,65
2026-10-06 11:10:29,22684.0,2026-10-06,23100.0,CE,40741,0.6,12367290,46953270,0.6,0.65,65
2026-10-06 11:10:29,22684.0,2026-10-06,22650.0,CE,40704,65.45,17110015,429964860,65.6,65.65,65
2026-10-06 11:10:29,22684.0,2026-10-06,22600.0,PE,40703,26.05,43749550,467775230,26.1,26.15,65
2026-10-06 11:10:29,22684.0,2026-10-06,23200.0,PE,40746,525.1,339430,148720,524.35,526.4,65
2026-10-06 11:10:29,22684.0,2026-10-06,23200.0,CE,40745,0.4,11327030,48677525,0.4,0.45,65
2026-10-06 11:10:29,22684.0,2026-10-06,22600.0,CE,40701,99.9,13873795,431890095,99.75,99.85,65
2026-10-06 11:10:29,22684.0,2026-10-06,22450.0,PE,40696,6.9,15621125,157235845,6.9,6.95,65
2026-10-06 11:10:29,22684.0,2026-10-06,23000.0,PE,40732,328.5,1087255,2480075,327.5,328.5,65
2026-10-06 11:10:29,22684.0,2026-10-06,22550.0,CE,40699,140.0,4880005,158790125,140.0,140.05,65
2026-10-06 11:10:29,22684.0,2026-10-06,22500.0,PE,40698,10.75,34933990,301406365,10.65,10.7,65
2026-10-06 11:10:29,22684.0,2026-10-06,23000.0,CE,40731,1.2,18963035,105696955,1.15,1.2,65
2026-10-06 11:10:29,22684.0,2026-10-06,22500.0,CE,40697,183.75,4251975,107199235,183.75,184.2,65
2026-10-06 11:10:29,22684.0,2026-10-06,23050.0,PE,40736,374.75,173485,192725,376.4,377.8,65
2026-10-06 11:10:29,22684.0,2026-10-06,23050.0,CE,40735,0.8,6771765,39629395,0.75,0.8,65
2026-10-06 11:10:29,22684.0,2026-10-06,22300.0,PE,40681,2.5,14727180,105712230,2.5,2.55,65
2026-10-06 11:10:29,22684.0,2026-10-06,22350.0,CE,40682,328.5,547105,2673190,326.95,327.9,65
2026-10-06 11:10:29,22684.0,2026-10-06,22900.0,PE,40722,230.15,1059175,5267275,229.85,230.45,65
2026-10-06 11:10:29,22684.0,2026-10-06,22450.0,CE,40689,231.55,1265355,30696510,230.95,231.55,65
2026-10-06 11:10:29,22684.0,2026-10-06,22400.0,PE,40688,4.8,22510735,176874620,4.75,4.8,65
2026-10-06 11:10:29,22684.0,2026-10-06,22900.0,CE,40721,2.9,17968925,156832650,2.85,2.9,65
2026-10-06 11:10:29,22684.0,2026-10-06,22400.0,CE,40687,279.6,1996345,19780085,279.0,279.7,65
2026-10-06 11:10:29,22684.0,2026-10-06,22850.0,PE,40720,182.5,798265,7593755,182.55,183.05,65
2026-10-06 11:10:29,22684.0,2026-10-06,22350.0,PE,40686,3.35,11102260,87376120,3.3,3.35,65
2026-10-06 11:10:29,22684.0,2026-10-06,22950.0,PE,40724,276.5,319670,1097980,277.8,278.55,65
2026-10-06 11:10:29,22684.0,2026-10-06,22950.0,CE,40723,1.65,7185620,117785720,1.6,1.65,65
2026-10-06 11:10:29,22684.0,2026-10-06,22850.0,CE,40717,5.8,12125685,132238080,5.9,5.95,65
2026-10-06 11:10:29,22684.0,2026-10-06,22800.0,PE,40716,138.15,4733885,39200330,137.85,138.2,65
2026-10-06 11:10:29,22684.0,2026-10-06,23300.0,CE,40751,0.4,7389070,29351140,0.35,0.4,65
2026-10-06 11:10:29,22684.0,2026-10-06,22150.0,PE,40674,1.5,8279505,46127055,1.45,1.5,65
2026-10-06 11:10:29,22684.0,2026-10-06,22150.0,CE,40673,525.3,106860,120055,526.25,528.15,65
2026-10-06 11:10:29,22684.0,2026-10-06,23250.0,PE,40750,570.05,196820,115245,574.4,577.1,65
2026-10-06 11:10:29,22684.0,2026-10-06,22100.0,PE,40672,1.3,14735110,79692275,1.3,1.35,65
2026-10-06 11:10:29,22684.0,2026-10-06,22100.0,CE,40671,576.95,134940,212095,575.2,577.2,65
2026-10-06 11:10:29,22684.0,2026-10-06,22250.0,PE,40678,2.0,7882940,66142830,1.95,2.0,65
2026-10-06 11:10:29,22684.0,2026-10-06,22700.0,PE,40711,66.45,17150315,190770385,66.25,66.4,65
2026-10-06 11:10:29,22684.0,2026-10-06,22250.0,CE,40677,428.85,326495,469755,425.6,426.95,65
2026-10-06 11:10:29,22684.0,2026-10-06,22700.0,CE,40710,40.0,27335880,467407005,40.0,40.1,65
2026-10-06 11:10:29,22684.0,2026-10-06,22200.0,PE,40676,1.65,16732170,91229840,1.6,1.65,65
2026-10-06 11:10:29,22684.0,2026-10-06,22200.0,CE,40675,475.85,387725,841815,475.6,477.25,65
2026-10-06 11:10:29,22684.0,2026-10-06,23300.0,PE,40752,622.05,744380,131105,624.7,627.45,65
2026-10-06 11:10:29,22684.0,2026-10-06,22800.0,CE,40715,11.7,24284130,295938890,11.65,11.7,65
2026-10-06 11:10:29,22684.0,2026-10-06,22750.0,PE,40714,98.55,5210335,52473655,98.45,98.7,65
2026-10-06 11:10:29,22684.0,2026-10-06,22750.0,CE,40712,22.55,16833830,267116265,22.5,22.6,65
2026-10-06 11:10:29,22684.0,2026-10-06,22300.0,CE,40679,376.55,805675,3079895,376.55,377.5,65
2026-10-06 11:10:29,22684.0,2026-10-06,23250.0,CE,40749,0.45,4043325,19303960,0.4,0.45,65
2026-10-06 11:10:29,22684.0,2026-10-06,22650.0,PE,40709,41.95,28847195,288475915,41.85,41.9,65
2026-10-06 11:15:28,22684.5,2026-10-06,22550.0,PE,40700,15.35,28847325,295331010,15.3,15.35,65
2026-10-06 11:15:28,22684.5,2026-10-06,23150.0,PE,40744,474.6,63700,51155,471.35,473.3,65
2026-10-06 11:15:28,22684.5,2026-10-06,23150.0,CE,40743,0.5,3488095,24732565,0.5,0.55,65
2026-10-06 11:15:28,22684.5,2026-10-06,23100.0,PE,40742,425.7,402025,258440,421.4,423.3,65
2026-10-06 11:15:28,22684.5,2026-10-06,23100.0,CE,40741,0.6,12392770,47220550,0.6,0.65,65
2026-10-06 11:15:28,22684.5,2026-10-06,22650.0,CE,40704,67.95,17526925,439130380,67.75,67.95,65
2026-10-06 11:15:28,22684.5,2026-10-06,22600.0,PE,40703,24.55,43859530,478060115,24.55,24.65,65
2026-10-06 11:15:28,22684.5,2026-10-06,23200.0,PE,40746,527.85,339040,150735,521.3,523.3,65
2026-10-06 11:15:28,22684.5,2026-10-06,23200.0,CE,40745,0.45,11315070,49271820,0.4,0.45,65
2026-10-06 11:15:28,22684.5,2026-10-06,22600.0,CE,40701,102.2,14045850,437831940,102.2,102.45,65
2026-10-06 11:15:28,22684.5,2026-10-06,22450.0,PE,40696,6.55,15775500,160817670,6.55,6.6,65
2026-10-06 11:15:28,22684.5,2026-10-06,23000.0,PE,40732,324.0,1080040,2522585,323.0,324.0,65
2026-10-06 11:15:28,22684.5,2026-10-06,22550.0,CE,40699,143.25,4831190,160445090,143.05,143.25,65
2026-10-06 11:15:28,22684.5,2026-10-06,22500.0,PE,40698,10.0,35050795,307457540,10.0,10.05,65
2026-10-06 11:15:28,22684.5,2026-10-06,23000.0,CE,40731,1.1,18961150,106929615,1.1,1.15,65
2026-10-06 11:15:28,22684.5,2026-10-06,22500.0,CE,40697,188.0,4291560,108289610,187.75,188.0,65
2026-10-06 11:15:28,22684.5,2026-10-06,23050.0,PE,40736,373.0,173615,196560,372.0,373.3,65
2026-10-06 11:15:28,22684.5,2026-10-06,23050.0,CE,40735,0.8,6778460,39901160,0.75,0.8,65
2026-10-06 11:15:28,22684.5,2026-10-06,22300.0,PE,40681,2.55,14398345,108102995,2.55,2.6,65
2026-10-06 11:15:28,22684.5,2026-10-06,22350.0,CE,40682,332.35,549575,2698930,331.4,332.35,65
2026-10-06 11:15:28,22684.5,2026-10-06,22900.0,PE,40722,225.35,1041495,5515120,225.2,225.75,65
2026-10-06 11:15:28,22684.5,2026-10-06,22450.0,CE,40689,234.4,1258205,30901195,234.35,234.8,65
2026-10-06 11:15:28,22684.5,2026-10-06,22400.0,PE,40688,4.65,22325030,180156080,4.6,4.65,65
2026-10-06 11:15:28,22684.5,2026-10-06,22900.0,CE,40721,2.9,17960605,161616715,2.85,2.9,65
2026-10-06 11:15:28,22684.5,2026-10-06,22400.0,CE,40687,282.7,1944735,20053345,282.6,283.0,65
2026-10-06 11:15:28,22684.5,2026-10-06,22850.0,PE,40720,177.95,800410,7929090,178.1,178.5,65
2026-10-06 11:15:28,22684.5,2026-10-06,22350.0,PE,40686,3.2,11635715,89438700,3.2,3.25,65
2026-10-06 11:15:28,22684.5,2026-10-06,22950.0,PE,40724,273.95,310310,1121055,273.6,274.4,65
2026-10-06 11:15:28,22684.5,2026-10-06,22950.0,CE,40723,1.6,7219810,121244435,1.55,1.6,65
2026-10-06 11:15:28,22684.5,2026-10-06,22850.0,CE,40717,5.85,12286495,136141915,5.8,5.85,65
2026-10-06 11:15:28,22684.5,2026-10-06,22800.0,PE,40716,134.65,4860180,40906450,134.05,134.45,65
2026-10-06 11:15:28,22684.5,2026-10-06,23300.0,CE,40751,0.4,7425275,31249010,0.35,0.4,65
2026-10-06 11:15:28,22684.5,2026-10-06,22150.0,PE,40674,1.5,8499335,47163220,1.45,1.5,65
2026-10-06 11:15:28,22684.5,2026-10-06,22150.0,CE,40673,516.65,106600,120315,529.25,531.05,65
2026-10-06 11:15:28,22684.5,2026-10-06,23250.0,PE,40750,579.9,196495,115505,570.65,572.9,65
2026-10-06 11:15:28,22684.5,2026-10-06,22100.0,PE,40672,1.35,14694810,80775370,1.3,1.35,65
2026-10-06 11:15:28,22684.5,2026-10-06,22100.0,CE,40671,577.25,134745,213590,579.3,580.8,65
2026-10-06 11:15:28,22684.5,2026-10-06,22250.0,PE,40678,2.05,7830290,66830400,2.0,2.05,65
2026-10-06 11:15:28,22684.5,2026-10-06,22700.0,PE,40711,62.9,17580615,199736680,63.0,63.2,65
2026-10-06 11:15:28,22684.5,2026-10-06,22250.0,CE,40677,431.25,326365,472615,429.8,431.5,65
2026-10-06 11:15:28,22684.5,2026-10-06,22700.0,CE,40710,41.55,28145325,482122810,41.45,41.6,65
2026-10-06 11:15:28,22684.5,2026-10-06,22200.0,PE,40676,1.65,16542435,92417845,1.65,1.7,65
2026-10-06 11:15:28,22684.5,2026-10-06,22200.0,CE,40675,479.9,387790,847340,479.65,481.25,65
2026-10-06 11:15:28,22684.5,2026-10-06,23300.0,PE,40752,620.6,743535,148005,620.4,622.75,65
2026-10-06 11:15:28,22684.5,2026-10-06,22800.0,CE,40715,11.8,24710985,306302165,11.85,11.95,65
2026-10-06 11:15:28,22684.5,2026-10-06,22750.0,PE,40714,95.35,5489120,54927080,95.05,95.35,65
2026-10-06 11:15:28,22684.5,2026-10-06,22750.0,CE,40712,23.0,17010630,276015805,23.05,23.15,65
2026-10-06 11:15:28,22684.5,2026-10-06,22300.0,CE,40679,381.8,801060,3101410,380.8,381.85,65
2026-10-06 11:15:28,22684.5,2026-10-06,23250.0,CE,40749,0.4,4115280,19962475,0.35,0.4,65
2026-10-06 11:15:28,22684.5,2026-10-06,22650.0,PE,40709,39.55,29508245,298713935,39.45,39.55,65
2026-10-06 11:20:26,22688.6,2026-10-06,22550.0,PE,40700,14.8,28625935,301566785,14.75,14.8,65
2026-10-06 11:20:26,22688.6,2026-10-06,23150.0,PE,40744,463.2,63895,51675,464.55,466.9,65
2026-10-06 11:20:26,22688.6,2026-10-06,23150.0,CE,40743,0.5,3485625,24802830,0.5,0.55,65
2026-10-06 11:20:26,22688.6,2026-10-06,23100.0,PE,40742,415.15,405535,268515,415.75,416.95,65
2026-10-06 11:20:26,22688.6,2026-10-06,23100.0,CE,40741,0.6,12380030,47470150,0.6,0.65,65
2026-10-06 11:20:26,22688.6,2026-10-06,22650.0,CE,40704,71.75,17079855,448115850,71.8,72.0,65
2026-10-06 11:20:26,22688.6,2026-10-06,22600.0,PE,40703,23.25,44566080,487188065,23.15,23.25,65
2026-10-06 11:20:26,22688.6,2026-10-06,23200.0,PE,40746,514.05,337675,155025,515.55,517.0,65
2026-10-06 11:20:26,22688.6,2026-10-06,23200.0,CE,40745,0.45,11323455,49490025,0.4,0.45,65
2026-10-06 11:20:26,22688.6,2026-10-06,22600.0,CE,40701,108.45,13411905,444276885,108.2,108.45,65
2026-10-06 11:20:26,22688.6,2026-10-06,22450.0,PE,40696,6.5,15323555,163283575,6.5,6.55,65
2026-10-06 11:20:26,22688.6,2026-10-06,23000.0,PE,40732,316.6,1087190,2564640,316.85,317.85,65
2026-10-06 11:20:26,22688.6,2026-10-06,22550.0,CE,40699,149.8,4761315,162130475,149.4,149.8,65
2026-10-06 11:20:26,22688.6,2026-10-06,22500.0,PE,40698,9.75,34591895,312729820,9.75,9.8,65
2026-10-06 11:20:26,22688.6,2026-10-06,23000.0,CE,40731,1.2,19055400,108068545,1.15,1.2,65
2026-10-06 11:20:26,22688.6,2026-10-06,22500.0,CE,40697,194.3,4276220,109358665,194.25,194.7,65
2026-10-06 11:20:26,22688.6,2026-10-06,23050.0,PE,40736,366.4,174785,201045,365.15,366.35,65
2026-10-06 11:20:26,22688.6,2026-10-06,23050.0,CE,40735,0.75,6762405,40311050,0.7,0.75,65
2026-10-06 11:20:26,22688.6,2026-10-06,22300.0,PE,40681,2.65,14418690,109465460,2.65,2.7,65
2026-10-06 11:20:26,22688.6,2026-10-06,22350.0,CE,40682,339.05,553605,2732860,338.4,339.35,65
2026-10-06 11:20:26,22688.6,2026-10-06,22900.0,PE,40722,219.05,1014650,5752695,218.5,219.1,65
2026-10-06 11:20:26,22688.6,2026-10-06,22450.0,CE,40689,242.0,1249235,31135650,241.35,241.95,65
2026-10-06 11:20:26,22688.6,2026-10-06,22400.0,PE,40688,4.7,22246315,182646555,4.65,4.7,65
2026-10-06 11:20:26,22688.6,2026-10-06,22900.0,CE,40721,3.0,17951050,165287785,2.95,3.0,65
2026-10-06 11:20:26,22688.6,2026-10-06,22400.0,CE,40687,290.0,1932970,20245225,289.35,290.0,65
2026-10-06 11:20:26,22688.6,2026-10-06,22850.0,PE,40720,172.3,823615,8270405,171.6,172.0,65
2026-10-06 11:20:26,22688.6,2026-10-06,22350.0,PE,40686,3.3,11667890,90840685,3.25,3.3,65
2026-10-06 11:20:26,22688.6,2026-10-06,22950.0,PE,40724,267.2,311675,1141335,266.4,267.3,65
2026-10-06 11:20:26,22688.6,2026-10-06,22950.0,CE,40723,1.65,7231835,125158475,1.65,1.7,65
2026-10-06 11:20:26,22688.6,2026-10-06,22850.0,CE,40717,6.15,12415910,139488180,6.15,6.2,65
2026-10-06 11:20:26,22688.6,2026-10-06,22800.0,PE,40716,128.45,4982250,42592160,128.15,128.5,65
2026-10-06 11:20:26,22688.6,2026-10-06,23300.0,CE,40751,0.4,7418320,31366985,0.35,0.4,65
2026-10-06 11:20:26,22688.6,2026-10-06,22150.0,PE,40674,1.6,8736910,48506510,1.55,1.6,65
2026-10-06 11:20:26,22688.6,2026-10-06,22150.0,CE,40673,537.65,106600,120965,535.95,537.6,65
2026-10-06 11:20:26,22688.6,2026-10-06,23250.0,PE,40750,562.9,186745,126555,564.6,566.4,65
2026-10-06 11:20:26,22688.6,2026-10-06,22100.0,PE,40672,1.45,14880840,82388735,1.4,1.45,65
2026-10-06 11:20:26,22688.6,2026-10-06,22100.0,CE,40671,583.95,134940,214175,586.0,587.9,65
2026-10-06 11:20:26,22688.6,2026-10-06,22250.0,PE,40678,2.15,7862400,67741960,2.1,2.15,65
2026-10-06 11:20:26,22688.6,2026-10-06,22700.0,PE,40711,59.25,18587465,208530270,59.1,59.25,65
2026-10-06 11:20:26,22688.6,2026-10-06,22250.0,CE,40677,438.6,326625,474435,436.95,438.3,65
2026-10-06 11:20:26,22688.6,2026-10-06,22700.0,CE,40710,44.3,28113085,497214705,44.3,44.4,65
2026-10-06 11:20:26,22688.6,2026-10-06,22200.0,PE,40676,1.8,16659825,93340585,1.75,1.8,65
2026-10-06 11:20:26,22688.6,2026-10-06,22200.0,CE,40675,488.1,387985,850850,486.15,488.0,65
2026-10-06 11:20:26,22688.6,2026-10-06,23300.0,PE,40752,613.0,742495,151905,613.95,616.2,65
2026-10-06 11:20:26,22688.6,2026-10-06,22800.0,CE,40715,12.7,24713975,314839330,12.6,12.7,65
2026-10-06 11:20:26,22688.6,2026-10-06,22750.0,PE,40714,90.0,5805995,57571410,90.15,90.3,65
2026-10-06 11:20:26,22688.6,2026-10-06,22750.0,CE,40712,24.7,17345315,284386375,24.65,24.7,65
2026-10-06 11:20:26,22688.6,2026-10-06,22300.0,CE,40679,387.65,795730,3134170,387.15,388.15,65
2026-10-06 11:20:26,22688.6,2026-10-06,23250.0,CE,40749,0.35,4100005,20015450,0.35,0.4,65
2026-10-06 11:20:26,22688.6,2026-10-06,22650.0,PE,40709,37.1,30234035,308642100,37.0,37.1,65
2026-10-06 11:25:21,22676.55,2026-10-06,22550.0,PE,40700,17.85,28739815,308273615,17.6,17.65,65
2026-10-06 11:25:21,22676.55,2026-10-06,23150.0,PE,40744,479.3,64155,52260,484.9,486.6,65
2026-10-06 11:25:21,22676.55,2026-10-06,23150.0,CE,40743,0.5,3435185,24945505,0.5,0.55,65
2026-10-06 11:25:21,22676.55,2026-10-06,23100.0,PE,40742,434.95,406120,274820,435.65,437.2,65
2026-10-06 11:25:21,22676.55,2026-10-06,23100.0,CE,40741,0.55,12212720,48046830,0.55,0.6,65
2026-10-06 11:25:21,22676.55,2026-10-06,22650.0,CE,40704,59.55,17283305,457049970,59.6,59.75,65
2026-10-06 11:25:21,22676.55,2026-10-06,22600.0,PE,40703,28.3,45006585,496581800,27.85,27.95,65
2026-10-06 11:25:21,22676.55,2026-10-06,23200.0,PE,40746,528.0,337025,158080,534.9,536.85,65
2026-10-06 11:25:21,22676.55,2026-10-06,23200.0,CE,40745,0.4,11200735,51331280,0.4,0.45,65
2026-10-06 11:25:21,22676.55,2026-10-06,22600.0,CE,40701,92.85,13230685,449932535,94.15,94.35,65
2026-10-06 11:25:21,22676.55,2026-10-06,22450.0,PE,40696,7.55,15195570,165889685,7.55,7.6,65
2026-10-06 11:25:21,22676.55,2026-10-06,23000.0,PE,40732,337.5,1102985,2641145,336.55,337.65,65
2026-10-06 11:25:21,22676.55,2026-10-06,22550.0,CE,40699,132.5,4645745,163631910,133.85,134.1,65
2026-10-06 11:25:21,22676.55,2026-10-06,22500.0,PE,40698,11.6,34424260,318256055,11.5,11.6,65
2026-10-06 11:25:21,22676.55,2026-10-06,23000.0,CE,40731,1.05,19024980,109304715,1.0,1.05,65
2026-10-06 11:25:21,22676.55,2026-10-06,22500.0,CE,40697,175.75,4223765,110341270,177.35,177.8,65
2026-10-06 11:25:21,22676.55,2026-10-06,23050.0,PE,40736,385.0,175825,204035,383.9,385.0,65
2026-10-06 11:25:21,22676.55,2026-10-06,23050.0,CE,40735,0.7,6772610,40520415,0.7,0.75,65
2026-10-06 11:25:21,22676.55,2026-10-06,22300.0,PE,40681,2.85,14370720,111083635,2.8,2.85,65
2026-10-06 11:25:21,22676.55,2026-10-06,22350.0,CE,40682,318.5,549380,2758665,320.0,320.75,65
2026-10-06 11:25:21,22676.55,2026-10-06,22900.0,PE,40722,238.75,1046565,6024915,236.5,237.0,65
2026-10-06 11:25:21,22676.55,2026-10-06,22450.0,CE,40689,222.0,1224080,31332600,221.6,222.15,65
2026-10-06 11:25:21,22676.55,2026-10-06,22400.0,PE,40688,5.25,22241830,185320135,5.2,5.25,65
2026-10-06 11:25:21,22676.55,2026-10-06,22900.0,CE,40721,2.35,18047770,170324115,2.4,2.45,65
2026-10-06 11:25:21,22676.55,2026-10-06,22400.0,CE,40687,269.55,1931670,20420985,269.55,269.9,65
2026-10-06 11:25:21,22676.55,2026-10-06,22850.0,PE,40720,190.7,811850,8582275,188.75,189.2,65
2026-10-06 11:25:21,22676.55,2026-10-06,22350.0,PE,40686,3.65,11643970,91983190,3.6,3.65,65
2026-10-06 11:25:21,22676.55,2026-10-06,22950.0,PE,40724,287.0,311090,1163305,285.05,285.85,65
2026-10-06 11:25:21,22676.55,2026-10-06,22950.0,CE,40723,1.4,7163780,126585615,1.4,1.45,65
2026-10-06 11:25:21,22676.55,2026-10-06,22850.0,CE,40717,4.65,12445615,142986675,4.75,4.8,65
2026-10-06 11:25:21,22676.55,2026-10-06,22800.0,PE,40716,145.7,4993170,44425030,145.55,145.85,65
2026-10-06 11:25:21,22676.55,2026-10-06,23300.0,CE,40751,0.3,7463300,31619510,0.3,0.35,65
2026-10-06 11:25:21,22676.55,2026-10-06,22150.0,PE,40674,1.65,9078355,49474685,1.6,1.65,65
2026-10-06 11:25:21,22676.55,2026-10-06,22150.0,CE,40673,518.6,106925,121420,516.35,518.3,65
2026-10-06 11:25:21,22676.55,2026-10-06,23250.0,PE,40750,581.9,186550,127075,583.15,585.05,65
2026-10-06 11:25:21,22676.55,2026-10-06,22100.0,PE,40672,1.5,14751490,83328570,1.45,1.5,65
2026-10-06 11:25:21,22676.55,2026-10-06,22100.0,CE,40671,570.45,134875,214955,565.7,567.4,65
2026-10-06 11:25:21,22676.55,2026-10-06,22250.0,PE,40678,2.3,7906470,68403075,2.25,2.3,65
2026-10-06 11:25:21,22676.55,2026-10-06,22700.0,PE,40711,70.7,19329115,217756435,69.8,70.0,65
2026-10-06 11:25:21,22676.55,2026-10-06,22250.0,CE,40677,422.05,326755,476710,417.05,418.5,65
2026-10-06 11:25:21,22676.55,2026-10-06,22700.0,CE,40710,35.35,27946880,510975010,36.25,36.3,65
2026-10-06 11:25:21,22676.55,2026-10-06,22200.0,PE,40676,1.9,16712150,94297125,1.85,1.9,65
2026-10-06 11:25:21,22676.55,2026-10-06,22200.0,CE,40675,467.0,385320,855920,467.65,469.3,65
2026-10-06 11:25:21,22676.55,2026-10-06,23300.0,PE,40752,631.45,741910,152880,632.9,636.2,65
2026-10-06 11:25:21,22676.55,2026-10-06,22800.0,CE,40715,9.6,25116975,324124385,9.6,9.65,65
2026-10-06 11:25:21,22676.55,2026-10-06,22750.0,PE,40714,104.75,5855460,60237580,104.5,104.6,65
2026-10-06 11:25:21,22676.55,2026-10-06,22750.0,CE,40712,19.0,17432350,293089940,19.0,19.05,65
2026-10-06 11:25:21,22676.55,2026-10-06,22300.0,CE,40679,368.0,784485,3159455,367.3,368.35,65
2026-10-06 11:25:21,22676.55,2026-10-06,23250.0,CE,40749,0.35,4112160,20053670,0.35,0.4,65
2026-10-06 11:25:21,22676.55,2026-10-06,22650.0,PE,40709,45.15,30923100,319276945,45.0,45.15,65
2026-10-06 11:30:52,22675.3,2026-10-06,22550.0,PE,40700,17.35,29201900,314279615,17.25,17.3,65
2026-10-06 11:30:52,22675.3,2026-10-06,23150.0,PE,40744,480.7,64220,52520,482.05,483.65,65
2026-10-06 11:30:52,22675.3,2026-10-06,23150.0,CE,40743,0.5,3340870,25046515,0.5,0.55,65
2026-10-06 11:30:52,22675.3,2026-10-06,23100.0,PE,40742,429.25,404105,278525,432.8,433.8,65
2026-10-06 11:30:52,22675.3,2026-10-06,23100.0,CE,40741,0.55,12259845,48308715,0.55,0.6,65
2026-10-06 11:30:52,22675.3,2026-10-06,22650.0,CE,40704,61.45,17319510,464614280,61.3,61.45,65
2026-10-06 11:30:52,22675.3,2026-10-06,22600.0,PE,40703,27.4,45748495,506183210,27.3,27.4,65
2026-10-06 11:30:52,22675.3,2026-10-06,23200.0,PE,40746,531.7,336505,160875,532.65,533.7,65
2026-10-06 11:30:52,22675.3,2026-10-06,23200.0,CE,40745,0.4,11176750,51640225,0.4,0.45,65
2026-10-06 11:30:52,22675.3,2026-10-06,22600.0,CE,40701,95.35,13018135,455109590,95.1,95.35,65
2026-10-06 11:30:52,22675.3,2026-10-06,22450.0,PE,40696,7.45,15249195,168471160,7.4,7.45,65
2026-10-06 11:30:52,22675.3,2026-10-06,23000.0,PE,40732,334.5,1115335,2683590,333.35,334.4,65
2026-10-06 11:30:52,22675.3,2026-10-06,22550.0,CE,40699,135.35,4712825,165105980,135.15,135.45,65
2026-10-06 11:30:52,22675.3,2026-10-06,22500.0,PE,40698,11.35,34916830,323791520,11.35,11.4,65
2026-10-06 11:30:52,22675.3,2026-10-06,23000.0,CE,40731,1.0,18831085,110672315,1.0,1.05,65
2026-10-06 11:30:52,22675.3,2026-10-06,22500.0,CE,40697,178.75,4243005,111464470,178.8,179.15,65
2026-10-06 11:30:52,22675.3,2026-10-06,23050.0,PE,40736,382.65,175175,206960,382.35,383.85,65
2026-10-06 11:30:52,22675.3,2026-10-06,23050.0,CE,40735,0.7,6784115,40669330,0.7,0.75,65
2026-10-06 11:30:52,22675.3,2026-10-06,22300.0,PE,40681,2.9,14447160,113086545,2.85,2.9,65
2026-10-06 11:30:52,22675.3,2026-10-06,22350.0,CE,40682,323.85,546260,2842320,321.05,322.0,65
2026-10-06 11:30:52,22675.3,2026-10-06,22900.0,PE,40722,235.55,1005745,6342700,234.7,235.25,65
2026-10-06 11:30:52,22675.3,2026-10-06,22450.0,CE,40689,225.0,1225315,31686850,224.65,225.2,65
2026-10-06 11:30:52,22675.3,2026-10-06,22400.0,PE,40688,5.2,22059635,187877495,5.15,5.2,65
2026-10-06 11:30:52,22675.3,2026-10-06,22900.0,CE,40721,2.35,18064215,175882265,2.3,2.35,65
2026-10-06 11:30:52,22675.3,2026-10-06,22400.0,CE,40687,273.2,1903915,20671625,272.6,273.3,65
2026-10-06 11:30:52,22675.3,2026-10-06,22850.0,PE,40720,187.6,849810,9055930,187.15,187.65,65
2026-10-06 11:30:52,22675.3,2026-10-06,22350.0,PE,40686,3.6,11746865,93314195,3.65,3.7,65
2026-10-06 11:30:52,22675.3,2026-10-06,22950.0,PE,40724,284.5,312260,1285375,283.25,284.05,65
2026-10-06 11:30:52,22675.3,2026-10-06,22950.0,CE,40723,1.35,7145450,129004590,1.35,1.4,65
2026-10-06 11:30:52,22675.3,2026-10-06,22850.0,CE,40717,4.7,12512890,146135600,4.65,4.7,65
2026-10-06 11:30:52,22675.3,2026-10-06,22800.0,PE,40716,143.0,5009875,45879210,142.6,142.9,65
2026-10-06 11:30:52,22675.3,2026-10-06,23300.0,CE,40751,0.35,7581535,31895565,0.3,0.35,65
2026-10-06 11:30:52,22675.3,2026-10-06,22150.0,PE,40674,1.7,9148750,50226670,1.65,1.7,65
2026-10-06 11:30:52,22675.3,2026-10-06,22150.0,CE,40673,521.1,106860,122005,518.8,520.7,65
2026-10-06 11:30:52,22675.3,2026-10-06,23250.0,PE,40750,582.3,181480,139945,581.8,583.9,65
2026-10-06 11:30:52,22675.3,2026-10-06,22100.0,PE,40672,1.5,14784900,84037980,1.5,1.55,65
2026-10-06 11:30:52,22675.3,2026-10-06,22100.0,CE,40671,571.0,134420,215800,568.45,570.3,65
2026-10-06 11:30:52,22675.3,2026-10-06,22250.0,PE,40678,2.35,7966465,69098380,2.3,2.35,65
2026-10-06 11:30:52,22675.3,2026-10-06,22700.0,PE,40711,68.45,19945445,226366725,68.7,68.9,65
2026-10-06 11:30:52,22675.3,2026-10-06,22250.0,CE,40677,421.0,326365,481325,419.85,421.2,65
2026-10-06 11:30:52,22675.3,2026-10-06,22700.0,CE,40710,36.6,28786550,524051580,36.3,36.45,65
2026-10-06 11:30:52,22675.3,2026-10-06,22200.0,PE,40676,1.95,16783130,95369690,1.9,1.95,65
2026-10-06 11:30:52,22675.3,2026-10-06,22200.0,CE,40675,471.05,385125,859170,469.35,471.0,65
2026-10-06 11:30:52,22675.3,2026-10-06,23300.0,PE,40752,630.95,740675,156780,631.15,633.6,65
2026-10-06 11:30:52,22675.3,2026-10-06,22800.0,CE,40715,9.75,25324260,331318325,9.65,9.75,65
2026-10-06 11:30:52,22675.3,2026-10-06,22750.0,PE,40714,101.95,6075485,62644270,102.25,102.5,65
2026-10-06 11:30:52,22675.3,2026-10-06,22750.0,CE,40712,19.5,17839770,300707940,19.45,19.55,65
2026-10-06 11:30:52,22675.3,2026-10-06,22300.0,CE,40679,371.6,779740,3175120,370.5,371.65,65
2026-10-06 11:30:52,22675.3,2026-10-06,23250.0,CE,40749,0.4,4126655,20100275,0.35,0.4,65
2026-10-06 11:30:52,22675.3,2026-10-06,22650.0,PE,40709,43.45,31644145,329845750,43.45,43.6,65
2026-10-06 11:36:07,22669.8,2026-10-06,22550.0,PE,40700,16.85,29451760,322291970,16.75,16.8,65
2026-10-06 11:36:07,22669.8,2026-10-06,23150.0,PE,40744,485.6,64610,53105,483.9,486.55,65
2026-10-06 11:36:07,22669.8,2026-10-06,23150.0,CE,40743,0.55,3303560,25132445,0.5,0.55,65
2026-10-06 11:36:07,22669.8,2026-10-06,23100.0,PE,40742,434.75,402025,286130,434.15,436.0,65
2026-10-06 11:36:07,22669.8,2026-10-06,23100.0,CE,40741,0.55,12335375,48967685,0.55,0.6,65
2026-10-06 11:36:07,22669.8,2026-10-06,22650.0,CE,40704,59.0,17490525,474354725,58.95,59.05,65
2026-10-06 11:36:07,22669.8,2026-10-06,22600.0,PE,40703,26.8,46121725,518899355,27.0,27.1,65
2026-10-06 11:36:07,22669.8,2026-10-06,23200.0,PE,40746,535.05,332345,181480,534.05,535.75,65
2026-10-06 11:36:07,22669.8,2026-10-06,22050.0,CE,40669,620.0,54925,18720,616.8,619.95,65
2026-10-06 11:36:07,22669.8,2026-10-06,23200.0,CE,40745,0.45,11126180,51943320,0.4,0.45,65
2026-10-06 11:36:07,22669.8,2026-10-06,22600.0,CE,40701,92.5,13113360,461178575,92.0,92.2,65
2026-10-06 11:36:07,22669.8,2026-10-06,22450.0,PE,40696,7.1,15301455,171848495,7.15,7.2,65
2026-10-06 11:36:07,22669.8,2026-10-06,23000.0,PE,40732,335.85,1102010,2762305,335.1,336.2,65
2026-10-06 11:36:07,22669.8,2026-10-06,22550.0,CE,40699,132.6,4734990,166903100,132.55,132.75,65
2026-10-06 11:36:07,22669.8,2026-10-06,22500.0,PE,40698,11.0,34404500,331999720,10.9,10.95,65
2026-10-06 11:36:07,22669.8,2026-10-06,23000.0,CE,40731,1.0,18637060,111926425,1.0,1.05,65
2026-10-06 11:36:07,22669.8,2026-10-06,22500.0,CE,40697,176.35,4140305,112837010,176.25,176.65,65
2026-10-06 11:36:07,22669.8,2026-10-06,23050.0,PE,40736,386.25,174330,210990,385.4,386.75,65
2026-10-06 11:36:07,22669.8,2026-10-06,23050.0,CE,40735,0.65,6722820,41078375,0.65,0.7,65
2026-10-06 11:36:07,22669.8,2026-10-06,22300.0,PE,40681,2.8,14463800,115260210,2.8,2.85,65
2026-10-06 11:36:07,22669.8,2026-10-06,22350.0,CE,40682,319.65,551460,2861430,319.0,319.95,65
2026-10-06 11:36:07,22669.8,2026-10-06,22900.0,PE,40722,236.75,1008995,6650670,236.4,237.0,65
2026-10-06 11:36:07,22669.8,2026-10-06,22450.0,CE,40689,222.7,1224275,31948605,222.05,222.5,65
2026-10-06 11:36:07,22669.8,2026-10-06,22400.0,PE,40688,4.95,21903830,190872435,4.95,5.0,65
2026-10-06 11:36:07,22669.8,2026-10-06,22900.0,CE,40721,2.2,18066490,181342135,2.2,2.25,65
2026-10-06 11:36:07,22669.8,2026-10-06,22400.0,CE,40687,270.7,1873950,20908420,270.8,271.6,65
2026-10-06 11:36:07,22669.8,2026-10-06,22850.0,PE,40720,188.7,866385,9508915,188.95,189.3,65
2026-10-06 11:36:07,22669.8,2026-10-06,22350.0,PE,40686,3.55,11945895,94828955,3.55,3.6,65
2026-10-06 11:36:07,22669.8,2026-10-06,22950.0,PE,40724,285.55,311870,1369355,284.95,285.75,65
2026-10-06 11:36:07,22669.8,2026-10-06,22950.0,CE,40723,1.35,7148375,131009580,1.3,1.35,65
2026-10-06 11:36:07,22669.8,2026-10-06,22850.0,CE,40717,4.3,12436645,150469085,4.35,4.4,65
2026-10-06 11:36:07,22669.8,2026-10-06,22800.0,PE,40716,144.0,5097625,47932625,144.25,144.6,65
2026-10-06 11:36:07,22669.8,2026-10-06,22050.0,PE,40670,1.4,9003995,49108020,1.4,1.45,65
2026-10-06 11:36:07,22669.8,2026-10-06,22150.0,PE,40674,1.7,9235070,50931400,1.7,1.75,65
2026-10-06 11:36:07,22669.8,2026-10-06,22150.0,CE,40673,525.25,107055,122785,516.95,519.1,65
2026-10-06 11:36:07,22669.8,2026-10-06,23250.0,PE,40750,578.8,181220,140140,583.7,586.4,65
2026-10-06 11:36:07,22669.8,2026-10-06,22100.0,PE,40672,1.55,14786135,84813040,1.55,1.6,65
2026-10-06 11:36:07,22669.8,2026-10-06,22100.0,CE,40671,566.65,134550,216580,566.35,568.05,65
2026-10-06 11:36:07,22669.8,2026-10-06,22250.0,PE,40678,2.25,7960290,70161910,2.25,2.3,65
2026-10-06 11:36:07,22669.8,2026-10-06,22700.0,PE,40711,68.75,19949475,237792295,68.7,68.9,65
2026-10-06 11:36:07,22669.8,2026-10-06,22250.0,CE,40677,417.7,326365,483730,417.9,419.15,65
2026-10-06 11:36:07,22669.8,2026-10-06,22700.0,CE,40710,34.5,29049020,540151105,34.35,34.45,65
2026-10-06 11:36:07,22669.8,2026-10-06,22200.0,PE,40676,1.9,16808220,96783830,1.85,1.9,65
2026-10-06 11:36:07,22669.8,2026-10-06,22200.0,CE,40675,466.6,383630,863200,467.3,468.9,65
2026-10-06 11:36:07,22669.8,2026-10-06,22800.0,CE,40715,8.95,24896105,341597425,8.85,8.9,65
2026-10-06 11:36:07,22669.8,2026-10-06,22750.0,PE,40714,103.1,6172075,66016990,103.15,103.4,65
2026-10-06 11:36:07,22669.8,2026-10-06,22750.0,CE,40712,18.15,17982120,310929970,18.05,18.1,65
2026-10-06 11:36:07,22669.8,2026-10-06,22300.0,CE,40679,368.4,780650,3192280,368.8,369.8,65
2026-10-06 11:36:07,22669.8,2026-10-06,23250.0,CE,40749,0.4,4109755,20187960,0.35,0.4,65
2026-10-06 11:36:07,22669.8,2026-10-06,22650.0,PE,40709,43.2,31630040,342959565,43.1,43.25,65
2026-10-06 11:40:41,22681.35,2026-10-06,22550.0,PE,40700,14.65,29639870,329278170,14.6,14.65,65
2026-10-06 11:40:41,22681.35,2026-10-06,23150.0,PE,40744,475.25,64610,53560,473.8,475.45,65
2026-10-06 11:40:41,22681.35,2026-10-06,23150.0,CE,40743,0.5,3315585,25256270,0.45,0.5,65
2026-10-06 11:40:41,22681.35,2026-10-06,23100.0,PE,40742,423.0,400725,290745,424.15,425.6,65
2026-10-06 11:40:41,22681.35,2026-10-06,23100.0,CE,40741,0.55,12091105,49625355,0.5,0.55,65
2026-10-06 11:40:41,22681.35,2026-10-06,22650.0,CE,40704,64.85,17770610,481651430,64.65,64.8,65
2026-10-06 11:40:41,22681.35,2026-10-06,22600.0,PE,40703,23.9,46483385,528462415,23.85,23.9,65
2026-10-06 11:40:41,22681.35,2026-10-06,23200.0,PE,40746,523.0,331955,185640,524.0,525.45,65
2026-10-06 11:40:41,22681.35,2026-10-06,23200.0,CE,40745,0.4,11117925,52651430,0.35,0.4,65
2026-10-06 11:40:41,22681.35,2026-10-06,22600.0,CE,40701,99.85,13156195,465696985,99.6,99.85,65
2026-10-06 11:40:41,22681.35,2026-10-06,22450.0,PE,40696,6.0,15194205,175033950,6.0,6.05,65
2026-10-06 11:40:41,22681.35,2026-10-06,23000.0,PE,40732,325.15,1117480,2811835,325.25,325.75,65
2026-10-06 11:40:41,22681.35,2026-10-06,22550.0,CE,40699,140.3,4729075,168230530,140.15,140.5,65
2026-10-06 11:40:41,22681.35,2026-10-06,22500.0,PE,40698,9.4,34334365,338668265,9.35,9.4,65
2026-10-06 11:40:41,22681.35,2026-10-06,23000.0,CE,40731,0.95,18588570,113845355,0.9,0.95,65
2026-10-06 11:40:41,22681.35,2026-10-06,22500.0,CE,40697,185.15,4128540,113757020,184.95,185.35,65
2026-10-06 11:40:41,22681.35,2026-10-06,23050.0,PE,40736,373.35,173875,212875,374.3,375.6,65
2026-10-06 11:40:41,22681.35,2026-10-06,23050.0,CE,40735,0.6,6692595,41465320,0.6,0.65,65
2026-10-06 11:40:41,22681.35,2026-10-06,22300.0,PE,40681,2.35,14468285,117549705,2.35,2.4,65
2026-10-06 11:40:41,22681.35,2026-10-06,22350.0,CE,40682,329.9,554775,2882425,328.55,329.5,65
2026-10-06 11:40:41,22681.35,2026-10-06,22900.0,PE,40722,227.4,997880,6823375,226.7,227.25,65
2026-10-06 11:40:41,22681.35,2026-10-06,22450.0,CE,40689,231.9,1244360,32165250,231.9,232.0,65
2026-10-06 11:40:41,22681.35,2026-10-06,22400.0,PE,40688,4.15,21806265,194237745,4.15,4.2,65
2026-10-06 11:40:41,22681.35,2026-10-06,22900.0,CE,40721,2.45,17974645,185634215,2.4,2.45,65
2026-10-06 11:40:41,22681.35,2026-10-06,22400.0,CE,40687,279.85,1863290,21081515,279.7,280.45,65
2026-10-06 11:40:41,22681.35,2026-10-06,22850.0,PE,40720,179.55,851370,9731280,179.55,180.0,65
2026-10-06 11:40:41,22681.35,2026-10-06,22350.0,PE,40686,3.0,12007255,96502510,2.95,3.0,65
2026-10-06 11:40:41,22681.35,2026-10-06,22950.0,PE,40724,275.45,307905,1392885,275.2,276.15,65
2026-10-06 11:40:41,22681.35,2026-10-06,22950.0,CE,40723,1.4,7132190,133762525,1.35,1.4,65
2026-10-06 11:40:41,22681.35,2026-10-06,22850.0,CE,40717,5.0,12687155,154019060,4.95,5.0,65
2026-10-06 11:40:41,22681.35,2026-10-06,22800.0,PE,40716,135.35,5012410,49329410,135.05,135.35,65
2026-10-06 11:40:41,22681.35,2026-10-06,23300.0,CE,40751,0.3,7488065,32255535,0.3,0.35,65
2026-10-06 11:40:41,22681.35,2026-10-06,22150.0,PE,40674,1.6,9337445,51395500,1.55,1.6,65
2026-10-06 11:40:41,22681.35,2026-10-06,22150.0,CE,40673,528.5,107055,123045,527.2,528.7,65
2026-10-06 11:40:41,22681.35,2026-10-06,23250.0,PE,40750,574.25,180505,141635,573.7,575.75,65
2026-10-06 11:40:41,22681.35,2026-10-06,22100.0,PE,40672,1.4,14997775,85423520,1.4,1.45,65
2026-10-06 11:40:41,22681.35,2026-10-06,22100.0,CE,40671,580.4,134420,216840,576.85,578.6,65
2026-10-06 11:40:41,22681.35,2026-10-06,22250.0,PE,40678,1.95,8100885,70787730,1.9,1.95,65
2026-10-06 11:40:41,22681.35,2026-10-06,22700.0,PE,40711,62.7,20129135,245681540,62.55,62.7,65
2026-10-06 11:40:41,22681.35,2026-10-06,22250.0,CE,40677,427.5,326235,485940,427.25,428.9,65
2026-10-06 11:40:41,22681.35,2026-10-06,22700.0,CE,40710,38.85,29697915,552465355,38.85,38.95,65
2026-10-06 11:40:41,22681.35,2026-10-06,22200.0,PE,40676,1.7,16567005,98461675,1.7,1.75,65
2026-10-06 11:40:41,22681.35,2026-10-06,22200.0,CE,40675,478.9,384020,864955,477.15,478.8,65
2026-10-06 11:40:41,22681.35,2026-10-06,23300.0,PE,40752,622.7,739960,160485,623.0,625.5,65
2026-10-06 11:40:41,22681.35,2026-10-06,22800.0,CE,40715,10.45,25582505,349230375,10.4,10.5,65
2026-10-06 11:40:41,22681.35,2026-10-06,22750.0,PE,40714,95.8,6170385,68133260,95.5,95.75,65
2026-10-06 11:40:41,22681.35,2026-10-06,22750.0,CE,40712,21.0,18135000,318849895,20.95,21.0,65
2026-10-06 11:40:41,22681.35,2026-10-06,22300.0,CE,40679,378.55,784160,3212950,378.05,379.2,65
2026-10-06 11:40:41,22681.35,2026-10-06,23250.0,CE,40749,0.4,4070105,20255495,0.35,0.4,65
2026-10-06 11:40:41,22681.35,2026-10-06,22650.0,PE,40709,38.8,31947760,352903525,38.95,39.0,65
2026-10-06 11:45:19,22692.85,2026-10-06,22550.0,PE,40700,11.1,29231345,341476200,10.95,11.0,65
2026-10-06 11:45:19,22692.85,2026-10-06,23150.0,PE,40744,455.0,65455,55640,450.05,452.0,65
2026-10-06 11:45:19,22692.85,2026-10-06,23150.0,CE,40743,0.5,3359330,25526215,0.45,0.5,65
2026-10-06 11:45:19,22692.85,2026-10-06,23100.0,PE,40742,401.5,400465,302640,403.9,405.25,65
2026-10-06 11:45:19,22692.85,2026-10-06,23100.0,CE,40741,0.5,12071215,49942685,0.5,0.55,65
2026-10-06 11:45:19,22692.85,2026-10-06,22650.0,CE,40704,78.25,17414605,494481715,79.4,79.6,65
2026-10-06 11:45:19,22692.85,2026-10-06,22600.0,PE,40703,17.95,46247825,546885625,17.9,17.95,65
2026-10-06 11:45:19,22692.85,2026-10-06,23200.0,PE,40746,502.0,332995,191945,503.2,504.55,65
2026-10-06 11:45:19,22692.85,2026-10-06,23200.0,CE,40745,0.35,11137815,53083680,0.35,0.4,65
2026-10-06 11:45:19,22692.85,2026-10-06,22600.0,CE,40701,117.35,12636065,474855615,117.0,117.3,65
2026-10-06 11:45:19,22692.85,2026-10-06,22450.0,PE,40696,4.75,14683110,181144600,4.7,4.75,65
2026-10-06 11:45:19,22692.85,2026-10-06,23000.0,PE,40732,303.05,1135095,2942875,301.25,301.8,65
2026-10-06 11:45:19,22692.85,2026-10-06,22550.0,CE,40699,160.8,4540640,170831440,160.55,160.9,65
2026-10-06 11:45:19,22692.85,2026-10-06,22500.0,PE,40698,7.15,33899775,351387335,7.15,7.2,65
2026-10-06 11:45:19,22692.85,2026-10-06,23000.0,CE,40731,1.0,18575245,116508860,1.0,1.05,65
2026-10-06 11:45:19,22692.85,2026-10-06,22500.0,CE,40697,207.05,4024865,115471460,206.45,206.95,65
2026-10-06 11:45:19,22692.85,2026-10-06,23050.0,PE,40736,351.95,172640,222495,351.1,352.25,65
2026-10-06 11:45:19,22692.85,2026-10-06,23050.0,CE,40735,0.65,6650735,42444610,0.6,0.65,65
2026-10-06 11:45:19,22692.85,2026-10-06,22300.0,PE,40681,2.2,14193985,121037995,2.15,2.2,65
2026-10-06 11:45:19,22692.85,2026-10-06,22350.0,CE,40682,353.25,548795,2928575,352.95,354.0,65
2026-10-06 11:45:19,22692.85,2026-10-06,22900.0,PE,40722,204.95,1040130,7152275,203.25,203.8,65
2026-10-06 11:45:19,22692.85,2026-10-06,22450.0,CE,40689,253.2,1212900,32547905,253.8,254.45,65
2026-10-06 11:45:19,22692.85,2026-10-06,22400.0,PE,40688,3.5,20684430,201076655,3.45,3.5,65
2026-10-06 11:45:19,22692.85,2026-10-06,22900.0,CE,40721,2.9,18117060,191868105,3.0,3.05,65
2026-10-06 11:45:19,22692.85,2026-10-06,22400.0,CE,40687,303.5,1852175,21362510,302.95,303.95,65
2026-10-06 11:45:19,22692.85,2026-10-06,22850.0,PE,40720,156.75,894205,10260835,157.2,157.6,65
2026-10-06 11:45:19,22692.85,2026-10-06,22350.0,PE,40686,2.6,11725805,99971300,2.6,2.65,65
2026-10-06 11:45:19,22692.85,2026-10-06,22950.0,PE,40724,251.8,310440,1429090,251.15,252.0,65
2026-10-06 11:45:19,22692.85,2026-10-06,22950.0,CE,40723,1.6,7001150,138003840,1.5,1.55,65
2026-10-06 11:45:19,22692.85,2026-10-06,22850.0,CE,40717,6.5,12659725,159229135,6.5,6.55,65
2026-10-06 11:45:19,22692.85,2026-10-06,22800.0,PE,40716,115.3,5095220,52130715,114.75,115.05,65
2026-10-06 11:45:19,22692.85,2026-10-06,23300.0,CE,40751,0.3,7469800,34169720,0.3,0.35,65
2026-10-06 11:45:19,22692.85,2026-10-06,22150.0,PE,40674,1.35,9448010,52059345,1.35,1.4,65
2026-10-06 11:45:19,22692.85,2026-10-06,22150.0,CE,40673,550.0,107185,124215,548.05,549.85,65
2026-10-06 11:45:19,22692.85,2026-10-06,23250.0,PE,40750,560.55,178945,142415,550.0,551.3,65
2026-10-06 11:45:19,22692.85,2026-10-06,22100.0,PE,40672,1.3,14994200,86599760,1.25,1.3,65
2026-10-06 11:45:19,22692.85,2026-10-06,22100.0,CE,40671,600.0,134225,219830,600.9,603.05,65
2026-10-06 11:45:19,22692.85,2026-10-06,22250.0,PE,40678,1.8,7971405,71770010,1.75,1.8,65
2026-10-06 11:45:19,22692.85,2026-10-06,22700.0,PE,40711,49.6,21174790,259474150,48.9,49.0,65
2026-10-06 11:45:19,22692.85,2026-10-06,22250.0,CE,40677,451.65,326950,492375,451.4,453.05,65
2026-10-06 11:45:19,22692.85,2026-10-06,22700.0,CE,40710,48.6,29263780,574752295,49.45,49.5,65
2026-10-06 11:45:19,22692.85,2026-10-06,22200.0,PE,40676,1.55,16689140,100084465,1.55,1.6,65
2026-10-06 11:45:19,22692.85,2026-10-06,22200.0,CE,40675,503.25,382200,872820,501.25,503.05,65
2026-10-06 11:45:19,22692.85,2026-10-06,23300.0,PE,40752,601.05,736970,165295,600.0,602.15,65
2026-10-06 11:45:19,22692.85,2026-10-06,22800.0,CE,40715,13.7,26015145,362032515,13.85,13.9,65
2026-10-06 11:45:19,22692.85,2026-10-06,22750.0,PE,40714,77.95,6309355,72556510,77.75,77.95,65
2026-10-06 11:45:19,22692.85,2026-10-06,22750.0,CE,40712,27.45,18157490,332310615,27.45,27.55,65
2026-10-06 11:45:19,22692.85,2026-10-06,22300.0,CE,40679,401.6,777790,3267290,402.25,403.5,65
2026-10-06 11:45:19,22692.85,2026-10-06,23250.0,CE,40749,0.35,3966235,20605130,0.35,0.4,65
2026-10-06 11:45:19,22692.85,2026-10-06,22650.0,PE,40709,29.95,32545890,369438095,29.35,29.45,65
2026-10-06 11:50:18,22692.6,2026-10-06,22550.0,PE,40700,12.05,28354365,353384590,12.0,12.05,65
2026-10-06 11:50:18,22692.6,2026-10-06,23150.0,PE,40744,456.85,68120,60515,458.4,460.9,65
2026-10-06 11:50:18,22692.6,2026-10-06,23150.0,CE,40743,0.5,3304990,25774905,0.45,0.5,65
2026-10-06 11:50:18,22692.6,2026-10-06,23100.0,PE,40742,408.8,403975,322530,409.65,411.3,65
2026-10-06 11:50:18,22692.6,2026-10-06,23100.0,CE,40741,0.55,12160655,50697465,0.5,0.55,65
2026-10-06 11:50:18,22692.6,2026-10-06,22650.0,CE,40704,72.35,15712905,509903680,72.25,72.45,65
2026-10-06 11:50:18,22692.6,2026-10-06,22600.0,PE,40703,19.25,47038160,563130815,19.1,19.2,65
2026-10-06 11:50:18,22692.6,2026-10-06,23200.0,PE,40746,511.25,333645,203255,509.25,510.55,65
2026-10-06 11:50:18,22692.6,2026-10-06,23200.0,CE,40745,0.4,11169990,53743040,0.35,0.4,65
2026-10-06 11:50:18,22692.6,2026-10-06,22600.0,CE,40701,109.8,11542375,484383380,109.85,110.0,65
2026-10-06 11:50:18,22692.6,2026-10-06,22450.0,PE,40696,5.35,14780415,188569680,5.3,5.35,65
2026-10-06 11:50:18,22692.6,2026-10-06,23000.0,PE,40732,310.35,1180920,3094390,310.55,311.0,65
2026-10-06 11:50:18,22692.6,2026-10-06,22550.0,CE,40699,152.65,3970200,173735185,152.6,152.8,65
2026-10-06 11:50:18,22692.6,2026-10-06,22500.0,PE,40698,7.95,33295665,362275225,7.9,7.95,65
2026-10-06 11:50:18,22692.6,2026-10-06,23000.0,CE,40731,1.05,18760755,119533440,1.05,1.1,65
2026-10-06 11:50:18,22692.6,2026-10-06,22500.0,CE,40697,198.25,3912870,117579605,198.3,198.8,65
2026-10-06 11:50:18,22692.6,2026-10-06,23050.0,PE,40736,361.05,178815,240630,359.2,360.55,65
2026-10-06 11:50:18,22692.6,2026-10-06,23050.0,CE,40735,0.6,6603025,43029090,0.6,0.65,65
2026-10-06 11:50:18,22692.6,2026-10-06,22300.0,PE,40681,2.5,14348750,125369075,2.45,2.5,65
2026-10-06 11:50:18,22692.6,2026-10-06,22350.0,CE,40682,343.9,536510,2974465,343.65,344.55,65
2026-10-06 11:50:18,22692.6,2026-10-06,22900.0,PE,40722,212.4,1138930,7615855,212.4,212.95,65
2026-10-06 11:50:18,22692.6,2026-10-06,22450.0,CE,40689,245.85,1153295,32901375,245.8,245.95,65
2026-10-06 11:50:18,22692.6,2026-10-06,22400.0,PE,40688,3.9,20512830,209876615,3.9,3.95,65
2026-10-06 11:50:18,22692.6,2026-10-06,22900.0,CE,40721,2.75,17995640,200276830,2.7,2.75,65
2026-10-06 11:50:18,22692.6,2026-10-06,22400.0,CE,40687,295.15,1803490,21691150,294.65,295.35,65
2026-10-06 11:50:18,22692.6,2026-10-06,22850.0,PE,40720,165.05,980395,10848045,165.05,165.5,65
2026-10-06 11:50:18,22692.6,2026-10-06,22350.0,PE,40686,3.0,10854870,104549835,3.0,3.05,65
2026-10-06 11:50:18,22692.6,2026-10-06,22950.0,PE,40724,260.4,322335,1490710,260.4,261.1,65
2026-10-06 11:50:18,22692.6,2026-10-06,22950.0,CE,40723,1.45,7197255,144685255,1.45,1.5,65
2026-10-06 11:50:18,22692.6,2026-10-06,22850.0,CE,40717,5.45,13212615,168076675,5.45,5.5,65
2026-10-06 11:50:18,22692.6,2026-10-06,22800.0,PE,40716,121.7,5622760,55015090,121.4,121.75,65
2026-10-06 11:50:18,22692.6,2026-10-06,23300.0,CE,40751,0.35,7461870,34412170,0.3,0.35,65
2026-10-06 11:50:18,22692.6,2026-10-06,22150.0,PE,40674,1.65,9172280,55035110,1.6,1.65,65
2026-10-06 11:50:18,22692.6,2026-10-06,22150.0,CE,40673,552.65,106665,128245,542.05,543.85,65
2026-10-06 11:50:18,22692.6,2026-10-06,23250.0,PE,40750,560.6,179725,144885,558.3,560.15,65
2026-10-06 11:50:18,22692.6,2026-10-06,22100.0,PE,40672,1.45,14534325,88912590,1.45,1.5,65
2026-10-06 11:50:18,22692.6,2026-10-06,22100.0,CE,40671,596.95,133705,222300,591.9,593.7,65
2026-10-06 11:50:18,22692.6,2026-10-06,22250.0,PE,40678,2.05,8035430,74999340,2.0,2.05,65
2026-10-06 11:50:18,22692.6,2026-10-06,22700.0,PE,40711,52.75,24507470,275244385,52.65,52.8,65
2026-10-06 11:50:18,22692.6,2026-10-06,22250.0,CE,40677,444.0,328770,506220,442.5,444.0,65
2026-10-06 11:50:18,22692.6,2026-10-06,22700.0,CE,40710,43.5,28119195,603645510,43.5,43.65,65
2026-10-06 11:50:18,22692.6,2026-10-06,22200.0,PE,40676,1.8,16857295,103067055,1.75,1.8,65
2026-10-06 11:50:18,22692.6,2026-10-06,22200.0,CE,40675,498.75,382460,887315,492.1,493.75,65
2026-10-06 11:50:18,22692.6,2026-10-06,23300.0,PE,40752,610.0,735085,171990,608.0,610.1,65
2026-10-06 11:50:18,22692.6,2026-10-06,22800.0,CE,40715,11.85,26722475,381549610,11.7,11.8,65
2026-10-06 11:50:18,22692.6,2026-10-06,22750.0,PE,40714,83.25,7106190,77308140,83.1,83.3,65
2026-10-06 11:50:18,22692.6,2026-10-06,22750.0,CE,40712,23.6,18075265,350337260,23.6,23.7,65
2026-10-06 11:50:18,22692.6,2026-10-06,22300.0,CE,40679,393.0,758745,3314610,393.0,394.1,65
2026-10-06 11:50:18,22692.6,2026-10-06,23250.0,CE,40749,0.35,3970525,21103485,0.35,0.4,65
2026-10-06 11:50:18,22692.6,2026-10-06,22650.0,PE,40709,31.7,33941310,385011705,31.65,31.8,65
2026-10-06 11:55:54,22680.5,2026-10-06,22550.0,PE,40700,13.15,28721485,364338715,13.05,13.15,65
2026-10-06 11:55:54,22680.5,2026-10-06,23150.0,PE,40744,470.2,67665,63570,469.4,471.65,65
2026-10-06 11:55:54,22680.5,2026-10-06,23150.0,CE,40743,0.55,3259360,26309725,0.5,0.55,65
2026-10-06 11:55:54,22680.5,2026-10-06,23100.0,PE,40742,420.5,399880,336375,419.8,421.2,65
2026-10-06 11:55:54,22680.5,2026-10-06,23100.0,CE,40741,0.5,12075245,51281620,0.5,0.55,65
2026-10-06 11:55:54,22680.5,2026-10-06,22650.0,CE,40704,65.1,15900235,523443245,64.95,65.1,65
2026-10-06 11:55:54,22680.5,2026-10-06,22600.0,PE,40703,21.2,47722480,582421905,21.15,21.25,65
2026-10-06 11:55:54,22680.5,2026-10-06,23200.0,PE,40746,521.0,332345,208260,519.7,521.3,65
2026-10-06 11:55:54,22680.5,2026-10-06,23200.0,CE,40745,0.45,10893675,55216980,0.4,0.45,65
2026-10-06 11:55:54,22680.5,2026-10-06,22600.0,CE,40701,101.6,11401000,492641760,101.25,101.55,65
2026-10-06 11:55:54,22680.5,2026-10-06,22450.0,PE,40696,5.75,14838525,193096865,5.7,5.75,65
2026-10-06 11:55:54,22680.5,2026-10-06,23000.0,PE,40732,321.85,1135550,3249285,321.0,321.8,65
2026-10-06 11:55:54,22680.5,2026-10-06,22550.0,CE,40699,143.55,3972995,176238140,143.35,143.6,65
2026-10-06 11:55:54,22680.5,2026-10-06,22500.0,PE,40698,8.65,33256795,372786895,8.6,8.65,65
2026-10-06 11:55:54,22680.5,2026-10-06,23000.0,CE,40731,1.0,18753800,121524845,0.95,1.0,65
2026-10-06 11:55:54,22680.5,2026-10-06,22500.0,CE,40697,188.75,4060420,119774005,188.7,189.1,65
2026-10-06 11:55:54,22680.5,2026-10-06,23050.0,PE,40736,373.0,177840,248625,370.0,370.95,65
2026-10-06 11:55:54,22680.5,2026-10-06,23050.0,CE,40735,0.6,6524050,44082935,0.6,0.65,65
2026-10-06 11:55:54,22680.5,2026-10-06,22300.0,PE,40681,2.55,14385280,128546145,2.5,2.55,65
2026-10-06 11:55:54,22680.5,2026-10-06,22350.0,CE,40682,332.1,531570,3051620,333.4,334.35,65
2026-10-06 11:55:54,22680.5,2026-10-06,22900.0,PE,40722,222.8,1067105,8119995,222.2,222.75,65
2026-10-06 11:55:54,22680.5,2026-10-06,22450.0,CE,40689,236.5,1176110,33316725,235.75,236.35,65
2026-10-06 11:55:54,22680.5,2026-10-06,22400.0,PE,40688,4.2,20956195,214701110,4.15,4.2,65
2026-10-06 11:55:54,22680.5,2026-10-06,22900.0,CE,40721,2.25,17949295,207434240,2.25,2.3,65
2026-10-06 11:55:54,22680.5,2026-10-06,22400.0,CE,40687,285.1,1817205,21978515,284.35,285.05,65
2026-10-06 11:55:54,22680.5,2026-10-06,22850.0,PE,40720,174.95,907205,11520340,174.4,174.9,65
2026-10-06 11:55:54,22680.5,2026-10-06,22350.0,PE,40686,3.15,10972715,107025945,3.1,3.15,65
2026-10-06 11:55:54,22680.5,2026-10-06,22950.0,PE,40724,270.6,320190,1558570,270.6,271.55,65
2026-10-06 11:55:54,22680.5,2026-10-06,22950.0,CE,40723,1.35,7099560,148832905,1.3,1.35,65
2026-10-06 11:55:54,22680.5,2026-10-06,22850.0,CE,40717,4.55,13705315,175559280,4.55,4.6,65
2026-10-06 11:55:54,22680.5,2026-10-06,22800.0,PE,40716,130.3,5533060,58734130,130.0,130.25,65
2026-10-06 11:55:54,22680.5,2026-10-06,23300.0,CE,40751,0.35,7458230,34583640,0.3,0.35,65
2026-10-06 11:55:54,22680.5,2026-10-06,22150.0,PE,40674,1.55,9249435,56443855,1.55,1.6,65
2026-10-06 11:55:54,22680.5,2026-10-06,22150.0,CE,40673,531.0,107250,129545,531.35,533.15,65
2026-10-06 11:55:54,22680.5,2026-10-06,23250.0,PE,40750,572.2,177710,149760,570.35,571.45,65
2026-10-06 11:55:54,22680.5,2026-10-06,22100.0,PE,40672,1.4,14610570,90302160,1.4,1.45,65
2026-10-06 11:55:54,22680.5,2026-10-06,22100.0,CE,40671,589.9,133900,223210,580.85,582.65,65
2026-10-06 11:55:54,22680.5,2026-10-06,22250.0,PE,40678,2.0,8350810,77107745,2.0,2.05,65
2026-10-06 11:55:54,22680.5,2026-10-06,22700.0,PE,40711,57.8,24077105,297389885,57.6,57.75,65
2026-10-06 11:55:54,22680.5,2026-10-06,22250.0,CE,40677,432.7,327535,513825,432.05,433.5,65
2026-10-06 11:55:54,22680.5,2026-10-06,22700.0,CE,40710,38.25,28320435,630853275,38.1,38.2,65
2026-10-06 11:55:54,22680.5,2026-10-06,22200.0,PE,40676,1.7,17021680,105220375,1.7,1.75,65
2026-10-06 11:55:54,22680.5,2026-10-06,22200.0,CE,40675,479.1,381940,897845,481.5,483.15,65
2026-10-06 11:55:54,22680.5,2026-10-06,23300.0,PE,40752,621.15,731445,178620,618.75,620.8,65
2026-10-06 11:55:54,22680.5,2026-10-06,22800.0,CE,40715,9.8,26770835,401383125,9.8,9.85,65
2026-10-06 11:55:54,22680.5,2026-10-06,22750.0,PE,40714,90.2,6702540,82917185,90.05,90.2,65
2026-10-06 11:55:54,22680.5,2026-10-06,22750.0,CE,40712,20.15,18313295,368185025,20.0,20.1,65
2026-10-06 11:55:54,22680.5,2026-10-06,22300.0,CE,40679,382.6,756210,3354910,382.7,383.0,65
2026-10-06 11:55:54,22680.5,2026-10-06,23250.0,CE,40749,0.4,4019860,21709740,0.35,0.4,65
2026-10-06 11:55:54,22680.5,2026-10-06,22650.0,PE,40709,34.95,33694310,406045900,34.85,34.95,65
2026-10-06 12:00:20,22684.95,2026-10-06,22550.0,PE,40700,12.65,28649075,368329065,12.65,12.7,65
2026-10-06 12:00:20,22684.95,2026-10-06,23150.0,PE,40744,465.0,67860,63700,465.05,466.8,65
2026-10-06 12:00:20,22684.95,2026-10-06,23150.0,CE,40743,0.55,3278795,26400595,0.5,0.55,65
2026-10-06 12:00:20,22684.95,2026-10-06,23100.0,PE,40742,416.8,398515,338260,416.3,417.65,65
2026-10-06 12:00:20,22684.95,2026-10-06,23100.0,CE,40741,0.5,12008360,51463035,0.5,0.55,65
2026-10-06 12:00:20,22684.95,2026-10-06,22650.0,CE,40704,66.9,16434665,528575320,66.85,67.05,65
2026-10-06 12:00:20,22684.95,2026-10-06,22600.0,PE,40703,20.3,47773765,588911310,20.2,20.25,65
2026-10-06 12:00:20,22684.95,2026-10-06,23200.0,PE,40746,516.0,331370,208845,515.8,517.15,65
2026-10-06 12:00:20,22684.95,2026-10-06,23200.0,CE,40745,0.45,10878595,55461380,0.4,0.45,65
2026-10-06 12:00:20,22684.95,2026-10-06,22600.0,CE,40701,104.2,11392680,495860365,104.2,104.45,65
2026-10-06 12:00:20,22684.95,2026-10-06,22450.0,PE,40696,5.5,14838525,195335205,5.5,5.55,65
2026-10-06 12:00:20,22684.95,2026-10-06,23000.0,PE,40732,317.3,1148225,3278080,316.9,317.95,65
2026-10-06 12:00:20,22684.95,2026-10-06,22550.0,CE,40699,146.65,4258020,177715655,146.6,146.75,65
2026-10-06 12:00:20,22684.95,2026-10-06,22500.0,PE,40698,8.4,33224945,376982775,8.35,8.4,65
2026-10-06 12:00:20,22684.95,2026-10-06,23000.0,CE,40731,0.95,18697705,121990895,0.95,1.0,65
2026-10-06 12:00:20,22684.95,2026-10-06,22500.0,CE,40697,192.05,4126265,120490305,192.0,192.4,65
2026-10-06 12:00:20,22684.95,2026-10-06,23050.0,PE,40736,366.45,177775,251095,366.45,367.65,65
2026-10-06 12:00:20,22684.95,2026-10-06,23050.0,CE,40735,0.6,6535295,44310305,0.6,0.65,65
2026-10-06 12:00:20,22684.95,2026-10-06,22300.0,PE,40681,2.45,14394640,130058435,2.4,2.45,65
2026-10-06 12:00:20,22684.95,2026-10-06,22350.0,CE,40682,338.35,531700,3059745,336.7,337.6,65
2026-10-06 12:00:20,22684.95,2026-10-06,22900.0,PE,40722,218.95,1084915,8251750,218.9,219.35,65
2026-10-06 12:00:20,22684.95,2026-10-06,22450.0,CE,40689,239.25,1246765,33608185,238.95,239.55,65
2026-10-06 12:00:20,22684.95,2026-10-06,22400.0,PE,40688,4.0,20997470,217413365,4.0,4.05,65
2026-10-06 12:00:20,22684.95,2026-10-06,22900.0,CE,40721,2.25,18036200,210983630,2.2,2.25,65
2026-10-06 12:00:20,22684.95,2026-10-06,22400.0,CE,40687,288.15,1827605,22072830,287.75,288.45,65
2026-10-06 12:00:20,22684.95,2026-10-06,22850.0,PE,40720,171.35,931645,11705915,171.15,171.5,65
2026-10-06 12:00:20,22684.95,2026-10-06,22350.0,PE,40686,3.0,11166025,108641390,2.95,3.0,65
2026-10-06 12:00:20,22684.95,2026-10-06,22950.0,PE,40724,266.85,319280,1578330,266.9,267.65,65
2026-10-06 12:00:20,22684.95,2026-10-06,22950.0,CE,40723,1.25,7099560,151027240,1.25,1.3,65
2026-10-06 12:00:20,22684.95,2026-10-06,22850.0,CE,40717,4.55,13866060,178059310,4.5,4.55,65
2026-10-06 12:00:20,22684.95,2026-10-06,22800.0,PE,40716,126.4,5759585,59824635,126.65,126.85,65
2026-10-06 12:00:20,22684.95,2026-10-06,23300.0,CE,40751,0.3,7450495,34686405,0.3,0.35,65
2026-10-06 12:00:20,22684.95,2026-10-06,22150.0,PE,40674,1.5,9260355,57118685,1.45,1.5,65
2026-10-06 12:00:20,22684.95,2026-10-06,22150.0,CE,40673,538.2,107250,129610,535.35,537.0,65
2026-10-06 12:00:20,22684.95,2026-10-06,23250.0,PE,40750,565.6,176280,150540,565.85,567.05,65
2026-10-06 12:00:20,22684.95,2026-10-06,22100.0,PE,40672,1.3,14693380,91228475,1.3,1.35,65
2026-10-06 12:00:20,22684.95,2026-10-06,22100.0,CE,40671,587.0,133900,223275,584.8,586.35,65
2026-10-06 12:00:20,22684.95,2026-10-06,22250.0,PE,40678,2.0,7990515,78361530,1.95,2.0,65
2026-10-06 12:00:20,22684.95,2026-10-06,22700.0,PE,40711,55.55,24723140,303923035,55.35,55.45,65
2026-10-06 12:00:20,22684.95,2026-10-06,22250.0,CE,40677,439.0,326690,515320,435.95,437.2,65
2026-10-06 12:00:20,22684.95,2026-10-06,22700.0,CE,40710,39.1,29282370,641302155,39.15,39.2,65
2026-10-06 12:00:20,22684.95,2026-10-06,22200.0,PE,40676,1.7,16924830,106059525,1.65,1.7,65
2026-10-06 12:00:20,22684.95,2026-10-06,22200.0,CE,40675,486.05,381550,900250,485.5,487.3,65
2026-10-06 12:00:20,22684.95,2026-10-06,23300.0,PE,40752,614.95,727935,181285,614.7,616.7,65
2026-10-06 12:00:20,22684.95,2026-10-06,22800.0,CE,40715,9.85,26902265,407640350,9.85,9.9,65
2026-10-06 12:00:20,22684.95,2026-10-06,22750.0,PE,40714,87.05,6905015,84523530,86.65,86.8,65
2026-10-06 12:00:20,22684.95,2026-10-06,22750.0,CE,40712,20.55,18966220,374637380,20.65,20.7,65
2026-10-06 12:00:20,22684.95,2026-10-06,22300.0,CE,40679,386.4,754520,3368365,386.45,387.6,65
2026-10-06 12:00:20,22684.95,2026-10-06,23250.0,CE,40749,0.4,4105920,21859825,0.35,0.4,65
2026-10-06 12:00:20,22684.95,2026-10-06,22650.0,PE,40709,33.2,34498360,413193885,33.15,33.2,65
2026-10-06 12:05:19,22698.85,2026-10-06,22550.0,PE,40700,11.65,28406300,375821550,11.6,11.7,65
2026-10-06 12:05:19,22698.85,2026-10-06,23150.0,PE,40744,465.95,67860,64285,460.75,462.85,65
2026-10-06 12:05:19,22698.85,2026-10-06,23150.0,CE,40743,0.55,3278275,26491725,0.5,0.55,65
2026-10-06 12:05:19,22698.85,2026-10-06,23100.0,PE,40742,411.8,397605,343200,410.9,412.0,65
2026-10-06 12:05:19,22698.85,2026-10-06,23100.0,CE,40741,0.5,11974625,51762035,0.5,0.55,65
2026-10-06 12:05:19,22698.85,2026-10-06,22650.0,CE,40704,69.95,16532945,537590690,69.75,69.95,65
2026-10-06 12:05:19,22698.85,2026-10-06,22600.0,PE,40703,18.85,47856055,599873430,18.75,18.85,65
2026-10-06 12:05:19,22698.85,2026-10-06,23200.0,PE,40746,511.8,330200,211965,511.2,512.45,65
2026-10-06 12:05:19,22698.85,2026-10-06,23200.0,CE,40745,0.4,11102130,55895775,0.4,0.45,65
2026-10-06 12:05:19,22698.85,2026-10-06,22600.0,CE,40701,107.7,11588460,501203430,107.5,107.75,65
2026-10-06 12:05:19,22698.85,2026-10-06,22450.0,PE,40696,5.15,14653080,198427840,5.15,5.2,65
2026-10-06 12:05:19,22698.85,2026-10-06,23000.0,PE,40732,312.45,1153230,3341520,312.45,312.9,65
2026-10-06 12:05:19,22698.85,2026-10-06,22550.0,CE,40699,150.55,4039945,179706930,150.5,150.6,65
2026-10-06 12:05:19,22698.85,2026-10-06,22500.0,PE,40698,7.75,33014280,382683730,7.65,7.7,65
2026-10-06 12:05:19,22698.85,2026-10-06,23000.0,CE,40731,1.0,18509790,122651165,0.95,1.0,65
2026-10-06 12:05:19,22698.85,2026-10-06,22500.0,CE,40697,196.05,3981640,121837690,196.7,197.15,65
2026-10-06 12:05:19,22698.85,2026-10-06,23050.0,PE,40736,361.2,175825,257855,360.5,362.2,65
2026-10-06 12:05:19,22698.85,2026-10-06,23050.0,CE,40735,0.6,6540235,44579275,0.6,0.65,65
2026-10-06 12:05:19,22698.85,2026-10-06,22300.0,PE,40681,2.4,14591525,132626325,2.35,2.4,65
2026-10-06 12:05:19,22698.85,2026-10-06,22350.0,CE,40682,342.9,547430,3098680,341.6,342.6,65
2026-10-06 12:05:19,22698.85,2026-10-06,22900.0,PE,40722,213.95,1153165,8594560,214.25,214.7,65
2026-10-06 12:05:19,22698.85,2026-10-06,22450.0,CE,40689,244.45,1184755,34099455,243.75,244.2,65
2026-10-06 12:05:19,22698.85,2026-10-06,22400.0,PE,40688,3.8,21022625,220432355,3.8,3.85,65
2026-10-06 12:05:19,22698.85,2026-10-06,22900.0,CE,40721,2.4,18184270,216325200,2.35,2.4,65
2026-10-06 12:05:19,22698.85,2026-10-06,22400.0,CE,40687,293.2,1804660,22260485,292.2,292.95,65
2026-10-06 12:05:19,22698.85,2026-10-06,22850.0,PE,40720,166.8,999440,12339405,166.1,166.35,65
2026-10-06 12:05:19,22698.85,2026-10-06,22350.0,PE,40686,2.9,11354135,111595445,2.9,2.95,65
2026-10-06 12:05:19,22698.85,2026-10-06,22950.0,PE,40724,262.3,318955,1615770,262.45,263.2,65
2026-10-06 12:05:19,22698.85,2026-10-06,22950.0,CE,40723,1.35,7130370,152326005,1.3,1.35,65
2026-10-06 12:05:19,22698.85,2026-10-06,22850.0,CE,40717,5.0,13941265,182169000,5.0,5.05,65
2026-10-06 12:05:19,22698.85,2026-10-06,22800.0,PE,40716,122.55,5987540,62291515,122.5,122.8,65
2026-10-06 12:05:19,22698.85,2026-10-06,23300.0,CE,40751,0.35,7433725,34770580,0.3,0.35,65
2026-10-06 12:05:19,22698.85,2026-10-06,22150.0,PE,40674,1.45,9313720,58185725,1.45,1.5,65
2026-10-06 12:05:19,22698.85,2026-10-06,22150.0,CE,40673,539.05,107315,130000,540.3,541.9,65
2026-10-06 12:05:19,22698.85,2026-10-06,23250.0,PE,40750,564.3,175760,153400,560.15,562.7,65
2026-10-06 12:05:19,22698.85,2026-10-06,22100.0,PE,40672,1.4,14465555,92539135,1.35,1.4,65
2026-10-06 12:05:19,22698.85,2026-10-06,22100.0,CE,40671,588.05,133900,223795,590.0,591.6,65
2026-10-06 12:05:19,22698.85,2026-10-06,22250.0,PE,40678,2.0,7971470,79486225,1.95,2.0,65
2026-10-06 12:05:19,22698.85,2026-10-06,22700.0,PE,40711,52.5,25062505,315306225,52.45,52.6,65
2026-10-06 12:05:19,22698.85,2026-10-06,22250.0,CE,40677,441.95,326885,516230,440.3,441.85,65
2026-10-06 12:05:19,22698.85,2026-10-06,22700.0,CE,40710,41.5,30616430,658924565,41.4,41.5,65
2026-10-06 12:05:19,22698.85,2026-10-06,22200.0,PE,40676,1.6,16770455,107201445,1.6,1.65,65
2026-10-06 12:05:19,22698.85,2026-10-06,22200.0,CE,40675,492.7,381615,903760,489.8,491.6,65
2026-10-06 12:05:19,22698.85,2026-10-06,23300.0,PE,40752,608.55,727935,188890,610.05,612.2,65
2026-10-06 12:05:19,22698.85,2026-10-06,22800.0,CE,40715,10.75,27612000,417637675,10.75,10.8,65
2026-10-06 12:05:19,22698.85,2026-10-06,22750.0,PE,40714,83.35,7087470,87850815,83.55,83.7,65
2026-10-06 12:05:19,22698.85,2026-10-06,22750.0,CE,40712,22.05,19917690,385995155,22.0,22.05,65
2026-10-06 12:05:19,22698.85,2026-10-06,22300.0,CE,40679,391.35,757380,3386630,390.85,391.85,65
2026-10-06 12:05:19,22698.85,2026-10-06,23250.0,CE,40749,0.4,4125680,21969870,0.35,0.4,65
2026-10-06 12:05:19,22698.85,2026-10-06,22650.0,PE,40709,31.1,34808540,425451325,31.15,31.2,65
2026-10-06 12:10:57,22676.7,2026-10-06,22550.0,PE,40700,13.8,28831790,385587930,13.75,13.8,65
2026-10-06 12:10:57,22676.7,2026-10-06,23150.0,PE,40744,480.15,68185,65780,474.2,476.6,65
2026-10-06 12:10:57,22676.7,2026-10-06,23150.0,CE,40743,0.5,3357705,26820625,0.45,0.5,65
2026-10-06 12:10:57,22676.7,2026-10-06,23100.0,PE,40742,425.0,393120,356070,425.0,426.5,65
2026-10-06 12:10:57,22676.7,2026-10-06,23100.0,CE,40741,0.45,11786125,53320215,0.45,0.5,65
2026-10-06 12:10:57,22676.7,2026-10-06,22650.0,CE,40704,61.2,16581630,549692000,61.05,61.15,65
2026-10-06 12:10:57,22676.7,2026-10-06,22600.0,PE,40703,22.3,49158070,616925335,22.2,22.3,65
2026-10-06 12:10:57,22676.7,2026-10-06,23200.0,PE,40746,526.35,329810,214890,525.05,526.55,65
2026-10-06 12:10:57,22676.7,2026-10-06,23200.0,CE,40745,0.4,10911030,56902300,0.4,0.45,65
2026-10-06 12:10:57,22676.7,2026-10-06,22600.0,CE,40701,97.15,11772410,508222975,96.85,97.15,65
2026-10-06 12:10:57,22676.7,2026-10-06,22450.0,PE,40696,6.1,15085915,202890285,6.0,6.05,65
2026-10-06 12:10:57,22676.7,2026-10-06,23000.0,PE,40732,326.95,1155505,3421730,326.05,327.1,65
2026-10-06 12:10:57,22676.7,2026-10-06,22550.0,CE,40699,138.8,3932565,181592710,138.45,138.8,65
2026-10-06 12:10:57,22676.7,2026-10-06,22500.0,PE,40698,9.1,33092865,390764270,9.1,9.15,65
2026-10-06 12:10:57,22676.7,2026-10-06,23000.0,CE,40731,0.8,18711875,124403890,0.8,0.85,65
2026-10-06 12:10:57,22676.7,2026-10-06,22500.0,CE,40697,184.0,3799770,123447870,183.7,184.2,65
2026-10-06 12:10:57,22676.7,2026-10-06,23050.0,PE,40736,376.15,176215,263835,375.1,376.3,65
2026-10-06 12:10:57,22676.7,2026-10-06,23050.0,CE,40735,0.6,6542835,44899335,0.55,0.6,65
2026-10-06 12:10:57,22676.7,2026-10-06,22300.0,PE,40681,2.5,14597765,135507385,2.5,2.55,65
2026-10-06 12:10:57,22676.7,2026-10-06,22350.0,CE,40682,327.75,533325,3139695,327.8,328.8,65
2026-10-06 12:10:57,22676.7,2026-10-06,22900.0,PE,40722,227.65,1106040,9119175,227.2,227.75,65
2026-10-06 12:10:57,22676.7,2026-10-06,22450.0,CE,40689,231.55,1165385,34349250,230.85,231.5,65
2026-10-06 12:10:57,22676.7,2026-10-06,22400.0,PE,40688,4.35,21138195,225095260,4.3,4.35,65
2026-10-06 12:10:57,22676.7,2026-10-06,22900.0,CE,40721,1.75,18054725,226285410,1.75,1.8,65
2026-10-06 12:10:57,22676.7,2026-10-06,22400.0,CE,40687,279.35,1784120,22490715,279.0,279.65,65
2026-10-06 12:10:57,22676.7,2026-10-06,22850.0,PE,40720,179.1,938730,13474890,179.0,179.45,65
2026-10-06 12:10:57,22676.7,2026-10-06,22350.0,PE,40686,3.2,11684530,114778365,3.15,3.2,65
2026-10-06 12:10:57,22676.7,2026-10-06,22950.0,PE,40724,276.75,317265,1677130,275.9,276.6,65
2026-10-06 12:10:57,22676.7,2026-10-06,22950.0,CE,40723,1.05,7136545,154866335,1.05,1.1,65
2026-10-06 12:10:57,22676.7,2026-10-06,22850.0,CE,40717,3.65,13424385,190086780,3.65,3.7,65
2026-10-06 12:10:57,22676.7,2026-10-06,22800.0,PE,40716,134.1,5771090,66502865,133.6,133.95,65
2026-10-06 12:10:57,22676.7,2026-10-06,23300.0,CE,40751,0.3,7482280,35196135,0.3,0.35,65
2026-10-06 12:10:57,22676.7,2026-10-06,22150.0,PE,40674,1.6,9850295,60291920,1.55,1.6,65
2026-10-06 12:10:57,22676.7,2026-10-06,22150.0,CE,40673,528.8,107965,131625,526.05,527.8,65
2026-10-06 12:10:57,22676.7,2026-10-06,23250.0,PE,40750,579.7,175760,154245,572.35,577.25,65
2026-10-06 12:10:57,22676.7,2026-10-06,22100.0,PE,40672,1.4,14627730,94475550,1.4,1.45,65
2026-10-06 12:10:57,22676.7,2026-10-06,22100.0,CE,40671,576.0,134095,229255,576.3,578.0,65
2026-10-06 12:10:57,22676.7,2026-10-06,22250.0,PE,40678,2.1,7994155,80695875,2.05,2.1,65
2026-10-06 12:10:57,22676.7,2026-10-06,22700.0,PE,40711,59.95,26034385,332609225,59.9,60.1,65
2026-10-06 12:10:57,22676.7,2026-10-06,22250.0,CE,40677,428.4,327340,520130,426.85,428.25,65
2026-10-06 12:10:57,22676.7,2026-10-06,22700.0,CE,40710,34.85,30612465,684379345,34.75,34.8,65
2026-10-06 12:10:57,22676.7,2026-10-06,22200.0,PE,40676,1.8,16844165,109450900,1.75,1.8,65
2026-10-06 12:10:57,22676.7,2026-10-06,22200.0,CE,40675,478.85,380445,908830,476.15,477.75,65
2026-10-06 12:10:57,22676.7,2026-10-06,23300.0,PE,40752,624.2,727675,209365,623.9,624.15,65
2026-10-06 12:10:57,22676.7,2026-10-06,22800.0,CE,40715,8.2,27133925,433371315,8.2,8.25,65
2026-10-06 12:10:57,22676.7,2026-10-06,22750.0,PE,40714,93.2,7115030,92952015,93.0,93.25,65
2026-10-06 12:10:57,22676.7,2026-10-06,22750.0,CE,40712,17.7,19390280,401819405,17.6,17.7,65
2026-10-06 12:10:57,22676.7,2026-10-06,22300.0,CE,40679,378.2,759330,3420885,377.4,378.4,65
2026-10-06 12:10:57,22676.7,2026-10-06,23250.0,CE,40749,0.35,3892070,22458345,0.35,0.4,65
2026-10-06 12:10:57,22676.7,2026-10-06,22650.0,PE,40709,36.5,36064925,443403545,36.4,36.5,65
2026-10-06 12:15:16,22669.75,2026-10-06,22550.0,PE,40700,14.4,28862600,395691010,14.4,14.45,65
2026-10-06 12:15:16,22669.75,2026-10-06,23150.0,PE,40744,484.5,67600,68315,482.7,484.0,65
2026-10-06 12:15:16,22669.75,2026-10-06,23150.0,CE,40743,0.4,3529305,27292070,0.4,0.45,65
2026-10-06 12:15:16,22669.75,2026-10-06,23100.0,PE,40742,432.7,390520,358735,433.25,435.0,65
2026-10-06 12:15:16,22669.75,2026-10-06,23100.0,CE,40741,0.45,11736010,53796145,0.45,0.5,65
2026-10-06 12:15:16,22669.75,2026-10-06,22650.0,CE,40704,55.35,17334070,559907920,55.1,55.2,65
2026-10-06 12:15:16,22669.75,2026-10-06,22600.0,PE,40703,23.5,49245755,634577840,23.4,23.5,65
2026-10-06 12:15:16,22669.75,2026-10-06,23200.0,PE,40746,531.25,329290,216190,533.35,534.7,65
2026-10-06 12:15:16,22669.75,2026-10-06,22050.0,CE,40669,615.3,56485,21060,617.2,620.2,65
2026-10-06 12:15:16,22669.75,2026-10-06,23200.0,CE,40745,0.4,10919350,57234905,0.35,0.4,65
2026-10-06 12:15:16,22669.75,2026-10-06,22600.0,CE,40701,90.35,11840335,513585540,90.15,90.4,65
2026-10-06 12:15:16,22669.75,2026-10-06,22450.0,PE,40696,6.3,15493465,206609520,6.3,6.35,65
2026-10-06 12:15:16,22669.75,2026-10-06,23000.0,PE,40732,333.45,1118390,3504215,333.8,334.9,65
2026-10-06 12:15:16,22669.75,2026-10-06,22550.0,CE,40699,130.95,3985475,183104805,131.05,131.35,65
2026-10-06 12:15:16,22669.75,2026-10-06,22500.0,PE,40698,9.5,33444385,399870575,9.45,9.55,65
2026-10-06 12:15:16,22669.75,2026-10-06,23000.0,CE,40731,0.8,18620745,126122425,0.75,0.8,65
2026-10-06 12:15:16,22669.75,2026-10-06,22500.0,CE,40697,176.0,3822520,124268950,176.15,176.6,65
2026-10-06 12:15:16,22669.75,2026-10-06,23050.0,PE,40736,384.05,174980,266565,384.05,384.45,65
2026-10-06 12:15:16,22669.75,2026-10-06,23050.0,CE,40735,0.55,6559475,45298630,0.55,0.6,65
2026-10-06 12:15:16,22669.75,2026-10-06,22300.0,PE,40681,2.65,14806285,138849750,2.6,2.65,65
2026-10-06 12:15:16,22669.75,2026-10-06,22350.0,CE,40682,320.95,526305,3158675,319.8,320.6,65
2026-10-06 12:15:16,22669.75,2026-10-06,22900.0,PE,40722,235.55,1002430,9455745,234.8,235.35,65
2026-10-06 12:15:16,22669.75,2026-10-06,22450.0,CE,40689,223.45,1173835,34538920,223.0,223.5,65
2026-10-06 12:15:16,22669.75,2026-10-06,22400.0,PE,40688,4.5,21229975,229289710,4.45,4.5,65
2026-10-06 12:15:16,22669.75,2026-10-06,22900.0,CE,40721,1.6,17621890,231278970,1.55,1.6,65
2026-10-06 12:15:16,22669.75,2026-10-06,22400.0,CE,40687,271.3,1791855,22682790,271.1,271.85,65
2026-10-06 12:15:16,22669.75,2026-10-06,22850.0,PE,40720,186.9,894075,13941265,186.3,186.75,65
2026-10-06 12:15:16,22669.75,2026-10-06,22350.0,PE,40686,3.25,11778585,116406615,3.25,3.3,65
2026-10-06 12:15:16,22669.75,2026-10-06,22950.0,PE,40724,283.85,309205,1739595,283.9,284.7,65
2026-10-06 12:15:16,22669.75,2026-10-06,22950.0,CE,40723,0.95,7151495,156142220,0.95,1.0,65
2026-10-06 12:15:16,22669.75,2026-10-06,22850.0,CE,40717,3.15,13310960,195465075,3.1,3.15,65
2026-10-06 12:15:16,22669.75,2026-10-06,22800.0,PE,40716,140.8,5505175,69530695,140.4,140.7,65
2026-10-06 12:15:16,22669.75,2026-10-06,22050.0,PE,40670,1.3,8560565,54249260,1.25,1.3,65
2026-10-06 12:15:16,22669.75,2026-10-06,22150.0,PE,40674,1.6,9942140,61471930,1.6,1.65,65
2026-10-06 12:15:16,22669.75,2026-10-06,22150.0,CE,40673,519.15,105170,135525,517.8,520.0,65
2026-10-06 12:15:16,22669.75,2026-10-06,23250.0,PE,40750,583.7,175825,174395,581.7,585.25,65
2026-10-06 12:15:16,22669.75,2026-10-06,22100.0,PE,40672,1.45,14714635,95529720,1.4,1.45,65
2026-10-06 12:15:16,22669.75,2026-10-06,22100.0,CE,40671,564.95,133640,230750,567.8,569.6,65
2026-10-06 12:15:16,22669.75,2026-10-06,22250.0,PE,40678,2.15,8237450,82544215,2.1,2.15,65
2026-10-06 12:15:16,22669.75,2026-10-06,22700.0,PE,40711,63.65,25714780,348175360,63.7,63.9,65
2026-10-06 12:15:16,22669.75,2026-10-06,22250.0,CE,40677,418.6,327795,523185,418.7,420.0,65
2026-10-06 12:15:16,22669.75,2026-10-06,22700.0,CE,40710,30.6,31061875,702687570,30.45,30.55,65
2026-10-06 12:15:16,22669.75,2026-10-06,22200.0,PE,40676,1.8,16979885,110806215,1.75,1.8,65
2026-10-06 12:15:16,22669.75,2026-10-06,22200.0,CE,40675,465.75,337805,965055,468.0,469.5,65
2026-10-06 12:15:16,22669.75,2026-10-06,22800.0,CE,40715,7.1,26624520,445530930,7.05,7.1,65
2026-10-06 12:15:16,22669.75,2026-10-06,22750.0,PE,40714,98.75,6913595,97226220,98.45,98.75,65
2026-10-06 12:15:16,22669.75,2026-10-06,22750.0,CE,40712,15.1,20040475,413928060,15.05,15.1,65
2026-10-06 12:15:16,22669.75,2026-10-06,22300.0,CE,40679,370.0,753610,3453580,369.25,370.2,65
2026-10-06 12:15:16,22669.75,2026-10-06,23250.0,CE,40749,0.35,3883555,22633910,0.3,0.35,65
2026-10-06 12:15:16,22669.75,2026-10-06,22650.0,PE,40709,38.7,36150335,462384780,38.6,38.65,65
2026-10-06 12:20:17,22684.95,2026-10-06,22550.0,PE,40700,11.65,28360280,407015765,11.75,11.8,65
2026-10-06 12:20:17,22684.95,2026-10-06,23150.0,PE,40744,469.3,67600,69030,469.95,471.5,65
2026-10-06 12:20:17,22684.95,2026-10-06,23150.0,CE,40743,0.45,3531125,27387360,0.4,0.45,65
2026-10-06 12:20:17,22684.95,2026-10-06,23100.0,PE,40742,420.0,389285,362115,419.65,421.35,65
2026-10-06 12:20:17,22684.95,2026-10-06,23100.0,CE,40741,0.45,11783980,54140775,0.45,0.5,65
2026-10-06 12:20:17,22684.95,2026-10-06,22650.0,CE,40704,62.55,17903860,572922025,62.45,62.5,65
2026-10-06 12:20:17,22684.95,2026-10-06,22600.0,PE,40703,19.25,48923940,651917630,19.15,19.25,65
2026-10-06 12:20:17,22684.95,2026-10-06,23200.0,PE,40746,522.0,328900,217425,520.1,521.55,65
2026-10-06 12:20:17,22684.95,2026-10-06,23200.0,CE,40745,0.4,10912070,57473845,0.35,0.4,65
2026-10-06 12:20:17,22684.95,2026-10-06,22600.0,CE,40701,99.6,12107615,520994175,99.5,99.7,65
2026-10-06 12:20:17,22684.95,2026-10-06,22450.0,PE,40696,5.05,15486965,211927625,5.0,5.05,65
2026-10-06 12:20:17,22684.95,2026-10-06,23000.0,PE,40732,321.9,1129440,3560570,320.75,321.7,65
2026-10-06 12:20:17,22684.95,2026-10-06,22550.0,CE,40699,142.0,3984955,185105050,141.0,141.35,65
2026-10-06 12:20:17,22684.95,2026-10-06,22500.0,PE,40698,7.55,32993350,410847710,7.55,7.6,65
2026-10-06 12:20:17,22684.95,2026-10-06,23000.0,CE,40731,0.8,18470270,127748075,0.75,0.8,65
2026-10-06 12:20:17,22684.95,2026-10-06,22500.0,CE,40697,187.95,3787355,125583185,186.65,187.0,65
2026-10-06 12:20:17,22684.95,2026-10-06,23050.0,PE,40736,371.1,174265,270530,370.2,371.4,65
2026-10-06 12:20:17,22684.95,2026-10-06,23050.0,CE,40735,0.55,6560580,45590090,0.5,0.55,65
2026-10-06 12:20:17,22684.95,2026-10-06,22300.0,PE,40681,2.25,14864785,142513345,2.2,2.25,65
2026-10-06 12:20:17,22684.95,2026-10-06,22350.0,CE,40682,331.75,524680,3172390,332.4,333.15,65
2026-10-06 12:20:17,22684.95,2026-10-06,22900.0,PE,40722,222.55,1032590,9709310,222.85,223.4,65
2026-10-06 12:20:17,22684.95,2026-10-06,22450.0,CE,40689,235.3,1162460,34811140,234.95,235.55,65
2026-10-06 12:20:17,22684.95,2026-10-06,22400.0,PE,40688,3.65,21231795,234118105,3.65,3.7,65
2026-10-06 12:20:17,22684.95,2026-10-06,22900.0,CE,40721,2.0,17681300,237628300,1.9,1.95,65
2026-10-06 12:20:17,22684.95,2026-10-06,22400.0,CE,40687,283.35,1764035,22847565,283.8,284.0,65
2026-10-06 12:20:17,22684.95,2026-10-06,22850.0,PE,40720,174.25,898820,14490970,174.8,175.3,65
2026-10-06 12:20:17,22684.95,2026-10-06,22350.0,PE,40686,2.7,11703250,119348710,2.7,2.75,65
2026-10-06 12:20:17,22684.95,2026-10-06,22950.0,PE,40724,270.95,297180,1778985,270.95,271.4,65
2026-10-06 12:20:17,22684.95,2026-10-06,22950.0,CE,40723,1.1,7060365,157628445,1.05,1.1,65
2026-10-06 12:20:17,22684.95,2026-10-06,22850.0,CE,40717,3.95,13552500,201328725,3.95,4.0,65
2026-10-06 12:20:17,22684.95,2026-10-06,22800.0,PE,40716,129.15,5693155,72417020,129.05,129.25,65
2026-10-06 12:20:17,22684.95,2026-10-06,23300.0,CE,40751,0.3,7218965,36964655,0.25,0.3,65
2026-10-06 12:20:17,22684.95,2026-10-06,22150.0,PE,40674,1.4,9946235,62260250,1.4,1.45,65
2026-10-06 12:20:17,22684.95,2026-10-06,22150.0,CE,40673,532.75,103350,138840,531.15,532.65,65
2026-10-06 12:20:17,22684.95,2026-10-06,23250.0,PE,40750,569.75,172445,174720,569.7,571.95,65
2026-10-06 12:20:17,22684.95,2026-10-06,22100.0,PE,40672,1.3,14692535,96295225,1.25,1.3,65
2026-10-06 12:20:17,22684.95,2026-10-06,22100.0,CE,40671,582.95,133380,231140,580.6,582.0,65
2026-10-06 12:20:17,22684.95,2026-10-06,22250.0,PE,40678,1.8,8097830,84658990,1.8,1.85,65
2026-10-06 12:20:17,22684.95,2026-10-06,22700.0,PE,40711,55.55,25781990,363058800,55.55,55.7,65
2026-10-06 12:20:17,22684.95,2026-10-06,22250.0,CE,40677,431.55,326690,525395,431.9,433.2,65
2026-10-06 12:20:17,22684.95,2026-10-06,22700.0,CE,40710,35.9,32353750,726213150,35.6,35.7,65
2026-10-06 12:20:17,22684.95,2026-10-06,22200.0,PE,40676,1.6,16925740,112825440,1.55,1.6,65
2026-10-06 12:20:17,22684.95,2026-10-06,22200.0,CE,40675,480.1,335335,973245,480.55,482.15,65
2026-10-06 12:20:17,22684.95,2026-10-06,23300.0,PE,40752,619.2,726375,217815,618.3,620.4,65
2026-10-06 12:20:17,22684.95,2026-10-06,22800.0,CE,40715,8.95,27558245,457743975,8.85,8.9,65
2026-10-06 12:20:17,22684.95,2026-10-06,22750.0,PE,40714,88.4,7027085,101542090,88.4,88.5,65
2026-10-06 12:20:17,22684.95,2026-10-06,22750.0,CE,40712,18.5,20447570,427728990,18.4,18.45,65
2026-10-06 12:20:17,22684.95,2026-10-06,22300.0,CE,40679,380.05,747305,3490370,382.35,383.4,65
2026-10-06 12:20:17,22684.95,2026-10-06,23250.0,CE,40749,0.3,3889275,22751235,0.3,0.35,65
2026-10-06 12:20:17,22684.95,2026-10-06,22650.0,PE,40709,32.4,35822280,479492260,32.4,32.5,65
2026-10-06 12:25:15,22692.35,2026-10-06,22550.0,PE,40700,10.6,28365220,414539190,10.6,10.65,65
2026-10-06 12:25:15,22692.35,2026-10-06,23150.0,PE,40744,459.95,68315,70135,463.2,465.35,65
2026-10-06 12:25:15,22692.35,2026-10-06,23150.0,CE,40743,0.4,3541330,27464710,0.4,0.45,65
2026-10-06 12:25:15,22692.35,2026-10-06,23100.0,PE,40742,414.5,389090,366405,413.2,415.25,65
2026-10-06 12:25:15,22692.35,2026-10-06,23100.0,CE,40741,0.5,11786450,54855775,0.45,0.5,65
2026-10-06 12:25:15,22692.35,2026-10-06,22650.0,CE,40704,66.05,17422275,581942660,66.6,66.75,65
2026-10-06 12:25:15,22692.35,2026-10-06,22600.0,PE,40703,17.75,49552815,663963885,17.65,17.75,65
2026-10-06 12:25:15,22692.35,2026-10-06,23200.0,PE,40746,515.75,329290,219635,514.05,515.25,65
2026-10-06 12:25:15,22692.35,2026-10-06,23200.0,CE,40745,0.4,10904075,57653830,0.35,0.4,65
2026-10-06 12:25:15,22692.35,2026-10-06,22600.0,CE,40701,104.0,11881610,526212635,103.65,103.95,65
2026-10-06 12:25:15,22692.35,2026-10-06,22450.0,PE,40696,4.6,15095470,216861450,4.55,4.6,65
2026-10-06 12:25:15,22692.35,2026-10-06,23000.0,PE,40732,315.0,1139450,3605745,314.05,315.0,65
2026-10-06 12:25:15,22692.35,2026-10-06,22550.0,CE,40699,146.5,3871400,186505670,146.45,146.85,65
2026-10-06 12:25:15,22692.35,2026-10-06,22500.0,PE,40698,6.9,33055100,418908035,6.9,6.95,65
2026-10-06 12:25:15,22692.35,2026-10-06,23000.0,CE,40731,0.85,18414630,128730875,0.85,0.9,65
2026-10-06 12:25:15,22692.35,2026-10-06,22500.0,CE,40697,193.3,3737305,126729590,192.45,193.0,65
2026-10-06 12:25:15,22692.35,2026-10-06,23050.0,PE,40736,361.65,176280,277030,363.95,365.0,65
2026-10-06 12:25:15,22692.35,2026-10-06,23050.0,CE,40735,0.55,6532240,46651930,0.55,0.6,65
2026-10-06 12:25:15,22692.35,2026-10-06,22300.0,PE,40681,2.05,15098070,145482545,2.05,2.1,65
2026-10-06 12:25:15,22692.35,2026-10-06,22350.0,CE,40682,342.65,523185,3181685,338.7,339.6,65
2026-10-06 12:25:15,22692.35,2026-10-06,22900.0,PE,40722,216.6,1114620,9978995,216.6,217.1,65
2026-10-06 12:25:15,22692.35,2026-10-06,22450.0,CE,40689,240.1,1145040,34974810,240.15,240.7,65
2026-10-06 12:25:15,22692.35,2026-10-06,22400.0,PE,40688,3.4,21164975,238525950,3.3,3.35,65
2026-10-06 12:25:15,22692.35,2026-10-06,22900.0,CE,40721,2.15,17635670,243885785,2.15,2.2,65
2026-10-06 12:25:15,22692.35,2026-10-06,22400.0,CE,40687,289.95,1750125,22945325,290.1,290.85,65
2026-10-06 12:25:15,22692.35,2026-10-06,22850.0,PE,40720,168.5,975130,14873170,168.6,169.0,65
2026-10-06 12:25:15,22692.35,2026-10-06,22350.0,PE,40686,2.55,11746605,122955105,2.5,2.55,65
2026-10-06 12:25:15,22692.35,2026-10-06,22950.0,PE,40724,265.0,298740,1811030,265.05,265.85,65
2026-10-06 12:25:15,22692.35,2026-10-06,22950.0,CE,40723,1.25,6896890,159390725,1.25,1.3,65
2026-10-06 12:25:15,22692.35,2026-10-06,22850.0,CE,40717,4.3,13859170,205701210,4.25,4.3,65
2026-10-06 12:25:15,22692.35,2026-10-06,22800.0,PE,40716,124.25,5849285,74304945,124.0,124.3,65
2026-10-06 12:25:15,22692.35,2026-10-06,23300.0,CE,40751,0.3,7214740,37176620,0.25,0.3,65
2026-10-06 12:25:15,22692.35,2026-10-06,22150.0,PE,40674,1.35,9811425,63673350,1.35,1.4,65
2026-10-06 12:25:15,22692.35,2026-10-06,22150.0,CE,40673,543.0,103675,139880,537.25,538.85,65
2026-10-06 12:25:15,22692.35,2026-10-06,23250.0,PE,40750,561.45,170625,177970,563.05,565.0,65
2026-10-06 12:25:15,22692.35,2026-10-06,22100.0,PE,40672,1.25,14702740,97140225,1.2,1.25,65
2026-10-06 12:25:15,22692.35,2026-10-06,22100.0,CE,40671,592.3,133315,231660,587.15,588.75,65
2026-10-06 12:25:15,22692.35,2026-10-06,22250.0,PE,40678,1.75,8055580,85958340,1.7,1.75,65
2026-10-06 12:25:15,22692.35,2026-10-06,22700.0,PE,40711,52.1,26672815,374309065,52.0,52.1,65
2026-10-06 12:25:15,22692.35,2026-10-06,22250.0,CE,40677,441.6,325195,528970,437.55,438.85,65
2026-10-06 12:25:15,22692.35,2026-10-06,22700.0,CE,40710,38.4,31484830,746836740,38.25,38.35,65
2026-10-06 12:25:15,22692.35,2026-10-06,22200.0,PE,40676,1.45,17016155,114447840,1.45,1.5,65
2026-10-06 12:25:15,22692.35,2026-10-06,22200.0,CE,40675,490.0,335400,978120,487.15,488.7,65
2026-10-06 12:25:15,22692.35,2026-10-06,23300.0,PE,40752,608.0,725660,228215,612.5,614.4,65
2026-10-06 12:25:15,22692.35,2026-10-06,22800.0,CE,40715,9.5,27407380,469711710,9.45,9.5,65
2026-10-06 12:25:15,22692.35,2026-10-06,22750.0,PE,40714,83.95,7304115,104836940,83.35,83.6,65
2026-10-06 12:25:15,22692.35,2026-10-06,22750.0,CE,40712,19.8,20021300,440389885,20.15,20.25,65
2026-10-06 12:25:15,22692.35,2026-10-06,22300.0,CE,40679,389.95,748410,3509415,389.0,390.1,65
2026-10-06 12:25:15,22692.35,2026-10-06,23250.0,CE,40749,0.35,3918135,22858875,0.3,0.35,65
2026-10-06 12:25:15,22692.35,2026-10-06,22650.0,PE,40709,30.15,36845575,492492130,29.7,29.8,65
2026-10-06 12:30:12,22687.5,2026-10-06,22550.0,PE,40700,10.95,28623530,420180475,10.9,10.95,65
2026-10-06 12:30:12,22687.5,2026-10-06,23150.0,PE,40744,465.9,68380,70655,466.25,468.45,65
2026-10-06 12:30:12,22687.5,2026-10-06,23150.0,CE,40743,0.4,3553550,27541670,0.4,0.45,65
2026-10-06 12:30:12,22687.5,2026-10-06,23100.0,PE,40742,417.9,389350,367055,416.65,418.35,65
2026-10-06 12:30:12,22687.5,2026-10-06,23100.0,CE,40741,0.5,11793665,55017755,0.45,0.5,65
2026-10-06 12:30:12,22687.5,2026-10-06,22650.0,CE,40704,64.25,17394325,588721185,64.15,64.3,65
2026-10-06 12:30:12,22687.5,2026-10-06,22600.0,PE,40703,18.2,50005605,672616165,18.25,18.3,65
2026-10-06 12:30:12,22687.5,2026-10-06,23200.0,PE,40746,516.75,329485,220090,517.3,518.55,65
2026-10-06 12:30:12,22687.5,2026-10-06,23200.0,CE,40745,0.35,10909925,57746520,0.35,0.4,65
2026-10-06 12:30:12,22687.5,2026-10-06,22600.0,CE,40701,101.9,11885965,529825920,101.15,101.45,65
2026-10-06 12:30:12,22687.5,2026-10-06,22450.0,PE,40696,4.65,14873040,219634480,4.6,4.65,65
2026-10-06 12:30:12,22687.5,2026-10-06,23000.0,PE,40732,318.15,1156675,3666455,317.8,318.7,65
2026-10-06 12:30:12,22687.5,2026-10-06,22550.0,CE,40699,144.15,3873285,187301790,143.95,144.3,65
2026-10-06 12:30:12,22687.5,2026-10-06,22500.0,PE,40698,7.05,32758375,425123725,7.0,7.05,65
2026-10-06 12:30:12,22687.5,2026-10-06,23000.0,CE,40731,0.85,18353075,129149215,0.85,0.9,65
2026-10-06 12:30:12,22687.5,2026-10-06,22500.0,CE,40697,190.4,3761420,127355085,190.2,190.5,65
2026-10-06 12:30:12,22687.5,2026-10-06,23050.0,PE,40736,366.5,176735,281840,367.15,368.35,65
2026-10-06 12:30:12,22687.5,2026-10-06,23050.0,CE,40735,0.55,6533540,46734870,0.55,0.6,65
2026-10-06 12:30:12,22687.5,2026-10-06,22300.0,PE,40681,2.1,15123810,147154150,2.05,2.1,65
2026-10-06 12:30:12,22687.5,2026-10-06,22350.0,CE,40682,336.4,525850,3195400,335.6,336.5,65
2026-10-06 12:30:12,22687.5,2026-10-06,22900.0,PE,40722,220.1,1093755,10193625,219.1,219.65,65
2026-10-06 12:30:12,22687.5,2026-10-06,22450.0,CE,40689,238.35,1141270,35062820,237.3,237.9,65
2026-10-06 12:30:12,22687.5,2026-10-06,22400.0,PE,40688,3.4,21039785,241386730,3.35,3.4,65
2026-10-06 12:30:12,22687.5,2026-10-06,22900.0,CE,40721,2.05,17811170,247830310,2.0,2.05,65
2026-10-06 12:30:12,22687.5,2026-10-06,22400.0,CE,40687,287.0,1753245,23008440,286.4,287.1,65
2026-10-06 12:30:12,22687.5,2026-10-06,22850.0,PE,40720,171.2,966615,15155270,170.75,171.25,65
2026-10-06 12:30:12,22687.5,2026-10-06,22350.0,PE,40686,2.5,11702405,125502845,2.5,2.55,65
2026-10-06 12:30:12,22687.5,2026-10-06,22950.0,PE,40724,268.2,297765,1828645,267.9,268.75,65
2026-10-06 12:30:12,22687.5,2026-10-06,22950.0,CE,40723,1.15,7057960,160127955,1.15,1.2,65
2026-10-06 12:30:12,22687.5,2026-10-06,22850.0,CE,40717,4.0,13911625,208886340,4.0,4.05,65
2026-10-06 12:30:12,22687.5,2026-10-06,22800.0,PE,40716,126.35,6071845,75814765,126.4,126.6,65
2026-10-06 12:30:12,22687.5,2026-10-06,23300.0,CE,40751,0.3,7041320,37456835,0.25,0.3,65
2026-10-06 12:30:12,22687.5,2026-10-06,22150.0,PE,40674,1.35,9841845,64260170,1.3,1.35,65
2026-10-06 12:30:12,22687.5,2026-10-06,22150.0,CE,40673,532.3,104195,140075,534.6,536.25,65
2026-10-06 12:30:12,22687.5,2026-10-06,23250.0,PE,40750,568.1,170755,180895,566.35,568.25,65
2026-10-06 12:30:12,22687.5,2026-10-06,22100.0,PE,40672,1.2,14645215,97738160,1.15,1.2,65
2026-10-06 12:30:12,22687.5,2026-10-06,22100.0,CE,40671,585.4,133445,231790,584.2,585.65,65
2026-10-06 12:30:12,22687.5,2026-10-06,22250.0,PE,40678,1.7,8101340,86668530,1.65,1.7,65
2026-10-06 12:30:12,22687.5,2026-10-06,22700.0,PE,40711,53.55,27630200,382994365,53.45,53.6,65
2026-10-06 12:30:12,22687.5,2026-10-06,22250.0,CE,40677,435.35,326235,530790,434.8,436.3,65
2026-10-06 12:30:12,22687.5,2026-10-06,22700.0,CE,40710,36.55,31870020,759190250,36.5,36.6,65
2026-10-06 12:30:12,22687.5,2026-10-06,22200.0,PE,40676,1.4,16986970,115798735,1.4,1.45,65
2026-10-06 12:30:12,22687.5,2026-10-06,22200.0,CE,40675,485.95,335465,980590,484.35,486.05,65
2026-10-06 12:30:12,22687.5,2026-10-06,23300.0,PE,40752,615.85,721435,236925,615.55,617.9,65
2026-10-06 12:30:12,22687.5,2026-10-06,22800.0,CE,40715,9.0,28155465,477432865,8.85,8.9,65
2026-10-06 12:30:12,22687.5,2026-10-06,22750.0,PE,40714,85.9,7344155,107453125,85.6,85.75,65
2026-10-06 12:30:12,22687.5,2026-10-06,22750.0,CE,40712,18.95,20702760,448637280,18.75,18.85,65
2026-10-06 12:30:12,22687.5,2026-10-06,22300.0,CE,40679,386.05,747955,3522675,385.1,386.3,65
2026-10-06 12:30:12,22687.5,2026-10-06,23250.0,CE,40749,0.3,3952520,22925695,0.3,0.35,65
2026-10-06 12:30:12,22687.5,2026-10-06,22650.0,PE,40709,31.05,37677640,501705620,30.95,31.05,65
2026-10-06 12:35:25,22690.8,2026-10-06,22550.0,PE,40700,9.1,28002455,431351765,9.05,9.1,65
2026-10-06 12:35:25,22690.8,2026-10-06,23150.0,PE,40744,461.5,68575,71305,460.8,462.65,65
2026-10-06 12:35:25,22690.8,2026-10-06,23150.0,CE,40743,0.45,3558620,27592565,0.4,0.45,65
2026-10-06 12:35:25,22690.8,2026-10-06,23100.0,PE,40742,409.95,389870,371410,411.15,412.9,65
2026-10-06 12:35:25,22690.8,2026-10-06,23100.0,CE,40741,0.5,11769875,55259945,0.45,0.5,65
2026-10-06 12:35:25,22690.8,2026-10-06,22650.0,CE,40704,66.55,17436965,598457015,66.55,66.7,65
2026-10-06 12:35:25,22690.8,2026-10-06,22600.0,PE,40703,15.8,49823930,690431495,15.75,15.8,65
2026-10-06 12:35:25,22690.8,2026-10-06,23200.0,PE,40746,513.5,329485,224120,511.6,513.15,65
2026-10-06 12:35:25,22690.8,2026-10-06,23200.0,CE,40745,0.4,11099920,58165250,0.35,0.4,65
2026-10-06 12:35:25,22690.8,2026-10-06,22600.0,CE,40701,104.45,11604840,535772055,104.45,104.75,65
2026-10-06 12:35:25,22690.8,2026-10-06,22450.0,PE,40696,3.5,14446770,227265155,3.5,3.55,65
2026-10-06 12:35:25,22690.8,2026-10-06,23000.0,PE,40732,313.2,1158105,3757715,313.0,313.35,65
2026-10-06 12:35:25,22690.8,2026-10-06,22550.0,CE,40699,148.0,3807700,188666270,147.6,148.0,65
2026-10-06 12:35:25,22690.8,2026-10-06,22500.0,PE,40698,5.7,32345235,437371155,5.65,5.7,65
2026-10-06 12:35:25,22690.8,2026-10-06,23000.0,CE,40731,0.8,18456490,130969345,0.8,0.85,65
2026-10-06 12:35:25,22690.8,2026-10-06,22500.0,CE,40697,194.7,3628430,128694410,194.1,194.65,65
2026-10-06 12:35:25,22690.8,2026-10-06,23050.0,PE,40736,362.25,177385,285025,361.4,362.65,65
2026-10-06 12:35:25,22690.8,2026-10-06,23050.0,CE,40735,0.5,6486285,48264840,0.5,0.55,65
2026-10-06 12:35:25,22690.8,2026-10-06,22300.0,PE,40681,1.6,14632865,155204855,1.6,1.65,65
2026-10-06 12:35:25,22690.8,2026-10-06,22350.0,CE,40682,340.1,524745,3216785,340.6,341.65,65
2026-10-06 12:35:25,22690.8,2026-10-06,22900.0,PE,40722,214.1,1134185,10423920,213.65,214.2,65
2026-10-06 12:35:25,22690.8,2026-10-06,22450.0,CE,40689,242.45,1120340,35222980,241.95,242.6,65
2026-10-06 12:35:25,22690.8,2026-10-06,22400.0,PE,40688,2.65,20572695,249679170,2.6,2.65,65
2026-10-06 12:35:25,22690.8,2026-10-06,22900.0,CE,40721,2.05,17923425,255013265,2.0,2.05,65
2026-10-06 12:35:25,22690.8,2026-10-06,22400.0,CE,40687,292.7,1761760,23193495,291.15,291.75,65
2026-10-06 12:35:25,22690.8,2026-10-06,22850.0,PE,40720,165.65,985465,15574845,165.6,166.05,65
2026-10-06 12:35:25,22690.8,2026-10-06,22350.0,PE,40686,2.0,11299600,132370810,1.95,2.0,65
2026-10-06 12:35:25,22690.8,2026-10-06,22950.0,PE,40724,262.45,351065,1937910,262.55,263.2,65
2026-10-06 12:35:25,22690.8,2026-10-06,22950.0,CE,40723,1.15,6984900,161998330,1.15,1.2,65
2026-10-06 12:35:25,22690.8,2026-10-06,22850.0,CE,40717,4.05,14321840,214915025,4.05,4.1,65
2026-10-06 12:35:25,22690.8,2026-10-06,22800.0,PE,40716,121.65,6425315,78362375,121.3,121.65,65
2026-10-06 12:35:25,22690.8,2026-10-06,23300.0,CE,40751,0.3,7037810,37607700,0.25,0.3,65
2026-10-06 12:35:25,22690.8,2026-10-06,22150.0,PE,40674,1.1,9798100,65478855,1.05,1.1,65
2026-10-06 12:35:25,22690.8,2026-10-06,22150.0,CE,40673,540.3,104585,140530,539.7,541.15,65
2026-10-06 12:35:25,22690.8,2026-10-06,23250.0,PE,40750,561.55,170885,181415,560.3,562.55,65
2026-10-06 12:35:25,22690.8,2026-10-06,22100.0,PE,40672,0.95,14681420,99052850,0.95,1.0,65
2026-10-06 12:35:25,22690.8,2026-10-06,22100.0,CE,40671,592.75,133120,232050,589.75,590.9,65
2026-10-06 12:35:25,22690.8,2026-10-06,22250.0,PE,40678,1.35,8168160,87661275,1.35,1.4,65
2026-10-06 12:35:25,22690.8,2026-10-06,22700.0,PE,40711,49.45,28915575,397620470,49.35,49.45,65
2026-10-06 12:35:25,22690.8,2026-10-06,22250.0,CE,40677,440.15,324935,536185,439.75,441.35,65
2026-10-06 12:35:25,22690.8,2026-10-06,22700.0,CE,40710,38.15,31766670,780093860,38.25,38.35,65
2026-10-06 12:35:25,22690.8,2026-10-06,22200.0,PE,40676,1.2,16989505,117386425,1.2,1.25,65
2026-10-06 12:35:25,22690.8,2026-10-06,22200.0,CE,40675,489.0,334815,984100,489.65,490.9,65
2026-10-06 12:35:25,22690.8,2026-10-06,23300.0,PE,40752,611.85,720395,241995,610.05,611.9,65
2026-10-06 12:35:25,22690.8,2026-10-06,22800.0,CE,40715,9.35,28738125,490424350,9.3,9.35,65
2026-10-06 12:35:25,22690.8,2026-10-06,22750.0,PE,40714,81.55,7750860,111529730,81.25,81.45,65
2026-10-06 12:35:25,22690.8,2026-10-06,22750.0,CE,40712,19.8,21873280,462160205,19.75,19.8,65
2026-10-06 12:35:25,22690.8,2026-10-06,22300.0,CE,40679,390.05,746720,3543735,390.05,390.75,65
2026-10-06 12:35:25,22690.8,2026-10-06,23250.0,CE,40749,0.35,3981120,22992840,0.3,0.35,65
2026-10-06 12:35:25,22690.8,2026-10-06,22650.0,PE,40709,27.85,37805365,516861085,27.85,27.9,65
2026-10-06 12:40:18,22711.55,2026-10-06,22550.0,PE,40700,6.8,26928395,447299905,6.8,6.85,65
2026-10-06 12:40:18,22711.55,2026-10-06,23150.0,PE,40744,442.5,70200,73775,438.35,440.1,65
2026-10-06 12:40:18,22711.55,2026-10-06,23150.0,CE,40743,0.4,3592225,28392130,0.4,0.45,65
2026-10-06 12:40:18,22711.55,2026-10-06,23100.0,PE,40742,391.15,390130,385515,388.6,389.65,65
2026-10-06 12:40:18,22711.55,2026-10-06,23100.0,CE,40741,0.45,11680890,56549610,0.45,0.5,65
2026-10-06 12:40:18,22711.55,2026-10-06,22650.0,CE,40704,81.55,15110745,615457635,81.65,81.85,65
2026-10-06 12:40:18,22711.55,2026-10-06,22600.0,PE,40703,11.45,48133540,715262275,11.4,11.45,65
2026-10-06 12:40:18,22711.55,2026-10-06,23200.0,PE,40746,489.8,324870,241215,488.7,490.35,65
2026-10-06 12:40:18,22711.55,2026-10-06,23200.0,CE,40745,0.35,11136255,59129330,0.35,0.4,65
2026-10-06 12:40:18,22711.55,2026-10-06,22600.0,CE,40701,123.0,10033660,546310895,122.85,123.0,65
2026-10-06 12:40:18,22711.55,2026-10-06,22450.0,PE,40696,2.95,13918385,235292590,2.9,2.95,65
2026-10-06 12:40:18,22711.55,2026-10-06,23000.0,PE,40732,291.6,1188005,3934970,290.25,290.7,65
2026-10-06 12:40:18,22711.55,2026-10-06,22550.0,CE,40699,167.45,3398720,191470955,166.95,167.35,65
2026-10-06 12:40:18,22711.55,2026-10-06,22500.0,PE,40698,4.35,30609865,452880480,4.3,4.35,65
2026-10-06 12:40:18,22711.55,2026-10-06,23000.0,CE,40731,0.9,18013775,135046925,0.9,0.95,65
2026-10-06 12:40:18,22711.55,2026-10-06,22500.0,CE,40697,214.3,3403855,130969540,214.2,214.9,65
2026-10-06 12:40:18,22711.55,2026-10-06,23050.0,PE,40736,341.35,176345,298610,338.35,339.5,65
2026-10-06 12:40:18,22711.55,2026-10-06,23050.0,CE,40735,0.55,6545760,50003135,0.55,0.6,65
2026-10-06 12:40:18,22711.55,2026-10-06,22300.0,PE,40681,1.4,14407705,159936725,1.4,1.45,65
2026-10-06 12:40:18,22711.55,2026-10-06,22350.0,CE,40682,361.5,521690,3248765,363.15,364.35,65
2026-10-06 12:40:18,22711.55,2026-10-06,22900.0,PE,40722,193.05,1126840,11060335,192.55,193.1,65
2026-10-06 12:40:18,22711.55,2026-10-06,22450.0,CE,40689,263.7,1065350,35528610,262.8,263.5,65
2026-10-06 12:40:18,22711.55,2026-10-06,22400.0,PE,40688,2.25,20019935,260294450,2.25,2.3,65
2026-10-06 12:40:18,22711.55,2026-10-06,22900.0,CE,40721,2.6,17326205,266614205,2.55,2.6,65
2026-10-06 12:40:18,22711.55,2026-10-06,22400.0,CE,40687,313.35,1762085,23534290,313.7,314.5,65
2026-10-06 12:40:18,22711.55,2026-10-06,22850.0,PE,40720,145.45,1016665,16436420,145.35,145.75,65
2026-10-06 12:40:18,22711.55,2026-10-06,22350.0,PE,40686,1.75,10963550,138363030,1.75,1.8,65
2026-10-06 12:40:18,22711.55,2026-10-06,22950.0,PE,40724,240.7,304395,2086500,240.0,240.35,65
2026-10-06 12:40:18,22711.55,2026-10-06,22950.0,CE,40723,1.4,7550205,169396825,1.35,1.4,65
2026-10-06 12:40:18,22711.55,2026-10-06,22850.0,CE,40717,5.5,14582425,226737680,5.45,5.5,65
2026-10-06 12:40:18,22711.55,2026-10-06,22800.0,PE,40716,101.85,6313060,83289050,102.45,102.75,65
2026-10-06 12:40:18,22711.55,2026-10-06,23300.0,CE,40751,0.3,7058675,39453375,0.3,0.35,65
2026-10-06 12:40:18,22711.55,2026-10-06,22150.0,PE,40674,0.95,9578335,67322580,0.9,0.95,65
2026-10-06 12:40:18,22711.55,2026-10-06,22150.0,CE,40673,562.0,104065,143260,561.6,563.4,65
2026-10-06 12:40:18,22711.55,2026-10-06,23250.0,PE,40750,539.8,170820,183495,538.2,540.6,65
2026-10-06 12:40:18,22711.55,2026-10-06,22100.0,PE,40672,0.95,14717430,100967750,0.9,0.95,65
2026-10-06 12:40:18,22711.55,2026-10-06,22100.0,CE,40671,608.5,132925,233740,611.2,612.9,65
2026-10-06 12:40:18,22711.55,2026-10-06,22250.0,PE,40678,1.2,7916285,89311105,1.2,1.25,65
2026-10-06 12:40:18,22711.55,2026-10-06,22700.0,PE,40711,37.45,31139615,422615375,37.25,37.35,65
2026-10-06 12:40:18,22711.55,2026-10-06,22250.0,CE,40677,461.75,325130,540865,460.95,462.45,65
2026-10-06 12:40:18,22711.55,2026-10-06,22700.0,CE,40710,49.25,29002415,817561485,49.2,49.25,65
2026-10-06 12:40:18,22711.55,2026-10-06,22200.0,PE,40676,1.05,16652350,120344315,1.0,1.05,65
2026-10-06 12:40:18,22711.55,2026-10-06,22200.0,CE,40675,510.55,330135,998790,511.05,512.45,65
2026-10-06 12:40:18,22711.55,2026-10-06,23300.0,PE,40752,589.0,719290,252330,588.65,590.6,65
2026-10-06 12:40:18,22711.55,2026-10-06,22800.0,CE,40715,12.7,28067000,514786545,12.45,12.5,65
2026-10-06 12:40:18,22711.55,2026-10-06,22750.0,PE,40714,65.15,8264815,119376660,65.0,65.15,65
2026-10-06 12:40:18,22711.55,2026-10-06,22750.0,CE,40712,26.3,21618545,487934590,26.25,26.3,65
2026-10-06 12:40:18,22711.55,2026-10-06,22300.0,CE,40679,411.65,732680,3619980,412.35,413.85,65
2026-10-06 12:40:18,22711.55,2026-10-06,23250.0,CE,40749,0.35,3928470,24206910,0.35,0.4,65
2026-10-06 12:40:18,22711.55,2026-10-06,22650.0,PE,40709,20.5,36488075,540550400,20.4,20.5,65
2026-10-06 12:45:16,22723.5,2026-10-06,22550.0,PE,40700,5.85,26525915,462516730,5.85,5.9,65
2026-10-06 12:45:16,22723.5,2026-10-06,23150.0,PE,40744,421.95,73190,78975,419.55,423.55,65
2026-10-06 12:45:16,22723.5,2026-10-06,23150.0,CE,40743,0.4,3687710,29700775,0.4,0.45,65
2026-10-06 12:45:16,22723.5,2026-10-06,23100.0,PE,40742,370.7,394095,403780,370.8,371.7,65
2026-10-06 12:45:16,22723.5,2026-10-06,23100.0,CE,40741,0.5,11872640,59693790,0.45,0.5,65
2026-10-06 12:45:16,22723.5,2026-10-06,22650.0,CE,40704,95.4,13024895,631674810,96.05,96.3,65
2026-10-06 12:45:16,22723.5,2026-10-06,22600.0,PE,40703,9.55,47929245,739461840,9.45,9.5,65
2026-10-06 12:45:16,22723.5,2026-10-06,23200.0,PE,40746,471.1,349570,273975,470.95,472.0,65
2026-10-06 12:45:16,22723.5,2026-10-06,23200.0,CE,40745,0.4,10994425,61763260,0.4,0.45,65
2026-10-06 12:45:16,22723.5,2026-10-06,22600.0,CE,40701,138.75,9338355,555918545,138.85,139.15,65
2026-10-06 12:45:16,22723.5,2026-10-06,22450.0,PE,40696,2.8,13212550,244155535,2.75,2.8,65
2026-10-06 12:45:16,22723.5,2026-10-06,23000.0,PE,40732,272.7,1239875,4130295,272.0,272.2,65
2026-10-06 12:45:16,22723.5,2026-10-06,22550.0,CE,40699,185.15,2988960,194086750,185.3,185.65,65
2026-10-06 12:45:16,22723.5,2026-10-06,22500.0,PE,40698,3.85,29135145,467199655,3.85,3.9,65
2026-10-06 12:45:16,22723.5,2026-10-06,23000.0,CE,40731,1.15,18487950,142156820,1.1,1.15,65
2026-10-06 12:45:16,22723.5,2026-10-06,22500.0,CE,40697,232.95,3186365,133015350,232.5,232.95,65
2026-10-06 12:45:16,22723.5,2026-10-06,23050.0,PE,40736,321.9,180895,314405,320.55,321.55,65
2026-10-06 12:45:16,22723.5,2026-10-06,23050.0,CE,40735,0.7,6390085,51924015,0.65,0.7,65
2026-10-06 12:45:16,22723.5,2026-10-06,22300.0,PE,40681,1.5,14029405,163620535,1.5,1.55,65
2026-10-06 12:45:16,22723.5,2026-10-06,22350.0,CE,40682,381.8,513760,3304275,381.2,382.6,65
2026-10-06 12:45:16,22723.5,2026-10-06,22900.0,PE,40722,175.2,1250340,11830715,174.15,174.45,65
2026-10-06 12:45:16,22723.5,2026-10-06,22450.0,CE,40689,282.05,1015105,35801220,281.4,282.1,65
2026-10-06 12:45:16,22723.5,2026-10-06,22400.0,PE,40688,2.25,19219135,267560540,2.2,2.25,65
2026-10-06 12:45:16,22723.5,2026-10-06,22900.0,CE,40721,3.35,17975815,284118315,3.4,3.45,65
2026-10-06 12:45:16,22723.5,2026-10-06,22400.0,CE,40687,332.1,1675310,23968555,332.0,333.0,65
2026-10-06 12:45:16,22723.5,2026-10-06,22850.0,PE,40720,128.9,1140035,17517240,128.8,129.1,65
2026-10-06 12:45:16,22723.5,2026-10-06,22350.0,PE,40686,1.8,10795265,144206205,1.8,1.85,65
2026-10-06 12:45:16,22723.5,2026-10-06,22950.0,PE,40724,222.85,389740,2330510,222.1,222.75,65
2026-10-06 12:45:16,22723.5,2026-10-06,22950.0,CE,40723,1.8,7360730,179798125,1.75,1.8,65
2026-10-06 12:45:16,22723.5,2026-10-06,22850.0,CE,40717,7.45,15383680,246042355,7.4,7.45,65
2026-10-06 12:45:16,22723.5,2026-10-06,22800.0,PE,40716,87.65,7305740,89292515,87.6,87.75,65
2026-10-06 12:45:16,22723.5,2026-10-06,23300.0,CE,40751,0.3,7005115,40580280,0.3,0.35,65
2026-10-06 12:45:16,22723.5,2026-10-06,22150.0,PE,40674,1.05,8790535,69756830,1.0,1.05,65
2026-10-06 12:45:16,22723.5,2026-10-06,22150.0,CE,40673,582.7,104520,146640,580.3,581.9,65
2026-10-06 12:45:16,22723.5,2026-10-06,23250.0,PE,40750,522.3,170820,188890,519.95,521.75,65
2026-10-06 12:45:16,22723.5,2026-10-06,22100.0,PE,40672,0.95,14172925,104333840,0.9,0.95,65
2026-10-06 12:45:16,22723.5,2026-10-06,22100.0,CE,40671,626.1,132925,237640,629.8,631.95,65
2026-10-06 12:45:16,22723.5,2026-10-06,22250.0,PE,40678,1.3,7984275,92578655,1.25,1.3,65
2026-10-06 12:45:16,22723.5,2026-10-06,22700.0,PE,40711,30.0,35129055,452618530,30.05,30.15,65
2026-10-06 12:45:16,22723.5,2026-10-06,22250.0,CE,40677,480.6,316875,557310,480.6,482.1,65
2026-10-06 12:45:16,22723.5,2026-10-06,22700.0,CE,40710,60.15,25773605,857289615,59.9,60.05,65
2026-10-06 12:45:16,22723.5,2026-10-06,22200.0,PE,40676,1.15,16220555,123434805,1.15,1.2,65
2026-10-06 12:45:16,22723.5,2026-10-06,22200.0,CE,40675,532.4,330265,1013935,529.95,531.55,65
2026-10-06 12:45:16,22723.5,2026-10-06,23300.0,PE,40752,574.8,718510,269100,568.7,570.8,65
2026-10-06 12:45:16,22723.5,2026-10-06,22800.0,CE,40715,16.5,27594255,552288295,16.35,16.45,65
2026-10-06 12:45:16,22723.5,2026-10-06,22750.0,PE,40714,54.0,9414535,130537095,53.65,53.7,65
2026-10-06 12:45:16,22723.5,2026-10-06,22750.0,CE,40712,33.2,20714980,523295890,33.65,33.75,65
2026-10-06 12:45:16,22723.5,2026-10-06,22300.0,CE,40679,432.7,723450,3683095,431.5,432.8,65
2026-10-06 12:45:16,22723.5,2026-10-06,23250.0,CE,40749,0.4,4044885,26404690,0.35,0.4,65
2026-10-06 12:45:16,22723.5,2026-10-06,22650.0,PE,40709,16.45,36567570,559392665,16.25,16.35,65
2026-10-06 12:51:23,22713.35,2026-10-06,22550.0,PE,40700,6.45,26031395,471855995,6.35,6.4,65
2026-10-06 12:51:23,22713.35,2026-10-06,23150.0,PE,40744,430.75,74165,88855,429.3,431.5,65
2026-10-06 12:51:23,22713.35,2026-10-06,23150.0,CE,40743,0.4,3621995,30537390,0.4,0.45,65
2026-10-06 12:51:23,22713.35,2026-10-06,23100.0,PE,40742,380.6,393055,418990,381.1,382.35,65
2026-10-06 12:51:23,22713.35,2026-10-06,23100.0,CE,40741,0.45,11721320,62862410,0.45,0.5,65
2026-10-06 12:51:23,22713.35,2026-10-06,22650.0,CE,40704,87.25,12527645,643416475,87.1,87.2,65
2026-10-06 12:51:23,22713.35,2026-10-06,22600.0,PE,40703,10.6,48069905,758958005,10.6,10.65,65
2026-10-06 12:51:23,22713.35,2026-10-06,23200.0,PE,40746,480.65,349375,283270,480.6,481.95,65
2026-10-06 12:51:23,22713.35,2026-10-06,23200.0,CE,40745,0.35,11362845,64259130,0.35,0.4,65
2026-10-06 12:51:23,22713.35,2026-10-06,22600.0,CE,40701,129.9,8706815,563125160,129.6,129.9,65
2026-10-06 12:51:23,22713.35,2026-10-06,22450.0,PE,40696,2.95,12717835,252982275,2.95,3.0,65
2026-10-06 12:51:23,22713.35,2026-10-06,23000.0,PE,40732,281.9,1272505,4338880,282.4,283.15,65
2026-10-06 12:51:23,22713.35,2026-10-06,22550.0,CE,40699,175.45,2990455,195714805,175.8,176.15,65
2026-10-06 12:51:23,22713.35,2026-10-06,22500.0,PE,40698,4.15,28646085,479515530,4.15,4.2,65
2026-10-06 12:51:23,22713.35,2026-10-06,23000.0,CE,40731,1.0,18939310,147906135,1.0,1.05,65
2026-10-06 12:51:23,22713.35,2026-10-06,22500.0,CE,40697,222.95,3115580,134209595,223.5,223.55,65
2026-10-06 12:51:23,22713.35,2026-10-06,23050.0,PE,40736,332.4,184990,334685,331.15,332.15,65
2026-10-06 12:51:23,22713.35,2026-10-06,23050.0,CE,40735,0.65,6280235,53271335,0.6,0.65,65
2026-10-06 12:51:23,22713.35,2026-10-06,22300.0,PE,40681,1.5,14792635,169991770,1.45,1.5,65
2026-10-06 12:51:23,22713.35,2026-10-06,22350.0,CE,40682,372.0,515840,3359915,370.6,371.7,65
2026-10-06 12:51:23,22713.35,2026-10-06,22900.0,PE,40722,184.15,1308125,12554750,183.7,184.15,65
2026-10-06 12:51:23,22713.35,2026-10-06,22450.0,CE,40689,271.3,997880,35997520,271.0,271.8,65
2026-10-06 12:51:23,22713.35,2026-10-06,22400.0,PE,40688,2.3,18843240,274058655,2.25,2.3,65
2026-10-06 12:51:23,22713.35,2026-10-06,22900.0,CE,40721,2.85,18461755,296953540,2.8,2.85,65
2026-10-06 12:51:23,22713.35,2026-10-06,22400.0,CE,40687,322.85,1643525,24180585,321.05,321.95,65
2026-10-06 12:51:23,22713.35,2026-10-06,22850.0,PE,40720,137.85,1292460,18862285,136.95,137.35,65
2026-10-06 12:51:23,22713.35,2026-10-06,22350.0,PE,40686,1.9,10996635,149990620,1.85,1.9,65
2026-10-06 12:51:23,22713.35,2026-10-06,22950.0,PE,40724,233.3,381355,2461355,232.5,233.15,65
2026-10-06 12:51:23,22713.35,2026-10-06,22950.0,CE,40723,1.55,7701135,191540440,1.55,1.6,65
2026-10-06 12:51:23,22713.35,2026-10-06,22850.0,CE,40717,6.2,16409380,265244980,6.2,6.25,65
2026-10-06 12:51:23,22713.35,2026-10-06,22800.0,PE,40716,95.55,7890805,95251260,95.6,95.8,65
2026-10-06 12:51:23,22713.35,2026-10-06,23300.0,CE,40751,0.35,6971965,41219880,0.3,0.35,65
2026-10-06 12:51:23,22713.35,2026-10-06,22150.0,PE,40674,1.05,8502520,71704035,1.05,1.1,65
2026-10-06 12:51:23,22713.35,2026-10-06,22150.0,CE,40673,572.4,106275,149305,570.75,572.3,65
2026-10-06 12:51:23,22713.35,2026-10-06,23250.0,PE,40750,534.9,170950,192140,529.9,532.6,65
2026-10-06 12:51:23,22713.35,2026-10-06,22100.0,PE,40672,1.0,13671580,107821090,0.95,1.0,65
2026-10-06 12:51:23,22713.35,2026-10-06,22100.0,CE,40671,622.2,132665,239330,620.8,622.2,65
2026-10-06 12:51:23,22713.35,2026-10-06,22250.0,PE,40678,1.25,8262150,95311255,1.25,1.3,65
2026-10-06 12:51:23,22713.35,2026-10-06,22700.0,PE,40711,33.8,38188410,480894765,33.75,33.8,65
2026-10-06 12:51:23,22713.35,2026-10-06,22250.0,CE,40677,472.35,318045,565565,470.3,471.7,65
2026-10-06 12:51:23,22713.35,2026-10-06,22700.0,CE,40710,52.9,25318735,889485805,52.9,53.0,65
2026-10-06 12:51:23,22713.35,2026-10-06,22200.0,PE,40676,1.15,16162575,126339915,1.15,1.2,65
2026-10-06 12:51:23,22713.35,2026-10-06,22200.0,CE,40675,521.4,330655,1026545,520.55,522.0,65
2026-10-06 12:51:23,22713.35,2026-10-06,23300.0,PE,40752,578.75,718120,279435,579.6,581.25,65
2026-10-06 12:51:23,22713.35,2026-10-06,22800.0,CE,40715,13.75,28504190,586004965,13.75,13.85,65
2026-10-06 12:51:23,22713.35,2026-10-06,22750.0,PE,40714,59.75,11002550,142732265,59.65,59.75,65
2026-10-06 12:51:23,22713.35,2026-10-06,22750.0,CE,40712,28.75,23087415,557438375,28.65,28.75,65
2026-10-06 12:51:23,22713.35,2026-10-06,22300.0,CE,40679,420.05,720395,3722745,420.15,421.45,65
2026-10-06 12:51:23,22713.35,2026-10-06,23250.0,CE,40749,0.4,4141020,27753700,0.35,0.4,65
2026-10-06 12:51:23,22713.35,2026-10-06,22650.0,PE,40709,18.15,37660155,577575310,18.15,18.25,65
2026-10-06 12:55:17,22707.45,2026-10-06,22550.0,PE,40700,7.3,26317265,476810750,7.25,7.3,65
2026-10-06 12:55:17,22707.45,2026-10-06,23150.0,PE,40744,433.0,73775,89635,440.55,443.25,65
2026-10-06 12:55:17,22707.45,2026-10-06,23150.0,CE,40743,0.4,3607695,30687020,0.4,0.45,65
2026-10-06 12:55:17,22707.45,2026-10-06,23100.0,PE,40742,391.9,392210,423930,391.95,393.1,65
2026-10-06 12:55:17,22707.45,2026-10-06,23100.0,CE,40741,0.45,11791130,63156665,0.45,0.5,65
2026-10-06 12:55:17,22707.45,2026-10-06,22650.0,CE,40704,79.7,13122005,649452570,78.4,78.6,65
2026-10-06 12:55:17,22707.45,2026-10-06,22600.0,PE,40703,12.0,47960055,770007745,12.0,12.05,65
2026-10-06 12:55:17,22707.45,2026-10-06,23200.0,PE,40746,490.1,348985,285935,492.2,494.05,65
2026-10-06 12:55:17,22707.45,2026-10-06,23200.0,CE,40745,0.4,11499085,64481495,0.35,0.4,65
2026-10-06 12:55:17,22707.45,2026-10-06,22600.0,CE,40701,120.8,8479835,567182980,120.7,120.95,65
2026-10-06 12:55:17,22707.45,2026-10-06,22450.0,PE,40696,3.25,12546755,255888490,3.2,3.25,65
2026-10-06 12:55:17,22707.45,2026-10-06,23000.0,PE,40732,294.25,1284270,4467450,293.05,293.75,65
2026-10-06 12:55:17,22707.45,2026-10-06,22550.0,CE,40699,166.6,3040765,196769365,166.05,166.45,65
2026-10-06 12:55:17,22707.45,2026-10-06,22500.0,PE,40698,4.75,28761265,484593135,4.7,4.75,65
2026-10-06 12:55:17,22707.45,2026-10-06,23000.0,CE,40731,0.95,18785130,149730165,0.95,1.0,65
2026-10-06 12:55:17,22707.45,2026-10-06,22500.0,CE,40697,213.9,3104530,134833920,213.4,213.85,65
2026-10-06 12:55:17,22707.45,2026-10-06,23050.0,PE,40736,342.35,181610,343525,342.05,343.15,65
2026-10-06 12:55:17,22707.45,2026-10-06,23050.0,CE,40735,0.65,6258655,53418365,0.6,0.65,65
2026-10-06 12:55:17,22707.45,2026-10-06,22300.0,PE,40681,1.55,14426620,171332265,1.5,1.55,65
2026-10-06 12:55:17,22707.45,2026-10-06,22350.0,CE,40682,361.0,513565,3371485,359.6,360.65,65
2026-10-06 12:55:17,22707.45,2026-10-06,22900.0,PE,40722,194.0,1261130,13031590,193.6,194.1,65
2026-10-06 12:55:17,22707.45,2026-10-06,22450.0,CE,40689,262.0,996710,36080135,261.75,262.5,65
2026-10-06 12:55:17,22707.45,2026-10-06,22400.0,PE,40688,2.5,18811130,277089345,2.45,2.5,65
2026-10-06 12:55:17,22707.45,2026-10-06,22900.0,CE,40721,2.35,18096585,302849820,2.3,2.35,65
2026-10-06 12:55:17,22707.45,2026-10-06,22400.0,CE,40687,311.0,1663220,24282505,310.45,311.0,65
2026-10-06 12:55:17,22707.45,2026-10-06,22850.0,PE,40720,146.6,1237405,19492590,146.25,146.6,65
2026-10-06 12:55:17,22707.45,2026-10-06,22350.0,PE,40686,1.9,10995335,151509670,1.9,1.95,65
2026-10-06 12:55:17,22707.45,2026-10-06,22950.0,PE,40724,242.6,378820,2524340,242.7,243.05,65
2026-10-06 12:55:17,22707.45,2026-10-06,22950.0,CE,40723,1.4,7785765,195000000,1.35,1.4,65
2026-10-06 12:55:17,22707.45,2026-10-06,22850.0,CE,40717,5.0,16741790,273528060,4.95,5.0,65
2026-10-06 12:55:17,22707.45,2026-10-06,22800.0,PE,40716,102.95,7754110,98836400,103.0,103.3,65
2026-10-06 12:55:17,22707.45,2026-10-06,23300.0,CE,40751,0.3,6945185,41624570,0.3,0.35,65
2026-10-06 12:55:17,22707.45,2026-10-06,22150.0,PE,40674,1.05,8574865,72081685,1.05,1.1,65
2026-10-06 12:55:17,22707.45,2026-10-06,22150.0,CE,40673,561.5,106340,149435,559.9,561.6,65
2026-10-06 12:55:17,22707.45,2026-10-06,23250.0,PE,40750,543.75,170625,193245,541.6,543.65,65
2026-10-06 12:55:17,22707.45,2026-10-06,22100.0,PE,40672,1.0,13615030,108514965,0.95,1.0,65
2026-10-06 12:55:17,22707.45,2026-10-06,22100.0,CE,40671,621.1,132730,239655,609.65,611.4,65
2026-10-06 12:55:17,22707.45,2026-10-06,22250.0,PE,40678,1.35,8210085,95704830,1.3,1.35,65
2026-10-06 12:55:17,22707.45,2026-10-06,22700.0,PE,40711,37.65,38166180,500529250,38.05,38.15,65
2026-10-06 12:55:17,22707.45,2026-10-06,22250.0,CE,40677,460.05,318110,566735,459.7,461.35,65
2026-10-06 12:55:17,22707.45,2026-10-06,22700.0,CE,40710,46.7,25968280,905342100,46.05,46.15,65
2026-10-06 12:55:17,22707.45,2026-10-06,22200.0,PE,40676,1.2,16106025,127258235,1.15,1.2,65
2026-10-06 12:55:17,22707.45,2026-10-06,22200.0,CE,40675,512.05,331110,1028170,509.55,511.3,65
2026-10-06 12:55:17,22707.45,2026-10-06,23300.0,PE,40752,591.85,718055,283790,590.25,591.9,65
2026-10-06 12:55:17,22707.45,2026-10-06,22800.0,CE,40715,11.45,29486080,600662465,11.45,11.5,65
2026-10-06 12:55:17,22707.45,2026-10-06,22750.0,PE,40714,65.6,10596690,149770660,66.1,66.2,65
2026-10-06 12:55:17,22707.45,2026-10-06,22750.0,CE,40712,24.45,24272365,573900990,24.45,24.55,65
2026-10-06 12:55:17,22707.45,2026-10-06,22300.0,CE,40679,410.4,711815,3773835,410.0,410.8,65
2026-10-06 12:55:17,22707.45,2026-10-06,23250.0,CE,40749,0.4,4148560,28154880,0.35,0.4,65
2026-10-06 12:55:17,22707.45,2026-10-06,22650.0,PE,40709,20.4,37892725,587186405,20.7,20.8,65
2026-10-06 13:00:20,22709.45,2026-10-06,22550.0,PE,40700,7.25,26280605,482199770,7.25,7.3,65
2026-10-06 13:00:20,22709.45,2026-10-06,23150.0,PE,40744,437.0,73190,90480,441.3,443.2,65
2026-10-06 13:00:20,22709.45,2026-10-06,23150.0,CE,40743,0.4,3640650,30876235,0.35,0.4,65
2026-10-06 13:00:20,22709.45,2026-10-06,23100.0,PE,40742,393.15,392340,427050,391.65,393.1,65
2026-10-06 13:00:20,22709.45,2026-10-06,23100.0,CE,40741,0.4,11830390,64021360,0.4,0.45,65
2026-10-06 13:00:20,22709.45,2026-10-06,22650.0,CE,40704,78.2,13534755,656146920,78.5,78.7,65
2026-10-06 13:00:20,22709.45,2026-10-06,22600.0,PE,40703,12.0,47474765,782023255,12.0,12.05,65
2026-10-06 13:00:20,22709.45,2026-10-06,23200.0,PE,40746,493.25,347750,287950,492.05,493.5,65
2026-10-06 13:00:20,22709.45,2026-10-06,23200.0,CE,40745,0.35,11432005,64878515,0.35,0.4,65
2026-10-06 13:00:20,22709.45,2026-10-06,22600.0,CE,40701,120.6,8665800,571029160,120.45,120.6,65
2026-10-06 13:00:20,22709.45,2026-10-06,22450.0,PE,40696,3.2,12630410,258685570,3.2,3.25,65
2026-10-06 13:00:20,22709.45,2026-10-06,23000.0,PE,40732,293.05,1263210,4562285,292.9,293.7,65
2026-10-06 13:00:20,22709.45,2026-10-06,22550.0,CE,40699,165.35,3131960,198315130,165.15,165.55,65
2026-10-06 13:00:20,22709.45,2026-10-06,22500.0,PE,40698,4.65,28004340,489754655,4.65,4.7,65
2026-10-06 13:00:20,22709.45,2026-10-06,23000.0,CE,40731,0.95,18752110,151563945,0.95,1.0,65
2026-10-06 13:00:20,22709.45,2026-10-06,22500.0,CE,40697,213.05,3115060,135549570,212.5,213.05,65
2026-10-06 13:00:20,22709.45,2026-10-06,23050.0,PE,40736,343.2,180700,352365,342.2,343.4,65
2026-10-06 13:00:20,22709.45,2026-10-06,23050.0,CE,40735,0.6,6253195,53603680,0.6,0.65,65
2026-10-06 13:00:20,22709.45,2026-10-06,22300.0,PE,40681,1.5,14219075,174154695,1.45,1.5,65
2026-10-06 13:00:20,22709.45,2026-10-06,22350.0,CE,40682,360.0,514410,3382600,360.0,360.85,65
2026-10-06 13:00:20,22709.45,2026-10-06,22900.0,PE,40722,194.45,1223950,13417690,194.6,195.1,65
2026-10-06 13:00:20,22709.45,2026-10-06,22450.0,CE,40689,261.6,1008865,36192390,261.25,261.9,65
2026-10-06 13:00:20,22709.45,2026-10-06,22400.0,PE,40688,2.4,18970965,281456500,2.4,2.45,65
2026-10-06 13:00:20,22709.45,2026-10-06,22900.0,CE,40721,2.35,18244980,310560640,2.3,2.35,65
2026-10-06 13:00:20,22709.45,2026-10-06,22400.0,CE,40687,311.05,1668095,24425245,310.3,311.15,65
2026-10-06 13:00:20,22709.45,2026-10-06,22850.0,PE,40720,147.1,1231230,20088965,147.35,147.7,65
2026-10-06 13:00:20,22709.45,2026-10-06,22350.0,PE,40686,1.85,11416860,153919220,1.85,1.9,65
2026-10-06 13:00:20,22709.45,2026-10-06,22950.0,PE,40724,243.65,344630,2607800,243.4,243.95,65
2026-10-06 13:00:20,22709.45,2026-10-06,22950.0,CE,40723,1.35,7829315,199924270,1.3,1.35,65
2026-10-06 13:00:20,22709.45,2026-10-06,22850.0,CE,40717,4.9,17325295,280815860,4.9,4.95,65
2026-10-06 13:00:20,22709.45,2026-10-06,22800.0,PE,40716,103.8,7689695,102319620,103.55,103.7,65
2026-10-06 13:00:20,22709.45,2026-10-06,23300.0,CE,40751,0.3,6927765,42117270,0.25,0.3,65
2026-10-06 13:00:20,22709.45,2026-10-06,22150.0,PE,40674,1.05,8477105,72781800,1.0,1.05,65
2026-10-06 13:00:20,22709.45,2026-10-06,22150.0,CE,40673,563.05,106470,149760,559.25,561.1,65
2026-10-06 13:00:20,22709.45,2026-10-06,23250.0,PE,40750,539.15,170105,193635,540.85,543.0,65
2026-10-06 13:00:20,22709.45,2026-10-06,22100.0,PE,40672,1.0,13741780,109652530,0.95,1.0,65
2026-10-06 13:00:20,22709.45,2026-10-06,22100.0,CE,40671,613.2,132795,240175,609.1,610.65,65
2026-10-06 13:00:20,22709.45,2026-10-06,22250.0,PE,40678,1.25,8522215,96922605,1.25,1.3,65
2026-10-06 13:00:20,22709.45,2026-10-06,22700.0,PE,40711,37.3,38262445,520206505,37.35,37.45,65
2026-10-06 13:00:20,22709.45,2026-10-06,22250.0,CE,40677,464.65,318175,568555,458.9,460.4,65
2026-10-06 13:00:20,22709.45,2026-10-06,22700.0,CE,40710,46.2,26858455,926022435,46.15,46.3,65
2026-10-06 13:00:20,22709.45,2026-10-06,22200.0,PE,40676,1.1,16271060,129062375,1.1,1.15,65
2026-10-06 13:00:20,22709.45,2026-10-06,22200.0,CE,40675,512.8,332410,1031290,508.8,510.65,65
2026-10-06 13:00:20,22709.45,2026-10-06,23300.0,PE,40752,588.1,718120,291655,590.6,592.15,65
2026-10-06 13:00:20,22709.45,2026-10-06,22800.0,CE,40715,11.3,30565210,617235515,11.3,11.35,65
2026-10-06 13:00:20,22709.45,2026-10-06,22750.0,PE,40714,66.0,10372895,156708630,66.0,66.15,65
2026-10-06 13:00:20,22709.45,2026-10-06,22750.0,CE,40712,24.0,26112190,592962240,23.85,23.95,65
2026-10-06 13:00:20,22709.45,2026-10-06,22300.0,CE,40679,409.0,712400,3783000,409.85,411.05,65
2026-10-06 13:00:20,22709.45,2026-10-06,23250.0,CE,40749,0.35,4142385,28865655,0.3,0.35,65
2026-10-06 13:00:20,22709.45,2026-10-06,22650.0,PE,40709,20.5,37328720,598408330,20.35,20.45,65
2026-10-06 13:06:13,22702.2,2026-10-06,22550.0,PE,40700,7.85,26099840,493953200,7.8,7.85,65
2026-10-06 13:06:13,22702.2,2026-10-06,23150.0,PE,40744,460.3,73255,94770,448.85,451.35,65
2026-10-06 13:06:13,22702.2,2026-10-06,23150.0,CE,40743,0.4,3698500,31229315,0.35,0.4,65
2026-10-06 13:06:13,22702.2,2026-10-06,23100.0,PE,40742,400.85,391430,441805,400.05,402.0,65
2026-10-06 13:06:13,22702.2,2026-10-06,23100.0,CE,40741,0.4,11822915,66416545,0.4,0.45,65
2026-10-06 13:06:13,22702.2,2026-10-06,22650.0,CE,40704,72.75,13118105,668579860,72.55,72.75,65
2026-10-06 13:06:13,22702.2,2026-10-06,22600.0,PE,40703,13.1,47414120,804068005,13.05,13.1,65
2026-10-06 13:06:13,22702.2,2026-10-06,23200.0,PE,40746,501.6,347295,293020,500.0,501.0,65
2026-10-06 13:06:13,22702.2,2026-10-06,23200.0,CE,40745,0.4,11414130,65158600,0.35,0.4,65
2026-10-06 13:06:13,22702.2,2026-10-06,22600.0,CE,40701,113.35,8527220,578276400,113.35,113.65,65
2026-10-06 13:06:13,22702.2,2026-10-06,22450.0,PE,40696,3.4,12687870,263851055,3.35,3.4,65
2026-10-06 13:06:13,22702.2,2026-10-06,23000.0,PE,40732,301.7,1263600,4792580,301.35,302.3,65
2026-10-06 13:06:13,22702.2,2026-10-06,22550.0,CE,40699,158.6,3098680,200608785,158.05,158.4,65
2026-10-06 13:06:13,22702.2,2026-10-06,22500.0,PE,40698,4.95,27498185,499976295,4.95,5.0,65
2026-10-06 13:06:13,22702.2,2026-10-06,23000.0,CE,40731,0.9,18625100,155361505,0.85,0.9,65
2026-10-06 13:06:13,22702.2,2026-10-06,22500.0,CE,40697,205.35,3103945,136848270,204.85,205.45,65
2026-10-06 13:06:13,22702.2,2026-10-06,23050.0,PE,40736,350.2,176475,371410,349.75,351.05,65
2026-10-06 13:06:13,22702.2,2026-10-06,23050.0,CE,40735,0.6,6309420,54350400,0.6,0.65,65
2026-10-06 13:06:13,22702.2,2026-10-06,22300.0,PE,40681,1.55,14192425,176478965,1.5,1.55,65
2026-10-06 13:06:13,22702.2,2026-10-06,22350.0,CE,40682,351.95,512655,3408405,351.9,353.05,65
2026-10-06 13:06:13,22702.2,2026-10-06,22900.0,PE,40722,202.5,1164865,14283945,201.95,202.55,65
2026-10-06 13:06:13,22702.2,2026-10-06,22450.0,CE,40689,252.3,1015690,36443940,253.35,254.05,65
2026-10-06 13:06:13,22702.2,2026-10-06,22400.0,PE,40688,2.55,19174090,287618370,2.5,2.55,65
2026-10-06 13:06:13,22702.2,2026-10-06,22900.0,CE,40721,2.15,17964960,324657775,2.15,2.2,65
2026-10-06 13:06:13,22702.2,2026-10-06,22400.0,CE,40687,302.5,1636505,24753040,301.85,302.65,65
2026-10-06 13:06:13,22702.2,2026-10-06,22850.0,PE,40720,154.85,1174160,21243495,154.4,154.8,65
2026-10-06 13:06:13,22702.2,2026-10-06,22350.0,PE,40686,1.9,11346400,158329535,1.9,1.95,65
2026-10-06 13:06:13,22702.2,2026-10-06,22950.0,PE,40724,251.75,335725,2718235,250.95,251.7,65
2026-10-06 13:06:13,22702.2,2026-10-06,22950.0,CE,40723,1.35,7838350,206587810,1.3,1.35,65
2026-10-06 13:06:13,22702.2,2026-10-06,22850.0,CE,40717,4.45,16751020,295942140,4.4,4.45,65
2026-10-06 13:06:13,22702.2,2026-10-06,22800.0,PE,40716,110.4,7040930,108356820,110.1,110.35,65
2026-10-06 13:06:13,22702.2,2026-10-06,23300.0,CE,40751,0.3,6966180,42622515,0.25,0.3,65
2026-10-06 13:06:13,22702.2,2026-10-06,22150.0,PE,40674,1.05,8397350,73784165,1.0,1.05,65
2026-10-06 13:06:13,22702.2,2026-10-06,22150.0,CE,40673,555.25,106080,153985,550.7,552.3,65
2026-10-06 13:06:13,22702.2,2026-10-06,23250.0,PE,40750,551.05,169715,196300,549.0,551.35,65
2026-10-06 13:06:13,22702.2,2026-10-06,22100.0,PE,40672,0.95,14047865,110983730,0.9,0.95,65
2026-10-06 13:06:13,22702.2,2026-10-06,22100.0,CE,40671,598.3,131755,245895,600.85,602.8,65
2026-10-06 13:06:13,22702.2,2026-10-06,22250.0,PE,40678,1.25,8441940,97639685,1.25,1.3,65
2026-10-06 13:06:13,22702.2,2026-10-06,22700.0,PE,40711,41.35,38353445,553394660,41.2,41.3,65
2026-10-06 13:06:13,22702.2,2026-10-06,22250.0,CE,40677,453.2,318435,577785,451.25,452.8,65
2026-10-06 13:06:13,22702.2,2026-10-06,22700.0,CE,40710,41.5,26819325,960431160,41.55,41.65,65
2026-10-06 13:06:13,22702.2,2026-10-06,22200.0,PE,40676,1.15,16124550,130206570,1.1,1.15,65
2026-10-06 13:06:13,22702.2,2026-10-06,22200.0,CE,40675,497.4,307125,1078870,500.9,502.45,65
2026-10-06 13:06:13,22702.2,2026-10-06,23300.0,PE,40752,598.85,717145,303550,598.1,600.15,65
2026-10-06 13:06:13,22702.2,2026-10-06,22800.0,CE,40715,10.05,30516005,647657855,10.0,10.05,65
2026-10-06 13:06:13,22702.2,2026-10-06,22750.0,PE,40714,71.35,10221965,169631410,71.2,71.35,65
2026-10-06 13:06:13,22702.2,2026-10-06,22750.0,CE,40712,21.35,25932725,625669395,21.1,21.2,65
2026-10-06 13:06:13,22702.2,2026-10-06,22300.0,CE,40679,401.35,701675,3827720,401.2,402.65,65
2026-10-06 13:06:13,22702.2,2026-10-06,23250.0,CE,40749,0.35,4195165,30828005,0.3,0.35,65
2026-10-06 13:06:13,22702.2,2026-10-06,22650.0,PE,40709,22.6,37373440,621519730,22.5,22.6,65
2026-10-06 13:10:47,22706.4,2026-10-06,22550.0,PE,40700,7.2,26022425,499365035,7.2,7.25,65
2026-10-06 13:10:47,22706.4,2026-10-06,23150.0,PE,40744,442.45,72865,97240,446.0,448.1,65
2026-10-06 13:10:47,22706.4,2026-10-06,23150.0,CE,40743,0.35,3697915,31279495,0.35,0.4,65
2026-10-06 13:10:47,22706.4,2026-10-06,23100.0,PE,40742,395.75,392210,446225,396.55,397.9,65
2026-10-06 13:10:47,22706.4,2026-10-06,23100.0,CE,40741,0.45,11829740,66575145,0.4,0.45,65
2026-10-06 13:10:47,22706.4,2026-10-06,22650.0,CE,40704,74.45,13358605,672597445,74.45,74.6,65
2026-10-06 13:10:47,22706.4,2026-10-06,22600.0,PE,40703,12.2,47303555,813973680,12.2,12.3,65
2026-10-06 13:10:47,22706.4,2026-10-06,23200.0,PE,40746,492.05,346710,296790,496.6,498.25,65
2026-10-06 13:10:47,22706.4,2026-10-06,23200.0,CE,40745,0.4,11462815,65387140,0.35,0.4,65
2026-10-06 13:10:47,22706.4,2026-10-06,22600.0,CE,40701,115.6,8793525,580640125,115.6,115.85,65
2026-10-06 13:10:47,22706.4,2026-10-06,22450.0,PE,40696,3.1,13009620,266278025,3.1,3.15,65
2026-10-06 13:10:47,22706.4,2026-10-06,23000.0,PE,40732,298.5,1269060,4845815,297.7,298.6,65
2026-10-06 13:10:47,22706.4,2026-10-06,22550.0,CE,40699,160.75,3083275,201446310,160.35,160.8,65
2026-10-06 13:10:47,22706.4,2026-10-06,22500.0,PE,40698,4.6,27329965,504328045,4.55,4.65,65
2026-10-06 13:10:47,22706.4,2026-10-06,23000.0,CE,40731,0.85,18381870,156535470,0.85,0.9,65
2026-10-06 13:10:47,22706.4,2026-10-06,22500.0,CE,40697,207.9,3182985,137377500,207.85,208.4,65
2026-10-06 13:10:47,22706.4,2026-10-06,23050.0,PE,40736,348.95,176930,377260,346.7,347.85,65
2026-10-06 13:10:47,22706.4,2026-10-06,23050.0,CE,40735,0.6,6298370,54670395,0.55,0.6,65
2026-10-06 13:10:47,22706.4,2026-10-06,22300.0,PE,40681,1.45,14387230,177656570,1.45,1.5,65
2026-10-06 13:10:47,22706.4,2026-10-06,22350.0,CE,40682,356.1,510705,3424330,355.2,356.0,65
2026-10-06 13:10:47,22706.4,2026-10-06,22900.0,PE,40722,199.15,1160445,14518920,198.9,199.4,65
2026-10-06 13:10:47,22706.4,2026-10-06,22450.0,CE,40689,256.95,1019720,36530715,256.35,257.05,65
2026-10-06 13:10:47,22706.4,2026-10-06,22400.0,PE,40688,2.4,18938270,290133090,2.35,2.4,65
2026-10-06 13:10:47,22706.4,2026-10-06,22900.0,CE,40721,2.2,18105295,330967520,2.2,2.25,65
2026-10-06 13:10:47,22706.4,2026-10-06,22400.0,CE,40687,306.45,1641250,24845730,305.7,306.5,65
2026-10-06 13:10:47,22706.4,2026-10-06,22850.0,PE,40720,151.7,1193270,21632585,151.4,151.8,65
2026-10-06 13:10:47,22706.4,2026-10-06,22350.0,PE,40686,1.8,11360245,159797495,1.8,1.85,65
2026-10-06 13:10:47,22706.4,2026-10-06,22950.0,PE,40724,247.7,340275,2757950,247.8,248.5,65
2026-10-06 13:10:47,22706.4,2026-10-06,22950.0,CE,40723,1.35,7912905,208804050,1.3,1.35,65
2026-10-06 13:10:47,22706.4,2026-10-06,22850.0,CE,40717,4.6,16895255,300806740,4.55,4.6,65
2026-10-06 13:10:47,22706.4,2026-10-06,22800.0,PE,40716,107.45,7165210,110493305,107.3,107.6,65
2026-10-06 13:10:47,22706.4,2026-10-06,23300.0,CE,40751,0.3,6981910,42760185,0.25,0.3,65
2026-10-06 13:10:47,22706.4,2026-10-06,22150.0,PE,40674,1.0,8522865,74468875,0.95,1.0,65
2026-10-06 13:10:47,22706.4,2026-10-06,22150.0,CE,40673,560.0,106275,154700,553.8,556.15,65
2026-10-06 13:10:47,22706.4,2026-10-06,23250.0,PE,40750,545.85,168805,198250,546.55,548.4,65
2026-10-06 13:10:47,22706.4,2026-10-06,22100.0,PE,40672,0.9,14002235,111704385,0.9,0.95,65
2026-10-06 13:10:47,22706.4,2026-10-06,22100.0,CE,40671,609.0,131755,247000,604.2,605.9,65
2026-10-06 13:10:47,22706.4,2026-10-06,22250.0,PE,40678,1.15,8405085,98164950,1.15,1.2,65
2026-10-06 13:10:47,22706.4,2026-10-06,22700.0,PE,40711,39.75,39081510,567270990,39.65,39.8,65
2026-10-06 13:10:47,22706.4,2026-10-06,22250.0,CE,40677,456.75,319280,583895,454.3,456.15,65
2026-10-06 13:10:47,22706.4,2026-10-06,22700.0,CE,40710,43.3,27620840,971994920,43.15,43.25,65
2026-10-06 13:10:47,22706.4,2026-10-06,22200.0,PE,40676,1.05,16293745,131277835,1.05,1.1,65
2026-10-06 13:10:47,22706.4,2026-10-06,22200.0,CE,40675,506.45,306410,1086475,503.7,505.3,65
2026-10-06 13:10:47,22706.4,2026-10-06,23300.0,PE,40752,594.65,716690,313430,594.65,597.05,65
2026-10-06 13:10:47,22706.4,2026-10-06,22800.0,CE,40715,10.6,30916210,657121985,10.55,10.6,65
2026-10-06 13:10:47,22706.4,2026-10-06,22750.0,PE,40714,68.95,10232105,174252975,69.05,69.2,65
2026-10-06 13:10:47,22706.4,2026-10-06,22750.0,CE,40712,22.5,26462995,636835550,22.4,22.45,65
2026-10-06 13:10:47,22706.4,2026-10-06,22300.0,CE,40679,404.05,699725,3843255,404.7,406.2,65
2026-10-06 13:10:47,22706.4,2026-10-06,23250.0,CE,40749,0.35,4203680,31321095,0.3,0.35,65
2026-10-06 13:10:47,22706.4,2026-10-06,22650.0,PE,40709,21.4,37552645,631041255,21.35,21.4,65
2026-10-06 13:15:13,22711.75,2026-10-06,22550.0,PE,40700,5.85,25922195,504917335,5.9,5.95,65
2026-10-06 13:15:13,22711.75,2026-10-06,23150.0,PE,40744,439.0,72605,97370,434.75,438.2,65
2026-10-06 13:15:13,22711.75,2026-10-06,23150.0,CE,40743,0.4,3704870,31356585,0.35,0.4,65
2026-10-06 13:15:13,22711.75,2026-10-06,23100.0,PE,40742,388.0,392795,448370,388.05,389.5,65
2026-10-06 13:15:13,22711.75,2026-10-06,23100.0,CE,40741,0.4,11876215,66870245,0.4,0.45,65
2026-10-06 13:15:13,22711.75,2026-10-06,22650.0,CE,40704,80.35,13363025,677526525,79.95,80.15,65
2026-10-06 13:15:13,22711.75,2026-10-06,22600.0,PE,40703,10.1,47652735,823201015,10.05,10.1,65
2026-10-06 13:15:13,22711.75,2026-10-06,23200.0,PE,40746,488.3,346385,297765,487.9,489.4,65
2026-10-06 13:15:13,22711.75,2026-10-06,23200.0,CE,40745,0.4,11446695,65591175,0.35,0.4,65
2026-10-06 13:15:13,22711.75,2026-10-06,22600.0,CE,40701,122.3,8736260,583643190,122.0,122.3,65
2026-10-06 13:15:13,22711.75,2026-10-06,22450.0,PE,40696,2.6,12798240,269083555,2.55,2.6,65
2026-10-06 13:15:13,22711.75,2026-10-06,23000.0,PE,40732,288.9,1278875,4894500,288.8,289.8,65
2026-10-06 13:15:13,22711.75,2026-10-06,22550.0,CE,40699,168.2,2935010,202407855,167.65,168.1,65
2026-10-06 13:15:13,22711.75,2026-10-06,22500.0,PE,40698,3.8,27399125,509519205,3.75,3.8,65
2026-10-06 13:15:13,22711.75,2026-10-06,23000.0,CE,40731,0.9,18389800,158208570,0.85,0.9,65
2026-10-06 13:15:13,22711.75,2026-10-06,22500.0,CE,40697,216.3,3118245,137955610,215.35,215.75,65
2026-10-06 13:15:13,22711.75,2026-10-06,23050.0,PE,40736,337.6,176540,380900,338.1,339.3,65
2026-10-06 13:15:13,22711.75,2026-10-06,23050.0,CE,40735,0.6,6303440,54803580,0.55,0.6,65
2026-10-06 13:15:13,22711.75,2026-10-06,22300.0,PE,40681,1.3,14535820,178966905,1.3,1.35,65
2026-10-06 13:15:13,22711.75,2026-10-06,22350.0,CE,40682,364.15,509600,3429075,363.6,364.65,65
2026-10-06 13:15:13,22711.75,2026-10-06,22900.0,PE,40722,190.5,1163890,14793025,190.7,191.15,65
2026-10-06 13:15:13,22711.75,2026-10-06,22450.0,CE,40689,265.05,1015170,36625095,264.15,264.9,65
2026-10-06 13:15:13,22711.75,2026-10-06,22400.0,PE,40688,1.95,18606315,293619365,1.95,2.0,65
2026-10-06 13:15:13,22711.75,2026-10-06,22900.0,CE,40721,2.35,18194475,335637120,2.3,2.35,65
2026-10-06 13:15:13,22711.75,2026-10-06,22400.0,CE,40687,315.15,1652300,24947325,314.05,315.05,65
2026-10-06 13:15:13,22711.75,2026-10-06,22850.0,PE,40720,143.5,1193660,22083425,143.35,143.5,65
2026-10-06 13:15:13,22711.75,2026-10-06,22350.0,PE,40686,1.55,11303760,162064825,1.55,1.6,65
2026-10-06 13:15:13,22711.75,2026-10-06,22950.0,PE,40724,238.5,342355,2790580,238.95,239.65,65
2026-10-06 13:15:13,22711.75,2026-10-06,22950.0,CE,40723,1.35,7945080,212460950,1.3,1.35,65
2026-10-06 13:15:13,22711.75,2026-10-06,22850.0,CE,40717,4.95,17293510,305918860,4.9,4.95,65
2026-10-06 13:15:13,22711.75,2026-10-06,22800.0,PE,40716,100.1,7373925,112615880,99.8,100.05,65
2026-10-06 13:15:13,22711.75,2026-10-06,23300.0,CE,40751,0.3,7078175,42960255,0.25,0.3,65
2026-10-06 13:15:13,22711.75,2026-10-06,22150.0,PE,40674,0.95,8528065,74806615,0.9,0.95,65
2026-10-06 13:15:13,22711.75,2026-10-06,22150.0,CE,40673,560.0,106275,154700,562.9,565.05,65
2026-10-06 13:15:13,22711.75,2026-10-06,23250.0,PE,40750,538.4,168285,201890,536.35,538.85,65
2026-10-06 13:15:13,22711.75,2026-10-06,22100.0,PE,40672,0.85,14149915,112383960,0.8,0.85,65
2026-10-06 13:15:13,22711.75,2026-10-06,22100.0,CE,40671,615.9,131690,247130,613.4,615.25,65
2026-10-06 13:15:13,22711.75,2026-10-06,22250.0,PE,40678,1.05,8410090,99004750,1.05,1.1,65
2026-10-06 13:15:13,22711.75,2026-10-06,22700.0,PE,40711,34.4,39510120,579642505,34.4,34.5,65
2026-10-06 13:15:13,22711.75,2026-10-06,22250.0,CE,40677,464.85,319150,584220,463.05,464.6,65
2026-10-06 13:15:13,22711.75,2026-10-06,22700.0,CE,40710,46.8,27741610,985079875,46.8,46.9,65
2026-10-06 13:15:13,22711.75,2026-10-06,22200.0,PE,40676,1.0,16340935,132087215,1.0,1.05,65
2026-10-06 13:15:13,22711.75,2026-10-06,22200.0,CE,40675,513.85,306865,1089465,512.9,514.25,65
2026-10-06 13:15:13,22711.75,2026-10-06,23300.0,PE,40752,585.5,714805,323505,585.6,587.65,65
2026-10-06 13:15:13,22711.75,2026-10-06,22800.0,CE,40715,11.5,31660785,668501275,11.5,11.55,65
2026-10-06 13:15:13,22711.75,2026-10-06,22750.0,PE,40714,62.05,10595325,178816495,62.15,62.25,65
2026-10-06 13:15:13,22711.75,2026-10-06,22750.0,CE,40712,24.5,26838955,649299625,24.7,24.8,65
2026-10-06 13:15:13,22711.75,2026-10-06,22300.0,CE,40679,414.65,701090,3850275,413.25,414.7,65
2026-10-06 13:15:13,22711.75,2026-10-06,23250.0,CE,40749,0.35,4171765,31475600,0.3,0.35,65
2026-10-06 13:15:13,22711.75,2026-10-06,22650.0,PE,40709,18.0,37689145,639579395,18.05,18.1,65
2026-10-06 13:20:19,22713.3,2026-10-06,22550.0,PE,40700,5.6,25559755,511341480,5.6,5.65,65
2026-10-06 13:20:19,22713.3,2026-10-06,23150.0,PE,40744,435.1,72540,97760,436.05,438.05,65
2026-10-06 13:20:19,22713.3,2026-10-06,23150.0,CE,40743,0.4,3716505,31442385,0.35,0.4,65
2026-10-06 13:20:19,22713.3,2026-10-06,23100.0,PE,40742,388.45,392795,455325,386.3,387.65,65
2026-10-06 13:20:19,22713.3,2026-10-06,23100.0,CE,40741,0.45,11854635,67066220,0.4,0.45,65
2026-10-06 13:20:19,22713.3,2026-10-06,22650.0,CE,40704,80.3,13334685,683791875,80.75,81.0,65
2026-10-06 13:20:19,22713.3,2026-10-06,22600.0,PE,40703,9.75,47920015,833884675,9.7,9.75,65
2026-10-06 13:20:19,22713.3,2026-10-06,23200.0,PE,40746,487.0,345605,301535,486.85,488.2,65
2026-10-06 13:20:19,22713.3,2026-10-06,23200.0,CE,40745,0.4,11361155,65705770,0.35,0.4,65
2026-10-06 13:20:19,22713.3,2026-10-06,22600.0,CE,40701,123.15,8443435,587209675,123.45,123.6,65
2026-10-06 13:20:19,22713.3,2026-10-06,22450.0,PE,40696,2.45,12654005,271893310,2.45,2.5,65
2026-10-06 13:20:19,22713.3,2026-10-06,23000.0,PE,40732,288.05,1265940,4987060,287.45,288.05,65
2026-10-06 13:20:19,22713.3,2026-10-06,22550.0,CE,40699,169.0,2892370,203274175,168.6,169.0,65
2026-10-06 13:20:19,22713.3,2026-10-06,22500.0,PE,40698,3.65,27118650,514918040,3.65,3.7,65
2026-10-06 13:20:19,22713.3,2026-10-06,23000.0,CE,40731,0.85,18622175,159507920,0.85,0.9,65
2026-10-06 13:20:19,22713.3,2026-10-06,22500.0,CE,40697,217.5,3008720,138548865,216.65,217.25,65
2026-10-06 13:20:19,22713.3,2026-10-06,23050.0,PE,40736,335.25,176410,386620,336.5,337.55,65
2026-10-06 13:20:19,22713.3,2026-10-06,23050.0,CE,40735,0.55,6272630,55443895,0.55,0.6,65
2026-10-06 13:20:19,22713.3,2026-10-06,22300.0,PE,40681,1.2,14789385,183282970,1.2,1.25,65
2026-10-06 13:20:19,22713.3,2026-10-06,22350.0,CE,40682,363.25,508690,3437980,365.0,366.25,65
2026-10-06 13:20:19,22713.3,2026-10-06,22900.0,PE,40722,188.7,1191580,15137785,189.1,189.35,65
2026-10-06 13:20:19,22713.3,2026-10-06,22450.0,CE,40689,265.2,1000935,36734295,265.45,266.2,65
2026-10-06 13:20:19,22713.3,2026-10-06,22400.0,PE,40688,1.85,18284955,296967970,1.85,1.9,65
2026-10-06 13:20:19,22713.3,2026-10-06,22900.0,CE,40721,2.2,18334680,341291275,2.25,2.3,65
2026-10-06 13:20:19,22713.3,2026-10-06,22400.0,CE,40687,316.0,1630395,25074075,315.55,316.45,65
2026-10-06 13:20:19,22713.3,2026-10-06,22850.0,PE,40720,142.3,1254435,22708985,141.8,142.15,65
2026-10-06 13:20:19,22713.3,2026-10-06,22350.0,PE,40686,1.45,11159785,164067735,1.45,1.5,65
2026-10-06 13:20:19,22713.3,2026-10-06,22950.0,PE,40724,236.5,345865,2830100,237.6,238.25,65
2026-10-06 13:20:19,22713.3,2026-10-06,22950.0,CE,40723,1.25,7789860,217726600,1.25,1.3,65
2026-10-06 13:20:19,22713.3,2026-10-06,22850.0,CE,40717,4.85,17419155,313328600,4.8,4.85,65
2026-10-06 13:20:19,22713.3,2026-10-06,22800.0,PE,40716,98.45,7653750,115557585,98.35,98.6,65
2026-10-06 13:20:19,22713.3,2026-10-06,23300.0,CE,40751,0.3,6585280,43967625,0.25,0.3,65
2026-10-06 13:20:19,22713.3,2026-10-06,22150.0,PE,40674,0.85,8513635,75508615,0.8,0.85,65
2026-10-06 13:20:19,22713.3,2026-10-06,22150.0,CE,40673,560.0,106275,154700,563.55,565.6,65
2026-10-06 13:20:19,22713.3,2026-10-06,23250.0,PE,40750,536.05,168025,202670,535.85,537.3,65
2026-10-06 13:20:19,22713.3,2026-10-06,22100.0,PE,40672,0.75,13847600,114715510,0.7,0.75,65
2026-10-06 13:20:19,22713.3,2026-10-06,22100.0,CE,40671,615.0,131560,252265,613.85,615.65,65
2026-10-06 13:20:19,22713.3,2026-10-06,22250.0,PE,40678,0.95,8320000,99830835,0.95,1.0,65
2026-10-06 13:20:19,22713.3,2026-10-06,22700.0,PE,40711,33.15,40282645,597750270,33.15,33.25,65
2026-10-06 13:20:19,22713.3,2026-10-06,22250.0,CE,40677,466.25,319410,585585,464.55,466.1,65
2026-10-06 13:20:19,22713.3,2026-10-06,22700.0,CE,40710,47.0,28041195,1004646955,47.1,47.2,65
2026-10-06 13:20:19,22713.3,2026-10-06,22200.0,PE,40676,0.9,16384095,133742310,0.85,0.9,65
2026-10-06 13:20:19,22713.3,2026-10-06,22200.0,CE,40675,515.0,305305,1092260,514.2,515.45,65
2026-10-06 13:20:19,22713.3,2026-10-06,23300.0,PE,40752,583.75,709800,337870,584.75,586.7,65
2026-10-06 13:20:19,22713.3,2026-10-06,22800.0,CE,40715,11.3,31743140,683298330,11.3,11.35,65
2026-10-06 13:20:19,22713.3,2026-10-06,22750.0,PE,40714,60.9,11207170,185631875,60.55,60.7,65
2026-10-06 13:20:19,22713.3,2026-10-06,22750.0,CE,40712,24.15,27387685,666820505,24.4,24.5,65
2026-10-06 13:20:19,22713.3,2026-10-06,22300.0,CE,40679,413.8,697190,3859830,414.8,416.15,65
2026-10-06 13:20:19,22713.3,2026-10-06,23250.0,CE,40749,0.35,4142515,31586750,0.3,0.35,65
2026-10-06 13:20:19,22713.3,2026-10-06,22650.0,PE,40709,17.35,37702405,650115245,17.15,17.25,65
2026-10-06 13:25:45,22707.95,2026-10-06,22550.0,PE,40700,6.35,25639380,516514960,6.3,6.35,65
2026-10-06 13:25:45,22707.95,2026-10-06,23150.0,PE,40744,442.75,72735,99125,444.15,446.6,65
2026-10-06 13:25:45,22707.95,2026-10-06,23150.0,CE,40743,0.3,3668795,32137235,0.3,0.35,65
2026-10-06 13:25:45,22707.95,2026-10-06,23100.0,PE,40742,394.8,390975,458055,395.2,396.6,65
2026-10-06 13:25:45,22707.95,2026-10-06,23100.0,CE,40741,0.45,11658790,67617095,0.4,0.45,65
2026-10-06 13:25:45,22707.95,2026-10-06,22650.0,CE,40704,74.05,13012480,688322895,74.35,74.5,65
2026-10-06 13:25:45,22707.95,2026-10-06,22600.0,PE,40703,11.25,49058360,843536395,11.1,11.2,65
2026-10-06 13:25:45,22707.95,2026-10-06,23200.0,PE,40746,493.5,345605,302705,495.15,497.15,65
2026-10-06 13:25:45,22707.95,2026-10-06,23200.0,CE,40745,0.35,11323195,66214135,0.3,0.35,65
2026-10-06 13:25:45,22707.95,2026-10-06,22600.0,CE,40701,115.6,8423090,589489290,115.8,115.9,65
2026-10-06 13:25:45,22707.95,2026-10-06,22450.0,PE,40696,2.6,12480130,274931800,2.6,2.65,65
2026-10-06 13:25:45,22707.95,2026-10-06,23000.0,PE,40732,296.85,1270555,5023265,295.95,296.85,65
2026-10-06 13:25:45,22707.95,2026-10-06,22550.0,CE,40699,160.45,2851745,203799050,161.05,161.15,65
2026-10-06 13:25:45,22707.95,2026-10-06,22500.0,PE,40698,4.0,26601120,520726765,3.95,4.0,65
2026-10-06 13:25:45,22707.95,2026-10-06,23000.0,CE,40731,0.7,18484505,160724460,0.7,0.75,65
2026-10-06 13:25:45,22707.95,2026-10-06,22500.0,CE,40697,208.2,2987010,138952840,208.0,208.2,65
2026-10-06 13:25:45,22707.95,2026-10-06,23050.0,PE,40736,346.1,176865,392600,345.45,346.55,65
2026-10-06 13:25:45,22707.95,2026-10-06,23050.0,CE,40735,0.55,6263530,55641105,0.5,0.55,65
2026-10-06 13:25:45,22707.95,2026-10-06,22300.0,PE,40681,1.2,14489345,184982915,1.15,1.2,65
2026-10-06 13:25:45,22707.95,2026-10-06,22350.0,CE,40682,356.5,508495,3452020,356.05,357.3,65
2026-10-06 13:25:45,22707.95,2026-10-06,22900.0,PE,40722,197.7,1201655,15387515,197.35,197.5,65
2026-10-06 13:25:45,22707.95,2026-10-06,22450.0,CE,40689,256.7,996450,36799360,256.4,257.05,65
2026-10-06 13:25:45,22707.95,2026-10-06,22400.0,PE,40688,1.9,18047250,302636685,1.9,1.95,65
2026-10-06 13:25:45,22707.95,2026-10-06,22900.0,CE,40721,1.75,18322460,349882195,1.75,1.8,65
2026-10-06 13:25:45,22707.95,2026-10-06,22400.0,CE,40687,306.2,1613560,25161110,306.45,307.4,65
2026-10-06 13:25:45,22707.95,2026-10-06,22850.0,PE,40720,150.3,1294280,23209355,150.0,150.25,65
2026-10-06 13:25:45,22707.95,2026-10-06,22350.0,PE,40686,1.45,10896210,165769175,1.45,1.5,65
2026-10-06 13:25:45,22707.95,2026-10-06,22950.0,PE,40724,246.05,345085,2867085,246.55,247.25,65
2026-10-06 13:25:45,22707.95,2026-10-06,22950.0,CE,40723,1.1,7906600,220566450,1.05,1.1,65
2026-10-06 13:25:45,22707.95,2026-10-06,22850.0,CE,40717,3.8,17491370,320441940,3.75,3.8,65
2026-10-06 13:25:45,22707.95,2026-10-06,22800.0,PE,40716,105.85,7732465,117828035,105.55,105.8,65
2026-10-06 13:25:45,22707.95,2026-10-06,23300.0,CE,40751,0.3,6538155,44163340,0.25,0.3,65
2026-10-06 13:25:45,22707.95,2026-10-06,22150.0,PE,40674,0.75,8579805,76025170,0.75,0.8,65
2026-10-06 13:25:45,22707.95,2026-10-06,22150.0,CE,40673,558.9,106275,156065,555.4,557.25,65
2026-10-06 13:25:45,22707.95,2026-10-06,23250.0,PE,40750,544.25,168480,205140,545.2,547.0,65
2026-10-06 13:25:45,22707.95,2026-10-06,22100.0,PE,40672,0.7,13814320,115164465,0.65,0.7,65
2026-10-06 13:25:45,22707.95,2026-10-06,22100.0,CE,40671,608.0,130325,253760,605.0,606.4,65
2026-10-06 13:25:45,22707.95,2026-10-06,22250.0,PE,40678,0.95,8348925,100459515,0.95,1.0,65
2026-10-06 13:25:45,22707.95,2026-10-06,22700.0,PE,40711,37.45,41765165,612708915,37.15,37.25,65
2026-10-06 13:25:45,22707.95,2026-10-06,22250.0,CE,40677,455.75,318825,587925,455.0,456.6,65
2026-10-06 13:25:45,22707.95,2026-10-06,22700.0,CE,40710,41.9,27295385,1019280340,42.1,42.2,65
2026-10-06 13:25:45,22707.95,2026-10-06,22200.0,PE,40676,0.85,16327155,134548440,0.85,0.9,65
2026-10-06 13:25:45,22707.95,2026-10-06,22200.0,CE,40675,507.4,306345,1095705,505.0,506.5,65
2026-10-06 13:25:45,22707.95,2026-10-06,23300.0,PE,40752,592.9,709280,342810,594.05,595.85,65
2026-10-06 13:25:45,22707.95,2026-10-06,22800.0,CE,40715,9.25,30935060,697470475,9.25,9.3,65
2026-10-06 13:25:45,22707.95,2026-10-06,22750.0,PE,40714,66.55,11548420,190975135,66.3,66.4,65
2026-10-06 13:25:45,22707.95,2026-10-06,22750.0,CE,40712,21.1,27191255,680576065,21.0,21.1,65
2026-10-06 13:25:45,22707.95,2026-10-06,22300.0,CE,40679,406.0,696605,3868085,406.25,407.4,65
2026-10-06 13:25:45,22707.95,2026-10-06,23250.0,CE,40749,0.25,4067895,31791045,0.25,0.3,65
2026-10-06 13:25:45,22707.95,2026-10-06,22650.0,PE,40709,19.7,38097995,658434400,19.55,19.65,65
2026-10-06 13:30:56,22702.9,2026-10-06,22550.0,PE,40700,6.35,26083915,530470135,6.35,6.4,65
2026-10-06 13:30:56,22702.9,2026-10-06,23150.0,PE,40744,448.9,72670,100490,449.8,451.75,65
2026-10-06 13:30:56,22702.9,2026-10-06,23150.0,CE,40743,0.3,3631940,32290700,0.3,0.35,65
2026-10-06 13:30:56,22702.9,2026-10-06,23100.0,PE,40742,401.9,386750,466765,400.0,401.85,65
2026-10-06 13:30:56,22702.9,2026-10-06,23100.0,CE,40741,0.4,11670880,68503370,0.35,0.4,65
2026-10-06 13:30:56,22702.9,2026-10-06,22650.0,CE,40704,70.0,13761540,697646690,69.75,69.95,65
2026-10-06 13:30:56,22702.9,2026-10-06,22600.0,PE,40703,11.2,49365225,867927450,11.25,11.3,65
2026-10-06 13:30:56,22702.9,2026-10-06,23200.0,PE,40746,505.0,344565,308555,500.45,501.8,65
2026-10-06 13:30:56,22702.9,2026-10-06,23200.0,CE,40745,0.35,11309350,66830920,0.3,0.35,65
2026-10-06 13:30:56,22702.9,2026-10-06,22600.0,CE,40701,110.7,8494265,594757995,110.55,110.85,65
2026-10-06 13:30:56,22702.9,2026-10-06,22450.0,PE,40696,2.65,12800190,279157775,2.6,2.65,65
2026-10-06 13:30:56,22702.9,2026-10-06,23000.0,PE,40732,302.3,1238900,5184335,301.2,302.3,65
2026-10-06 13:30:56,22702.9,2026-10-06,22550.0,CE,40699,156.25,2923895,205396295,155.85,156.2,65
2026-10-06 13:30:56,22702.9,2026-10-06,22500.0,PE,40698,3.95,27006005,531193325,3.95,4.0,65
2026-10-06 13:30:56,22702.9,2026-10-06,23000.0,CE,40731,0.65,18525390,162627010,0.65,0.7,65
2026-10-06 13:30:56,22702.9,2026-10-06,22500.0,CE,40697,203.85,3016325,140145655,203.1,203.6,65
2026-10-06 13:30:56,22702.9,2026-10-06,23050.0,PE,40736,351.5,174525,404885,350.35,351.35,65
2026-10-06 13:30:56,22702.9,2026-10-06,23050.0,CE,40735,0.45,6410820,56111835,0.45,0.5,65
2026-10-06 13:30:56,22702.9,2026-10-06,22300.0,PE,40681,1.25,14260480,188061510,1.25,1.3,65
2026-10-06 13:30:56,22702.9,2026-10-06,22350.0,CE,40682,350.8,506480,3460470,350.85,351.95,65
2026-10-06 13:30:56,22702.9,2026-10-06,22900.0,PE,40722,202.15,1192620,16114280,201.8,202.25,65
2026-10-06 13:30:56,22702.9,2026-10-06,22450.0,CE,40689,252.6,1006070,36967775,251.85,252.55,65
2026-10-06 13:30:56,22702.9,2026-10-06,22400.0,PE,40688,1.95,18494125,310388845,1.95,2.0,65
2026-10-06 13:30:56,22702.9,2026-10-06,22900.0,CE,40721,1.35,17220320,362609065,1.35,1.4,65
2026-10-06 13:30:56,22702.9,2026-10-06,22400.0,CE,40687,302.5,1595165,25375480,301.25,302.2,65
2026-10-06 13:30:56,22702.9,2026-10-06,22850.0,PE,40720,154.0,1235130,24263135,153.85,154.25,65
2026-10-06 13:30:56,22702.9,2026-10-06,22350.0,PE,40686,1.5,10830625,170605240,1.45,1.5,65
2026-10-06 13:30:56,22702.9,2026-10-06,22950.0,PE,40724,251.6,329225,2938390,251.25,252.05,65
2026-10-06 13:30:56,22702.9,2026-10-06,22950.0,CE,40723,0.9,7981675,222662570,0.85,0.9,65
2026-10-06 13:30:56,22702.9,2026-10-06,22850.0,CE,40717,3.2,16363165,332073690,3.15,3.2,65
2026-10-06 13:30:56,22702.9,2026-10-06,22800.0,PE,40716,108.7,7246655,123614530,108.55,108.85,65
2026-10-06 13:30:56,22702.9,2026-10-06,23300.0,CE,40751,0.3,6519175,44737485,0.25,0.3,65
2026-10-06 13:30:56,22702.9,2026-10-06,22150.0,PE,40674,0.75,8199230,77951835,0.75,0.8,65
2026-10-06 13:30:56,22702.9,2026-10-06,22150.0,CE,40673,550.15,106795,156845,550.0,552.0,65
2026-10-06 13:30:56,22702.9,2026-10-06,23250.0,PE,40750,551.0,168545,206505,549.65,551.25,65
2026-10-06 13:30:56,22702.9,2026-10-06,22100.0,PE,40672,0.7,13669630,116666225,0.65,0.7,65
2026-10-06 13:30:56,22702.9,2026-10-06,22100.0,CE,40671,592.75,130455,253890,600.55,602.4,65
2026-10-06 13:30:56,22702.9,2026-10-06,22250.0,PE,40678,1.0,8270015,101286640,1.0,1.05,65
2026-10-06 13:30:56,22702.9,2026-10-06,22700.0,PE,40711,39.0,39819715,648060855,38.95,39.0,65
2026-10-06 13:30:56,22702.9,2026-10-06,22250.0,CE,40677,451.85,318630,590330,450.1,451.8,65
2026-10-06 13:30:56,22702.9,2026-10-06,22700.0,CE,40710,38.7,29232320,1046021210,38.55,38.65,65
2026-10-06 13:30:56,22702.9,2026-10-06,22200.0,PE,40676,0.9,16311685,135560685,0.85,0.9,65
2026-10-06 13:30:56,22702.9,2026-10-06,22200.0,CE,40675,499.35,306345,1098435,500.0,501.55,65
2026-10-06 13:30:56,22702.9,2026-10-06,23300.0,PE,40752,598.65,707330,362895,599.0,601.0,65
2026-10-06 13:30:56,22702.9,2026-10-06,22800.0,CE,40715,8.0,29800095,720960825,8.05,8.1,65
2026-10-06 13:30:56,22702.9,2026-10-06,22750.0,PE,40714,69.0,10433735,202443735,69.2,69.4,65
2026-10-06 13:30:56,22702.9,2026-10-06,22750.0,CE,40712,18.9,26993980,704849665,18.75,18.8,65
2026-10-06 13:30:56,22702.9,2026-10-06,22300.0,CE,40679,401.6,699660,3893695,400.6,401.7,65
2026-10-06 13:30:56,22702.9,2026-10-06,23250.0,CE,40749,0.3,4090190,32034080,0.25,0.3,65
2026-10-06 13:30:56,22702.9,2026-10-06,22650.0,PE,40709,20.35,38702495,683792005,20.35,20.4,65
2026-10-06 13:35:38,22704.05,2026-10-06,22550.0,PE,40700,6.55,25904060,539650345,6.55,6.6,65
2026-10-06 13:35:38,22704.05,2026-10-06,23150.0,PE,40744,448.7,72085,101530,451.35,453.15,65
2026-10-06 13:35:38,22704.05,2026-10-06,23150.0,CE,40743,0.3,3618095,32454890,0.25,0.3,65
2026-10-06 13:35:38,22704.05,2026-10-06,23100.0,PE,40742,401.65,386750,475085,401.15,402.6,65
2026-10-06 13:35:38,22704.05,2026-10-06,23100.0,CE,40741,0.35,11668215,69096690,0.3,0.35,65
2026-10-06 13:35:38,22704.05,2026-10-06,22650.0,CE,40704,69.2,13793195,705046680,68.95,69.15,65
2026-10-06 13:35:38,22704.05,2026-10-06,22600.0,PE,40703,11.45,48878830,884667485,11.4,11.45,65
2026-10-06 13:35:38,22704.05,2026-10-06,23200.0,PE,40746,503.15,344045,309985,501.4,502.65,65
2026-10-06 13:35:38,22704.05,2026-10-06,23200.0,CE,40745,0.3,11329760,67845895,0.25,0.3,65
2026-10-06 13:35:38,22704.05,2026-10-06,22600.0,CE,40701,109.45,8867885,599048710,109.5,109.65,65
2026-10-06 13:35:38,22704.05,2026-10-06,22450.0,PE,40696,2.7,12928370,284903840,2.65,2.7,65
2026-10-06 13:35:38,22704.05,2026-10-06,23000.0,PE,40732,303.7,1237600,5256420,302.05,302.9,65
2026-10-06 13:35:38,22704.05,2026-10-06,22550.0,CE,40699,155.0,2873065,206348285,154.7,154.8,65
2026-10-06 13:35:38,22704.05,2026-10-06,22500.0,PE,40698,4.1,26559910,538840640,4.05,4.1,65
2026-10-06 13:35:38,22704.05,2026-10-06,23000.0,CE,40731,0.65,18696535,164515845,0.6,0.65,65
2026-10-06 13:35:38,22704.05,2026-10-06,22500.0,CE,40697,201.8,2994680,140984090,202.25,202.8,65
2026-10-06 13:35:38,22704.05,2026-10-06,23050.0,PE,40736,352.0,172510,411775,351.85,353.0,65
2026-10-06 13:35:38,22704.05,2026-10-06,23050.0,CE,40735,0.45,6450600,56399005,0.4,0.45,65
2026-10-06 13:35:38,22704.05,2026-10-06,22300.0,PE,40681,1.15,14409460,190427965,1.1,1.15,65
2026-10-06 13:35:38,22704.05,2026-10-06,22350.0,CE,40682,350.05,507390,3475420,349.3,350.5,65
2026-10-06 13:35:38,22704.05,2026-10-06,22900.0,PE,40722,203.95,1196520,16645460,203.8,204.3,65
2026-10-06 13:35:38,22704.05,2026-10-06,22450.0,CE,40689,250.8,1000350,37088285,250.45,251.1,65
2026-10-06 13:35:38,22704.05,2026-10-06,22400.0,PE,40688,1.9,18274490,317236205,1.95,2.0,65
2026-10-06 13:35:38,22704.05,2026-10-06,22900.0,CE,40721,1.4,17482205,372793655,1.35,1.4,65
2026-10-06 13:35:38,22704.05,2026-10-06,22400.0,CE,40687,300.85,1584440,25551955,300.45,301.25,65
2026-10-06 13:35:38,22704.05,2026-10-06,22850.0,PE,40720,154.7,1183520,25210510,154.8,155.2,65
2026-10-06 13:35:38,22704.05,2026-10-06,22350.0,PE,40686,1.5,10799100,174469880,1.45,1.5,65
2026-10-06 13:35:38,22704.05,2026-10-06,22950.0,PE,40724,252.5,325845,3004560,252.65,253.4,65
2026-10-06 13:35:38,22704.05,2026-10-06,22950.0,CE,40723,0.9,7758790,225329130,0.85,0.9,65
2026-10-06 13:35:38,22704.05,2026-10-06,22850.0,CE,40717,3.1,15865980,340044185,3.1,3.15,65
2026-10-06 13:35:38,22704.05,2026-10-06,22800.0,PE,40716,110.1,7346300,127645245,110.1,110.35,65
2026-10-06 13:35:38,22704.05,2026-10-06,23300.0,CE,40751,0.2,6504095,45324175,0.2,0.25,65
2026-10-06 13:35:38,22704.05,2026-10-06,22150.0,PE,40674,0.75,8211775,78784940,0.7,0.75,65
2026-10-06 13:35:38,22704.05,2026-10-06,22150.0,CE,40673,556.6,106795,157885,549.0,551.35,65
2026-10-06 13:35:38,22704.05,2026-10-06,23250.0,PE,40750,549.15,168545,206830,551.4,553.15,65
2026-10-06 13:35:38,22704.05,2026-10-06,22100.0,PE,40672,0.65,13629265,117703365,0.6,0.65,65
2026-10-06 13:35:38,22704.05,2026-10-06,22100.0,CE,40671,601.5,130260,254540,598.45,600.2,65
2026-10-06 13:35:38,22704.05,2026-10-06,22250.0,PE,40678,0.95,8360235,102038235,0.9,0.95,65
2026-10-06 13:35:38,22704.05,2026-10-06,22700.0,PE,40711,39.45,39851370,671643310,39.4,39.5,65
2026-10-06 13:35:38,22704.05,2026-10-06,22250.0,CE,40677,448.7,318695,593450,448.7,450.2,65
2026-10-06 13:35:38,22704.05,2026-10-06,22700.0,CE,40710,37.65,30456335,1067702415,37.5,37.6,65
2026-10-06 13:35:38,22704.05,2026-10-06,22200.0,PE,40676,0.75,15831205,138881275,0.7,0.75,65
2026-10-06 13:35:38,22704.05,2026-10-06,22200.0,CE,40675,500.6,306670,1103245,498.3,499.95,65
2026-10-06 13:35:38,22704.05,2026-10-06,23300.0,PE,40752,602.05,705835,375310,600.4,602.35,65
2026-10-06 13:35:38,22704.05,2026-10-06,22800.0,CE,40715,7.8,31040165,738463895,7.75,7.8,65
2026-10-06 13:35:38,22704.05,2026-10-06,22750.0,PE,40714,69.35,10589605,210550405,70.05,70.2,65
2026-10-06 13:35:38,22704.05,2026-10-06,22750.0,CE,40712,18.4,28587390,725356190,18.25,18.3,65
2026-10-06 13:35:38,22704.05,2026-10-06,22300.0,CE,40679,400.45,697580,3914560,399.7,400.9,65
2026-10-06 13:35:38,22704.05,2026-10-06,23250.0,CE,40749,0.25,4145440,32315205,0.2,0.25,65
2026-10-06 13:35:38,22704.05,2026-10-06,22650.0,PE,40709,20.6,38048400,701669085,20.55,20.6,65
2026-10-06 13:40:22,22715.55,2026-10-06,22550.0,PE,40700,4.25,25522770,548818335,4.2,4.25,65
2026-10-06 13:40:22,22715.55,2026-10-06,23150.0,PE,40744,443.25,72020,101660,433.6,435.75,65
2026-10-06 13:40:22,22715.55,2026-10-06,23150.0,CE,40743,0.25,3607890,32580925,0.25,0.3,65
2026-10-06 13:40:22,22715.55,2026-10-06,23100.0,PE,40742,385.4,386490,478075,385.0,386.2,65
2026-10-06 13:40:22,22715.55,2026-10-06,23100.0,CE,40741,0.35,11628175,69553055,0.3,0.35,65
2026-10-06 13:40:22,22715.55,2026-10-06,22650.0,CE,40704,79.8,13694850,712670790,79.55,79.75,65
2026-10-06 13:40:22,22715.55,2026-10-06,22600.0,PE,40703,7.6,48205495,902453305,7.65,7.7,65
2026-10-06 13:40:22,22715.55,2026-10-06,23200.0,PE,40746,485.8,344045,310830,485.0,485.65,65
2026-10-06 13:40:22,22715.55,2026-10-06,23200.0,CE,40745,0.25,11322090,68248635,0.25,0.3,65
2026-10-06 13:40:22,22715.55,2026-10-06,22600.0,CE,40701,123.15,8924240,603346185,122.9,123.25,65
2026-10-06 13:40:22,22715.55,2026-10-06,22450.0,PE,40696,1.8,12690535,290530825,1.8,1.85,65
2026-10-06 13:40:22,22715.55,2026-10-06,23000.0,PE,40732,285.75,1246050,5324605,285.95,286.65,65
2026-10-06 13:40:22,22715.55,2026-10-06,22550.0,CE,40699,169.25,2828800,207203880,169.8,170.3,65
2026-10-06 13:40:22,22715.55,2026-10-06,22500.0,PE,40698,2.7,26568685,547947140,2.65,2.7,65
2026-10-06 13:40:22,22715.55,2026-10-06,23000.0,CE,40731,0.7,18437575,165939150,0.65,0.7,65
2026-10-06 13:40:22,22715.55,2026-10-06,22500.0,CE,40697,217.5,2925910,141782225,218.0,218.5,65
2026-10-06 13:40:22,22715.55,2026-10-06,23050.0,PE,40736,339.3,173225,418470,334.65,335.75,65
2026-10-06 13:40:22,22715.55,2026-10-06,23050.0,CE,40735,0.45,6436820,56544995,0.4,0.45,65
2026-10-06 13:40:22,22715.55,2026-10-06,22300.0,PE,40681,0.9,14367600,192627890,0.9,0.95,65
2026-10-06 13:40:22,22715.55,2026-10-06,22350.0,CE,40682,367.45,506610,3481140,366.25,367.5,65
2026-10-06 13:40:22,22715.55,2026-10-06,22900.0,PE,40722,187.0,1256515,17242615,186.45,186.95,65
2026-10-06 13:40:22,22715.55,2026-10-06,22450.0,CE,40689,266.5,988325,37181170,266.6,267.4,65
2026-10-06 13:40:22,22715.55,2026-10-06,22400.0,PE,40688,1.4,17879615,321213295,1.4,1.45,65
2026-10-06 13:40:22,22715.55,2026-10-06,22900.0,CE,40721,1.95,17514055,384024290,1.9,1.95,65
2026-10-06 13:40:22,22715.55,2026-10-06,22400.0,CE,40687,316.25,1570725,25699180,316.3,317.25,65
2026-10-06 13:40:22,22715.55,2026-10-06,22850.0,PE,40720,139.5,1212250,26017420,139.25,139.4,65
2026-10-06 13:40:22,22715.55,2026-10-06,22350.0,PE,40686,1.15,10767185,176746635,1.1,1.15,65
2026-10-06 13:40:22,22715.55,2026-10-06,22950.0,PE,40724,235.95,339950,3057860,235.8,236.55,65
2026-10-06 13:40:22,22715.55,2026-10-06,22950.0,CE,40723,1.05,7694635,228492875,1.05,1.1,65
2026-10-06 13:40:22,22715.55,2026-10-06,22850.0,CE,40717,4.35,15670655,348167755,4.3,4.35,65
2026-10-06 13:40:22,22715.55,2026-10-06,22800.0,PE,40716,95.65,7752030,131398605,95.45,95.7,65
2026-10-06 13:40:22,22715.55,2026-10-06,23300.0,CE,40751,0.2,6495905,45688630,0.2,0.25,65
2026-10-06 13:40:22,22715.55,2026-10-06,22150.0,PE,40674,0.6,8044140,80748525,0.55,0.6,65
2026-10-06 13:40:22,22715.55,2026-10-06,22150.0,CE,40673,558.2,106665,158145,566.0,568.1,65
2026-10-06 13:40:22,22715.55,2026-10-06,23250.0,PE,40750,539.2,167895,208715,533.85,536.8,65
2026-10-06 13:40:22,22715.55,2026-10-06,22100.0,PE,40672,0.55,13676780,118494350,0.55,0.6,65
2026-10-06 13:40:22,22715.55,2026-10-06,22100.0,CE,40671,613.25,130260,254735,615.85,617.5,65
2026-10-06 13:40:22,22715.55,2026-10-06,22250.0,PE,40678,0.85,8423545,102766170,0.8,0.85,65
2026-10-06 13:40:22,22715.55,2026-10-06,22700.0,PE,40711,29.8,40107925,692988010,30.0,30.1,65
2026-10-06 13:40:22,22715.55,2026-10-06,22250.0,CE,40677,466.0,318435,594490,465.8,467.35,65
2026-10-06 13:40:22,22715.55,2026-10-06,22700.0,CE,40710,45.35,30426175,1090466780,45.2,45.35,65
2026-10-06 13:40:22,22715.55,2026-10-06,22200.0,PE,40676,0.7,15667405,139942660,0.65,0.7,65
2026-10-06 13:40:22,22715.55,2026-10-06,22200.0,CE,40675,516.45,307385,1108315,516.1,517.85,65
2026-10-06 13:40:22,22715.55,2026-10-06,23300.0,PE,40752,585.3,705835,381420,583.15,585.05,65
2026-10-06 13:40:22,22715.55,2026-10-06,22800.0,CE,40715,10.25,31590195,755982110,10.25,10.3,65
2026-10-06 13:40:22,22715.55,2026-10-06,22750.0,PE,40714,57.5,10903555,218536695,57.45,57.6,65
2026-10-06 13:40:22,22715.55,2026-10-06,22750.0,CE,40712,22.8,29669575,748014540,22.8,22.9,65
2026-10-06 13:40:22,22715.55,2026-10-06,22300.0,CE,40679,416.55,692770,3934060,415.75,417.05,65
2026-10-06 13:40:22,22715.55,2026-10-06,23250.0,CE,40749,0.25,4198220,32533865,0.2,0.25,65
2026-10-06 13:40:22,22715.55,2026-10-06,22650.0,PE,40709,14.5,37906960,718876795,14.5,14.55,65
2026-10-06 13:45:25,22698.5,2026-10-06,22550.0,PE,40700,5.8,24689210,562683550,5.75,5.8,65
2026-10-06 13:45:25,22698.5,2026-10-06,23150.0,PE,40744,458.4,72345,103025,456.6,459.4,65
2026-10-06 13:45:25,22698.5,2026-10-06,23150.0,CE,40743,0.3,3574350,34305700,0.25,0.3,65
2026-10-06 13:45:25,22698.5,2026-10-06,23100.0,PE,40742,407.2,385580,486915,407.1,408.9,65
2026-10-06 13:45:25,22698.5,2026-10-06,23100.0,CE,40741,0.35,12018500,73648965,0.3,0.35,65
2026-10-06 13:45:25,22698.5,2026-10-06,22650.0,CE,40704,62.85,13507390,723975590,62.95,63.15,65
2026-10-06 13:45:25,22698.5,2026-10-06,22600.0,PE,40703,10.75,47554260,929166485,10.75,10.85,65
2026-10-06 13:45:25,22698.5,2026-10-06,23200.0,PE,40746,509.0,343590,316420,507.35,508.85,65
2026-10-06 13:45:25,22698.5,2026-10-06,23200.0,CE,40745,0.2,11294985,69258020,0.2,0.25,65
2026-10-06 13:45:25,22698.5,2026-10-06,22600.0,CE,40701,103.5,8484320,610193675,103.25,103.4,65
2026-10-06 13:45:25,22698.5,2026-10-06,22450.0,PE,40696,2.2,12161110,299560170,2.2,2.25,65
2026-10-06 13:45:25,22698.5,2026-10-06,23000.0,PE,40732,308.6,1254630,5481385,308.6,309.4,65
2026-10-06 13:45:25,22698.5,2026-10-06,22550.0,CE,40699,149.1,2851290,208785135,148.7,148.9,65
2026-10-06 13:45:25,22698.5,2026-10-06,22500.0,PE,40698,3.55,25718680,564210205,3.5,3.55,65
2026-10-06 13:45:25,22698.5,2026-10-06,23000.0,CE,40731,0.6,18474430,169387075,0.55,0.6,65
2026-10-06 13:45:25,22698.5,2026-10-06,22500.0,CE,40697,196.1,3001180,143289575,195.7,196.25,65
2026-10-06 13:45:25,22698.5,2026-10-06,23050.0,PE,40736,358.05,174395,443235,357.6,358.45,65
2026-10-06 13:45:25,22698.5,2026-10-06,23050.0,CE,40735,0.4,6422650,57821270,0.35,0.4,65
2026-10-06 13:45:25,22698.5,2026-10-06,22300.0,PE,40681,0.9,13899210,194922455,0.85,0.9,65
2026-10-06 13:45:25,22698.5,2026-10-06,22350.0,CE,40682,343.95,511485,3503175,343.25,344.55,65
2026-10-06 13:45:25,22698.5,2026-10-06,22900.0,PE,40722,208.85,1304550,17951440,208.55,209.15,65
2026-10-06 13:45:25,22698.5,2026-10-06,22450.0,CE,40689,245.2,972465,37346465,244.65,245.4,65
2026-10-06 13:45:25,22698.5,2026-10-06,22400.0,PE,40688,1.55,17508465,327673320,1.5,1.55,65
2026-10-06 13:45:25,22698.5,2026-10-06,22900.0,CE,40721,1.05,17748575,399809410,1.0,1.05,65
2026-10-06 13:45:25,22698.5,2026-10-06,22400.0,CE,40687,295.35,1538745,25959700,294.55,295.45,65
2026-10-06 13:45:25,22698.5,2026-10-06,22850.0,PE,40720,160.75,1239290,27269905,160.15,160.65,65
2026-10-06 13:45:25,22698.5,2026-10-06,22350.0,PE,40686,1.15,10509785,179822825,1.1,1.15,65
2026-10-06 13:45:25,22698.5,2026-10-06,22950.0,PE,40724,258.95,331435,3154190,257.7,258.35,65
2026-10-06 13:45:25,22698.5,2026-10-06,22950.0,CE,40723,0.7,7887945,231814245,0.7,0.75,65
2026-10-06 13:45:25,22698.5,2026-10-06,22850.0,CE,40717,2.35,15303015,363544480,2.3,2.35,65
2026-10-06 13:45:25,22698.5,2026-10-06,22800.0,PE,40716,113.85,7463690,137619690,113.6,113.9,65
2026-10-06 13:45:25,22698.5,2026-10-06,23300.0,CE,40751,0.2,6490770,45941675,0.2,0.25,65
2026-10-06 13:45:25,22698.5,2026-10-06,22150.0,PE,40674,0.55,7856550,82228900,0.5,0.55,65
2026-10-06 13:45:25,22698.5,2026-10-06,22150.0,CE,40673,544.95,106665,159315,542.65,544.55,65
2026-10-06 13:45:25,22698.5,2026-10-06,23250.0,PE,40750,548.55,167180,210145,556.9,558.8,65
2026-10-06 13:45:25,22698.5,2026-10-06,22100.0,PE,40672,0.5,13187590,120490175,0.5,0.55,65
2026-10-06 13:45:25,22698.5,2026-10-06,22100.0,CE,40671,604.55,130260,256230,592.9,594.8,65
2026-10-06 13:45:25,22698.5,2026-10-06,22250.0,PE,40678,0.65,8328255,104221780,0.65,0.7,65
2026-10-06 13:45:25,22698.5,2026-10-06,22700.0,PE,40711,39.95,41168920,730095405,39.85,40.0,65
2026-10-06 13:45:25,22698.5,2026-10-06,22250.0,CE,40677,445.4,318435,597090,443.15,444.9,65
2026-10-06 13:45:25,22698.5,2026-10-06,22700.0,CE,40710,32.9,30118660,1126610875,32.9,33.0,65
2026-10-06 13:45:25,22698.5,2026-10-06,22200.0,PE,40676,0.55,15504905,142027405,0.55,0.6,65
2026-10-06 13:45:25,22698.5,2026-10-06,22200.0,CE,40675,494.75,302510,1118195,492.7,494.5,65
2026-10-06 13:45:25,22698.5,2026-10-06,23300.0,PE,40752,602.5,704405,393835,605.65,607.65,65
2026-10-06 13:45:25,22698.5,2026-10-06,22800.0,CE,40715,6.0,30481100,785945420,6.05,6.1,65
2026-10-06 13:45:25,22698.5,2026-10-06,22750.0,PE,40714,72.2,10968425,231261550,72.0,72.2,65
2026-10-06 13:45:25,22698.5,2026-10-06,22750.0,CE,40712,15.1,28540330,785686200,15.05,15.15,65
2026-10-06 13:45:25,22698.5,2026-10-06,22300.0,CE,40679,393.1,688480,3951480,392.9,394.1,65
2026-10-06 13:45:25,22698.5,2026-10-06,23250.0,CE,40749,0.25,4051645,32851260,0.2,0.25,65
2026-10-06 13:45:25,22698.5,2026-10-06,22650.0,PE,40709,20.45,37406200,743853565,20.45,20.5,65
2026-10-06 13:50:25,22712.45,2026-10-06,22550.0,PE,40700,4.1,24318580,571240020,4.05,4.1,65
2026-10-06 13:50:25,22712.45,2026-10-06,23150.0,PE,40744,441.9,72280,103545,439.7,441.9,65
2026-10-06 13:50:25,22712.45,2026-10-06,23150.0,CE,40743,0.25,3561480,34544835,0.2,0.25,65
2026-10-06 13:50:25,22712.45,2026-10-06,23100.0,PE,40742,390.35,387010,494520,390.35,391.55,65
2026-10-06 13:50:25,22712.45,2026-10-06,23100.0,CE,40741,0.3,11974040,74339200,0.25,0.3,65
2026-10-06 13:50:25,22712.45,2026-10-06,22650.0,CE,40704,74.35,13294385,731172715,74.2,74.4,65
2026-10-06 13:50:25,22712.45,2026-10-06,22600.0,PE,40703,7.55,47808215,946397790,7.55,7.6,65
2026-10-06 13:50:25,22712.45,2026-10-06,23200.0,PE,40746,490.85,343850,319085,490.85,492.0,65
2026-10-06 13:50:25,22712.45,2026-10-06,23200.0,CE,40745,0.2,11295960,70071560,0.2,0.25,65
2026-10-06 13:50:25,22712.45,2026-10-06,22600.0,CE,40701,117.0,8370245,614159715,116.7,117.0,65
2026-10-06 13:50:25,22712.45,2026-10-06,22450.0,PE,40696,1.75,12373400,307629595,1.7,1.75,65
2026-10-06 13:50:25,22712.45,2026-10-06,23000.0,PE,40732,291.2,1242280,5548400,291.35,292.0,65
2026-10-06 13:50:25,22712.45,2026-10-06,22550.0,CE,40699,163.7,2821065,209749865,163.2,163.65,65
2026-10-06 13:50:25,22712.45,2026-10-06,22500.0,PE,40698,2.5,25581465,573988740,2.5,2.55,65
2026-10-06 13:50:25,22712.45,2026-10-06,23000.0,CE,40731,0.55,18448365,171958670,0.55,0.6,65
2026-10-06 13:50:25,22712.45,2026-10-06,22500.0,CE,40697,211.45,2886130,144016080,211.35,211.8,65
2026-10-06 13:50:25,22712.45,2026-10-06,23050.0,PE,40736,340.5,172640,452270,340.5,341.65,65
2026-10-06 13:50:25,22712.45,2026-10-06,23050.0,CE,40735,0.4,6257810,58239220,0.35,0.4,65
2026-10-06 13:50:25,22712.45,2026-10-06,22300.0,PE,40681,0.8,13897715,197046200,0.75,0.8,65
2026-10-06 13:50:25,22712.45,2026-10-06,22350.0,CE,40682,360.85,510055,3513770,360.85,361.35,65
2026-10-06 13:50:25,22712.45,2026-10-06,22900.0,PE,40722,192.4,1295255,18405205,192.35,192.8,65
2026-10-06 13:50:25,22712.45,2026-10-06,22450.0,CE,40689,261.15,965835,37476270,260.8,261.45,65
2026-10-06 13:50:25,22712.45,2026-10-06,22400.0,PE,40688,1.3,17859660,333306805,1.25,1.3,65
2026-10-06 13:50:25,22712.45,2026-10-06,22900.0,CE,40721,1.3,17288050,408621785,1.3,1.35,65
2026-10-06 13:50:25,22712.45,2026-10-06,22400.0,CE,40687,311.5,1525030,26110500,310.6,311.4,65
2026-10-06 13:50:25,22712.45,2026-10-06,22850.0,PE,40720,144.2,1250600,28013440,144.05,144.45,65
2026-10-06 13:50:25,22712.45,2026-10-06,22350.0,PE,40686,1.0,10397595,181618190,0.95,1.0,65
2026-10-06 13:50:25,22712.45,2026-10-06,22950.0,PE,40724,241.6,328315,3211715,241.4,242.1,65
2026-10-06 13:50:25,22712.45,2026-10-06,22950.0,CE,40723,0.7,7776015,233811695,0.7,0.75,65
2026-10-06 13:50:25,22712.45,2026-10-06,22850.0,CE,40717,3.3,15336035,370855745,3.25,3.3,65
2026-10-06 13:50:25,22712.45,2026-10-06,22800.0,PE,40716,99.7,7578155,140955295,99.55,99.8,65
2026-10-06 13:50:25,22712.45,2026-10-06,23300.0,CE,40751,0.2,6407505,46241325,0.15,0.2,65
2026-10-06 13:50:25,22712.45,2026-10-06,22150.0,PE,40674,0.55,7800650,82659785,0.5,0.55,65
2026-10-06 13:50:25,22712.45,2026-10-06,22150.0,CE,40673,559.65,106665,159705,559.3,561.2,65
2026-10-06 13:50:25,22712.45,2026-10-06,23250.0,PE,40750,539.65,167180,212420,539.7,541.7,65
2026-10-06 13:50:25,22712.45,2026-10-06,22100.0,PE,40672,0.5,13246090,121174105,0.45,0.5,65
2026-10-06 13:50:25,22712.45,2026-10-06,22100.0,CE,40671,608.8,129935,256295,609.75,611.4,65
2026-10-06 13:50:25,22712.45,2026-10-06,22250.0,PE,40678,0.6,8003320,105449370,0.6,0.65,65
2026-10-06 13:50:25,22712.45,2026-10-06,22700.0,PE,40711,31.6,42346915,752014445,31.45,31.55,65
2026-10-06 13:50:25,22712.45,2026-10-06,22250.0,CE,40677,458.9,319280,599235,460.0,461.5,65
2026-10-06 13:50:25,22712.45,2026-10-06,22700.0,CE,40710,40.65,30544150,1148970745,40.9,41.05,65
2026-10-06 13:50:25,22712.45,2026-10-06,22200.0,PE,40676,0.55,15514460,143539565,0.55,0.6,65
2026-10-06 13:50:25,22712.45,2026-10-06,22200.0,CE,40675,510.6,301665,1120665,509.35,510.75,65
2026-10-06 13:50:25,22712.45,2026-10-06,23300.0,PE,40752,587.35,702195,411450,588.75,590.4,65
2026-10-06 13:50:25,22712.45,2026-10-06,22800.0,CE,40715,8.35,31387005,801597745,8.35,8.4,65
2026-10-06 13:50:25,22712.45,2026-10-06,22750.0,PE,40714,60.45,11191245,238640350,60.2,60.35,65
2026-10-06 13:50:25,22712.45,2026-10-06,22750.0,CE,40712,19.8,29101670,808436395,19.75,19.85,65
2026-10-06 13:50:25,22712.45,2026-10-06,22300.0,CE,40679,411.45,686660,3959085,410.05,411.15,65
2026-10-06 13:50:25,22712.45,2026-10-06,23250.0,CE,40749,0.2,3979560,33581470,0.15,0.2,65
2026-10-06 13:50:25,22712.45,2026-10-06,22650.0,PE,40709,14.95,37825840,760023095,14.95,15.0,65
2026-10-06 13:56:16,22713.4,2026-10-06,22550.0,PE,40700,4.1,24434410,576820725,4.1,4.15,65
2026-10-06 13:56:16,22713.4,2026-10-06,23150.0,PE,40744,438.0,72345,106275,441.3,443.25,65
2026-10-06 13:56:16,22713.4,2026-10-06,23150.0,CE,40743,0.2,3552705,34703500,0.2,0.25,65
2026-10-06 13:56:16,22713.4,2026-10-06,23100.0,PE,40742,393.0,386750,497705,392.9,394.15,65
2026-10-06 13:56:16,22713.4,2026-10-06,23100.0,CE,40741,0.3,12047360,74573525,0.25,0.3,65
2026-10-06 13:56:16,22713.4,2026-10-06,22650.0,CE,40704,72.9,12833405,737204715,72.95,73.15,65
2026-10-06 13:56:16,22713.4,2026-10-06,22600.0,PE,40703,7.8,47945690,957998470,7.7,7.75,65
2026-10-06 13:56:16,22713.4,2026-10-06,23200.0,PE,40746,491.05,343590,320515,492.8,494.4,65
2026-10-06 13:56:16,22713.4,2026-10-06,23200.0,CE,40745,0.2,11332555,70496270,0.2,0.25,65
2026-10-06 13:56:16,22713.4,2026-10-06,22600.0,CE,40701,114.7,8302255,617189365,115.25,115.55,65
2026-10-06 13:56:16,22713.4,2026-10-06,22450.0,PE,40696,1.6,12613770,311844845,1.6,1.65,65
2026-10-06 13:56:16,22713.4,2026-10-06,23000.0,PE,40732,294.25,1237015,5603975,293.05,294.0,65
2026-10-06 13:56:16,22713.4,2026-10-06,22550.0,CE,40699,161.95,2754635,210467335,161.45,161.9,65
2026-10-06 13:56:16,22713.4,2026-10-06,22500.0,PE,40698,2.5,25222405,581674340,2.45,2.5,65
2026-10-06 13:56:16,22713.4,2026-10-06,23000.0,CE,40731,0.55,18394935,173287855,0.5,0.55,65
2026-10-06 13:56:16,22713.4,2026-10-06,22500.0,CE,40697,210.1,2871310,144560845,208.95,209.5,65
2026-10-06 13:56:16,22713.4,2026-10-06,23050.0,PE,40736,341.75,170950,455910,342.7,343.75,65
2026-10-06 13:56:16,22713.4,2026-10-06,23050.0,CE,40735,0.35,6272760,58730490,0.35,0.4,65
2026-10-06 13:56:16,22713.4,2026-10-06,22300.0,PE,40681,0.75,13664495,198991845,0.75,0.8,65
2026-10-06 13:56:16,22713.4,2026-10-06,22350.0,CE,40682,360.2,515645,3528850,358.8,359.55,65
2026-10-06 13:56:16,22713.4,2026-10-06,22900.0,PE,40722,194.4,1319500,18719415,194.0,194.5,65
2026-10-06 13:56:16,22713.4,2026-10-06,22450.0,CE,40689,258.8,961415,37560445,258.15,258.9,65
2026-10-06 13:56:16,22713.4,2026-10-06,22400.0,PE,40688,1.25,17901910,336648325,1.2,1.25,65
2026-10-06 13:56:16,22713.4,2026-10-06,22900.0,CE,40721,1.25,17301765,416226655,1.25,1.3,65
2026-10-06 13:56:16,22713.4,2026-10-06,22400.0,CE,40687,309.85,1504815,26193830,308.75,309.7,65
2026-10-06 13:56:16,22713.4,2026-10-06,22850.0,PE,40720,145.75,1304875,28640885,146.3,146.65,65
2026-10-06 13:56:16,22713.4,2026-10-06,22350.0,PE,40686,0.95,10134670,183551420,0.9,0.95,65
2026-10-06 13:56:16,22713.4,2026-10-06,22950.0,PE,40724,243.55,335335,3246880,243.0,243.7,65
2026-10-06 13:56:16,22713.4,2026-10-06,22950.0,CE,40723,0.75,7700420,234904215,0.7,0.75,65
2026-10-06 13:56:16,22713.4,2026-10-06,22850.0,CE,40717,3.1,15218970,377111280,3.05,3.1,65
2026-10-06 13:56:16,22713.4,2026-10-06,22800.0,PE,40716,101.05,7797855,143505180,101.25,101.5,65
2026-10-06 13:56:16,22713.4,2026-10-06,23300.0,CE,40751,0.15,6270680,46553520,0.15,0.2,65
2026-10-06 13:56:16,22713.4,2026-10-06,22150.0,PE,40674,0.5,7786220,83203900,0.45,0.5,65
2026-10-06 13:56:16,22713.4,2026-10-06,22150.0,CE,40673,558.35,107185,163215,557.5,559.2,65
2026-10-06 13:56:16,22713.4,2026-10-06,23250.0,PE,40750,541.9,167245,213525,541.2,543.15,65
2026-10-06 13:56:16,22713.4,2026-10-06,22100.0,PE,40672,0.4,13228475,122544890,0.4,0.45,65
2026-10-06 13:56:16,22713.4,2026-10-06,22100.0,CE,40671,615.9,130195,258050,607.4,609.3,65
2026-10-06 13:56:16,22713.4,2026-10-06,22250.0,PE,40678,0.6,7872670,107047395,0.55,0.6,65
2026-10-06 13:56:16,22713.4,2026-10-06,22700.0,PE,40711,32.25,42993080,769636660,32.3,32.4,65
2026-10-06 13:56:16,22713.4,2026-10-06,22250.0,CE,40677,461.2,320125,601705,458.3,459.65,65
2026-10-06 13:56:16,22713.4,2026-10-06,22700.0,CE,40710,39.7,30763525,1167681970,39.7,39.8,65
2026-10-06 13:56:16,22713.4,2026-10-06,22200.0,PE,40676,0.55,15369770,144684345,0.5,0.55,65
2026-10-06 13:56:16,22713.4,2026-10-06,22200.0,CE,40675,510.05,300495,1127750,507.95,509.3,65
2026-10-06 13:56:16,22713.4,2026-10-06,23300.0,PE,40752,585.75,701220,422890,590.7,592.45,65
2026-10-06 13:56:16,22713.4,2026-10-06,22800.0,CE,40715,7.9,31434780,815952410,7.9,7.95,65
2026-10-06 13:56:16,22713.4,2026-10-06,22750.0,PE,40714,61.4,11725025,244847330,61.25,61.45,65
2026-10-06 13:56:16,22713.4,2026-10-06,22750.0,CE,40712,19.0,29286595,828389250,19.0,19.05,65
2026-10-06 13:56:16,22713.4,2026-10-06,22300.0,CE,40679,408.75,677040,3981640,408.15,409.3,65
2026-10-06 13:56:16,22713.4,2026-10-06,23250.0,CE,40749,0.15,3845400,33775300,0.15,0.2,65
2026-10-06 13:56:16,22713.4,2026-10-06,22650.0,PE,40709,15.5,37509030,770747510,15.45,15.5,65
2026-10-06 14:00:38,22712.95,2026-10-06,22550.0,PE,40700,3.9,23856040,581238905,3.9,3.95,65
2026-10-06 14:00:38,22712.95,2026-10-06,23150.0,PE,40744,435.75,72475,106990,437.05,439.0,65
2026-10-06 14:00:38,22712.95,2026-10-06,23150.0,CE,40743,0.2,3562000,34922225,0.2,0.25,65
2026-10-06 14:00:38,22712.95,2026-10-06,23100.0,PE,40742,388.4,386750,499720,387.45,388.85,65
2026-10-06 14:00:38,22712.95,2026-10-06,23100.0,CE,40741,0.25,12061465,74825335,0.25,0.3,65
2026-10-06 14:00:38,22712.95,2026-10-06,22650.0,CE,40704,76.6,12752935,741225680,76.55,76.8,65
2026-10-06 14:00:38,22712.95,2026-10-06,22600.0,PE,40703,7.25,46859020,967631145,7.25,7.3,65
2026-10-06 14:00:38,22712.95,2026-10-06,23200.0,PE,40746,488.35,343850,322270,487.9,488.95,65
2026-10-06 14:00:38,22712.95,2026-10-06,23200.0,CE,40745,0.2,11341005,70850325,0.2,0.25,65
2026-10-06 14:00:38,22712.95,2026-10-06,22600.0,CE,40701,119.45,8051225,619272225,119.4,119.7,65
2026-10-06 14:00:38,22712.95,2026-10-06,22450.0,PE,40696,1.5,12472915,315766360,1.5,1.55,65
2026-10-06 14:00:38,22712.95,2026-10-06,23000.0,PE,40732,288.9,1256840,5651815,288.45,289.3,65
2026-10-06 14:00:38,22712.95,2026-10-06,22550.0,CE,40699,165.9,2739620,210901795,165.85,166.25,65
2026-10-06 14:00:38,22712.95,2026-10-06,22500.0,PE,40698,2.4,24561225,587287545,2.35,2.4,65
2026-10-06 14:00:38,22712.95,2026-10-06,23000.0,CE,40731,0.55,18463965,174213390,0.55,0.6,65
2026-10-06 14:00:38,22712.95,2026-10-06,22500.0,CE,40697,214.3,2853760,144934660,214.3,214.65,65
2026-10-06 14:00:38,22712.95,2026-10-06,23050.0,PE,40736,336.95,171210,457925,338.05,339.15,65
2026-10-06 14:00:38,22712.95,2026-10-06,23050.0,CE,40735,0.4,6222385,59387250,0.35,0.4,65
2026-10-06 14:00:38,22712.95,2026-10-06,22300.0,PE,40681,0.7,13952185,200772065,0.7,0.75,65
2026-10-06 14:00:38,22712.95,2026-10-06,22350.0,CE,40682,364.05,513305,3538795,363.05,364.15,65
2026-10-06 14:00:38,22712.95,2026-10-06,22900.0,PE,40722,189.7,1354795,19005675,189.75,190.15,65
2026-10-06 14:00:38,22712.95,2026-10-06,22450.0,CE,40689,263.15,961870,37602110,263.15,263.8,65
2026-10-06 14:00:38,22712.95,2026-10-06,22400.0,PE,40688,1.15,17659200,338222495,1.15,1.2,65
2026-10-06 14:00:38,22712.95,2026-10-06,22900.0,CE,40721,1.5,17340700,422593275,1.45,1.5,65
2026-10-06 14:00:38,22712.95,2026-10-06,22400.0,CE,40687,312.95,1491100,26261625,313.05,313.95,65
2026-10-06 14:00:38,22712.95,2026-10-06,22850.0,PE,40720,142.1,1397370,29138785,141.7,142.05,65
2026-10-06 14:00:38,22712.95,2026-10-06,22350.0,PE,40686,0.9,10390640,184169895,0.9,0.95,65
2026-10-06 14:00:38,22712.95,2026-10-06,22950.0,PE,40724,238.5,341445,3271840,238.55,239.15,65
2026-10-06 14:00:38,22712.95,2026-10-06,22950.0,CE,40723,0.8,7477340,237738020,0.75,0.8,65
2026-10-06 14:00:38,22712.95,2026-10-06,22850.0,CE,40717,3.65,15663895,382400590,3.6,3.65,65
2026-10-06 14:00:38,22712.95,2026-10-06,22800.0,PE,40716,97.45,8058505,145585440,97.5,97.7,65
2026-10-06 14:00:38,22712.95,2026-10-06,23300.0,CE,40751,0.15,6325540,48555065,0.15,0.2,65
2026-10-06 14:00:38,22712.95,2026-10-06,22150.0,PE,40674,0.45,7473895,83970510,0.45,0.5,65
2026-10-06 14:00:38,22712.95,2026-10-06,22150.0,CE,40673,562.3,107250,163345,562.7,564.2,65
2026-10-06 14:00:38,22712.95,2026-10-06,23250.0,PE,40750,539.6,167115,214045,536.95,538.35,65
2026-10-06 14:00:38,22712.95,2026-10-06,22100.0,PE,40672,0.4,12891060,124428525,0.35,0.4,65
2026-10-06 14:00:38,22712.95,2026-10-06,22100.0,CE,40671,614.25,130130,261105,612.4,614.2,65
2026-10-06 14:00:38,22712.95,2026-10-06,22250.0,PE,40678,0.5,7686055,108190095,0.5,0.55,65
2026-10-06 14:00:38,22712.95,2026-10-06,22700.0,PE,40711,30.45,43653415,782317445,30.4,30.45,65
2026-10-06 14:00:38,22712.95,2026-10-06,22250.0,CE,40677,463.65,319865,604695,462.6,464.15,65
2026-10-06 14:00:38,22712.95,2026-10-06,22700.0,CE,40710,42.7,30869800,1179771775,42.7,42.8,65
2026-10-06 14:00:38,22712.95,2026-10-06,22200.0,PE,40676,0.45,15142855,145701140,0.45,0.5,65
2026-10-06 14:00:38,22712.95,2026-10-06,22200.0,CE,40675,515.0,300690,1128725,512.55,514.15,65
2026-10-06 14:00:38,22712.95,2026-10-06,23300.0,PE,40752,585.9,698230,436995,586.15,587.9,65
2026-10-06 14:00:38,22712.95,2026-10-06,22800.0,CE,40715,9.15,31451095,826617545,9.15,9.2,65
2026-10-06 14:00:38,22712.95,2026-10-06,22750.0,PE,40714,58.8,12265500,249718170,58.7,58.9,65
2026-10-06 14:00:38,22712.95,2026-10-06,22750.0,CE,40712,20.95,29859310,842850775,21.05,21.1,65
2026-10-06 14:00:38,22712.95,2026-10-06,22300.0,CE,40679,413.35,667420,4004520,412.75,413.65,65
2026-10-06 14:00:38,22712.95,2026-10-06,23250.0,CE,40749,0.2,3841890,33857460,0.15,0.2,65
2026-10-06 14:00:38,22712.95,2026-10-06,22650.0,PE,40709,14.5,37784760,779737660,14.4,14.45,65
2026-10-06 14:05:30,22724.95,2026-10-06,22550.0,PE,40700,2.5,23116860,596418160,2.45,2.5,65
2026-10-06 14:05:30,22724.95,2026-10-06,23150.0,PE,40744,425.6,72865,109265,425.7,428.4,65
2026-10-06 14:05:30,22724.95,2026-10-06,23150.0,CE,40743,0.25,3538990,35765795,0.2,0.25,65
2026-10-06 14:05:30,22724.95,2026-10-06,23100.0,PE,40742,375.2,386815,509925,376.55,377.9,65
2026-10-06 14:05:30,22724.95,2026-10-06,23100.0,CE,40741,0.3,11926655,75453560,0.25,0.3,65
2026-10-06 14:05:30,22724.95,2026-10-06,22650.0,CE,40704,84.0,12300080,751274160,83.85,84.1,65
2026-10-06 14:05:30,22724.95,2026-10-06,22600.0,PE,40703,4.65,43244305,995618585,4.65,4.7,65
2026-10-06 14:05:30,22724.95,2026-10-06,23200.0,PE,40746,477.35,340990,327795,476.1,477.5,65
2026-10-06 14:05:30,22724.95,2026-10-06,23200.0,CE,40745,0.25,11373245,71316635,0.2,0.25,65
2026-10-06 14:05:30,22724.95,2026-10-06,22600.0,CE,40701,128.75,7956455,625135810,128.1,128.4,65
2026-10-06 14:05:30,22724.95,2026-10-06,22450.0,PE,40696,1.1,11910795,325080990,1.1,1.15,65
2026-10-06 14:05:30,22724.95,2026-10-06,23000.0,PE,40732,277.1,1249040,5793190,277.05,277.8,65
2026-10-06 14:05:30,22724.95,2026-10-06,22550.0,CE,40699,175.65,2656160,212292535,175.75,176.2,65
2026-10-06 14:05:30,22724.95,2026-10-06,22500.0,PE,40698,1.5,23314850,609108760,1.5,1.55,65
2026-10-06 14:05:30,22724.95,2026-10-06,23000.0,CE,40731,0.6,18439915,177221330,0.55,0.6,65
2026-10-06 14:05:30,22724.95,2026-10-06,22500.0,CE,40697,225.4,2811120,146079245,224.7,225.35,65
2026-10-06 14:05:30,22724.95,2026-10-06,23050.0,PE,40736,326.4,169910,465400,326.7,327.7,65
2026-10-06 14:05:30,22724.95,2026-10-06,23050.0,CE,40735,0.4,6188390,60100625,0.35,0.4,65
2026-10-06 14:05:30,22724.95,2026-10-06,22300.0,PE,40681,0.5,13366665,205587590,0.5,0.55,65
2026-10-06 14:05:30,22724.95,2026-10-06,22350.0,CE,40682,375.7,515385,3563560,374.25,375.35,65
2026-10-06 14:05:30,22724.95,2026-10-06,22900.0,PE,40722,178.45,1375530,19687330,178.6,179.15,65
2026-10-06 14:05:30,22724.95,2026-10-06,22450.0,CE,40689,275.25,943930,37764545,274.35,275.05,65
2026-10-06 14:05:30,22724.95,2026-10-06,22400.0,PE,40688,0.9,15887300,347376445,0.85,0.9,65
2026-10-06 14:05:30,22724.95,2026-10-06,22900.0,CE,40721,1.7,17458545,443495715,1.7,1.75,65
2026-10-06 14:05:30,22724.95,2026-10-06,22400.0,CE,40687,324.45,1458665,26427505,324.3,325.1,65
2026-10-06 14:05:30,22724.95,2026-10-06,22850.0,PE,40720,131.05,1484665,30439825,130.75,131.1,65
2026-10-06 14:05:30,22724.95,2026-10-06,22350.0,PE,40686,0.75,9950135,187504330,0.7,0.75,65
2026-10-06 14:05:30,22724.95,2026-10-06,22950.0,PE,40724,227.7,368225,3376100,227.35,227.95,65
2026-10-06 14:05:30,22724.95,2026-10-06,22950.0,CE,40723,0.9,7653360,241138885,0.85,0.9,65
2026-10-06 14:05:30,22724.95,2026-10-06,22850.0,CE,40717,4.25,16209700,397616115,4.25,4.3,65
2026-10-06 14:05:30,22724.95,2026-10-06,22800.0,PE,40716,86.95,8470735,151779355,87.05,87.25,65
2026-10-06 14:05:30,22724.95,2026-10-06,23300.0,CE,40751,0.15,6195345,48851075,0.15,0.2,65
2026-10-06 14:05:30,22724.95,2026-10-06,22150.0,PE,40674,0.4,7477275,84945835,0.35,0.4,65
2026-10-06 14:05:30,22724.95,2026-10-06,22150.0,CE,40673,575.5,107380,163605,573.6,575.9,65
2026-10-06 14:05:30,22724.95,2026-10-06,23250.0,PE,40750,526.65,165750,217620,525.65,526.7,65
2026-10-06 14:05:30,22724.95,2026-10-06,22100.0,PE,40672,0.35,12655370,126176050,0.35,0.4,65
2026-10-06 14:05:30,22724.95,2026-10-06,22100.0,CE,40671,626.25,128505,265330,624.0,626.1,65
2026-10-06 14:05:30,22724.95,2026-10-06,22250.0,PE,40678,0.4,7618845,110225895,0.4,0.45,65
2026-10-06 14:05:30,22724.95,2026-10-06,22700.0,PE,40711,23.75,43876560,815161815,23.8,23.85,65
2026-10-06 14:05:30,22724.95,2026-10-06,22250.0,CE,40677,471.05,320320,606905,474.1,475.55,65
2026-10-06 14:05:30,22724.95,2026-10-06,22700.0,CE,40710,47.9,30124835,1212194295,47.45,47.65,65
2026-10-06 14:05:30,22724.95,2026-10-06,22200.0,PE,40676,0.35,14725750,147561050,0.35,0.4,65
2026-10-06 14:05:30,22724.95,2026-10-06,22200.0,CE,40675,524.55,299130,1135160,523.6,525.25,65
2026-10-06 14:05:30,22724.95,2026-10-06,23300.0,PE,40752,574.35,695175,478725,574.55,576.35,65
2026-10-06 14:05:30,22724.95,2026-10-06,22800.0,CE,40715,10.55,33860645,856132940,10.4,10.45,65
2026-10-06 14:05:30,22724.95,2026-10-06,22750.0,PE,40714,49.7,13066560,262583100,49.55,49.65,65
2026-10-06 14:05:30,22724.95,2026-10-06,22750.0,CE,40712,23.7,30909190,877704555,23.75,23.85,65
2026-10-06 14:05:30,22724.95,2026-10-06,22300.0,CE,40679,424.0,660530,4027920,424.25,425.5,65
2026-10-06 14:05:30,22724.95,2026-10-06,23250.0,CE,40749,0.2,3930030,34302905,0.15,0.2,65
2026-10-06 14:05:30,22724.95,2026-10-06,22650.0,PE,40709,10.2,36758605,804013275,10.15,10.2,65
2026-10-06 14:10:50,22724.7,2026-10-06,22550.0,PE,40700,2.55,22598095,612529645,2.55,2.6,65
2026-10-06 14:10:50,22724.7,2026-10-06,23150.0,PE,40744,423.9,73645,111735,426.15,428.15,65
2026-10-06 14:10:50,22724.7,2026-10-06,23150.0,CE,40743,0.2,3507075,36380760,0.2,0.25,65
2026-10-06 14:10:50,22724.7,2026-10-06,23100.0,PE,40742,378.0,390845,521820,376.85,378.05,65
2026-10-06 14:10:50,22724.7,2026-10-06,23100.0,CE,40741,0.25,11690510,75982725,0.25,0.3,65
2026-10-06 14:10:50,22724.7,2026-10-06,22650.0,CE,40704,82.95,11591385,761602205,83.05,83.3,65
2026-10-06 14:10:50,22724.7,2026-10-06,22600.0,PE,40703,4.7,40871805,1019760170,4.7,4.75,65
2026-10-06 14:10:50,22724.7,2026-10-06,23200.0,PE,40746,472.95,339755,333580,476.7,478.05,65
2026-10-06 14:10:50,22724.7,2026-10-06,23200.0,CE,40745,0.25,11087570,72647900,0.2,0.25,65
2026-10-06 14:10:50,22724.7,2026-10-06,22600.0,CE,40701,127.8,7467655,632195980,127.5,127.85,65
2026-10-06 14:10:50,22724.7,2026-10-06,22450.0,PE,40696,1.1,11520925,330083195,1.05,1.1,65
2026-10-06 14:10:50,22724.7,2026-10-06,23000.0,PE,40732,277.8,1299480,5949060,277.6,278.4,65
2026-10-06 14:10:50,22724.7,2026-10-06,22550.0,CE,40699,175.1,2517450,213663515,175.0,175.5,65
2026-10-06 14:10:50,22724.7,2026-10-06,22500.0,PE,40698,1.55,22711520,627452215,1.5,1.55,65
2026-10-06 14:10:50,22724.7,2026-10-06,23000.0,CE,40731,0.6,18596500,178619805,0.6,0.65,65
2026-10-06 14:10:50,22724.7,2026-10-06,22500.0,CE,40697,224.0,2782065,147334460,224.15,224.8,65
2026-10-06 14:10:50,22724.7,2026-10-06,23050.0,PE,40736,328.05,172445,478660,326.75,327.8,65
2026-10-06 14:10:50,22724.7,2026-10-06,23050.0,CE,40735,0.4,6084390,61010495,0.35,0.4,65
2026-10-06 14:10:50,22724.7,2026-10-06,22300.0,PE,40681,0.55,12294620,208249470,0.5,0.55,65
2026-10-06 14:10:50,22724.7,2026-10-06,22350.0,CE,40682,373.7,512200,3595475,373.95,375.1,65
2026-10-06 14:10:50,22724.7,2026-10-06,22900.0,PE,40722,179.1,1484925,20602140,178.65,179.1,65
2026-10-06 14:10:50,22724.7,2026-10-06,22450.0,CE,40689,273.9,915525,37927175,273.7,273.9,65
2026-10-06 14:10:50,22724.7,2026-10-06,22400.0,PE,40688,0.8,15564575,351597350,0.8,0.85,65
2026-10-06 14:10:50,22724.7,2026-10-06,22900.0,CE,40721,1.5,17669665,459745845,1.5,1.55,65
2026-10-06 14:10:50,22724.7,2026-10-06,22400.0,CE,40687,324.75,1444235,26597415,323.7,324.6,65
2026-10-06 14:10:50,22724.7,2026-10-06,22850.0,PE,40720,131.05,1616810,31877235,130.65,130.95,65
2026-10-06 14:10:50,22724.7,2026-10-06,22350.0,PE,40686,0.65,9851725,190642205,0.65,0.7,65
2026-10-06 14:10:50,22724.7,2026-10-06,22950.0,PE,40724,228.05,356785,3533140,227.7,227.95,65
2026-10-06 14:10:50,22724.7,2026-10-06,22950.0,CE,40723,0.85,7866040,243511060,0.85,0.9,65
2026-10-06 14:10:50,22724.7,2026-10-06,22850.0,CE,40717,3.7,17056325,412829690,3.7,3.75,65
2026-10-06 14:10:50,22724.7,2026-10-06,22800.0,PE,40716,86.45,8869510,158515240,86.55,86.75,65
2026-10-06 14:10:50,22724.7,2026-10-06,23300.0,CE,40751,0.2,6170580,49190765,0.15,0.2,65
2026-10-06 14:10:50,22724.7,2026-10-06,22150.0,PE,40674,0.35,7053800,86231210,0.35,0.4,65
2026-10-06 14:10:50,22724.7,2026-10-06,22150.0,CE,40673,577.1,108095,165750,573.5,575.2,65
2026-10-06 14:10:50,22724.7,2026-10-06,23250.0,PE,40750,522.1,165165,220740,525.85,528.2,65
2026-10-06 14:10:50,22724.7,2026-10-06,22100.0,PE,40672,0.35,12343825,127323885,0.3,0.35,65
2026-10-06 14:10:50,22724.7,2026-10-06,22100.0,CE,40671,628.7,128440,270205,623.6,625.5,65
2026-10-06 14:10:50,22724.7,2026-10-06,22250.0,PE,40678,0.4,7242950,112688550,0.4,0.45,65
2026-10-06 14:10:50,22724.7,2026-10-06,22700.0,PE,40711,23.5,44680285,849899180,23.4,23.45,65
2026-10-06 14:10:50,22724.7,2026-10-06,22250.0,CE,40677,476.9,322465,611260,473.2,474.65,65
2026-10-06 14:10:50,22724.7,2026-10-06,22700.0,CE,40710,46.8,28631785,1246831430,47.0,47.1,65
2026-10-06 14:10:50,22724.7,2026-10-06,22200.0,PE,40676,0.35,14261455,151324680,0.35,0.4,65
2026-10-06 14:10:50,22724.7,2026-10-06,22200.0,CE,40675,528.0,299780,1149330,522.95,524.65,65
2026-10-06 14:10:50,22724.7,2026-10-06,23300.0,PE,40752,575.5,690885,509275,575.4,576.95,65
2026-10-06 14:10:50,22724.7,2026-10-06,22800.0,CE,40715,9.65,34351785,888442425,9.6,9.65,65
2026-10-06 14:10:50,22724.7,2026-10-06,22750.0,PE,40714,49.35,14541345,276929900,49.15,49.25,65
2026-10-06 14:10:50,22724.7,2026-10-06,22750.0,CE,40712,22.55,31045170,918309015,22.7,22.75,65
2026-10-06 14:10:50,22724.7,2026-10-06,22300.0,CE,40679,424.3,657670,4053855,423.45,424.4,65
2026-10-06 14:10:50,22724.7,2026-10-06,23250.0,CE,40749,0.2,4029610,35737585,0.15,0.2,65
2026-10-06 14:10:50,22724.7,2026-10-06,22650.0,PE,40709,10.15,36151570,826033390,10.15,10.2,65
2026-10-06 14:15:39,22719.7,2026-10-06,22550.0,PE,40700,2.75,23244130,621227555,2.75,2.8,65
2026-10-06 14:15:39,22719.7,2026-10-06,23150.0,PE,40744,431.0,74295,112840,430.1,432.7,65
2026-10-06 14:15:39,22719.7,2026-10-06,23150.0,CE,40743,0.15,3467945,36784150,0.15,0.2,65
2026-10-06 14:15:39,22719.7,2026-10-06,23100.0,PE,40742,379.45,390260,526695,381.35,382.6,65
2026-10-06 14:15:39,22719.7,2026-10-06,23100.0,CE,40741,0.3,11358425,80035150,0.25,0.3,65
2026-10-06 14:15:39,22719.7,2026-10-06,22650.0,CE,40704,79.8,11404835,766615850,79.65,79.85,65
2026-10-06 14:15:39,22719.7,2026-10-06,22600.0,PE,40703,5.1,41088775,1030482960,5.1,5.15,65
2026-10-06 14:15:39,22719.7,2026-10-06,23200.0,PE,40746,479.65,337090,337415,481.45,482.95,65
2026-10-06 14:15:39,22719.7,2026-10-06,23200.0,CE,40745,0.15,11076065,74050470,0.15,0.2,65
2026-10-06 14:15:39,22719.7,2026-10-06,22600.0,CE,40701,123.6,7452315,634908170,123.6,123.9,65
2026-10-06 14:15:39,22719.7,2026-10-06,22450.0,PE,40696,1.15,11283025,332380815,1.1,1.15,65
2026-10-06 14:15:39,22719.7,2026-10-06,23000.0,PE,40732,281.75,1291810,6025695,281.75,282.55,65
2026-10-06 14:15:39,22719.7,2026-10-06,22550.0,CE,40699,171.15,2485795,214190535,170.95,171.35,65
2026-10-06 14:15:39,22719.7,2026-10-06,22500.0,PE,40698,1.7,22143030,633918415,1.65,1.7,65
2026-10-06 14:15:39,22719.7,2026-10-06,23000.0,CE,40731,0.55,18750095,179799620,0.5,0.55,65
2026-10-06 14:15:39,22719.7,2026-10-06,22500.0,CE,40697,220.05,2758925,147746300,219.5,220.1,65
2026-10-06 14:15:39,22719.7,2026-10-06,23050.0,PE,40736,329.2,173745,483925,331.25,332.3,65
2026-10-06 14:15:39,22719.7,2026-10-06,23050.0,CE,40735,0.35,6047990,61315280,0.35,0.4,65
2026-10-06 14:15:39,22719.7,2026-10-06,22300.0,PE,40681,0.55,12143885,211149640,0.5,0.55,65
2026-10-06 14:15:39,22719.7,2026-10-06,22350.0,CE,40682,372.0,505960,3608995,369.25,370.25,65
2026-10-06 14:15:39,22719.7,2026-10-06,22900.0,PE,40722,183.3,1495390,21024705,182.6,183.1,65
2026-10-06 14:15:39,22719.7,2026-10-06,22450.0,CE,40689,269.3,905710,37981125,269.45,270.15,65
2026-10-06 14:15:39,22719.7,2026-10-06,22400.0,PE,40688,0.9,15486835,354600480,0.85,0.9,65
2026-10-06 14:15:39,22719.7,2026-10-06,22900.0,CE,40721,1.25,17800705,470760810,1.25,1.3,65
2026-10-06 14:15:39,22719.7,2026-10-06,22400.0,CE,40687,319.4,1424605,26679315,319.15,320.1,65
2026-10-06 14:15:39,22719.7,2026-10-06,22850.0,PE,40720,134.8,1695980,32616870,134.45,134.85,65
2026-10-06 14:15:39,22719.7,2026-10-06,22350.0,PE,40686,0.7,9606415,192108020,0.65,0.7,65
2026-10-06 14:15:39,22719.7,2026-10-06,22950.0,PE,40724,231.65,354250,3601910,231.65,232.35,65
2026-10-06 14:15:39,22719.7,2026-10-06,22950.0,CE,40723,0.7,8086780,244921430,0.65,0.7,65
2026-10-06 14:15:39,22719.7,2026-10-06,22850.0,CE,40717,3.1,17287790,422711705,3.0,3.05,65
2026-10-06 14:15:39,22719.7,2026-10-06,22800.0,PE,40716,89.7,8887450,161955105,89.7,89.9,65
2026-10-06 14:15:39,22719.7,2026-10-06,23300.0,CE,40751,0.15,6162585,49557820,0.1,0.15,65
2026-10-06 14:15:39,22719.7,2026-10-06,22150.0,PE,40674,0.3,6962475,86754655,0.3,0.35,65
2026-10-06 14:15:39,22719.7,2026-10-06,22150.0,CE,40673,576.95,107835,168220,568.75,570.4,65
2026-10-06 14:15:39,22719.7,2026-10-06,23250.0,PE,40750,526.0,164580,221780,530.2,532.75,65
2026-10-06 14:15:39,22719.7,2026-10-06,22100.0,PE,40672,0.25,11787685,129243530,0.25,0.3,65
2026-10-06 14:15:39,22719.7,2026-10-06,22100.0,CE,40671,627.8,128895,270270,618.7,620.5,65
2026-10-06 14:15:39,22719.7,2026-10-06,22250.0,PE,40678,0.45,7044310,113843275,0.4,0.45,65
2026-10-06 14:15:39,22719.7,2026-10-06,22700.0,PE,40711,25.1,45714305,868306725,25.15,25.2,65
2026-10-06 14:15:39,22719.7,2026-10-06,22250.0,CE,40677,469.8,322595,612820,468.95,470.5,65
2026-10-06 14:15:39,22719.7,2026-10-06,22700.0,CE,40710,43.9,28282345,1263911220,43.9,44.0,65
2026-10-06 14:15:39,22719.7,2026-10-06,22200.0,PE,40676,0.3,13953680,152674405,0.3,0.35,65
2026-10-06 14:15:39,22719.7,2026-10-06,22200.0,CE,40675,519.05,301080,1154140,518.65,520.15,65
2026-10-06 14:15:39,22719.7,2026-10-06,23300.0,PE,40752,574.4,690430,523315,579.45,581.4,65
2026-10-06 14:15:39,22719.7,2026-10-06,22800.0,CE,40715,8.3,32921720,908226540,8.3,8.35,65
2026-10-06 14:15:39,22719.7,2026-10-06,22750.0,PE,40714,51.65,15015455,286209560,51.5,51.65,65
2026-10-06 14:15:39,22719.7,2026-10-06,22750.0,CE,40712,20.7,31056415,939558230,20.65,20.75,65
2026-10-06 14:15:39,22719.7,2026-10-06,22300.0,CE,40679,419.0,658125,4063085,419.2,420.3,65
2026-10-06 14:15:39,22719.7,2026-10-06,23250.0,CE,40749,0.15,3852680,36294635,0.15,0.2,65
2026-10-06 14:15:39,22719.7,2026-10-06,22650.0,PE,40709,11.2,36621715,836855955,11.05,11.1,65
2026-10-06 14:20:49,22718.45,2026-10-06,22550.0,PE,40700,2.65,21866910,633607910,2.65,2.7,65
2026-10-06 14:20:49,22718.45,2026-10-06,23150.0,PE,40744,443.3,73515,117650,432.85,435.15,65
2026-10-06 14:20:49,22718.45,2026-10-06,23150.0,CE,40743,0.2,3427710,37080810,0.15,0.2,65
2026-10-06 14:20:49,22718.45,2026-10-06,23100.0,PE,40742,384.0,387920,543595,383.6,385.05,65
2026-10-06 14:20:49,22718.45,2026-10-06,23100.0,CE,40741,0.25,11228100,80711410,0.2,0.25,65
2026-10-06 14:20:49,22718.45,2026-10-06,22650.0,CE,40704,77.1,11594505,775163675,76.9,77.05,65
2026-10-06 14:20:49,22718.45,2026-10-06,22600.0,PE,40703,5.05,40899300,1053246740,5.0,5.05,65
2026-10-06 14:20:49,22718.45,2026-10-06,23200.0,PE,40746,484.0,336700,340860,484.15,485.75,65
2026-10-06 14:20:49,22718.45,2026-10-06,23200.0,CE,40745,0.2,11015940,75498540,0.15,0.2,65
2026-10-06 14:20:49,22718.45,2026-10-06,22600.0,CE,40701,121.15,7704060,639999425,121.15,121.4,65
2026-10-06 14:20:49,22718.45,2026-10-06,22450.0,PE,40696,1.25,11595870,336574940,1.25,1.3,65
2026-10-06 14:20:49,22718.45,2026-10-06,23000.0,PE,40732,285.5,1245270,6195995,284.4,285.25,65
2026-10-06 14:20:49,22718.45,2026-10-06,22550.0,CE,40699,168.75,2769130,216115315,168.6,168.9,65
2026-10-06 14:20:49,22718.45,2026-10-06,22500.0,PE,40698,1.7,21779420,645933275,1.7,1.75,65
2026-10-06 14:20:49,22718.45,2026-10-06,23000.0,CE,40731,0.5,19344130,182176085,0.5,0.55,65
2026-10-06 14:20:49,22718.45,2026-10-06,22500.0,CE,40697,217.55,2641600,148969470,217.25,217.7,65
2026-10-06 14:20:49,22718.45,2026-10-06,23050.0,PE,40736,335.7,173420,498615,334.1,335.25,65
2026-10-06 14:20:49,22718.45,2026-10-06,23050.0,CE,40735,0.35,6022055,61825660,0.3,0.35,65
2026-10-06 14:20:49,22718.45,2026-10-06,22300.0,PE,40681,0.65,11694085,212592900,0.6,0.65,65
2026-10-06 14:20:49,22718.45,2026-10-06,22350.0,CE,40682,367.85,511160,3628885,366.25,367.35,65
2026-10-06 14:20:49,22718.45,2026-10-06,22900.0,PE,40722,185.15,1422850,21867950,184.9,185.4,65
2026-10-06 14:20:49,22718.45,2026-10-06,22450.0,CE,40689,267.3,895050,38095655,267.15,267.85,65
2026-10-06 14:20:49,22718.45,2026-10-06,22400.0,PE,40688,0.95,15568410,357997445,0.95,1.0,65
2026-10-06 14:20:49,22718.45,2026-10-06,22900.0,CE,40721,1.1,17602065,482903525,1.1,1.15,65
2026-10-06 14:20:49,22718.45,2026-10-06,22400.0,CE,40687,317.75,1407250,26857545,316.9,317.8,65
2026-10-06 14:20:49,22718.45,2026-10-06,22850.0,PE,40720,136.85,1638910,34356985,137.1,137.3,65
2026-10-06 14:20:49,22718.45,2026-10-06,22350.0,PE,40686,0.8,9499490,193712870,0.8,0.85,65
2026-10-06 14:20:49,22718.45,2026-10-06,22950.0,PE,40724,234.55,362830,3799835,234.55,235.25,65
2026-10-06 14:20:49,22718.45,2026-10-06,22950.0,CE,40723,0.7,7699120,247529555,0.7,0.75,65
2026-10-06 14:20:49,22718.45,2026-10-06,22850.0,CE,40717,2.7,16413605,437945365,2.65,2.7,65
2026-10-06 14:20:49,22718.45,2026-10-06,22800.0,PE,40716,91.25,8396245,169316550,91.25,91.45,65
2026-10-06 14:20:49,22718.45,2026-10-06,23300.0,CE,40751,0.15,6129175,50531650,0.1,0.15,65
2026-10-06 14:20:49,22718.45,2026-10-06,22150.0,PE,40674,0.35,6719180,87910095,0.3,0.35,65
2026-10-06 14:20:49,22718.45,2026-10-06,22150.0,CE,40673,558.7,109460,170885,565.65,567.6,65
2026-10-06 14:20:49,22718.45,2026-10-06,23250.0,PE,40750,541.3,164580,223080,533.2,535.1,65
2026-10-06 14:20:49,22718.45,2026-10-06,22100.0,PE,40672,0.35,11552190,130043095,0.3,0.35,65
2026-10-06 14:20:49,22718.45,2026-10-06,22100.0,CE,40671,618.25,129480,271245,616.3,617.95,65
2026-10-06 14:20:49,22718.45,2026-10-06,22250.0,PE,40678,0.4,6826755,115705460,0.4,0.45,65
2026-10-06 14:20:49,22718.45,2026-10-06,22700.0,PE,40711,25.25,45968845,909834705,25.5,25.6,65
2026-10-06 14:20:49,22718.45,2026-10-06,22250.0,CE,40677,465.4,325780,617435,466.4,468.0,65
2026-10-06 14:20:49,22718.45,2026-10-06,22700.0,CE,40710,41.65,27985295,1293574360,41.2,41.25,65
2026-10-06 14:20:49,22718.45,2026-10-06,22200.0,PE,40676,0.4,13543660,156067925,0.35,0.4,65
2026-10-06 14:20:49,22718.45,2026-10-06,22200.0,CE,40675,512.95,302315,1160835,516.0,517.7,65
2026-10-06 14:20:49,22718.45,2026-10-06,23300.0,PE,40752,583.3,684125,543400,582.6,584.3,65
2026-10-06 14:20:49,22718.45,2026-10-06,22800.0,CE,40715,7.35,32176365,936024050,7.35,7.4,65
2026-10-06 14:20:49,22718.45,2026-10-06,22750.0,PE,40714,52.55,15176655,303415255,52.4,52.55,65
2026-10-06 14:20:49,22718.45,2026-10-06,22750.0,CE,40712,18.85,30237935,974038520,18.8,18.9,65
2026-10-06 14:20:49,22718.45,2026-10-06,22300.0,CE,40679,418.05,659425,4086290,416.2,417.4,65
2026-10-06 14:20:49,22718.45,2026-10-06,23250.0,CE,40749,0.1,3966365,37925680,0.1,0.15,65
2026-10-06 14:20:49,22718.45,2026-10-06,22650.0,PE,40709,11.05,36261355,862581655,11.05,11.15,65
2026-10-06 14:25:53,22708.65,2026-10-06,22550.0,PE,40700,3.1,20868900,646481615,3.0,3.05,65
2026-10-06 14:25:53,22708.65,2026-10-06,23150.0,PE,40744,448.0,73450,122850,447.1,449.7,65
2026-10-06 14:25:53,22708.65,2026-10-06,23150.0,CE,40743,0.15,3309280,37334700,0.15,0.2,65
2026-10-06 14:25:53,22708.65,2026-10-06,23100.0,PE,40742,396.8,385970,560820,397.9,399.0,65
2026-10-06 14:25:53,22708.65,2026-10-06,23100.0,CE,40741,0.25,11240905,81136380,0.2,0.25,65
2026-10-06 14:25:53,22708.65,2026-10-06,22650.0,CE,40704,65.5,11611860,783533530,65.65,65.8,65
2026-10-06 14:25:53,22708.65,2026-10-06,22600.0,PE,40703,6.1,40638130,1076190700,6.1,6.15,65
2026-10-06 14:25:53,22708.65,2026-10-06,23200.0,PE,40746,497.95,335400,348010,497.95,499.35,65
2026-10-06 14:25:53,22708.65,2026-10-06,23200.0,CE,40745,0.2,10933845,75963030,0.15,0.2,65
2026-10-06 14:25:53,22708.65,2026-10-06,22600.0,CE,40701,108.0,7560410,645308755,107.75,107.85,65
2026-10-06 14:25:53,22708.65,2026-10-06,22450.0,PE,40696,1.35,11876085,343011370,1.3,1.35,65
2026-10-06 14:25:53,22708.65,2026-10-06,23000.0,PE,40732,298.55,1227330,6350110,298.35,299.35,65
2026-10-06 14:25:53,22708.65,2026-10-06,22550.0,CE,40699,154.4,2484950,217592115,155.2,155.6,65
2026-10-06 14:25:53,22708.65,2026-10-06,22500.0,PE,40698,1.85,22256845,661821615,1.85,1.9,65
2026-10-06 14:25:53,22708.65,2026-10-06,23000.0,CE,40731,0.45,19295965,185074045,0.4,0.45,65
2026-10-06 14:25:53,22708.65,2026-10-06,22500.0,CE,40697,204.25,2626455,150076095,203.1,203.75,65
2026-10-06 14:25:53,22708.65,2026-10-06,23050.0,PE,40736,346.4,173940,514865,347.0,348.3,65
2026-10-06 14:25:53,22708.65,2026-10-06,23050.0,CE,40735,0.3,5875935,62392720,0.25,0.3,65
2026-10-06 14:25:53,22708.65,2026-10-06,22300.0,PE,40681,0.65,11598600,213850325,0.6,0.65,65
2026-10-06 14:25:53,22708.65,2026-10-06,22350.0,CE,40682,352.45,513500,3651960,352.2,353.25,65
2026-10-06 14:25:53,22708.65,2026-10-06,22900.0,PE,40722,199.6,1348490,22584315,198.5,199.0,65
2026-10-06 14:25:53,22708.65,2026-10-06,22450.0,CE,40689,253.0,883675,38217465,253.0,253.7,65
2026-10-06 14:25:53,22708.65,2026-10-06,22400.0,PE,40688,1.05,15665910,362449035,1.0,1.05,65
2026-10-06 14:25:53,22708.65,2026-10-06,22900.0,CE,40721,0.85,16762135,494071630,0.85,0.9,65
2026-10-06 14:25:53,22708.65,2026-10-06,22400.0,CE,40687,304.4,1371435,26995215,302.95,303.85,65
2026-10-06 14:25:53,22708.65,2026-10-06,22850.0,PE,40720,150.2,1612195,35810190,150.65,151.0,65
2026-10-06 14:25:53,22708.65,2026-10-06,22350.0,PE,40686,0.8,9158240,196190540,0.75,0.8,65
2026-10-06 14:25:53,22708.65,2026-10-06,22950.0,PE,40724,248.3,350870,3975270,248.75,249.55,65
2026-10-06 14:25:53,22708.65,2026-10-06,22950.0,CE,40723,0.6,7501520,249283450,0.6,0.65,65
2026-10-06 14:25:53,22708.65,2026-10-06,22850.0,CE,40717,1.8,15837380,455246935,1.8,1.85,65
2026-10-06 14:25:53,22708.65,2026-10-06,22800.0,PE,40716,103.95,8433360,175769555,103.35,103.65,65
2026-10-06 14:25:53,22708.65,2026-10-06,23300.0,CE,40751,0.15,6407570,52781495,0.1,0.15,65
2026-10-06 14:25:53,22708.65,2026-10-06,22150.0,PE,40674,0.45,6618625,89157640,0.4,0.45,65
2026-10-06 14:25:53,22708.65,2026-10-06,22150.0,CE,40673,554.6,109005,173225,551.5,553.4,65
2026-10-06 14:25:53,22708.65,2026-10-06,23250.0,PE,40750,546.6,163345,224575,546.8,549.9,65
2026-10-06 14:25:53,22708.65,2026-10-06,22100.0,PE,40672,0.3,11366810,130800215,0.3,0.35,65
2026-10-06 14:25:53,22708.65,2026-10-06,22100.0,CE,40671,605.5,129480,272740,602.05,603.9,65
2026-10-06 14:25:53,22708.65,2026-10-06,22250.0,PE,40678,0.5,6647355,116646530,0.45,0.5,65
2026-10-06 14:25:53,22708.65,2026-10-06,22700.0,PE,40711,31.15,45882200,946383620,30.9,30.95,65
2026-10-06 14:25:53,22708.65,2026-10-06,22250.0,CE,40677,456.05,326560,623155,450.95,453.05,65
2026-10-06 14:25:53,22708.65,2026-10-06,22700.0,CE,40710,33.25,28633865,1319681155,33.55,33.65,65
2026-10-06 14:25:53,22708.65,2026-10-06,22200.0,PE,40676,0.4,13350675,157909960,0.4,0.45,65
2026-10-06 14:25:53,22708.65,2026-10-06,22200.0,CE,40675,503.0,303485,1170195,503.0,503.95,65
2026-10-06 14:25:53,22708.65,2026-10-06,23300.0,PE,40752,596.05,680095,548860,597.2,599.25,65
2026-10-06 14:25:53,22708.65,2026-10-06,22800.0,CE,40715,5.15,32135675,961097280,5.1,5.15,65
2026-10-06 14:25:53,22708.65,2026-10-06,22750.0,PE,40714,62.15,15007655,318556615,61.95,62.1,65
2026-10-06 14:25:53,22708.65,2026-10-06,22750.0,CE,40712,14.05,30334070,1004088605,14.05,14.1,65
2026-10-06 14:25:53,22708.65,2026-10-06,22300.0,CE,40679,403.1,659035,4120870,402.3,403.35,65
2026-10-06 14:25:53,22708.65,2026-10-06,23250.0,CE,40749,0.1,3980340,39045695,0.1,0.15,65
2026-10-06 14:25:53,22708.65,2026-10-06,22650.0,PE,40709,13.8,36002005,887141255,13.75,13.8,65
2026-10-06 14:30:21,22691.05,2026-10-06,22550.0,PE,40700,4.3,20689630,674336780,4.35,4.4,65
2026-10-06 14:30:21,22691.05,2026-10-06,23150.0,PE,40744,462.95,72670,125190,461.7,464.65,65
2026-10-06 14:30:21,22691.05,2026-10-06,23150.0,CE,40743,0.15,3271125,37950640,0.1,0.15,65
2026-10-06 14:30:21,22691.05,2026-10-06,23100.0,PE,40742,413.8,382590,579670,413.45,415.25,65
2026-10-06 14:30:21,22691.05,2026-10-06,23100.0,CE,40741,0.2,10951590,82566380,0.2,0.25,65
2026-10-06 14:30:21,22691.05,2026-10-06,22650.0,CE,40704,55.45,12481365,799319495,55.3,55.45,65
2026-10-06 14:30:21,22691.05,2026-10-06,22600.0,PE,40703,8.6,42084965,1125663565,8.6,8.65,65
2026-10-06 14:30:21,22691.05,2026-10-06,23200.0,PE,40746,514.1,312520,388440,513.8,515.4,65
2026-10-06 14:30:21,22691.05,2026-10-06,23200.0,CE,40745,0.1,10818015,77631060,0.1,0.15,65
2026-10-06 14:30:21,22691.05,2026-10-06,22600.0,CE,40701,95.9,7850960,653421990,95.6,95.85,65
2026-10-06 14:30:21,22691.05,2026-10-06,22450.0,PE,40696,1.7,12111645,363393225,1.7,1.75,65
2026-10-06 14:30:21,22691.05,2026-10-06,23000.0,PE,40732,313.6,1173055,6580275,313.05,314.05,65
2026-10-06 14:30:21,22691.05,2026-10-06,22550.0,CE,40699,141.0,2525575,219670165,140.2,140.55,65
2026-10-06 14:30:21,22691.05,2026-10-06,22500.0,PE,40698,2.5,21691735,688635935,2.5,2.55,65
2026-10-06 14:30:21,22691.05,2026-10-06,23000.0,CE,40731,0.3,18973565,188641050,0.3,0.35,65
2026-10-06 14:30:21,22691.05,2026-10-06,22500.0,CE,40697,189.2,2694055,151536905,188.4,188.95,65
2026-10-06 14:30:21,22691.05,2026-10-06,23050.0,PE,40736,363.6,170040,543205,363.6,365.15,65
2026-10-06 14:30:21,22691.05,2026-10-06,23050.0,CE,40735,0.2,5792475,63558885,0.2,0.25,65
2026-10-06 14:30:21,22691.05,2026-10-06,22300.0,PE,40681,0.65,11471200,216616205,0.65,0.7,65
2026-10-06 14:30:21,22691.05,2026-10-06,22350.0,CE,40682,336.8,496925,3690570,336.7,337.8,65
2026-10-06 14:30:21,22691.05,2026-10-06,22900.0,PE,40722,213.95,1127945,23685870,214.35,214.85,65
2026-10-06 14:30:21,22691.05,2026-10-06,22450.0,CE,40689,238.45,879320,38526215,237.2,237.8,65
2026-10-06 14:30:21,22691.05,2026-10-06,22400.0,PE,40688,1.25,15539615,371606430,1.2,1.25,65
2026-10-06 14:30:21,22691.05,2026-10-06,22900.0,CE,40721,0.6,15801370,504533900,0.55,0.6,65
2026-10-06 14:30:21,22691.05,2026-10-06,22400.0,CE,40687,288.0,1340820,27211015,287.25,287.95,65
2026-10-06 14:30:21,22691.05,2026-10-06,22850.0,PE,40720,165.4,1299350,38183405,164.95,165.35,65
2026-10-06 14:30:21,22691.05,2026-10-06,22350.0,PE,40686,0.85,8842340,199624945,0.85,0.9,65
2026-10-06 14:30:21,22691.05,2026-10-06,22950.0,PE,40724,263.2,304590,4381845,263.2,263.75,65
2026-10-06 14:30:21,22691.05,2026-10-06,22950.0,CE,40723,0.45,7255300,252611645,0.4,0.45,65
2026-10-06 14:30:21,22691.05,2026-10-06,22850.0,CE,40717,1.2,13848900,494054210,1.15,1.2,65
2026-10-06 14:30:21,22691.05,2026-10-06,22800.0,PE,40716,117.35,6926660,185786510,117.4,117.7,65
2026-10-06 14:30:21,22691.05,2026-10-06,23300.0,CE,40751,0.05,6009900,54123095,0.05,0.1,65
2026-10-06 14:30:21,22691.05,2026-10-06,22150.0,PE,40674,0.4,6470685,90535055,0.4,0.45,65
2026-10-06 14:30:21,22691.05,2026-10-06,22150.0,CE,40673,538.35,110240,177385,536.05,537.95,65
2026-10-06 14:30:21,22691.05,2026-10-06,23250.0,PE,40750,562.0,163540,227760,562.75,565.55,65
2026-10-06 14:30:21,22691.05,2026-10-06,22100.0,PE,40672,0.35,11085360,132348645,0.3,0.35,65
2026-10-06 14:30:21,22691.05,2026-10-06,22100.0,CE,40671,588.75,129415,276185,585.9,587.7,65
2026-10-06 14:30:21,22691.05,2026-10-06,22250.0,PE,40678,0.45,6373640,118566955,0.45,0.5,65
2026-10-06 14:30:21,22691.05,2026-10-06,22700.0,PE,40711,39.5,41783365,1007272825,39.7,39.85,65
2026-10-06 14:30:21,22691.05,2026-10-06,22250.0,CE,40677,437.0,325910,633230,437.25,438.95,65
2026-10-06 14:30:21,22691.05,2026-10-06,22700.0,CE,40710,25.85,31081700,1366099280,25.65,25.7,65
2026-10-06 14:30:21,22691.05,2026-10-06,22200.0,PE,40676,0.4,13185380,159738410,0.4,0.45,65
2026-10-06 14:30:21,22691.05,2026-10-06,22200.0,CE,40675,488.05,301990,1187485,485.7,487.4,65
2026-10-06 14:30:21,22691.05,2026-10-06,23300.0,PE,40752,612.85,674375,558090,611.6,613.95,65
2026-10-06 14:30:21,22691.05,2026-10-06,22800.0,CE,40715,3.35,30185090,999160175,3.3,3.35,65
2026-10-06 14:30:21,22691.05,2026-10-06,22750.0,PE,40714,74.15,12689625,339250015,73.8,74.0,65
2026-10-06 14:30:21,22691.05,2026-10-06,22750.0,CE,40712,9.95,27455155,1049320090,9.9,9.95,65
2026-10-06 14:30:21,22691.05,2026-10-06,22300.0,CE,40679,386.15,663455,4197505,387.75,388.8,65
2026-10-06 14:30:21,22691.05,2026-10-06,23250.0,CE,40749,0.1,3994575,39686140,0.1,0.15,65
2026-10-06 14:30:21,22691.05,2026-10-06,22650.0,PE,40709,18.65,36216960,941224050,18.55,18.65,65
2026-10-06 14:35:23,22693.3,2026-10-06,22550.0,PE,40700,3.9,20606105,694944315,3.95,4.0,65
2026-10-06 14:35:23,22693.3,2026-10-06,23150.0,PE,40744,465.4,72020,126295,461.5,463.6,65
2026-10-06 14:35:23,22693.3,2026-10-06,23150.0,CE,40743,0.1,3234335,38357540,0.1,0.15,65
2026-10-06 14:35:23,22693.3,2026-10-06,23100.0,PE,40742,415.0,382655,586235,412.5,413.8,65
2026-10-06 14:35:23,22693.3,2026-10-06,23100.0,CE,40741,0.15,10586030,84139380,0.15,0.2,65
2026-10-06 14:35:23,22693.3,2026-10-06,22650.0,CE,40704,55.7,13091520,812222580,55.2,55.3,65
2026-10-06 14:35:23,22693.3,2026-10-06,22600.0,PE,40703,8.05,42608020,1164984080,8.0,8.05,65
2026-10-06 14:35:23,22693.3,2026-10-06,23200.0,PE,40746,513.1,312065,390260,511.5,512.95,65
2026-10-06 14:35:23,22693.3,2026-10-06,23200.0,CE,40745,0.1,10617035,79164735,0.1,0.15,65
2026-10-06 14:35:23,22693.3,2026-10-06,22600.0,CE,40701,96.1,8189155,659761310,96.05,96.3,65
2026-10-06 14:35:23,22693.3,2026-10-06,22450.0,PE,40696,1.55,12322375,376630995,1.5,1.55,65
2026-10-06 14:35:23,22693.3,2026-10-06,23000.0,PE,40732,314.2,1083160,6811415,312.65,313.65,65
2026-10-06 14:35:23,22693.3,2026-10-06,22550.0,CE,40699,142.2,2545725,221511615,141.3,141.7,65
2026-10-06 14:35:23,22693.3,2026-10-06,22500.0,PE,40698,2.25,21759985,707676255,2.25,2.3,65
2026-10-06 14:35:23,22693.3,2026-10-06,23000.0,CE,40731,0.35,18972330,191603750,0.3,0.35,65
2026-10-06 14:35:23,22693.3,2026-10-06,22500.0,CE,40697,190.45,2702440,152912240,190.5,190.85,65
2026-10-06 14:35:23,22693.3,2026-10-06,23050.0,PE,40736,363.0,168220,549965,361.7,362.95,65
2026-10-06 14:35:23,22693.3,2026-10-06,23050.0,CE,40735,0.2,5732090,64365340,0.2,0.25,65
2026-10-06 14:35:23,22693.3,2026-10-06,22300.0,PE,40681,0.65,11279970,218154170,0.65,0.7,65
2026-10-06 14:35:23,22693.3,2026-10-06,22350.0,CE,40682,339.15,498810,3703310,338.75,339.85,65
2026-10-06 14:35:23,22693.3,2026-10-06,22900.0,PE,40722,213.2,1119235,24312340,212.95,213.55,65
2026-10-06 14:35:23,22693.3,2026-10-06,22450.0,CE,40689,239.3,880620,38687220,238.8,239.4,65
2026-10-06 14:35:23,22693.3,2026-10-06,22400.0,PE,40688,1.15,15803775,378168310,1.15,1.2,65
2026-10-06 14:35:23,22693.3,2026-10-06,22900.0,CE,40721,0.55,14962805,509241135,0.55,0.6,65
2026-10-06 14:35:23,22693.3,2026-10-06,22400.0,CE,40687,289.6,1319370,27351935,288.8,289.6,65
2026-10-06 14:35:23,22693.3,2026-10-06,22850.0,PE,40720,163.45,1222195,39575835,162.9,163.25,65
2026-10-06 14:35:23,22693.3,2026-10-06,22350.0,PE,40686,0.85,8918325,202456345,0.85,0.9,65
2026-10-06 14:35:23,22693.3,2026-10-06,22950.0,PE,40724,262.8,238160,4539340,262.05,262.85,65
2026-10-06 14:35:23,22693.3,2026-10-06,22950.0,CE,40723,0.35,7193030,254184515,0.35,0.4,65
2026-10-06 14:35:23,22693.3,2026-10-06,22850.0,CE,40717,1.0,13034970,510403595,1.0,1.05,65
2026-10-06 14:35:23,22693.3,2026-10-06,22800.0,PE,40716,115.1,6784180,192236915,115.4,115.75,65
2026-10-06 14:35:23,22693.3,2026-10-06,23300.0,CE,40751,0.05,5973045,54427100,0.05,0.1,65
2026-10-06 14:35:23,22693.3,2026-10-06,22150.0,PE,40674,0.35,6595160,91129025,0.35,0.4,65
2026-10-06 14:35:23,22693.3,2026-10-06,22150.0,CE,40673,535.6,110500,178035,538.1,539.85,65
2026-10-06 14:35:23,22693.3,2026-10-06,23250.0,PE,40750,565.7,162240,230555,561.55,563.2,65
2026-10-06 14:35:23,22693.3,2026-10-06,22100.0,PE,40672,0.3,11214320,133641495,0.3,0.35,65
2026-10-06 14:35:23,22693.3,2026-10-06,22100.0,CE,40671,586.85,129480,276835,588.05,589.3,65
2026-10-06 14:35:23,22693.3,2026-10-06,22250.0,PE,40678,0.5,6230445,120253250,0.45,0.5,65
2026-10-06 14:35:23,22693.3,2026-10-06,22700.0,PE,40711,38.1,40789125,1051742835,37.95,38.1,65
2026-10-06 14:35:23,22693.3,2026-10-06,22250.0,CE,40677,437.25,325260,634335,438.3,439.7,65
2026-10-06 14:35:23,22693.3,2026-10-06,22700.0,CE,40710,26.0,32644950,1405216475,26.0,26.05,65
2026-10-06 14:35:23,22693.3,2026-10-06,22200.0,PE,40676,0.4,12997790,161048420,0.35,0.4,65
2026-10-06 14:35:23,22693.3,2026-10-06,22200.0,CE,40675,491.7,300755,1192555,487.6,489.0,65
2026-10-06 14:35:23,22693.3,2026-10-06,23300.0,PE,40752,608.6,674245,559715,610.45,612.2,65
2026-10-06 14:35:23,22693.3,2026-10-06,22800.0,CE,40715,2.9,30078555,1021030660,2.85,2.9,65
2026-10-06 14:35:23,22693.3,2026-10-06,22750.0,PE,40714,71.7,12665900,353740075,72.2,72.35,65
2026-10-06 14:35:23,22693.3,2026-10-06,22750.0,CE,40712,9.55,27548105,1080002820,9.4,9.45,65
2026-10-06 14:35:23,22693.3,2026-10-06,22300.0,CE,40679,389.45,656825,4224870,388.1,389.25,65
2026-10-06 14:35:23,22693.3,2026-10-06,23250.0,CE,40749,0.1,4173520,41528630,0.05,0.1,65
2026-10-06 14:35:23,22693.3,2026-10-06,22650.0,PE,40709,17.95,36489570,985778300,18.05,18.15,65
2026-10-06 14:40:21,22696.65,2026-10-06,22550.0,PE,40700,2.9,20470125,714224290,2.85,2.9,65
2026-10-06 14:40:21,22696.65,2026-10-06,23150.0,PE,40744,454.9,71825,127855,454.45,455.9,65
2026-10-06 14:40:21,22696.65,2026-10-06,23150.0,CE,40743,0.15,3138655,38594400,0.1,0.15,65
2026-10-06 14:40:21,22696.65,2026-10-06,23100.0,PE,40742,399.8,382005,590005,404.9,406.5,65
2026-10-06 14:40:21,22696.65,2026-10-06,23100.0,CE,40741,0.2,10452325,84757465,0.15,0.2,65
2026-10-06 14:40:21,22696.65,2026-10-06,22650.0,CE,40704,58.65,13368485,822636295,58.55,58.75,65
2026-10-06 14:40:21,22696.65,2026-10-06,22600.0,PE,40703,6.05,41853825,1197837550,6.0,6.1,65
2026-10-06 14:40:21,22696.65,2026-10-06,23200.0,PE,40746,503.0,312260,393185,504.6,506.15,65
2026-10-06 14:40:21,22696.65,2026-10-06,23200.0,CE,40745,0.15,10722270,80400840,0.1,0.15,65
2026-10-06 14:40:21,22696.65,2026-10-06,22600.0,CE,40701,100.75,8145345,665209090,100.55,100.85,65
2026-10-06 14:40:21,22696.65,2026-10-06,22450.0,PE,40696,1.15,12431900,388054810,1.1,1.15,65
2026-10-06 14:40:21,22696.65,2026-10-06,23000.0,PE,40732,306.0,1069575,6925620,305.35,306.0,65
2026-10-06 14:40:21,22696.65,2026-10-06,22550.0,CE,40699,146.95,2504190,222953445,147.15,147.6,65
2026-10-06 14:40:21,22696.65,2026-10-06,22500.0,PE,40698,1.65,21631220,726649300,1.65,1.7,65
2026-10-06 14:40:21,22696.65,2026-10-06,23000.0,CE,40731,0.25,18460975,193730030,0.25,0.3,65
2026-10-06 14:40:21,22696.65,2026-10-06,22500.0,CE,40697,195.75,2706600,153924095,195.95,196.35,65
2026-10-06 14:40:21,22696.65,2026-10-06,23050.0,PE,40736,353.35,167700,557895,355.55,356.6,65
2026-10-06 14:40:21,22696.65,2026-10-06,23050.0,CE,40735,0.25,5598710,65026975,0.2,0.25,65
2026-10-06 14:40:21,22696.65,2026-10-06,22300.0,PE,40681,0.5,11375390,219307075,0.5,0.55,65
2026-10-06 14:40:21,22696.65,2026-10-06,22350.0,CE,40682,347.85,498290,3714555,345.25,346.4,65
2026-10-06 14:40:21,22696.65,2026-10-06,22900.0,PE,40722,206.3,1236820,25110345,205.9,206.4,65
2026-10-06 14:40:21,22696.65,2026-10-06,22450.0,CE,40689,245.95,860340,38853425,245.2,245.8,65
2026-10-06 14:40:21,22696.65,2026-10-06,22400.0,PE,40688,0.8,15923245,383808295,0.8,0.85,65
2026-10-06 14:40:21,22696.65,2026-10-06,22900.0,CE,40721,0.5,14933425,512108675,0.5,0.55,65
2026-10-06 14:40:21,22696.65,2026-10-06,22400.0,CE,40687,295.95,1293435,27456065,295.25,296.05,65
2026-10-06 14:40:21,22696.65,2026-10-06,22850.0,PE,40720,156.9,1163695,40742195,156.45,156.9,65
2026-10-06 14:40:21,22696.65,2026-10-06,22350.0,PE,40686,0.55,9382295,206684855,0.55,0.6,65
2026-10-06 14:40:21,22696.65,2026-10-06,22950.0,PE,40724,255.6,222365,4626570,255.55,256.25,65
2026-10-06 14:40:21,22696.65,2026-10-06,22950.0,CE,40723,0.4,7008495,255300240,0.35,0.4,65
2026-10-06 14:40:21,22696.65,2026-10-06,22850.0,CE,40717,0.85,12759955,519596610,0.8,0.85,65
2026-10-06 14:40:21,22696.65,2026-10-06,22800.0,PE,40716,108.25,6502860,196958515,108.35,108.65,65
2026-10-06 14:40:21,22696.65,2026-10-06,23300.0,CE,40751,0.1,5934955,54762760,0.05,0.1,65
2026-10-06 14:40:21,22696.65,2026-10-06,22150.0,PE,40674,0.25,6535815,91868725,0.25,0.3,65
2026-10-06 14:40:21,22696.65,2026-10-06,22150.0,CE,40673,551.5,110825,178750,544.35,545.9,65
2026-10-06 14:40:21,22696.65,2026-10-06,23250.0,PE,40750,560.0,161785,230880,554.6,556.5,65
2026-10-06 14:40:21,22696.65,2026-10-06,22100.0,PE,40672,0.25,11162645,134773015,0.25,0.3,65
2026-10-06 14:40:21,22696.65,2026-10-06,22100.0,CE,40671,602.7,129935,277420,594.65,596.65,65
2026-10-06 14:40:21,22696.65,2026-10-06,22250.0,PE,40678,0.35,6304155,121724720,0.35,0.4,65
2026-10-06 14:40:21,22696.65,2026-10-06,22700.0,PE,40711,32.75,39428935,1086562295,32.6,32.75,65
2026-10-06 14:40:21,22696.65,2026-10-06,22250.0,CE,40677,449.85,324350,636155,444.85,446.15,65
2026-10-06 14:40:21,22696.65,2026-10-06,22700.0,CE,40710,27.05,34098935,1436950125,27.05,27.15,65
2026-10-06 14:40:21,22696.65,2026-10-06,22200.0,PE,40676,0.3,12535445,163113015,0.3,0.35,65
2026-10-06 14:40:21,22696.65,2026-10-06,22200.0,CE,40675,496.0,300885,1196650,494.55,496.1,65
2026-10-06 14:40:21,22696.65,2026-10-06,23300.0,PE,40752,600.55,670540,564785,603.9,605.85,65
2026-10-06 14:40:21,22696.65,2026-10-06,22800.0,CE,40715,2.9,29554395,1039913485,2.9,2.95,65
2026-10-06 14:40:21,22696.65,2026-10-06,22750.0,PE,40714,65.35,12035335,364579085,65.15,65.35,65
2026-10-06 14:40:21,22696.65,2026-10-06,22750.0,CE,40712,9.8,28438150,1104900485,9.8,9.85,65
2026-10-06 14:40:21,22696.65,2026-10-06,22300.0,CE,40679,395.1,653965,4255225,394.8,396.05,65
2026-10-06 14:40:21,22696.65,2026-10-06,23250.0,CE,40749,0.1,4198675,43113525,0.1,0.15,65
2026-10-06 14:40:21,22696.65,2026-10-06,22650.0,PE,40709,14.0,35713730,1022751405,14.1,14.15,65
2026-10-06 14:45:49,22706.9,2026-10-06,22550.0,PE,40700,1.45,19301490,745331860,1.45,1.5,65
2026-10-06 14:45:49,22706.9,2026-10-06,23150.0,PE,40744,444.45,72085,129025,441.5,443.7,65
2026-10-06 14:45:49,22706.9,2026-10-06,23150.0,CE,40743,0.1,3089775,39895765,0.1,0.15,65
2026-10-06 14:45:49,22706.9,2026-10-06,23100.0,PE,40742,394.25,383175,604565,393.55,394.65,65
2026-10-06 14:45:49,22706.9,2026-10-06,23100.0,CE,40741,0.15,10346830,86362380,0.15,0.2,65
2026-10-06 14:45:49,22706.9,2026-10-06,22650.0,CE,40704,65.25,11855090,839212075,65.7,65.85,65
2026-10-06 14:45:49,22706.9,2026-10-06,22600.0,PE,40703,3.25,39107640,1241916130,3.2,3.25,65
2026-10-06 14:45:49,22706.9,2026-10-06,23200.0,PE,40746,495.05,311935,395005,492.45,494.2,65
2026-10-06 14:45:49,22706.9,2026-10-06,23200.0,CE,40745,0.1,10762895,81737565,0.1,0.15,65
2026-10-06 14:45:49,22706.9,2026-10-06,22600.0,CE,40701,109.3,7796360,672971195,109.45,109.75,65
2026-10-06 14:45:49,22706.9,2026-10-06,22450.0,PE,40696,0.6,11395150,396558565,0.65,0.7,65
2026-10-06 14:45:49,22706.9,2026-10-06,23000.0,PE,40732,293.45,1101685,7093515,293.35,294.05,65
2026-10-06 14:45:49,22706.9,2026-10-06,22550.0,CE,40699,157.45,2489565,224657875,157.25,157.7,65
2026-10-06 14:45:49,22706.9,2026-10-06,22500.0,PE,40698,0.9,20008820,752086530,0.9,0.95,65
2026-10-06 14:45:49,22706.9,2026-10-06,23000.0,CE,40731,0.25,18479305,197046135,0.25,0.3,65
2026-10-06 14:45:49,22706.9,2026-10-06,22500.0,CE,40697,207.7,2474355,155453545,207.45,208.0,65
2026-10-06 14:45:49,22706.9,2026-10-06,23050.0,PE,40736,343.9,169910,568100,342.9,343.8,65
2026-10-06 14:45:49,22706.9,2026-10-06,23050.0,CE,40735,0.2,5507905,65524550,0.2,0.25,65
2026-10-06 14:45:49,22706.9,2026-10-06,22300.0,PE,40681,0.4,11085620,222123135,0.4,0.45,65
2026-10-06 14:45:49,22706.9,2026-10-06,22350.0,CE,40682,357.7,494975,3732755,357.3,358.5,65
2026-10-06 14:45:49,22706.9,2026-10-06,22900.0,PE,40722,194.95,1394250,26042120,194.5,195.05,65
2026-10-06 14:45:49,22706.9,2026-10-06,22450.0,CE,40689,257.0,845975,39031200,256.45,257.0,65
2026-10-06 14:45:49,22706.9,2026-10-06,22400.0,PE,40688,0.5,15247570,390114075,0.45,0.5,65
2026-10-06 14:45:49,22706.9,2026-10-06,22900.0,CE,40721,0.6,15105025,515383310,0.55,0.6,65
2026-10-06 14:45:49,22706.9,2026-10-06,22400.0,CE,40687,306.6,1288885,27623570,306.75,307.6,65
2026-10-06 14:45:49,22706.9,2026-10-06,22850.0,PE,40720,145.3,1200290,42228680,144.2,144.4,65
2026-10-06 14:45:49,22706.9,2026-10-06,22350.0,PE,40686,0.45,8323640,209790360,0.4,0.45,65
2026-10-06 14:45:49,22706.9,2026-10-06,22950.0,PE,40724,245.25,209690,4723355,244.0,244.75,65
2026-10-06 14:45:49,22706.9,2026-10-06,22950.0,CE,40723,0.4,6794255,257509980,0.35,0.4,65
2026-10-06 14:45:49,22706.9,2026-10-06,22850.0,CE,40717,1.1,12299495,531025365,1.05,1.1,65
2026-10-06 14:45:49,22706.9,2026-10-06,22800.0,PE,40716,97.35,6535230,204722830,97.1,97.4,65
2026-10-06 14:45:49,22706.9,2026-10-06,23300.0,CE,40751,0.05,5915325,55337230,0.05,0.1,65
2026-10-06 14:45:49,22706.9,2026-10-06,22150.0,PE,40674,0.2,6245850,93112890,0.2,0.25,65
2026-10-06 14:45:49,22706.9,2026-10-06,22150.0,CE,40673,553.3,110500,180245,556.8,559.1,65
2026-10-06 14:45:49,22706.9,2026-10-06,23250.0,PE,40750,548.95,161785,231985,541.8,543.8,65
2026-10-06 14:45:49,22706.9,2026-10-06,22100.0,PE,40672,0.2,10845510,135877495,0.2,0.25,65
2026-10-06 14:45:49,22706.9,2026-10-06,22100.0,CE,40671,605.0,129870,280150,606.1,608.05,65
2026-10-06 14:45:49,22706.9,2026-10-06,22250.0,PE,40678,0.3,5624060,124302945,0.25,0.3,65
2026-10-06 14:45:49,22706.9,2026-10-06,22700.0,PE,40711,24.5,40183975,1138555925,23.9,23.95,65
2026-10-06 14:45:49,22706.9,2026-10-06,22250.0,CE,40677,452.1,323700,639535,456.4,458.1,65
2026-10-06 14:45:49,22706.9,2026-10-06,22700.0,CE,40710,30.95,33471880,1489579455,30.85,30.95,65
2026-10-06 14:45:49,22706.9,2026-10-06,22200.0,PE,40676,0.25,12484810,164318050,0.25,0.3,65
2026-10-06 14:45:49,22706.9,2026-10-06,22200.0,CE,40675,507.5,301665,1202825,506.95,508.3,65
2026-10-06 14:45:49,22706.9,2026-10-06,23300.0,PE,40752,594.55,668980,566410,592.25,593.9,65
2026-10-06 14:45:49,22706.9,2026-10-06,22800.0,CE,40715,3.35,30869735,1068324855,3.3,3.35,65
2026-10-06 14:45:49,22706.9,2026-10-06,22750.0,PE,40714,55.0,11812515,380725540,54.7,54.8,65
2026-10-06 14:45:49,22706.9,2026-10-06,22750.0,CE,40712,11.3,30811170,1154155860,11.3,11.4,65
2026-10-06 14:45:49,22706.9,2026-10-06,22300.0,CE,40679,407.65,641225,4295655,407.65,408.3,65
2026-10-06 14:45:49,22706.9,2026-10-06,23250.0,CE,40749,0.1,3994705,43687410,0.1,0.15,65
2026-10-06 14:45:49,22706.9,2026-10-06,22650.0,PE,40709,8.9,33702565,1071348785,8.8,8.85,65
2026-10-06 14:50:18,22707.2,2026-10-06,22550.0,PE,40700,1.25,17915885,765599250,1.2,1.25,65
2026-10-06 14:50:18,22707.2,2026-10-06,23150.0,PE,40744,439.85,72345,129675,442.05,443.95,65
2026-10-06 14:50:18,22707.2,2026-10-06,23150.0,CE,40743,0.15,3151265,40146080,0.1,0.15,65
2026-10-06 14:50:18,22707.2,2026-10-06,23100.0,PE,40742,393.05,379210,625365,392.75,394.0,65
2026-10-06 14:50:18,22707.2,2026-10-06,23100.0,CE,40741,0.15,10350145,86690110,0.15,0.2,65
2026-10-06 14:50:18,22707.2,2026-10-06,22650.0,CE,40704,65.3,11241100,848304535,65.55,65.7,65
2026-10-06 14:50:18,22707.2,2026-10-06,22600.0,PE,40703,3.0,37060010,1268092215,2.95,3.0,65
2026-10-06 14:50:18,22707.2,2026-10-06,23200.0,PE,40746,489.4,312130,397800,493.05,494.65,65
2026-10-06 14:50:18,22707.2,2026-10-06,23200.0,CE,40745,0.1,10738520,82845100,0.1,0.15,65
2026-10-06 14:50:18,22707.2,2026-10-06,22600.0,CE,40701,109.8,7308600,677589445,109.55,109.8,65
2026-10-06 14:50:18,22707.2,2026-10-06,22450.0,PE,40696,0.45,10615345,400422945,0.45,0.5,65
2026-10-06 14:50:18,22707.2,2026-10-06,23000.0,PE,40732,293.55,1093755,7196085,293.2,294.05,65
2026-10-06 14:50:18,22707.2,2026-10-06,22550.0,CE,40699,157.35,2445885,225771780,157.85,158.3,65
2026-10-06 14:50:18,22707.2,2026-10-06,22500.0,PE,40698,0.65,18849675,762256170,0.65,0.7,65
2026-10-06 14:50:18,22707.2,2026-10-06,23000.0,CE,40731,0.25,18390255,198091985,0.25,0.3,65
2026-10-06 14:50:18,22707.2,2026-10-06,22500.0,CE,40697,207.05,2398500,156310375,206.7,207.3,65
2026-10-06 14:50:18,22707.2,2026-10-06,23050.0,PE,40736,343.3,170235,571805,342.85,343.95,65
2026-10-06 14:50:18,22707.2,2026-10-06,23050.0,CE,40735,0.2,5317000,66080235,0.2,0.25,65
2026-10-06 14:50:18,22707.2,2026-10-06,22300.0,PE,40681,0.25,10925070,223659735,0.25,0.3,65
2026-10-06 14:50:18,22707.2,2026-10-06,22350.0,CE,40682,356.7,497640,3745625,357.05,358.2,65
2026-10-06 14:50:18,22707.2,2026-10-06,22900.0,PE,40722,194.0,1389830,26540930,193.5,194.0,65
2026-10-06 14:50:18,22707.2,2026-10-06,22450.0,CE,40689,256.9,845065,39148005,257.0,257.7,65
2026-10-06 14:50:18,22707.2,2026-10-06,22400.0,PE,40688,0.35,13601510,394573205,0.35,0.4,65
2026-10-06 14:50:18,22707.2,2026-10-06,22900.0,CE,40721,0.5,15035735,518348285,0.5,0.55,65
2026-10-06 14:50:18,22707.2,2026-10-06,22400.0,CE,40687,307.05,1291095,27705665,307.35,308.15,65
2026-10-06 14:50:18,22707.2,2026-10-06,22850.0,PE,40720,143.9,1207700,43139265,143.8,144.15,65
2026-10-06 14:50:18,22707.2,2026-10-06,22350.0,PE,40686,0.3,8249280,211712150,0.3,0.35,65
2026-10-06 14:50:18,22707.2,2026-10-06,22950.0,PE,40724,242.6,217035,4772885,243.95,244.65,65
2026-10-06 14:50:18,22707.2,2026-10-06,22950.0,CE,40723,0.35,6756750,258628240,0.3,0.35,65
2026-10-06 14:50:18,22707.2,2026-10-06,22850.0,CE,40717,0.75,12714130,545627745,0.65,0.7,65
2026-10-06 14:50:18,22707.2,2026-10-06,22800.0,PE,40716,96.1,6663280,209340235,95.75,96.0,65
2026-10-06 14:50:18,22707.2,2026-10-06,23300.0,CE,40751,0.05,5897775,55851770,0.05,0.1,65
2026-10-06 14:50:18,22707.2,2026-10-06,22150.0,PE,40674,0.2,5914545,94258450,0.15,0.2,65
2026-10-06 14:50:18,22707.2,2026-10-06,22150.0,CE,40673,562.0,111150,181090,556.35,558.4,65
2026-10-06 14:50:18,22707.2,2026-10-06,23250.0,PE,40750,540.0,161850,232830,542.15,544.05,65
2026-10-06 14:50:18,22707.2,2026-10-06,22100.0,PE,40672,0.15,10215595,138032375,0.15,0.2,65
2026-10-06 14:50:18,22707.2,2026-10-06,22100.0,CE,40671,609.0,130260,281775,607.0,608.7,65
2026-10-06 14:50:18,22707.2,2026-10-06,22250.0,PE,40678,0.2,5631080,125129745,0.2,0.25,65
2026-10-06 14:50:18,22707.2,2026-10-06,22700.0,PE,40711,23.45,41316080,1172742740,23.55,23.6,65
2026-10-06 14:50:18,22707.2,2026-10-06,22250.0,CE,40677,461.05,324870,642070,456.3,457.65,65
2026-10-06 14:50:18,22707.2,2026-10-06,22700.0,CE,40710,30.55,32115915,1524039595,30.6,30.65,65
2026-10-06 14:50:18,22707.2,2026-10-06,22200.0,PE,40676,0.2,12185940,165897160,0.2,0.25,65
2026-10-06 14:50:18,22707.2,2026-10-06,22200.0,CE,40675,508.5,301730,1206140,506.6,508.25,65
2026-10-06 14:50:18,22707.2,2026-10-06,23300.0,PE,40752,590.75,667420,569725,592.3,593.95,65
2026-10-06 14:50:18,22707.2,2026-10-06,22800.0,CE,40715,2.7,31964205,1091022530,2.7,2.75,65
2026-10-06 14:50:18,22707.2,2026-10-06,22750.0,PE,40714,53.55,12196665,390953745,53.45,53.55,65
2026-10-06 14:50:18,22707.2,2026-10-06,22750.0,CE,40712,10.4,31387590,1190369635,10.45,10.5,65
2026-10-06 14:50:18,22707.2,2026-10-06,22300.0,CE,40679,407.0,637520,4311775,406.95,408.2,65
2026-10-06 14:50:18,22707.2,2026-10-06,23250.0,CE,40749,0.1,3995095,43939675,0.1,0.15,65
2026-10-06 14:50:18,22707.2,2026-10-06,22650.0,PE,40709,8.5,33079865,1099700095,8.45,8.5,65
2026-10-06 14:55:16,22707.5,2026-10-06,22550.0,PE,40700,1.15,18537025,789042280,1.15,1.2,65
2026-10-06 14:55:16,22707.5,2026-10-06,23150.0,PE,40744,450.0,72410,130260,444.2,445.9,65
2026-10-06 14:55:16,22707.5,2026-10-06,23150.0,CE,40743,0.1,3135600,40586910,0.1,0.15,65
2026-10-06 14:55:16,22707.5,2026-10-06,23100.0,PE,40742,395.35,377520,632775,394.55,395.75,65
2026-10-06 14:55:16,22707.5,2026-10-06,23100.0,CE,40741,0.1,10225995,87847760,0.1,0.15,65
2026-10-06 14:55:16,22707.5,2026-10-06,22650.0,CE,40704,63.8,10592010,855700950,63.7,63.85,65
2026-10-06 14:55:16,22707.5,2026-10-06,22600.0,PE,40703,3.05,38187110,1289133430,3.05,3.1,65
2026-10-06 14:55:16,22707.5,2026-10-06,23200.0,PE,40746,494.95,311805,398385,494.4,496.2,65
2026-10-06 14:55:16,22707.5,2026-10-06,23200.0,CE,40745,0.1,10738910,83468840,0.1,0.15,65
2026-10-06 14:55:16,22707.5,2026-10-06,22600.0,CE,40701,108.3,7186010,681454540,107.7,108.0,65
2026-10-06 14:55:16,22707.5,2026-10-06,22450.0,PE,40696,0.5,10185435,402999675,0.5,0.55,65
2026-10-06 14:55:16,22707.5,2026-10-06,23000.0,PE,40732,295.0,1093625,7296250,295.05,295.8,65
2026-10-06 14:55:16,22707.5,2026-10-06,22550.0,CE,40699,156.45,2377375,226523895,155.8,156.25,65
2026-10-06 14:55:16,22707.5,2026-10-06,22500.0,PE,40698,0.7,18809180,770988335,0.7,0.75,65
2026-10-06 14:55:16,22707.5,2026-10-06,23000.0,CE,40731,0.2,18127005,199932135,0.2,0.25,65
2026-10-06 14:55:16,22707.5,2026-10-06,22500.0,CE,40697,206.0,2375945,156815685,205.55,206.15,65
2026-10-06 14:55:16,22707.5,2026-10-06,23050.0,PE,40736,345.9,170755,578500,345.2,346.25,65
2026-10-06 14:55:16,22707.5,2026-10-06,23050.0,CE,40735,0.15,5128630,67144610,0.1,0.15,65
2026-10-06 14:55:16,22707.5,2026-10-06,22300.0,PE,40681,0.3,10956855,225192500,0.25,0.3,65
2026-10-06 14:55:16,22707.5,2026-10-06,22350.0,CE,40682,356.2,496665,3760185,354.55,355.7,65
2026-10-06 14:55:16,22707.5,2026-10-06,22900.0,PE,40722,195.25,1340690,26865735,195.35,195.9,65
2026-10-06 14:55:16,22707.5,2026-10-06,22450.0,CE,40689,255.55,835900,39223990,255.1,255.85,65
2026-10-06 14:55:16,22707.5,2026-10-06,22400.0,PE,40688,0.4,13155350,396610110,0.4,0.45,65
2026-10-06 14:55:16,22707.5,2026-10-06,22900.0,CE,40721,0.3,15185885,522160210,0.3,0.35,65
2026-10-06 14:55:16,22707.5,2026-10-06,22400.0,CE,40687,306.25,1286415,27779375,305.3,306.15,65
2026-10-06 14:55:16,22707.5,2026-10-06,22850.0,PE,40720,145.7,1151605,43837430,145.3,145.75,65
2026-10-06 14:55:16,22707.5,2026-10-06,22350.0,PE,40686,0.3,7331805,213245565,0.3,0.35,65
2026-10-06 14:55:16,22707.5,2026-10-06,22950.0,PE,40724,245.2,214305,4808115,245.0,245.65,65
2026-10-06 14:55:16,22707.5,2026-10-06,22950.0,CE,40723,0.25,6792175,259962105,0.25,0.3,65
2026-10-06 14:55:16,22707.5,2026-10-06,22850.0,CE,40717,0.55,11991005,552724835,0.5,0.55,65
2026-10-06 14:55:16,22707.5,2026-10-06,22800.0,PE,40716,97.0,6423820,212975295,97.0,97.25,65
2026-10-06 14:55:16,22707.5,2026-10-06,23300.0,CE,40751,0.05,5869500,56470765,0.05,0.1,65
2026-10-06 14:55:16,22707.5,2026-10-06,22150.0,PE,40674,0.15,5909280,94840070,0.15,0.2,65
2026-10-06 14:55:16,22707.5,2026-10-06,22150.0,CE,40673,556.6,112580,182845,555.2,556.7,65
2026-10-06 14:55:16,22707.5,2026-10-06,23250.0,PE,40750,552.55,161785,233350,544.4,546.3,65
2026-10-06 14:55:16,22707.5,2026-10-06,22100.0,PE,40672,0.15,9974575,138824660,0.15,0.2,65
2026-10-06 14:55:16,22707.5,2026-10-06,22100.0,CE,40671,600.85,131560,283205,605.0,607.5,65
2026-10-06 14:55:16,22707.5,2026-10-06,22250.0,PE,40678,0.15,5269615,127385050,0.15,0.2,65
2026-10-06 14:55:16,22707.5,2026-10-06,22700.0,PE,40711,23.9,40695655,1203856875,24.15,24.25,65
2026-10-06 14:55:16,22707.5,2026-10-06,22250.0,CE,40677,455.75,325845,646360,455.05,456.45,65
2026-10-06 14:55:16,22707.5,2026-10-06,22700.0,CE,40710,28.7,30914455,1552042570,28.55,28.65,65
2026-10-06 14:55:16,22707.5,2026-10-06,22200.0,PE,40676,0.2,11179805,168453220,0.15,0.2,65
2026-10-06 14:55:16,22707.5,2026-10-06,22200.0,CE,40675,501.1,300560,1207830,504.5,506.0,65
2026-10-06 14:55:16,22707.5,2026-10-06,23300.0,PE,40752,593.5,666185,571415,593.55,595.45,65
2026-10-06 14:55:16,22707.5,2026-10-06,22800.0,CE,40715,2.15,30855955,1114994270,2.1,2.15,65
2026-10-06 14:55:16,22707.5,2026-10-06,22750.0,PE,40714,54.15,11099465,399961185,54.2,54.35,65
2026-10-06 14:55:16,22707.5,2026-10-06,22750.0,CE,40712,9.2,29597620,1225328650,9.15,9.2,65
2026-10-06 14:55:16,22707.5,2026-10-06,22300.0,CE,40679,404.85,636025,4327570,404.9,406.15,65
2026-10-06 14:55:16,22707.5,2026-10-06,23250.0,CE,40749,0.1,4093960,44377060,0.1,0.15,65
2026-10-06 14:55:16,22707.5,2026-10-06,22650.0,PE,40709,8.55,33932145,1125806305,8.5,8.55,65
2026-10-06 15:00:17,22699.4,2026-10-06,22550.0,PE,40700,1.6,17734925,807339130,1.55,1.6,65
2026-10-06 15:00:17,22699.4,2026-10-06,23150.0,PE,40744,450.3,72540,130845,451.75,453.85,65
2026-10-06 15:00:17,22699.4,2026-10-06,23150.0,CE,40743,0.1,3046810,41200315,0.05,0.1,65
2026-10-06 15:00:17,22699.4,2026-10-06,23100.0,PE,40742,402.85,358930,692705,402.15,403.95,65
2026-10-06 15:00:17,22699.4,2026-10-06,23100.0,CE,40741,0.1,9989525,92572025,0.1,0.15,65
2026-10-06 15:00:17,22699.4,2026-10-06,22650.0,CE,40704,58.05,10408645,863884840,57.75,57.9,65
2026-10-06 15:00:17,22699.4,2026-10-06,22600.0,PE,40703,4.1,38520365,1313841100,4.1,4.15,65
2026-10-06 15:00:17,22699.4,2026-10-06,23200.0,PE,40746,500.4,311220,400400,502.05,503.7,65
2026-10-06 15:00:17,22699.4,2026-10-06,23200.0,CE,40745,0.1,10580375,84117150,0.1,0.15,65
2026-10-06 15:00:17,22699.4,2026-10-06,22600.0,CE,40701,100.95,7070310,685588345,100.7,100.95,65
2026-10-06 15:00:17,22699.4,2026-10-06,22450.0,PE,40696,0.55,9946885,406032640,0.55,0.6,65
2026-10-06 15:00:17,22699.4,2026-10-06,23000.0,PE,40732,304.1,1086800,7403370,303.5,304.5,65
2026-10-06 15:00:17,22699.4,2026-10-06,22550.0,CE,40699,149.1,2329730,227512610,148.2,148.6,65
2026-10-06 15:00:17,22699.4,2026-10-06,22500.0,PE,40698,0.85,18000060,779165335,0.8,0.85,65
2026-10-06 15:00:17,22699.4,2026-10-06,23000.0,CE,40731,0.2,17634695,202351630,0.2,0.25,65
2026-10-06 15:00:17,22699.4,2026-10-06,22500.0,CE,40697,196.9,2309840,157416155,197.05,197.7,65
2026-10-06 15:00:17,22699.4,2026-10-06,23050.0,PE,40736,352.0,170170,585455,352.8,354.05,65
2026-10-06 15:00:17,22699.4,2026-10-06,23050.0,CE,40735,0.2,5089110,68238885,0.15,0.2,65
2026-10-06 15:00:17,22699.4,2026-10-06,22300.0,PE,40681,0.25,10409490,227237270,0.25,0.3,65
2026-10-06 15:00:17,22699.4,2026-10-06,22350.0,CE,40682,347.3,496080,3771365,347.0,348.1,65
2026-10-06 15:00:17,22699.4,2026-10-06,22900.0,PE,40722,203.4,1348945,27304160,203.4,203.95,65
2026-10-06 15:00:17,22699.4,2026-10-06,22450.0,CE,40689,247.7,814645,39314860,246.7,247.3,65
2026-10-06 15:00:17,22699.4,2026-10-06,22400.0,PE,40688,0.4,12817155,398024965,0.4,0.45,65
2026-10-06 15:00:17,22699.4,2026-10-06,22900.0,CE,40721,0.35,14979510,525434845,0.35,0.4,65
2026-10-06 15:00:17,22699.4,2026-10-06,22400.0,CE,40687,297.65,1285050,27859390,296.85,297.7,65
2026-10-06 15:00:17,22699.4,2026-10-06,22850.0,PE,40720,154.4,1155115,44777460,153.9,154.35,65
2026-10-06 15:00:17,22699.4,2026-10-06,22350.0,PE,40686,0.35,7285330,213922605,0.3,0.35,65
2026-10-06 15:00:17,22699.4,2026-10-06,22950.0,PE,40724,254.0,225810,4847440,253.45,254.15,65
2026-10-06 15:00:17,22699.4,2026-10-06,22950.0,CE,40723,0.2,6578520,261731340,0.2,0.25,65
2026-10-06 15:00:17,22699.4,2026-10-06,22850.0,CE,40717,0.65,12041900,558640550,0.6,0.65,65
2026-10-06 15:00:17,22699.4,2026-10-06,22800.0,PE,40716,105.6,6222385,217265945,105.0,105.3,65
2026-10-06 15:00:17,22699.4,2026-10-06,23300.0,CE,40751,0.1,5868655,56663165,0.05,0.1,65
2026-10-06 15:00:17,22699.4,2026-10-06,22150.0,PE,40674,0.15,5691075,95907630,0.1,0.15,65
2026-10-06 15:00:17,22699.4,2026-10-06,22150.0,CE,40673,550.15,112645,183300,546.95,549.85,65
2026-10-06 15:00:17,22699.4,2026-10-06,23250.0,PE,40750,550.55,162370,234585,552.05,554.0,65
2026-10-06 15:00:17,22699.4,2026-10-06,22100.0,PE,40672,0.15,9607910,140137530,0.1,0.15,65
2026-10-06 15:00:17,22699.4,2026-10-06,22100.0,CE,40671,599.25,132080,283920,596.3,598.45,65
2026-10-06 15:00:17,22699.4,2026-10-06,22250.0,PE,40678,0.2,5110040,128433695,0.15,0.2,65
2026-10-06 15:00:17,22699.4,2026-10-06,22700.0,PE,40711,29.0,40185795,1240700695,28.6,28.7,65
2026-10-06 15:00:17,22699.4,2026-10-06,22250.0,CE,40677,450.75,326625,648245,446.7,448.1,65
2026-10-06 15:00:17,22699.4,2026-10-06,22700.0,CE,40710,25.1,30764110,1583436855,25.55,25.6,65
2026-10-06 15:00:17,22699.4,2026-10-06,22200.0,PE,40676,0.15,10792990,172327545,0.15,0.2,65
2026-10-06 15:00:17,22699.4,2026-10-06,22200.0,CE,40675,497.0,300365,1210495,496.4,498.05,65
2026-10-06 15:00:17,22699.4,2026-10-06,23300.0,PE,40752,596.35,664365,578370,602.3,604.2,65
2026-10-06 15:00:17,22699.4,2026-10-06,22800.0,CE,40715,1.95,31066165,1137049875,1.95,2.0,65
2026-10-06 15:00:17,22699.4,2026-10-06,22750.0,PE,40714,61.15,10799815,411150220,61.15,61.35,65
2026-10-06 15:00:17,22699.4,2026-10-06,22750.0,CE,40712,8.1,29823820,1261183625,8.1,8.15,65
2026-10-06 15:00:17,22699.4,2026-10-06,22300.0,CE,40679,397.35,633880,4342065,396.3,397.5,65
2026-10-06 15:00:17,22699.4,2026-10-06,23250.0,CE,40749,0.05,4089475,44772260,0.05,0.1,65
2026-10-06 15:00:17,22699.4,2026-10-06,22650.0,PE,40709,11.15,32825715,1154287290,11.15,11.25,65
2026-10-06 15:05:20,22708.85,2026-10-06,22550.0,PE,40700,0.5,17057300,837811780,0.5,0.55,65
2026-10-06 15:05:20,22708.85,2026-10-06,23150.0,PE,40744,438.95,71890,132405,435.05,436.8,65
2026-10-06 15:05:20,22708.85,2026-10-06,23150.0,CE,40743,0.1,2953600,42598725,0.05,0.1,65
2026-10-06 15:05:20,22708.85,2026-10-06,23100.0,PE,40742,385.2,355095,721890,386.0,386.8,65
2026-10-06 15:05:20,22708.85,2026-10-06,23100.0,CE,40741,0.15,9848345,93676245,0.1,0.15,65
2026-10-06 15:05:20,22708.85,2026-10-06,22650.0,CE,40704,68.9,9560785,876423405,68.7,68.9,65
2026-10-06 15:05:20,22708.85,2026-10-06,22600.0,PE,40703,1.25,35419280,1356561635,1.25,1.3,65
2026-10-06 15:05:20,22708.85,2026-10-06,23200.0,PE,40746,488.0,309725,403780,487.45,489.15,65
2026-10-06 15:05:20,22708.85,2026-10-06,23200.0,CE,40745,0.1,9723350,86940425,0.05,0.1,65
2026-10-06 15:05:20,22708.85,2026-10-06,22600.0,CE,40701,115.8,6693245,691194725,115.1,115.45,65
2026-10-06 15:05:20,22708.85,2026-10-06,22450.0,PE,40696,0.35,9799205,408858775,0.35,0.4,65
2026-10-06 15:05:20,22708.85,2026-10-06,23000.0,PE,40732,286.0,1071330,7553715,286.0,286.25,65
2026-10-06 15:05:20,22708.85,2026-10-06,22550.0,CE,40699,164.15,2306200,228667595,163.3,163.8,65
2026-10-06 15:05:20,22708.85,2026-10-06,22500.0,PE,40698,0.4,17367545,787762300,0.4,0.45,65
2026-10-06 15:05:20,22708.85,2026-10-06,23000.0,CE,40731,0.15,17143100,205710245,0.15,0.2,65
2026-10-06 15:05:20,22708.85,2026-10-06,22500.0,CE,40697,215.0,2316925,158281630,214.65,215.0,65
2026-10-06 15:05:20,22708.85,2026-10-06,23050.0,PE,40736,337.7,170430,590785,336.6,337.65,65
2026-10-06 15:05:20,22708.85,2026-10-06,23050.0,CE,40735,0.2,5079685,68904030,0.15,0.2,65
2026-10-06 15:05:20,22708.85,2026-10-06,22300.0,PE,40681,0.25,10304580,228492680,0.25,0.3,65
2026-10-06 15:05:20,22708.85,2026-10-06,22350.0,CE,40682,364.0,497185,3787420,363.4,364.0,65
2026-10-06 15:05:20,22708.85,2026-10-06,22900.0,PE,40722,186.25,1242280,27718665,187.05,187.55,65
2026-10-06 15:05:20,22708.85,2026-10-06,22450.0,CE,40689,263.9,797030,39410800,263.35,264.0,65
2026-10-06 15:05:20,22708.85,2026-10-06,22400.0,PE,40688,0.3,12677210,400983700,0.3,0.35,65
2026-10-06 15:05:20,22708.85,2026-10-06,22900.0,CE,40721,0.3,14563770,527857005,0.3,0.35,65
2026-10-06 15:05:20,22708.85,2026-10-06,22400.0,CE,40687,315.0,1265225,28006485,313.75,314.6,65
2026-10-06 15:05:20,22708.85,2026-10-06,22850.0,PE,40720,136.0,1087255,45696755,136.0,136.25,65
2026-10-06 15:05:20,22708.85,2026-10-06,22350.0,PE,40686,0.3,7056725,214842680,0.3,0.35,65
2026-10-06 15:05:20,22708.85,2026-10-06,22950.0,PE,40724,235.35,223730,4911010,236.0,236.45,65
2026-10-06 15:05:20,22708.85,2026-10-06,22950.0,CE,40723,0.2,6409845,263242005,0.2,0.25,65
2026-10-06 15:05:20,22708.85,2026-10-06,22850.0,CE,40717,0.65,11484915,565379880,0.6,0.65,65
2026-10-06 15:05:20,22708.85,2026-10-06,22800.0,PE,40716,88.2,5911815,223256865,88.75,89.05,65
2026-10-06 15:05:20,22708.85,2026-10-06,23300.0,CE,40751,0.1,5704335,57681195,0.05,0.1,65
2026-10-06 15:05:20,22708.85,2026-10-06,22150.0,PE,40674,0.15,5410665,98329335,0.1,0.15,65
2026-10-06 15:05:20,22708.85,2026-10-06,22150.0,CE,40673,561.5,112645,187200,564.65,566.35,65
2026-10-06 15:05:20,22708.85,2026-10-06,23250.0,PE,40750,538.9,161915,235495,535.0,537.55,65
2026-10-06 15:05:20,22708.85,2026-10-06,22100.0,PE,40672,0.15,9221095,141921975,0.15,0.2,65
2026-10-06 15:05:20,22708.85,2026-10-06,22100.0,CE,40671,614.95,132275,285415,613.45,614.95,65
2026-10-06 15:05:20,22708.85,2026-10-06,22250.0,PE,40678,0.2,5092035,130092690,0.2,0.25,65
2026-10-06 15:05:20,22708.85,2026-10-06,22700.0,PE,40711,16.55,38555010,1295279375,16.55,16.6,65
2026-10-06 15:05:20,22708.85,2026-10-06,22250.0,CE,40677,463.85,326755,653640,464.0,465.5,65
2026-10-06 15:05:20,22708.85,2026-10-06,22700.0,CE,40710,30.25,30912700,1628036670,29.5,29.6,65
2026-10-06 15:05:20,22708.85,2026-10-06,22200.0,PE,40676,0.2,10550150,176453030,0.15,0.2,65
2026-10-06 15:05:20,22708.85,2026-10-06,22200.0,CE,40675,515.8,300300,1214005,512.95,514.5,65
2026-10-06 15:05:20,22708.85,2026-10-06,23300.0,PE,40752,585.0,653055,588315,585.0,586.3,65
2026-10-06 15:05:20,22708.85,2026-10-06,22800.0,CE,40715,2.3,29557905,1166156550,2.25,2.3,65
2026-10-06 15:05:20,22708.85,2026-10-06,22750.0,PE,40714,44.7,10213645,425430590,45.55,45.65,65
2026-10-06 15:05:20,22708.85,2026-10-06,22750.0,CE,40712,9.6,28285270,1301344005,9.45,9.5,65
2026-10-06 15:05:20,22708.85,2026-10-06,22300.0,CE,40679,415.0,631800,4362540,414.8,415.75,65
2026-10-06 15:05:20,22708.85,2026-10-06,23250.0,CE,40749,0.1,4082195,45286540,0.05,0.1,65
2026-10-06 15:05:20,22708.85,2026-10-06,22650.0,PE,40709,4.3,31138510,1204083855,4.25,4.3,65
2026-10-06 15:10:18,22709.4,2026-10-06,22550.0,PE,40700,0.7,16173755,849930640,0.65,0.7,65
2026-10-06 15:10:18,22709.4,2026-10-06,23150.0,PE,40744,440.9,71825,132860,437.1,438.75,65
2026-10-06 15:10:18,22709.4,2026-10-06,23150.0,CE,40743,0.1,2981420,43803825,0.05,0.1,65
2026-10-06 15:10:18,22709.4,2026-10-06,23100.0,PE,40742,388.85,351065,740285,387.7,388.4,65
2026-10-06 15:10:18,22709.4,2026-10-06,23100.0,CE,40741,0.15,9747855,96332340,0.1,0.15,65
2026-10-06 15:10:18,22709.4,2026-10-06,22650.0,CE,40704,67.4,9312355,886197585,66.65,66.75,65
2026-10-06 15:10:18,22709.4,2026-10-06,22600.0,PE,40703,1.4,31382455,1402592880,1.45,1.5,65
2026-10-06 15:10:18,22709.4,2026-10-06,23200.0,PE,40746,492.7,309465,405795,487.6,488.25,65
2026-10-06 15:10:18,22709.4,2026-10-06,23200.0,CE,40745,0.1,9571770,88186020,0.05,0.1,65
2026-10-06 15:10:18,22709.4,2026-10-06,22600.0,CE,40701,113.7,6329895,695675955,113.25,113.45,65
2026-10-06 15:10:18,22709.4,2026-10-06,22450.0,PE,40696,0.25,9266335,411097180,0.25,0.3,65
2026-10-06 15:10:18,22709.4,2026-10-06,23000.0,PE,40732,287.7,1071980,7663500,288.05,288.9,65
2026-10-06 15:10:18,22709.4,2026-10-06,22550.0,CE,40699,162.75,2217345,229602685,162.6,163.0,65
2026-10-06 15:10:18,22709.4,2026-10-06,22500.0,PE,40698,0.35,16175250,796910205,0.35,0.4,65
2026-10-06 15:10:18,22709.4,2026-10-06,23000.0,CE,40731,0.15,16854305,208123825,0.15,0.2,65
2026-10-06 15:10:18,22709.4,2026-10-06,22500.0,CE,40697,213.0,2183025,158974660,212.85,213.0,65
2026-10-06 15:10:18,22709.4,2026-10-06,23050.0,PE,40736,338.45,168415,597545,337.8,338.75,65
2026-10-06 15:10:18,22709.4,2026-10-06,23050.0,CE,40735,0.2,5009615,70070260,0.15,0.2,65
2026-10-06 15:10:18,22709.4,2026-10-06,22300.0,PE,40681,0.2,9928685,230438910,0.15,0.2,65
2026-10-06 15:10:18,22709.4,2026-10-06,22350.0,CE,40682,363.6,479960,3825510,362.35,363.15,65
2026-10-06 15:10:18,22709.4,2026-10-06,22900.0,PE,40722,188.25,1271985,28119325,188.15,188.6,65
2026-10-06 15:10:18,22709.4,2026-10-06,22450.0,CE,40689,263.0,784875,39518050,261.55,262.0,65
2026-10-06 15:10:18,22709.4,2026-10-06,22400.0,PE,40688,0.25,12099100,403928005,0.25,0.3,65
2026-10-06 15:10:18,22709.4,2026-10-06,22900.0,CE,40721,0.3,14201265,531514360,0.3,0.35,65
2026-10-06 15:10:18,22709.4,2026-10-06,22400.0,CE,40687,313.5,1259570,28096835,312.6,312.8,65
2026-10-06 15:10:18,22709.4,2026-10-06,22850.0,PE,40720,138.0,1060800,46494240,137.6,138.0,65
2026-10-06 15:10:18,22709.4,2026-10-06,22350.0,PE,40686,0.25,6986655,216518445,0.2,0.25,65
2026-10-06 15:10:18,22709.4,2026-10-06,22950.0,PE,40724,238.2,253175,4985110,238.0,238.5,65
2026-10-06 15:10:18,22709.4,2026-10-06,22950.0,CE,40723,0.2,6253715,265305170,0.2,0.25,65
2026-10-06 15:10:18,22709.4,2026-10-06,22850.0,CE,40717,0.55,11366810,570121175,0.5,0.55,65
2026-10-06 15:10:18,22709.4,2026-10-06,22800.0,PE,40716,89.25,5902390,228160725,89.8,89.95,65
2026-10-06 15:10:18,22709.4,2026-10-06,23300.0,CE,40751,0.05,5429580,59145580,0.05,0.1,65
2026-10-06 15:10:18,22709.4,2026-10-06,22150.0,PE,40674,0.05,5103150,100741745,0.05,0.1,65
2026-10-06 15:10:18,22709.4,2026-10-06,22150.0,CE,40673,560.35,112970,187785,562.9,564.35,65
2026-10-06 15:10:18,22709.4,2026-10-06,23250.0,PE,40750,538.35,162110,236145,537.4,538.65,65
2026-10-06 15:10:18,22709.4,2026-10-06,22100.0,PE,40672,0.15,9083685,143229125,0.1,0.15,65
2026-10-06 15:10:18,22709.4,2026-10-06,22100.0,CE,40671,610.9,132145,286650,612.0,613.55,65
2026-10-06 15:10:18,22709.4,2026-10-06,22250.0,PE,40678,0.15,4680130,131746420,0.15,0.2,65
2026-10-06 15:10:18,22709.4,2026-10-06,22700.0,PE,40711,16.6,36954970,1342412760,16.9,17.0,65
2026-10-06 15:10:18,22709.4,2026-10-06,22250.0,CE,40677,460.8,326300,657085,462.4,463.75,65
2026-10-06 15:10:18,22709.4,2026-10-06,22700.0,CE,40710,29.4,30495920,1668995835,28.95,29.05,65
2026-10-06 15:10:18,22709.4,2026-10-06,22200.0,PE,40676,0.15,10387650,178908470,0.1,0.15,65
2026-10-06 15:10:18,22709.4,2026-10-06,22200.0,CE,40675,510.0,298155,1219725,512.25,513.95,65
2026-10-06 15:10:18,22709.4,2026-10-06,23300.0,PE,40752,590.5,645190,607100,587.0,588.25,65
2026-10-06 15:10:18,22709.4,2026-10-06,22800.0,CE,40715,1.8,29659110,1201836610,1.75,1.8,65
2026-10-06 15:10:18,22709.4,2026-10-06,22750.0,PE,40714,45.8,10653435,438448660,46.2,46.25,65
2026-10-06 15:10:18,22709.4,2026-10-06,22750.0,CE,40712,8.75,30363840,1346206030,8.6,8.65,65
2026-10-06 15:10:18,22709.4,2026-10-06,22300.0,CE,40679,413.85,620425,4384445,411.9,413.35,65
2026-10-06 15:10:18,22709.4,2026-10-06,23250.0,CE,40749,0.05,3924700,46257185,0.05,0.1,65
2026-10-06 15:10:18,22709.4,2026-10-06,22650.0,PE,40709,4.5,29252015,1243926580,4.65,4.7,65
