time,spot,expiry,strike,type,token,ltp,oi,volume,bid,ask,lot
2026-10-05 10:20:31,22548.05,2026-10-06,22000.0,CE,40667,574.7,632125,779610,578.25,579.8,65
2026-10-05 10:20:31,22548.05,2026-10-06,22550.0,PE,40700,84.2,12783680,136708715,84.4,84.65,65
2026-10-05 10:20:31,22548.05,2026-10-06,23150.0,PE,40744,575.1,107380,54340,577.6,579.35,65
2026-10-05 10:20:31,22548.05,2026-10-06,21950.0,PE,40666,4.25,2493855,15125175,4.2,4.25,65
2026-10-05 10:20:31,22548.05,2026-10-06,23150.0,CE,40743,2.45,2679430,17475900,2.45,2.5,65
2026-10-05 10:20:31,22548.05,2026-10-06,23100.0,PE,40742,533.0,598195,840060,528.15,529.95,65
2026-10-05 10:20:31,22548.05,2026-10-06,21950.0,CE,40665,630.05,30745,16185,626.5,628.4,65
2026-10-05 10:20:31,22548.05,2026-10-06,23100.0,CE,40741,2.95,6591325,27651000,2.9,2.95,65
2026-10-05 10:20:31,22548.05,2026-10-06,22650.0,CE,40704,59.15,11537955,100368645,59.1,59.25,65
2026-10-05 10:20:31,22548.05,2026-10-06,22600.0,PE,40703,107.2,14581190,152210890,107.3,107.45,65
2026-10-05 10:20:31,22548.05,2026-10-06,22050.0,CE,40669,533.5,49335,26455,529.05,530.8,65
2026-10-05 10:20:31,22548.05,2026-10-06,22000.0,PE,40668,5.35,13919035,50328395,5.3,5.35,65
2026-10-05 10:20:31,22548.05,2026-10-06,22600.0,CE,40701,81.45,20527910,194031175,81.1,81.25,65
2026-10-05 10:20:31,22548.05,2026-10-06,22450.0,PE,40696,50.85,7156045,65204425,50.55,50.7,65
2026-10-05 10:20:31,22548.05,2026-10-06,23000.0,PE,40732,431.85,1473420,1929915,430.15,431.4,65
2026-10-05 10:20:31,22548.05,2026-10-06,22550.0,CE,40699,108.0,10045230,114155405,107.6,107.85,65
2026-10-05 10:20:31,22548.05,2026-10-06,22500.0,PE,40698,65.75,21313955,167848915,65.75,65.85,65
2026-10-05 10:20:31,22548.05,2026-10-06,23000.0,CE,40731,4.7,16669250,58124300,4.7,4.75,65
2026-10-05 10:20:31,22548.05,2026-10-06,22500.0,CE,40697,139.35,9805250,96316285,139.0,139.3,65
2026-10-05 10:20:31,22548.05,2026-10-06,23050.0,PE,40736,477.9,321360,550680,479.35,481.1,65
2026-10-05 10:20:31,22548.05,2026-10-06,23050.0,CE,40735,3.5,3759210,17024735,3.5,3.55,65
2026-10-05 10:20:31,22548.05,2026-10-06,22300.0,PE,40681,22.75,11242790,71829680,22.65,22.75,65
2026-10-05 10:20:31,22548.05,2026-10-06,22350.0,CE,40682,253.3,895830,3307265,253.2,253.85,65
2026-10-05 10:20:31,22548.05,2026-10-06,22900.0,PE,40722,335.6,716430,1669005,335.05,336.1,65
2026-10-05 10:20:31,22548.05,2026-10-06,22450.0,CE,40689,174.15,2103920,20312045,174.15,174.6,65
2026-10-05 10:20:31,22548.05,2026-10-06,22900.0,CE,40721,8.5,12193025,50631425,8.5,8.55,65
2026-10-05 10:20:31,22548.05,2026-10-06,22400.0,PE,40688,38.7,12326990,87662705,38.7,38.75,65
2026-10-05 10:20:31,22548.05,2026-10-06,22400.0,CE,40687,212.85,2837445,18414175,212.5,213.0,65
2026-10-05 10:20:31,22548.05,2026-10-06,22850.0,PE,40720,289.05,408720,1385345,289.4,290.15,65
2026-10-05 10:20:31,22548.05,2026-10-06,22350.0,PE,40686,29.55,5280600,42293615,29.55,29.65,65
2026-10-05 10:20:31,22548.05,2026-10-06,22950.0,PE,40724,380.9,391690,362830,381.7,382.8,65
2026-10-05 10:20:31,22548.05,2026-10-06,22950.0,CE,40723,6.2,4525820,22144005,6.2,6.25,65
2026-10-05 10:20:31,22548.05,2026-10-06,22850.0,CE,40717,12.9,5767840,38439245,12.85,12.95,65
2026-10-05 10:20:31,22548.05,2026-10-06,22800.0,PE,40716,246.25,2294175,8748935,245.5,246.2,65
2026-10-05 10:20:31,22548.05,2026-10-06,22050.0,PE,40670,6.45,2813460,21624200,6.4,6.45,65
2026-10-05 10:20:31,22548.05,2026-10-06,22150.0,PE,40674,10.2,4171310,23904400,10.25,10.3,65
2026-10-05 10:20:31,22548.05,2026-10-06,22150.0,CE,40673,434.5,124150,144690,432.8,434.35,65
2026-10-05 10:20:31,22548.05,2026-10-06,22100.0,PE,40672,7.95,7023640,36366785,8.0,8.05,65
2026-10-05 10:20:31,22548.05,2026-10-06,22100.0,CE,40671,478.75,208975,166335,480.65,482.65,65
2026-10-05 10:20:31,22548.05,2026-10-06,22250.0,PE,40678,17.35,4368000,31129150,17.35,17.45,65
2026-10-05 10:20:31,22548.05,2026-10-06,22700.0,PE,40711,168.15,4587050,34793460,167.9,168.3,65
2026-10-05 10:20:31,22548.05,2026-10-06,22250.0,CE,40677,341.0,369850,680810,340.7,341.65,65
2026-10-05 10:20:31,22548.05,2026-10-06,22700.0,CE,40710,41.75,16215225,118461980,41.65,41.7,65
2026-10-05 10:20:31,22548.05,2026-10-06,22200.0,PE,40676,13.3,9294675,47061495,13.4,13.45,65
2026-10-05 10:20:31,22548.05,2026-10-06,22200.0,CE,40675,386.9,667550,1381575,386.5,387.5,65
2026-10-05 10:20:31,22548.05,2026-10-06,22800.0,CE,40715,19.25,14522365,84269055,19.35,19.4,65
2026-10-05 10:20:31,22548.05,2026-10-06,22750.0,PE,40714,205.1,1378650,8926385,204.95,205.5,65
2026-10-05 10:20:31,22548.05,2026-10-06,22750.0,CE,40712,28.75,8422050,59768020,28.7,28.75,65
2026-10-05 10:20:31,22548.05,2026-10-06,22300.0,CE,40679,296.35,1810250,6712615,296.35,297.1,65
2026-10-05 10:20:31,22548.05,2026-10-06,22650.0,PE,40709,135.55,3823495,46320300,135.2,135.55,65
2026-10-05 10:25:28,22494.2,2026-10-06,21900.0,CE,40663,626.8,35360,13195,618.2,621.75,65
2026-10-05 10:25:28,22494.2,2026-10-06,22000.0,CE,40667,523.0,613795,841035,522.55,524.05,65
2026-10-05 10:25:28,22494.2,2026-10-06,22550.0,PE,40700,116.55,11014510,154781900,116.45,116.75,65
2026-10-05 10:25:28,22494.2,2026-10-06,21950.0,PE,40666,5.7,2539550,16933735,5.7,5.75,65
2026-10-05 10:25:28,22494.2,2026-10-06,23100.0,PE,40742,585.1,593060,849680,585.35,587.3,65
2026-10-05 10:25:28,22494.2,2026-10-06,21950.0,CE,40665,577.8,30745,19305,571.45,573.65,65
2026-10-05 10:25:28,22494.2,2026-10-06,23100.0,CE,40741,2.9,6749925,29032250,2.85,2.9,65
2026-10-05 10:25:28,22494.2,2026-10-06,21900.0,PE,40664,4.55,5568290,25838800,4.5,4.55,65
2026-10-05 10:25:28,22494.2,2026-10-06,22650.0,CE,40704,44.15,11370190,107270540,44.05,44.15,65
2026-10-05 10:25:28,22494.2,2026-10-06,22600.0,PE,40703,144.9,12457900,167376170,144.95,145.2,65
2026-10-05 10:25:28,22494.2,2026-10-06,22050.0,CE,40669,482.1,50115,29445,474.9,476.75,65
2026-10-05 10:25:28,22494.2,2026-10-06,22000.0,PE,40668,7.4,14047345,53828840,7.35,7.45,65
2026-10-05 10:25:28,22494.2,2026-10-06,22600.0,CE,40701,61.45,20159880,207634505,61.55,61.7,65
2026-10-05 10:25:28,22494.2,2026-10-06,22450.0,PE,40696,73.45,7261865,74386650,73.3,73.5,65
2026-10-05 10:25:28,22494.2,2026-10-06,23000.0,PE,40732,486.6,1449630,2014155,485.9,487.25,65
2026-10-05 10:25:28,22494.2,2026-10-06,22550.0,CE,40699,83.05,11202230,123661330,82.95,83.05,65
2026-10-05 10:25:28,22494.2,2026-10-06,22500.0,PE,40698,93.25,20411170,190608860,93.25,93.45,65
2026-10-05 10:25:28,22494.2,2026-10-06,23000.0,CE,40731,4.35,16615170,60308040,4.3,4.35,65
2026-10-05 10:25:28,22494.2,2026-10-06,22500.0,CE,40697,109.7,10583170,103839450,109.35,109.65,65
2026-10-05 10:25:28,22494.2,2026-10-06,23050.0,PE,40736,534.95,320060,556465,536.45,538.8,65
2026-10-05 10:25:28,22494.2,2026-10-06,23050.0,CE,40735,3.4,3705260,17744610,3.35,3.4,65
2026-10-05 10:25:28,22494.2,2026-10-06,22300.0,PE,40681,34.25,10911745,78924040,34.3,34.4,65
2026-10-05 10:25:28,22494.2,2026-10-06,22350.0,CE,40682,210.6,916565,3499860,210.6,211.0,65
2026-10-05 10:25:28,22494.2,2026-10-06,22900.0,PE,40722,389.6,701675,1769105,389.8,391.0,65
2026-10-05 10:25:28,22494.2,2026-10-06,22450.0,CE,40689,139.8,2354300,21949720,139.7,140.05,65
2026-10-05 10:25:28,22494.2,2026-10-06,22900.0,CE,40721,7.0,12027080,54099045,7.0,7.05,65
2026-10-05 10:25:28,22494.2,2026-10-06,22400.0,PE,40688,57.3,12218440,99027630,57.15,57.3,65
2026-10-05 10:25:28,22494.2,2026-10-06,22400.0,CE,40687,174.1,3032315,19765070,173.8,174.0,65
2026-10-05 10:25:28,22494.2,2026-10-06,22850.0,PE,40720,343.95,384410,1498380,343.0,343.95,65
2026-10-05 10:25:28,22494.2,2026-10-06,22350.0,PE,40686,44.55,5250310,47330465,44.5,44.65,65
2026-10-05 10:25:28,22494.2,2026-10-06,22950.0,PE,40724,437.05,387790,388505,437.6,439.15,65
2026-10-05 10:25:28,22494.2,2026-10-06,22950.0,CE,40723,5.45,5216380,24863215,5.4,5.45,65
2026-10-05 10:25:28,22494.2,2026-10-06,22850.0,CE,40717,10.2,5981300,41587000,10.2,10.25,65
2026-10-05 10:25:28,22494.2,2026-10-06,22800.0,PE,40716,297.4,2114580,9525425,297.4,298.2,65
2026-10-05 10:25:28,22494.2,2026-10-06,22050.0,PE,40670,9.25,2745275,23058035,9.25,9.3,65
2026-10-05 10:25:28,22494.2,2026-10-06,22150.0,PE,40674,15.5,4336735,27147705,15.45,15.55,65
2026-10-05 10:25:28,22494.2,2026-10-06,22150.0,CE,40673,382.85,123435,154765,381.7,382.75,65
2026-10-05 10:25:28,22494.2,2026-10-06,22100.0,PE,40672,11.95,6964945,39223405,11.85,11.95,65
2026-10-05 10:25:28,22494.2,2026-10-06,22100.0,CE,40671,429.05,209755,172640,427.7,429.05,65
2026-10-05 10:25:28,22494.2,2026-10-06,22250.0,PE,40678,26.35,4629755,34658845,26.55,26.65,65
2026-10-05 10:25:28,22494.2,2026-10-06,22700.0,PE,40711,214.0,4014725,38524460,214.0,214.65,65
2026-10-05 10:25:28,22494.2,2026-10-06,22250.0,CE,40677,292.7,368225,724230,292.4,293.25,65
2026-10-05 10:25:28,22494.2,2026-10-06,22700.0,CE,40710,31.0,16313765,126051185,30.85,30.95,65
2026-10-05 10:25:28,22494.2,2026-10-06,22200.0,PE,40676,20.25,9452430,51749880,20.2,20.25,65
2026-10-05 10:25:28,22494.2,2026-10-06,22200.0,CE,40675,337.6,676000,1479985,336.4,337.4,65
2026-10-05 10:25:28,22494.2,2026-10-06,22800.0,CE,40715,14.7,14131715,90236445,14.7,14.75,65
2026-10-05 10:25:28,22494.2,2026-10-06,22750.0,PE,40714,254.7,1250470,9729070,254.35,255.0,65
2026-10-05 10:25:28,22494.2,2026-10-06,22750.0,CE,40712,21.5,8278920,64264850,21.45,21.55,65
2026-10-05 10:25:28,22494.2,2026-10-06,22300.0,CE,40679,251.8,1783080,7044245,250.8,251.45,65
2026-10-05 10:25:28,22494.2,2026-10-06,22650.0,PE,40709,177.2,3072940,51315940,177.35,177.85,65
2026-10-05 10:30:25,22517.25,2026-10-06,21900.0,CE,40663,645.2,36725,18005,642.7,645.5,65
2026-10-05 10:30:25,22517.25,2026-10-06,22000.0,CE,40667,546.45,758680,1136265,546.4,547.85,65
2026-10-05 10:30:25,22517.25,2026-10-06,22550.0,PE,40700,101.25,8093410,171298270,100.45,100.6,65
2026-10-05 10:30:25,22517.25,2026-10-06,21950.0,PE,40666,4.4,2550275,21219055,4.35,4.4,65
2026-10-05 10:30:25,22517.25,2026-10-06,23100.0,PE,40742,561.25,588185,864500,560.7,562.5,65
2026-10-05 10:30:25,22517.25,2026-10-06,21950.0,CE,40665,599.3,31265,23140,595.7,597.8,65
2026-10-05 10:30:25,22517.25,2026-10-06,23100.0,CE,40741,2.85,7042100,31436600,2.8,2.85,65
2026-10-05 10:30:25,22517.25,2026-10-06,21900.0,PE,40664,3.6,5740475,30508725,3.55,3.6,65
2026-10-05 10:30:25,22517.25,2026-10-06,22650.0,CE,40704,49.75,11811345,116907180,49.8,50.0,65
2026-10-05 10:30:25,22517.25,2026-10-06,22600.0,PE,40703,127.6,10179845,181453805,126.9,127.15,65
2026-10-05 10:30:25,22517.25,2026-10-06,22050.0,CE,40669,499.0,54600,39650,497.45,499.2,65
2026-10-05 10:30:25,22517.25,2026-10-06,22000.0,PE,40668,5.7,13892905,62861435,5.65,5.7,65
2026-10-05 10:30:25,22517.25,2026-10-06,22600.0,CE,40701,68.65,20639905,224472170,69.0,69.15,65
2026-10-05 10:30:25,22517.25,2026-10-06,22450.0,PE,40696,61.6,7746570,91660270,61.25,61.45,65
2026-10-05 10:30:25,22517.25,2026-10-06,23000.0,PE,40732,463.65,1434420,2165410,460.8,462.15,65
2026-10-05 10:30:25,22517.25,2026-10-06,22550.0,CE,40699,92.4,11931855,135868590,92.7,92.9,65
2026-10-05 10:30:25,22517.25,2026-10-06,22500.0,PE,40698,79.7,18600205,220600445,79.45,79.6,65
2026-10-05 10:30:25,22517.25,2026-10-06,23000.0,CE,40731,4.5,16438565,63856845,4.45,4.5,65
2026-10-05 10:30:25,22517.25,2026-10-06,22500.0,CE,40697,120.25,12232610,118171170,120.4,120.6,65
2026-10-05 10:30:25,22517.25,2026-10-06,23050.0,PE,40736,515.5,318045,564135,510.75,512.2,65
2026-10-05 10:30:25,22517.25,2026-10-06,23050.0,CE,40735,3.35,3784365,18686330,3.35,3.4,65
2026-10-05 10:30:25,22517.25,2026-10-06,22300.0,PE,40681,27.55,10773555,91917605,27.4,27.5,65
2026-10-05 10:30:25,22517.25,2026-10-06,22350.0,CE,40682,227.95,961545,4057235,227.95,228.5,65
2026-10-05 10:30:25,22517.25,2026-10-06,22900.0,PE,40722,366.0,692055,1872260,364.75,365.8,65
2026-10-05 10:30:25,22517.25,2026-10-06,22450.0,CE,40689,153.5,3006900,25513085,153.25,153.6,65
2026-10-05 10:30:25,22517.25,2026-10-06,22900.0,CE,40721,7.6,12205440,58616415,7.6,7.65,65
2026-10-05 10:30:25,22517.25,2026-10-06,22400.0,PE,40688,47.35,11464830,117242450,47.35,47.5,65
2026-10-05 10:30:25,22517.25,2026-10-06,22400.0,CE,40687,188.8,3346070,22469850,188.35,188.8,65
2026-10-05 10:30:25,22517.25,2026-10-06,22850.0,PE,40720,317.45,357045,1625975,319.2,320.15,65
2026-10-05 10:30:25,22517.25,2026-10-06,22350.0,PE,40686,36.05,5317975,57888090,36.05,36.1,65
2026-10-05 10:30:25,22517.25,2026-10-06,22950.0,PE,40724,412.6,387985,405405,414.0,414.8,65
2026-10-05 10:30:25,22517.25,2026-10-06,22950.0,CE,40723,5.7,5380310,26965705,5.65,5.7,65
2026-10-05 10:30:25,22517.25,2026-10-06,22850.0,CE,40717,11.1,6152575,46267780,11.15,11.2,65
2026-10-05 10:30:25,22517.25,2026-10-06,22800.0,PE,40716,273.7,1983410,10285145,273.4,274.1,65
2026-10-05 10:30:25,22517.25,2026-10-06,22050.0,PE,40670,7.15,2654535,26773175,7.15,7.2,65
2026-10-05 10:30:25,22517.25,2026-10-06,22150.0,PE,40674,12.15,3860935,33209475,12.0,12.1,65
2026-10-05 10:30:25,22517.25,2026-10-06,22150.0,CE,40673,402.65,121030,171665,403.6,404.95,65
2026-10-05 10:30:25,22517.25,2026-10-06,22100.0,PE,40672,9.15,7229300,45727695,9.05,9.15,65
2026-10-05 10:30:25,22517.25,2026-10-06,22100.0,CE,40671,447.0,208585,190385,450.0,451.55,65
2026-10-05 10:30:25,22517.25,2026-10-06,22250.0,PE,40678,21.0,4425525,40615055,21.0,21.1,65
2026-10-05 10:30:25,22517.25,2026-10-06,22700.0,PE,40711,192.45,3594890,41736955,192.6,193.0,65
2026-10-05 10:30:25,22517.25,2026-10-06,22250.0,CE,40677,313.45,377130,814125,311.85,312.7,65
2026-10-05 10:30:25,22517.25,2026-10-06,22700.0,CE,40710,35.0,16423680,136660615,34.85,34.95,65
2026-10-05 10:30:25,22517.25,2026-10-06,22200.0,PE,40676,16.05,9344140,61725105,15.85,15.95,65
2026-10-05 10:30:25,22517.25,2026-10-06,22200.0,CE,40675,357.75,666185,1673555,357.75,358.75,65
2026-10-05 10:30:25,22517.25,2026-10-06,22800.0,CE,40715,16.45,13753805,97364215,16.45,16.5,65
2026-10-05 10:30:25,22517.25,2026-10-06,22750.0,PE,40714,232.9,1081860,10436855,232.3,232.9,65
2026-10-05 10:30:25,22517.25,2026-10-06,22750.0,CE,40712,24.1,7923695,70022810,24.05,24.1,65
2026-10-05 10:30:25,22517.25,2026-10-06,22300.0,CE,40679,269.5,1762085,7710170,269.5,270.0,65
2026-10-05 10:30:25,22517.25,2026-10-06,22650.0,PE,40709,158.0,2366520,55402620,157.35,157.75,65
2026-10-05 10:35:21,22518.05,2026-10-06,21900.0,CE,40663,648.05,35230,18070,646.8,649.4,65
2026-10-05 10:35:21,22518.05,2026-10-06,22000.0,CE,40667,551.0,757835,1162200,550.0,550.8,65
2026-10-05 10:35:21,22518.05,2026-10-06,22550.0,PE,40700,98.9,8430695,177679580,98.2,98.45,65
2026-10-05 10:35:21,22518.05,2026-10-06,21950.0,PE,40666,4.55,2654600,22773140,4.55,4.6,65
2026-10-05 10:35:21,22518.05,2026-10-06,23100.0,PE,40742,557.8,587405,868335,557.15,558.95,65
2026-10-05 10:35:21,22518.05,2026-10-06,21950.0,CE,40665,612.5,31915,25155,599.25,601.6,65
2026-10-05 10:35:21,22518.05,2026-10-06,23100.0,CE,40741,2.85,7206030,32027645,2.85,2.9,65
2026-10-05 10:35:21,22518.05,2026-10-06,21900.0,PE,40664,3.8,5928975,32505850,3.75,3.8,65
2026-10-05 10:35:21,22518.05,2026-10-06,22650.0,CE,40704,50.0,12038260,121956965,49.95,50.0,65
2026-10-05 10:35:21,22518.05,2026-10-06,22600.0,PE,40703,124.5,10381345,186229875,124.25,124.55,65
2026-10-05 10:35:21,22518.05,2026-10-06,22050.0,CE,40669,505.0,54535,40885,501.9,503.35,65
2026-10-05 10:35:21,22518.05,2026-10-06,22000.0,PE,40668,5.9,14269255,65726635,5.9,5.95,65
2026-10-05 10:35:21,22518.05,2026-10-06,22600.0,CE,40701,69.25,20828925,234276900,69.25,69.4,65
2026-10-05 10:35:21,22518.05,2026-10-06,22450.0,PE,40696,60.0,7789080,97074315,60.1,60.25,65
2026-10-05 10:35:21,22518.05,2026-10-06,23000.0,PE,40732,458.95,1420380,2228395,457.9,459.0,65
2026-10-05 10:35:21,22518.05,2026-10-06,22550.0,CE,40699,93.05,12618775,144677585,93.35,93.6,65
2026-10-05 10:35:21,22518.05,2026-10-06,22500.0,PE,40698,77.65,19238895,232070735,77.05,77.3,65
2026-10-05 10:35:21,22518.05,2026-10-06,23000.0,CE,40731,4.45,16393780,65234780,4.45,4.5,65
2026-10-05 10:35:21,22518.05,2026-10-06,22500.0,CE,40697,121.7,12452375,125522605,122.05,122.35,65
2026-10-05 10:35:21,22518.05,2026-10-06,23050.0,PE,40736,506.9,317915,565955,507.7,509.75,65
2026-10-05 10:35:21,22518.05,2026-10-06,23050.0,CE,40735,3.4,3809845,19157645,3.4,3.45,65
2026-10-05 10:35:21,22518.05,2026-10-06,22300.0,PE,40681,27.2,10952695,96774535,27.3,27.35,65
2026-10-05 10:35:21,22518.05,2026-10-06,22350.0,CE,40682,230.3,949260,4251130,230.15,230.6,65
2026-10-05 10:35:21,22518.05,2026-10-06,22900.0,PE,40722,363.55,688935,1919320,361.65,362.5,65
2026-10-05 10:35:21,22518.05,2026-10-06,22450.0,CE,40689,154.95,3000205,27171105,154.35,154.65,65
2026-10-05 10:35:21,22518.05,2026-10-06,22900.0,CE,40721,7.55,12287080,60554715,7.55,7.6,65
2026-10-05 10:35:21,22518.05,2026-10-06,22400.0,PE,40688,46.45,12055550,124313410,46.3,46.45,65
2026-10-05 10:35:21,22518.05,2026-10-06,22400.0,CE,40687,190.55,3288415,23698675,190.9,191.3,65
2026-10-05 10:35:21,22518.05,2026-10-06,22850.0,PE,40720,315.45,363350,1666925,316.1,317.0,65
2026-10-05 10:35:21,22518.05,2026-10-06,22350.0,PE,40686,35.75,5114980,62218130,35.6,35.7,65
2026-10-05 10:35:21,22518.05,2026-10-06,22950.0,PE,40724,411.3,389155,415285,410.05,411.4,65
2026-10-05 10:35:21,22518.05,2026-10-06,22950.0,CE,40723,5.65,5446675,27555515,5.65,5.7,65
2026-10-05 10:35:21,22518.05,2026-10-06,22850.0,CE,40717,11.15,6148480,48371050,11.1,11.15,65
2026-10-05 10:35:21,22518.05,2026-10-06,22800.0,PE,40716,271.6,2011360,10579465,271.35,272.0,65
2026-10-05 10:35:21,22518.05,2026-10-06,22050.0,PE,40670,7.45,2804685,28228590,7.4,7.45,65
2026-10-05 10:35:21,22518.05,2026-10-06,22150.0,PE,40674,12.35,3877185,34784620,12.3,12.35,65
2026-10-05 10:35:21,22518.05,2026-10-06,22150.0,CE,40673,409.55,121290,176670,407.1,408.4,65
2026-10-05 10:35:21,22518.05,2026-10-06,22100.0,PE,40672,9.35,7220720,47849685,9.35,9.4,65
2026-10-05 10:35:21,22518.05,2026-10-06,22100.0,CE,40671,453.1,209235,195585,453.1,454.75,65
2026-10-05 10:35:21,22518.05,2026-10-06,22250.0,PE,40678,21.05,4344015,42829345,20.85,20.95,65
2026-10-05 10:35:21,22518.05,2026-10-06,22700.0,PE,40711,190.0,3717480,42828305,189.75,190.0,65
2026-10-05 10:35:21,22518.05,2026-10-06,22250.0,CE,40677,315.35,380250,858455,315.45,316.15,65
2026-10-05 10:35:21,22518.05,2026-10-06,22700.0,CE,40710,35.0,16431415,142555790,35.0,35.05,65
2026-10-05 10:35:21,22518.05,2026-10-06,22200.0,PE,40676,16.05,9505600,65273650,15.95,16.05,65
2026-10-05 10:35:21,22518.05,2026-10-06,22200.0,CE,40675,361.8,663585,1734070,360.8,361.75,65
2026-10-05 10:35:21,22518.05,2026-10-06,22800.0,CE,40715,16.35,13989690,101177310,16.35,16.4,65
2026-10-05 10:35:21,22518.05,2026-10-06,22750.0,PE,40714,229.85,1079780,10699520,229.05,229.65,65
2026-10-05 10:35:21,22518.05,2026-10-06,22750.0,CE,40712,24.05,8136375,73126105,24.05,24.15,65
2026-10-05 10:35:21,22518.05,2026-10-06,22300.0,CE,40679,271.9,1751100,7939815,271.9,272.55,65
2026-10-05 10:35:21,22518.05,2026-10-06,22650.0,PE,40709,155.0,2430675,56659330,155.05,155.5,65
2026-10-05 10:40:16,22471.05,2026-10-06,21900.0,CE,40663,617.95,36465,21125,608.05,610.4,65
2026-10-05 10:40:16,22471.05,2026-10-06,21850.0,PE,40662,3.75,2658045,28921490,3.75,3.8,65
2026-10-05 10:40:16,22471.05,2026-10-06,21850.0,CE,40661,693.0,23985,1365,658.35,662.6,65
2026-10-05 10:40:16,22471.05,2026-10-06,22000.0,CE,40667,515.0,670215,1294345,513.55,514.95,65
2026-10-05 10:40:16,22471.05,2026-10-06,22550.0,PE,40700,122.2,8893885,189565025,122.2,122.5,65
2026-10-05 10:40:16,22471.05,2026-10-06,21950.0,PE,40666,5.85,2796885,24488945,5.8,5.85,65
2026-10-05 10:40:16,22471.05,2026-10-06,21950.0,CE,40665,569.15,32110,25480,560.8,562.75,65
2026-10-05 10:40:16,22471.05,2026-10-06,21900.0,PE,40664,4.75,5962645,34149505,4.75,4.8,65
2026-10-05 10:40:16,22471.05,2026-10-06,22650.0,CE,40704,41.55,12136605,126941750,41.55,41.65,65
2026-10-05 10:40:16,22471.05,2026-10-06,22600.0,PE,40703,151.6,10053550,195437450,151.1,151.5,65
2026-10-05 10:40:16,22471.05,2026-10-06,22050.0,CE,40669,461.15,56615,43355,465.7,467.25,65
2026-10-05 10:40:16,22471.05,2026-10-06,22000.0,PE,40668,7.55,14165255,69098510,7.55,7.6,65
2026-10-05 10:40:16,22471.05,2026-10-06,22600.0,CE,40701,58.5,20886320,244145330,58.3,58.5,65
2026-10-05 10:40:16,22471.05,2026-10-06,22450.0,PE,40696,77.7,8362510,108080830,77.65,77.9,65
2026-10-05 10:40:16,22471.05,2026-10-06,23000.0,PE,40732,498.05,1401335,2327325,496.85,498.0,65
2026-10-05 10:40:16,22471.05,2026-10-06,22550.0,CE,40699,79.35,12472070,152681100,79.2,79.25,65
2026-10-05 10:40:16,22471.05,2026-10-06,22500.0,PE,40698,98.0,20454265,254237750,99.2,99.45,65
2026-10-05 10:40:16,22471.05,2026-10-06,23000.0,CE,40731,4.0,16486015,67044770,4.0,4.05,65
2026-10-05 10:40:16,22471.05,2026-10-06,22500.0,CE,40697,104.3,12400765,133674515,103.5,103.75,65
2026-10-05 10:40:16,22471.05,2026-10-06,23050.0,PE,40736,550.0,317460,569270,545.15,547.35,65
2026-10-05 10:40:16,22471.05,2026-10-06,23050.0,CE,40735,3.2,3852680,19648135,3.15,3.2,65
2026-10-05 10:40:16,22471.05,2026-10-06,22300.0,PE,40681,36.7,11076715,103751895,36.55,36.65,65
2026-10-05 10:40:16,22471.05,2026-10-06,22350.0,CE,40682,203.3,953940,4534075,203.55,204.05,65
2026-10-05 10:40:16,22471.05,2026-10-06,22900.0,PE,40722,400.0,685035,2002780,399.05,400.25,65
2026-10-05 10:40:16,22471.05,2026-10-06,22450.0,CE,40689,134.05,3050970,28806505,133.15,133.25,65
2026-10-05 10:40:16,22471.05,2026-10-06,22900.0,CE,40721,6.65,11728665,63534770,6.6,6.65,65
2026-10-05 10:40:16,22471.05,2026-10-06,22400.0,PE,40688,60.45,12267515,136533020,60.25,60.45,65
2026-10-05 10:40:16,22471.05,2026-10-06,22400.0,CE,40687,167.0,3376620,25092340,167.15,167.45,65
2026-10-05 10:40:16,22471.05,2026-10-06,22850.0,PE,40720,352.2,358930,1723085,353.7,354.75,65
2026-10-05 10:40:16,22471.05,2026-10-06,22350.0,PE,40686,46.9,5505240,67683850,46.85,47.0,65
2026-10-05 10:40:16,22471.05,2026-10-06,22950.0,PE,40724,449.3,389155,429650,449.4,450.95,65
2026-10-05 10:40:16,22471.05,2026-10-06,22950.0,CE,40723,5.0,5428150,28735590,4.95,5.0,65
2026-10-05 10:40:16,22471.05,2026-10-06,22850.0,CE,40717,9.45,6629350,51321530,9.45,9.5,65
2026-10-05 10:40:16,22471.05,2026-10-06,22800.0,PE,40716,306.0,1983605,11011715,307.1,307.95,65
2026-10-05 10:40:16,22471.05,2026-10-06,22050.0,PE,40670,9.65,2688010,29801330,9.6,9.7,65
2026-10-05 10:40:16,22471.05,2026-10-06,22150.0,PE,40674,16.5,3766100,37633830,16.5,16.6,65
2026-10-05 10:40:16,22471.05,2026-10-06,22150.0,CE,40673,370.75,121875,183820,370.8,371.9,65
2026-10-05 10:40:16,22471.05,2026-10-06,22100.0,PE,40672,12.45,7325695,50770460,12.45,12.55,65
2026-10-05 10:40:16,22471.05,2026-10-06,22100.0,CE,40671,413.95,208910,203840,417.3,419.05,65
2026-10-05 10:40:16,22471.05,2026-10-06,22250.0,PE,40678,28.0,4525690,46867275,28.0,28.1,65
2026-10-05 10:40:16,22471.05,2026-10-06,22700.0,PE,40711,221.55,3808610,45084585,221.65,222.2,65
2026-10-05 10:40:16,22471.05,2026-10-06,22250.0,CE,40677,283.9,376935,919685,284.6,285.35,65
2026-10-05 10:40:16,22471.05,2026-10-06,22700.0,CE,40710,29.3,16734965,148253300,29.2,29.3,65
2026-10-05 10:40:16,22471.05,2026-10-06,22200.0,PE,40676,21.45,9512165,70244395,21.45,21.5,65
2026-10-05 10:40:16,22471.05,2026-10-06,22200.0,CE,40675,328.0,667485,1919515,328.25,329.1,65
2026-10-05 10:40:16,22471.05,2026-10-06,22800.0,CE,40715,13.8,14155050,105349465,13.75,13.8,65
2026-10-05 10:40:16,22471.05,2026-10-06,22750.0,PE,40714,263.05,1028690,11107395,262.5,263.2,65
2026-10-05 10:40:16,22471.05,2026-10-06,22750.0,CE,40712,20.3,8175570,76113960,20.3,20.35,65
2026-10-05 10:40:16,22471.05,2026-10-06,22300.0,CE,40679,242.55,1768650,8436090,242.05,242.65,65
2026-10-05 10:40:16,22471.05,2026-10-06,22650.0,PE,40709,185.55,2492945,59494045,185.4,185.9,65
2026-10-05 10:45:11,22489.45,2026-10-06,21900.0,CE,40663,621.0,36725,21840,613.3,615.9,65
2026-10-05 10:45:11,22489.45,2026-10-06,22000.0,CE,40667,520.0,705640,1375595,515.95,517.8,65
2026-10-05 10:45:11,22489.45,2026-10-06,22550.0,PE,40700,120.3,8078655,195249470,120.3,120.5,65
2026-10-05 10:45:11,22489.45,2026-10-06,21950.0,PE,40666,5.45,2755545,25378600,5.4,5.45,65
2026-10-05 10:45:11,22489.45,2026-10-06,23100.0,PE,40742,590.0,582790,877760,589.5,591.45,65
2026-10-05 10:45:11,22489.45,2026-10-06,21950.0,CE,40665,572.65,32045,25805,563.9,566.85,65
2026-10-05 10:45:11,22489.45,2026-10-06,23100.0,CE,40741,2.8,8103875,34906885,2.8,2.85,65
2026-10-05 10:45:11,22489.45,2026-10-06,21900.0,PE,40664,4.3,5977205,35676355,4.25,4.3,65
2026-10-05 10:45:11,22489.45,2026-10-06,22650.0,CE,40704,42.5,12300730,130303095,42.5,42.55,65
2026-10-05 10:45:11,22489.45,2026-10-06,22600.0,PE,40703,149.2,9447425,200273385,147.5,147.7,65
2026-10-05 10:45:11,22489.45,2026-10-06,22050.0,CE,40669,478.5,54990,44785,469.95,471.75,65
2026-10-05 10:45:11,22489.45,2026-10-06,22000.0,PE,40668,7.1,14237210,71844500,7.0,7.05,65
2026-10-05 10:45:11,22489.45,2026-10-06,22600.0,CE,40701,59.45,22139585,252207085,59.8,60.0,65
2026-10-05 10:45:11,22489.45,2026-10-06,22450.0,PE,40696,75.85,9103380,117031525,74.5,74.65,65
2026-10-05 10:45:11,22489.45,2026-10-06,23000.0,PE,40732,489.75,1398150,2355080,492.9,494.55,65
2026-10-05 10:45:11,22489.45,2026-10-06,22550.0,CE,40699,80.25,13149565,157386320,80.1,80.3,65
2026-10-05 10:45:11,22489.45,2026-10-06,22500.0,PE,40698,96.2,19818890,268543015,94.7,94.95,65
2026-10-05 10:45:11,22489.45,2026-10-06,23000.0,CE,40731,4.1,16151005,68260855,4.1,4.15,65
2026-10-05 10:45:11,22489.45,2026-10-06,22500.0,CE,40697,105.65,13840125,141320725,106.45,106.6,65
2026-10-05 10:45:11,22489.45,2026-10-06,23050.0,PE,40736,540.8,315510,572520,542.25,544.1,65
2026-10-05 10:45:11,22489.45,2026-10-06,23050.0,CE,40735,3.2,3984630,20042425,3.2,3.25,65
2026-10-05 10:45:11,22489.45,2026-10-06,22300.0,PE,40681,35.3,10953865,108783935,35.2,35.35,65
2026-10-05 10:45:11,22489.45,2026-10-06,22350.0,CE,40682,205.5,1027390,4773795,205.35,205.8,65
2026-10-05 10:45:11,22489.45,2026-10-06,22900.0,PE,40722,395.4,678405,2091050,394.25,395.3,65
2026-10-05 10:45:11,22489.45,2026-10-06,22450.0,CE,40689,135.45,3466840,30663035,136.2,136.5,65
2026-10-05 10:45:11,22489.45,2026-10-06,22900.0,CE,40721,6.85,11414455,65075335,6.85,6.9,65
2026-10-05 10:45:11,22489.45,2026-10-06,22400.0,PE,40688,59.2,11996010,144996150,59.0,59.2,65
2026-10-05 10:45:11,22489.45,2026-10-06,22400.0,CE,40687,169.0,3604835,26340210,168.7,169.0,65
2026-10-05 10:45:11,22489.45,2026-10-06,22850.0,PE,40720,349.0,349830,1755000,347.1,348.2,65
2026-10-05 10:45:11,22489.45,2026-10-06,22350.0,PE,40686,45.9,5556265,71983925,45.55,45.7,65
2026-10-05 10:45:11,22489.45,2026-10-06,22950.0,PE,40724,438.2,390325,438295,443.55,445.3,65
2026-10-05 10:45:11,22489.45,2026-10-06,22950.0,CE,40723,5.15,5502510,29364985,5.1,5.2,65
2026-10-05 10:45:11,22489.45,2026-10-06,22850.0,CE,40717,9.75,6542510,53665300,9.75,9.8,65
2026-10-05 10:45:11,22489.45,2026-10-06,22800.0,PE,40716,303.45,1954485,11206130,301.7,302.4,65
2026-10-05 10:45:11,22489.45,2026-10-06,22050.0,PE,40670,9.1,2811315,31282550,8.85,8.95,65
2026-10-05 10:45:11,22489.45,2026-10-06,22150.0,PE,40674,15.65,4060420,39647790,15.2,15.25,65
2026-10-05 10:45:11,22489.45,2026-10-06,22150.0,CE,40673,372.15,122590,189995,376.5,377.6,65
2026-10-05 10:45:11,22489.45,2026-10-06,22100.0,PE,40672,11.75,7364825,53559220,11.45,11.5,65
2026-10-05 10:45:11,22489.45,2026-10-06,22100.0,CE,40671,422.35,211250,215020,422.9,424.25,65
2026-10-05 10:45:11,22489.45,2026-10-06,22250.0,PE,40678,26.95,4612660,49604100,26.35,26.45,65
2026-10-05 10:45:11,22489.45,2026-10-06,22700.0,PE,40711,219.85,3783455,46224555,219.0,219.6,65
2026-10-05 10:45:11,22489.45,2026-10-06,22250.0,CE,40677,288.0,385905,965250,288.05,288.8,65
2026-10-05 10:45:11,22489.45,2026-10-06,22700.0,CE,40710,29.75,17049630,152321325,29.85,29.9,65
2026-10-05 10:45:11,22489.45,2026-10-06,22200.0,PE,40676,20.65,9540895,74237735,20.55,20.65,65
2026-10-05 10:45:11,22489.45,2026-10-06,22200.0,CE,40675,330.75,663130,2004275,330.15,330.95,65
2026-10-05 10:45:11,22489.45,2026-10-06,22800.0,CE,40715,14.1,14504620,108090255,14.2,14.25,65
2026-10-05 10:45:11,22489.45,2026-10-06,22750.0,PE,40714,259.9,1004770,11319165,260.25,260.9,65
2026-10-05 10:45:11,22489.45,2026-10-06,22750.0,CE,40712,20.7,8370245,78191880,20.6,20.7,65
2026-10-05 10:45:11,22489.45,2026-10-06,22300.0,CE,40679,245.0,1826955,8695310,245.0,245.25,65
2026-10-05 10:45:11,22489.45,2026-10-06,22650.0,PE,40709,182.9,2303795,60862165,182.45,182.95,65
2026-10-05 10:50:46,22484.75,2026-10-06,21900.0,CE,40663,612.75,36660,22620,611.5,614.2,65
2026-10-05 10:50:46,22484.75,2026-10-06,22000.0,CE,40667,514.0,712660,1402700,512.95,514.5,65
2026-10-05 10:50:46,22484.75,2026-10-06,22550.0,PE,40700,120.8,7861555,199820855,123.05,123.4,65
2026-10-05 10:50:46,22484.75,2026-10-06,21950.0,PE,40666,5.5,2784925,26383175,5.5,5.6,65
2026-10-05 10:50:46,22484.75,2026-10-06,23100.0,PE,40742,594.35,581490,882570,593.9,595.9,65
2026-10-05 10:50:46,22484.75,2026-10-06,21950.0,CE,40665,563.95,32045,26780,563.35,566.35,65
2026-10-05 10:50:46,22484.75,2026-10-06,23100.0,CE,40741,2.85,8849945,37359270,2.85,2.9,65
2026-10-05 10:50:46,22484.75,2026-10-06,21900.0,PE,40664,4.45,6118580,37293815,4.4,4.45,65
2026-10-05 10:50:46,22484.75,2026-10-06,22650.0,CE,40704,42.3,12439115,133067870,42.25,42.3,65
2026-10-05 10:50:46,22484.75,2026-10-06,22600.0,PE,40703,150.25,9167145,204550775,149.75,149.95,65
2026-10-05 10:50:46,22484.75,2026-10-06,22050.0,CE,40669,467.9,60645,54340,466.65,468.25,65
2026-10-05 10:50:46,22484.75,2026-10-06,22000.0,PE,40668,7.25,14240135,74736285,7.25,7.3,65
2026-10-05 10:50:46,22484.75,2026-10-06,22600.0,CE,40701,59.2,22735180,258375520,59.05,59.2,65
2026-10-05 10:50:46,22484.75,2026-10-06,22450.0,PE,40696,76.2,9234550,124954830,76.05,76.25,65
2026-10-05 10:50:46,22484.75,2026-10-06,23000.0,PE,40732,494.9,1403285,2406820,493.95,495.65,65
2026-10-05 10:50:46,22484.75,2026-10-06,22550.0,CE,40699,79.55,13552370,161335850,78.25,78.45,65
2026-10-05 10:50:46,22484.75,2026-10-06,22500.0,PE,40698,96.65,19902220,281176935,96.3,96.35,65
2026-10-05 10:50:46,22484.75,2026-10-06,23000.0,CE,40731,4.2,16091465,69565210,4.15,4.2,65
2026-10-05 10:50:46,22484.75,2026-10-06,22500.0,CE,40697,104.7,15462070,147947475,104.8,104.9,65
2026-10-05 10:50:46,22484.75,2026-10-06,23050.0,PE,40736,545.7,314990,575250,544.8,546.9,65
2026-10-05 10:50:46,22484.75,2026-10-06,23050.0,CE,40735,3.35,4059640,20465965,3.3,3.35,65
2026-10-05 10:50:46,22484.75,2026-10-06,22300.0,PE,40681,35.25,10956465,113421360,35.15,35.25,65
2026-10-05 10:50:46,22484.75,2026-10-06,22350.0,CE,40682,204.3,1079975,5018780,202.25,202.7,65
2026-10-05 10:50:46,22484.75,2026-10-06,22900.0,PE,40722,399.7,721565,2178540,399.9,401.3,65
2026-10-05 10:50:46,22484.75,2026-10-06,22450.0,CE,40689,134.55,3725735,32377865,134.2,134.45,65
2026-10-05 10:50:46,22484.75,2026-10-06,22900.0,CE,40721,6.9,11469120,66387685,6.85,6.9,65
2026-10-05 10:50:46,22484.75,2026-10-06,22400.0,PE,40688,59.35,12456665,153022935,60.0,60.1,65
2026-10-05 10:50:46,22484.75,2026-10-06,22400.0,CE,40687,168.0,3793985,27373450,166.4,166.85,65
2026-10-05 10:50:46,22484.75,2026-10-06,22850.0,PE,40720,347.55,347295,1784250,350.55,351.6,65
2026-10-05 10:50:46,22484.75,2026-10-06,22350.0,PE,40686,46.1,5729165,75523890,46.7,46.85,65
2026-10-05 10:50:46,22484.75,2026-10-06,22950.0,PE,40724,448.95,390065,446550,445.15,446.6,65
2026-10-05 10:50:46,22484.75,2026-10-06,22950.0,CE,40723,5.2,5551780,30024930,5.2,5.25,65
2026-10-05 10:50:46,22484.75,2026-10-06,22850.0,CE,40717,9.85,6566885,55015675,9.8,9.85,65
2026-10-05 10:50:46,22484.75,2026-10-06,22800.0,PE,40716,306.75,1952145,11423165,305.25,306.0,65
2026-10-05 10:50:46,22484.75,2026-10-06,22050.0,PE,40670,9.2,2930655,32648720,9.25,9.3,65
2026-10-05 10:50:46,22484.75,2026-10-06,22150.0,PE,40674,15.7,4206735,41413320,15.6,15.65,65
2026-10-05 10:50:46,22484.75,2026-10-06,22150.0,CE,40673,374.3,124995,195975,373.95,375.05,65
2026-10-05 10:50:46,22484.75,2026-10-06,22100.0,PE,40672,11.95,7424625,56142710,11.9,11.95,65
2026-10-05 10:50:46,22484.75,2026-10-06,22100.0,CE,40671,417.9,212615,221650,416.45,418.0,65
2026-10-05 10:50:46,22484.75,2026-10-06,22250.0,PE,40678,27.0,4778865,51921545,26.95,27.0,65
2026-10-05 10:50:46,22484.75,2026-10-06,22700.0,PE,40711,221.25,3772925,47221460,223.0,223.45,65
2026-10-05 10:50:46,22484.75,2026-10-06,22250.0,CE,40677,284.15,388505,1013025,285.55,286.4,65
2026-10-05 10:50:46,22484.75,2026-10-06,22700.0,CE,40710,29.7,17384055,155633595,29.35,29.45,65
2026-10-05 10:50:46,22484.75,2026-10-06,22200.0,PE,40676,20.65,9374950,78170690,21.15,21.25,65
2026-10-05 10:50:46,22484.75,2026-10-06,22200.0,CE,40675,327.0,680810,2103140,326.2,327.0,65
2026-10-05 10:50:46,22484.75,2026-10-06,22800.0,CE,40715,14.25,14529840,110604910,14.15,14.25,65
2026-10-05 10:50:46,22484.75,2026-10-06,22750.0,PE,40714,262.0,1014065,11540035,263.25,263.95,65
2026-10-05 10:50:46,22484.75,2026-10-06,22750.0,CE,40712,20.65,8399950,79893125,20.6,20.65,65
2026-10-05 10:50:46,22484.75,2026-10-06,22300.0,CE,40679,244.0,1909830,8917805,243.8,244.3,65
2026-10-05 10:50:46,22484.75,2026-10-06,22650.0,PE,40709,183.6,2257385,61992970,183.2,183.7,65
2026-10-05 10:55:33,22463.3,2026-10-06,21900.0,CE,40663,600.0,36595,23010,594.2,596.5,65
2026-10-05 10:55:33,22463.3,2026-10-06,21850.0,PE,40662,3.85,2729285,33401940,3.8,3.85,65
2026-10-05 10:55:33,22463.3,2026-10-06,21850.0,CE,40661,659.5,24050,1755,638.9,647.25,65
2026-10-05 10:55:33,22463.3,2026-10-06,22000.0,CE,40667,498.5,735865,1462370,497.85,499.0,65
2026-10-05 10:55:33,22463.3,2026-10-06,22550.0,PE,40700,132.2,7665645,204285250,132.25,132.6,65
2026-10-05 10:55:33,22463.3,2026-10-06,21950.0,PE,40666,6.1,2850510,27334515,6.1,6.15,65
2026-10-05 10:55:33,22463.3,2026-10-06,21950.0,CE,40665,547.35,31135,29835,545.6,547.2,65
2026-10-05 10:55:33,22463.3,2026-10-06,21900.0,PE,40664,4.85,6106165,38563785,4.85,4.9,65
2026-10-05 10:55:33,22463.3,2026-10-06,22650.0,CE,40704,38.1,12807080,136342375,38.1,38.2,65
2026-10-05 10:55:33,22463.3,2026-10-06,22600.0,PE,40703,162.8,9035780,208720590,162.4,162.8,65
2026-10-05 10:55:33,22463.3,2026-10-06,22050.0,CE,40669,452.0,61165,55315,451.0,452.6,65
2026-10-05 10:55:33,22463.3,2026-10-06,22000.0,PE,40668,7.95,14297205,77017070,7.95,8.0,65
2026-10-05 10:55:33,22463.3,2026-10-06,22600.0,CE,40701,53.75,22581000,263864640,53.75,53.9,65
2026-10-05 10:55:33,22463.3,2026-10-06,22450.0,PE,40696,84.35,9436700,132756910,84.4,84.6,65
2026-10-05 10:55:33,22463.3,2026-10-06,23000.0,PE,40732,511.2,1404845,2436005,512.4,514.0,65
2026-10-05 10:55:33,22463.3,2026-10-06,22550.0,CE,40699,72.85,13214760,165110400,72.8,72.9,65
2026-10-05 10:55:33,22463.3,2026-10-06,22500.0,PE,40698,106.4,20129590,292894810,105.6,105.85,65
2026-10-05 10:55:33,22463.3,2026-10-06,23000.0,CE,40731,4.2,16200080,70361980,4.15,4.2,65
2026-10-05 10:55:33,22463.3,2026-10-06,22500.0,CE,40697,96.8,15790580,153765300,96.7,96.95,65
2026-10-05 10:55:33,22463.3,2026-10-06,23050.0,PE,40736,563.5,314210,577655,561.85,563.5,65
2026-10-05 10:55:33,22463.3,2026-10-06,23050.0,CE,40735,3.35,4116450,20811505,3.3,3.35,65
2026-10-05 10:55:33,22463.3,2026-10-06,22300.0,PE,40681,39.55,11079315,117669110,39.55,39.65,65
2026-10-05 10:55:33,22463.3,2026-10-06,22350.0,CE,40682,192.8,1101035,5252000,192.35,192.8,65
2026-10-05 10:55:33,22463.3,2026-10-06,22900.0,PE,40722,414.9,720850,2211170,415.5,416.8,65
2026-10-05 10:55:33,22463.3,2026-10-06,22450.0,CE,40689,124.75,3926325,34109530,124.45,124.75,65
2026-10-05 10:55:33,22463.3,2026-10-06,22900.0,CE,40721,6.45,11458720,67424435,6.45,6.5,65
2026-10-05 10:55:33,22463.3,2026-10-06,22400.0,PE,40688,66.15,12520105,160713605,66.1,66.25,65
2026-10-05 10:55:33,22463.3,2026-10-06,22400.0,CE,40687,156.6,3814330,28338050,156.4,156.7,65
2026-10-05 10:55:33,22463.3,2026-10-06,22850.0,PE,40720,368.0,338130,1814930,367.1,368.35,65
2026-10-05 10:55:33,22463.3,2026-10-06,22350.0,PE,40686,51.2,5791825,78959205,50.95,51.1,65
2026-10-05 10:55:33,22463.3,2026-10-06,22950.0,PE,40724,464.7,389090,452725,461.8,463.65,65
2026-10-05 10:55:33,22463.3,2026-10-06,22950.0,CE,40723,5.05,5572385,30523610,5.0,5.05,65
2026-10-05 10:55:33,22463.3,2026-10-06,22850.0,CE,40717,9.1,6622135,56192435,9.05,9.1,65
2026-10-05 10:55:33,22463.3,2026-10-06,22800.0,PE,40716,321.25,1934270,11578840,321.55,322.8,65
2026-10-05 10:55:33,22463.3,2026-10-06,22050.0,PE,40670,10.35,2904070,33867795,10.2,10.3,65
2026-10-05 10:55:33,22463.3,2026-10-06,22150.0,PE,40674,17.65,4227210,42962920,17.5,17.6,65
2026-10-05 10:55:33,22463.3,2026-10-06,22150.0,CE,40673,359.2,125060,198120,358.5,359.55,65
2026-10-05 10:55:33,22463.3,2026-10-06,22100.0,PE,40672,13.35,7529860,58108635,13.2,13.3,65
2026-10-05 10:55:33,22463.3,2026-10-06,22100.0,CE,40671,404.15,211510,231205,404.0,405.85,65
2026-10-05 10:55:33,22463.3,2026-10-06,22250.0,PE,40678,30.35,4883580,54071420,30.4,30.5,65
2026-10-05 10:55:33,22463.3,2026-10-06,22700.0,PE,40711,235.2,3751475,48079980,235.0,235.55,65
2026-10-05 10:55:33,22463.3,2026-10-06,22250.0,CE,40677,272.8,385255,1061840,271.1,271.8,65
2026-10-05 10:55:33,22463.3,2026-10-06,22700.0,CE,40710,26.95,17360655,159307200,26.95,27.05,65
2026-10-05 10:55:33,22463.3,2026-10-06,22200.0,PE,40676,23.3,9395815,81230045,23.3,23.4,65
2026-10-05 10:55:33,22463.3,2026-10-06,22200.0,CE,40675,314.25,690560,2181920,313.45,314.3,65
2026-10-05 10:55:33,22463.3,2026-10-06,22800.0,CE,40715,13.0,14477710,113450675,12.9,12.95,65
2026-10-05 10:55:33,22463.3,2026-10-06,22750.0,PE,40714,277.3,996385,11714755,277.55,278.15,65
2026-10-05 10:55:33,22463.3,2026-10-06,22750.0,CE,40712,18.85,8389810,81883750,18.8,18.9,65
2026-10-05 10:55:33,22463.3,2026-10-06,22300.0,CE,40679,231.0,1921205,9133085,229.75,230.35,65
2026-10-05 10:55:33,22463.3,2026-10-06,22650.0,PE,40709,197.6,2215200,63047205,197.1,197.65,65
2026-10-05 11:00:29,22503.5,2026-10-06,21900.0,CE,40663,627.15,36790,26065,626.75,629.0,65
2026-10-05 11:00:29,22503.5,2026-10-06,22000.0,CE,40667,527.55,781365,1541085,527.7,529.0,65
2026-10-05 11:00:29,22503.5,2026-10-06,22550.0,PE,40700,111.1,7048600,210071290,111.0,111.25,65
2026-10-05 11:00:29,22503.5,2026-10-06,21950.0,PE,40666,5.0,2839850,28787785,4.95,5.0,65
2026-10-05 11:00:29,22503.5,2026-10-06,23100.0,PE,40742,580.25,579020,889720,579.8,581.7,65
2026-10-05 11:00:29,22503.5,2026-10-06,21950.0,CE,40665,574.55,30355,31720,576.65,578.4,65
2026-10-05 11:00:29,22503.5,2026-10-06,23100.0,CE,40741,2.9,8949200,39245115,2.9,2.95,65
2026-10-05 11:00:29,22503.5,2026-10-06,21900.0,PE,40664,4.05,6436430,40371955,4.05,4.1,65
2026-10-05 11:00:29,22503.5,2026-10-06,22650.0,CE,40704,45.0,12647050,141612380,44.65,44.8,65
2026-10-05 11:00:29,22503.5,2026-10-06,22600.0,PE,40703,139.3,8562060,213571930,139.1,139.45,65
2026-10-05 11:00:29,22503.5,2026-10-06,22050.0,CE,40669,479.6,59150,60450,479.75,481.6,65
2026-10-05 11:00:29,22503.5,2026-10-06,22000.0,PE,40668,6.45,13997815,80687360,6.4,6.5,65
2026-10-05 11:00:29,22503.5,2026-10-06,22600.0,CE,40701,62.7,22868560,273395005,62.5,62.7,65
2026-10-05 11:00:29,22503.5,2026-10-06,22450.0,PE,40696,68.3,9149400,142086945,69.15,69.3,65
2026-10-05 11:00:29,22503.5,2026-10-06,23000.0,PE,40732,480.2,1410890,2475655,480.6,482.3,65
2026-10-05 11:00:29,22503.5,2026-10-06,22550.0,CE,40699,84.35,13581035,172618290,84.2,84.4,65
2026-10-05 11:00:29,22503.5,2026-10-06,22500.0,PE,40698,88.1,18835700,307722415,88.0,88.1,65
2026-10-05 11:00:29,22503.5,2026-10-06,23000.0,CE,40731,4.45,16561090,71685965,4.4,4.45,65
2026-10-05 11:00:29,22503.5,2026-10-06,22500.0,CE,40697,110.6,16832010,164866585,110.5,110.65,65
2026-10-05 11:00:29,22503.5,2026-10-06,23050.0,PE,40736,531.45,313885,580840,529.2,531.05,65
2026-10-05 11:00:29,22503.5,2026-10-06,23050.0,CE,40735,3.45,4179760,21210670,3.4,3.45,65
2026-10-05 11:00:29,22503.5,2026-10-06,22300.0,PE,40681,31.05,11105055,123549790,31.25,31.35,65
2026-10-05 11:00:29,22503.5,2026-10-06,22350.0,CE,40682,213.55,1123785,5646420,213.4,213.8,65
2026-10-05 11:00:29,22503.5,2026-10-06,22900.0,PE,40722,385.0,719875,2249585,383.65,384.8,65
2026-10-05 11:00:29,22503.5,2026-10-06,22450.0,CE,40689,141.85,4397315,37841505,140.5,140.9,65
2026-10-05 11:00:29,22503.5,2026-10-06,22900.0,CE,40721,7.3,11387740,69357080,7.25,7.3,65
2026-10-05 11:00:29,22503.5,2026-10-06,22400.0,PE,40688,53.05,11699220,169948675,53.3,53.45,65
2026-10-05 11:00:29,22503.5,2026-10-06,22400.0,CE,40687,176.1,3846765,30748900,175.0,175.45,65
2026-10-05 11:00:29,22503.5,2026-10-06,22850.0,PE,40720,338.2,342745,1844635,336.75,337.9,65
2026-10-05 11:00:29,22503.5,2026-10-06,22350.0,PE,40686,40.75,5586425,84385925,40.6,40.75,65
2026-10-05 11:00:29,22503.5,2026-10-06,22950.0,PE,40724,436.45,391365,465920,430.6,432.3,65
2026-10-05 11:00:29,22503.5,2026-10-06,22950.0,CE,40723,5.45,5656105,31238675,5.45,5.5,65
2026-10-05 11:00:29,22503.5,2026-10-06,22850.0,CE,40717,10.35,6705205,57586360,10.35,10.4,65
2026-10-05 11:00:29,22503.5,2026-10-06,22800.0,PE,40716,292.25,1926470,11831105,292.5,293.25,65
2026-10-05 11:00:29,22503.5,2026-10-06,22050.0,PE,40670,8.2,2889120,35209785,8.2,8.25,65
2026-10-05 11:00:29,22503.5,2026-10-06,22150.0,PE,40674,13.8,4172090,45204705,13.75,13.85,65
2026-10-05 11:00:29,22503.5,2026-10-06,22150.0,CE,40673,383.75,122915,207805,386.25,387.45,65
2026-10-05 11:00:29,22503.5,2026-10-06,22100.0,PE,40672,10.45,7484620,60863920,10.55,10.65,65
2026-10-05 11:00:29,22503.5,2026-10-06,22100.0,CE,40671,431.0,212030,247260,431.45,433.4,65
2026-10-05 11:00:29,22503.5,2026-10-06,22250.0,PE,40678,23.85,4700735,56895800,23.75,23.85,65
2026-10-05 11:00:29,22503.5,2026-10-06,22700.0,PE,40711,208.5,3683225,49191415,208.0,208.45,65
2026-10-05 11:00:29,22503.5,2026-10-06,22250.0,CE,40677,296.1,391040,1149590,296.4,297.2,65
2026-10-05 11:00:29,22503.5,2026-10-06,22700.0,CE,40710,31.65,17445350,165350835,31.55,31.6,65
2026-10-05 11:00:29,22503.5,2026-10-06,22200.0,PE,40676,18.15,9087715,85244055,18.05,18.15,65
2026-10-05 11:00:29,22503.5,2026-10-06,22200.0,CE,40675,341.2,683475,2307565,340.95,341.9,65
2026-10-05 11:00:29,22503.5,2026-10-06,22800.0,CE,40715,15.0,14741155,117561990,14.9,15.0,65
2026-10-05 11:00:29,22503.5,2026-10-06,22750.0,PE,40714,248.75,963625,11915345,249.2,249.85,65
2026-10-05 11:00:29,22503.5,2026-10-06,22750.0,CE,40712,21.95,8527155,84781515,21.85,21.9,65
2026-10-05 11:00:29,22503.5,2026-10-06,22300.0,CE,40679,255.0,2017470,9685130,253.35,254.0,65
2026-10-05 11:00:29,22503.5,2026-10-06,22650.0,PE,40709,171.05,2081300,64272000,172.1,172.55,65
2026-10-05 11:05:24,22499.05,2026-10-06,21900.0,CE,40663,624.0,38415,26520,621.4,623.65,65
2026-10-05 11:05:24,22499.05,2026-10-06,22000.0,CE,40667,525.0,780390,1554020,523.9,525.0,65
2026-10-05 11:05:24,22499.05,2026-10-06,22550.0,PE,40700,114.25,7224165,212753970,114.05,114.3,65
2026-10-05 11:05:24,22499.05,2026-10-06,21950.0,PE,40666,5.4,2887040,29604445,5.35,5.45,65
2026-10-05 11:05:24,22499.05,2026-10-06,23100.0,PE,40742,582.05,578370,890695,583.85,585.65,65
2026-10-05 11:05:24,22499.05,2026-10-06,21950.0,CE,40665,573.1,30030,31850,572.7,574.8,65
2026-10-05 11:05:24,22499.05,2026-10-06,23100.0,CE,40741,2.95,8937565,39827710,2.9,2.95,65
2026-10-05 11:05:24,22499.05,2026-10-06,21900.0,PE,40664,4.4,6290245,41461030,4.35,4.4,65
2026-10-05 11:05:24,22499.05,2026-10-06,22650.0,CE,40704,43.6,12679615,143787800,43.3,43.4,65
2026-10-05 11:05:24,22499.05,2026-10-06,22600.0,PE,40703,142.75,8720985,215707440,141.4,141.7,65
2026-10-05 11:05:24,22499.05,2026-10-06,22050.0,CE,40669,477.65,55575,72215,476.95,478.7,65
2026-10-05 11:05:24,22499.05,2026-10-06,22000.0,PE,40668,6.9,14002235,82317170,6.8,6.9,65
2026-10-05 11:05:24,22499.05,2026-10-06,22600.0,CE,40701,60.75,22565400,278463055,61.05,61.2,65
2026-10-05 11:05:24,22499.05,2026-10-06,22450.0,PE,40696,70.55,9899175,145934880,70.2,70.4,65
2026-10-05 11:05:24,22499.05,2026-10-06,23000.0,PE,40732,486.0,1404195,2494115,485.15,486.75,65
2026-10-05 11:05:24,22499.05,2026-10-06,22550.0,CE,40699,82.0,13428090,176384845,82.0,82.15,65
2026-10-05 11:05:24,22499.05,2026-10-06,22500.0,PE,40698,90.15,20212790,314687945,89.65,89.85,65
2026-10-05 11:05:24,22499.05,2026-10-06,23000.0,CE,40731,4.3,16670940,72350330,4.3,4.35,65
2026-10-05 11:05:24,22499.05,2026-10-06,22500.0,CE,40697,107.75,17312555,170177020,108.5,108.65,65
2026-10-05 11:05:24,22499.05,2026-10-06,23050.0,PE,40736,535.0,313625,581880,533.7,535.65,65
2026-10-05 11:05:24,22499.05,2026-10-06,23050.0,CE,40735,3.4,4242030,21521955,3.35,3.4,65
2026-10-05 11:05:24,22499.05,2026-10-06,22300.0,PE,40681,32.5,11359595,126423830,32.45,32.5,65
2026-10-05 11:05:24,22499.05,2026-10-06,22350.0,CE,40682,210.4,1137630,5825430,209.95,210.5,65
2026-10-05 11:05:24,22499.05,2026-10-06,22900.0,PE,40722,388.6,719095,2266745,388.45,389.55,65
2026-10-05 11:05:24,22499.05,2026-10-06,22450.0,CE,40689,139.1,4395365,39133315,138.75,139.1,65
2026-10-05 11:05:24,22499.05,2026-10-06,22900.0,CE,40721,7.05,11449100,70357105,7.0,7.05,65
2026-10-05 11:05:24,22499.05,2026-10-06,22400.0,PE,40688,54.95,12553060,174320380,54.25,54.4,65
2026-10-05 11:05:24,22499.05,2026-10-06,22400.0,CE,40687,172.8,3983265,31790525,173.2,173.6,65
2026-10-05 11:05:24,22499.05,2026-10-06,22850.0,PE,40720,342.0,343785,1858935,340.2,341.25,65
2026-10-05 11:05:24,22499.05,2026-10-06,22350.0,PE,40686,42.3,6029725,86661835,42.05,42.2,65
2026-10-05 11:05:24,22499.05,2026-10-06,22950.0,PE,40724,436.1,389220,469365,435.35,436.75,65
2026-10-05 11:05:24,22499.05,2026-10-06,22950.0,CE,40723,5.35,5684705,31613335,5.3,5.35,65
2026-10-05 11:05:24,22499.05,2026-10-06,22850.0,CE,40717,10.0,6720285,58458010,9.95,10.0,65
2026-10-05 11:05:24,22499.05,2026-10-06,22800.0,PE,40716,296.05,1948960,11948235,295.2,295.9,65
2026-10-05 11:05:24,22499.05,2026-10-06,22050.0,PE,40670,8.8,2923440,35997650,8.65,8.7,65
2026-10-05 11:05:24,22499.05,2026-10-06,22150.0,PE,40674,14.5,4180605,46368660,14.35,14.45,65
2026-10-05 11:05:24,22499.05,2026-10-06,22150.0,CE,40673,385.0,122720,210925,383.2,384.25,65
2026-10-05 11:05:24,22499.05,2026-10-06,22100.0,PE,40672,11.0,7734025,62492235,11.0,11.1,65
2026-10-05 11:05:24,22499.05,2026-10-06,22100.0,CE,40671,430.0,212745,252785,429.5,430.9,65
2026-10-05 11:05:24,22499.05,2026-10-06,22250.0,PE,40678,24.9,4833400,58301100,24.55,24.65,65
2026-10-05 11:05:24,22499.05,2026-10-06,22700.0,PE,40711,212.7,3738930,49679175,211.9,212.4,65
2026-10-05 11:05:24,22499.05,2026-10-06,22250.0,CE,40677,294.05,388440,1173120,293.5,294.25,65
2026-10-05 11:05:24,22499.05,2026-10-06,22700.0,CE,40710,30.4,17590300,168294295,30.4,30.5,65
2026-10-05 11:05:24,22499.05,2026-10-06,22200.0,PE,40676,19.05,9138090,87363120,19.0,19.1,65
2026-10-05 11:05:24,22499.05,2026-10-06,22200.0,CE,40675,337.05,683150,2355730,336.75,337.6,65
2026-10-05 11:05:24,22499.05,2026-10-06,22800.0,CE,40715,14.55,14739985,119493790,14.5,14.55,65
2026-10-05 11:05:24,22499.05,2026-10-06,22750.0,PE,40714,253.25,988910,12017005,251.8,252.4,65
2026-10-05 11:05:24,22499.05,2026-10-06,22750.0,CE,40712,21.1,8569080,86372065,21.15,21.2,65
2026-10-05 11:05:24,22499.05,2026-10-06,22300.0,CE,40679,250.9,1980225,9980815,250.05,250.7,65
2026-10-05 11:05:24,22499.05,2026-10-06,22650.0,PE,40709,174.95,2103660,64928370,175.05,175.45,65
2026-10-05 11:10:23,22496.05,2026-10-06,21900.0,CE,40663,615.55,38415,26585,621.1,623.3,65
2026-10-05 11:10:23,22496.05,2026-10-06,22000.0,CE,40667,524.0,782405,1563250,523.6,525.2,65
2026-10-05 11:10:23,22496.05,2026-10-06,22550.0,PE,40700,112.85,7291505,215514650,112.95,113.15,65
2026-10-05 11:10:23,22496.05,2026-10-06,21950.0,PE,40666,5.4,2907645,30155320,5.45,5.5,65
2026-10-05 11:10:23,22496.05,2026-10-06,23100.0,PE,40742,585.0,577980,892710,584.55,586.3,65
2026-10-05 11:10:23,22496.05,2026-10-06,21950.0,CE,40665,572.05,30030,31915,573.65,576.5,65
2026-10-05 11:10:23,22496.05,2026-10-06,23100.0,CE,40741,2.85,8934510,40221025,2.8,2.85,65
2026-10-05 11:10:23,22496.05,2026-10-06,21900.0,PE,40664,4.45,6276400,42153280,4.45,4.5,65
2026-10-05 11:10:23,22496.05,2026-10-06,22650.0,CE,40704,42.95,12552410,145565810,43.0,43.1,65
2026-10-05 11:10:23,22496.05,2026-10-06,22600.0,PE,40703,140.0,8913580,218262590,140.0,140.2,65
2026-10-05 11:10:23,22496.05,2026-10-06,22050.0,CE,40669,470.25,58890,72540,475.6,477.9,65
2026-10-05 11:10:23,22496.05,2026-10-06,22000.0,PE,40668,6.9,14049230,83976555,6.95,7.0,65
2026-10-05 11:10:23,22496.05,2026-10-06,22600.0,CE,40701,61.4,22432865,282354410,61.25,61.4,65
2026-10-05 11:10:23,22496.05,2026-10-06,22450.0,PE,40696,70.15,10514725,150805135,70.1,70.3,65
2026-10-05 11:10:23,22496.05,2026-10-06,23000.0,PE,40732,486.0,1401530,2508090,485.0,485.5,65
2026-10-05 11:10:23,22496.05,2026-10-06,22550.0,CE,40699,82.2,12988755,179591685,82.05,82.2,65
2026-10-05 11:10:23,22496.05,2026-10-06,22500.0,PE,40698,89.25,21020155,322660975,89.3,89.5,65
2026-10-05 11:10:23,22496.05,2026-10-06,23000.0,CE,40731,4.25,16662815,72823075,4.15,4.2,65
2026-10-05 11:10:23,22496.05,2026-10-06,22500.0,CE,40697,108.3,17227275,174459740,108.1,108.3,65
2026-10-05 11:10:23,22496.05,2026-10-06,23050.0,PE,40736,539.2,313495,582595,534.5,536.2,65
2026-10-05 11:10:23,22496.05,2026-10-06,23050.0,CE,40735,3.3,4223050,21635965,3.3,3.35,65
2026-10-05 11:10:23,22496.05,2026-10-06,22300.0,PE,40681,32.0,11609910,129226500,32.1,32.25,65
2026-10-05 11:10:23,22496.05,2026-10-06,22350.0,CE,40682,210.25,1140880,5954260,209.35,209.9,65
2026-10-05 11:10:23,22496.05,2026-10-06,22900.0,PE,40722,388.45,711620,2288715,386.6,387.8,65
2026-10-05 11:10:23,22496.05,2026-10-06,22450.0,CE,40689,138.4,4360395,40437280,138.1,138.4,65
2026-10-05 11:10:23,22496.05,2026-10-06,22900.0,CE,40721,6.9,11467365,71288750,6.85,6.9,65
2026-10-05 11:10:23,22496.05,2026-10-06,22400.0,PE,40688,54.25,12965355,178818250,54.05,54.2,65
2026-10-05 11:10:23,22496.05,2026-10-06,22400.0,CE,40687,174.0,4141150,32763445,173.85,174.3,65
2026-10-05 11:10:23,22496.05,2026-10-06,22850.0,PE,40720,341.6,341380,1874795,340.1,341.15,65
2026-10-05 11:10:23,22496.05,2026-10-06,22350.0,PE,40686,41.55,6284525,89161280,42.0,42.15,65
2026-10-05 11:10:23,22496.05,2026-10-06,22950.0,PE,40724,438.15,388115,472420,436.5,437.95,65
2026-10-05 11:10:23,22496.05,2026-10-06,22950.0,CE,40723,5.2,5687695,31866640,5.15,5.2,65
2026-10-05 11:10:23,22496.05,2026-10-06,22850.0,CE,40717,9.7,6739005,59229235,9.75,9.8,65
2026-10-05 11:10:23,22496.05,2026-10-06,22800.0,PE,40716,295.2,1940900,12060360,295.25,296.05,65
2026-10-05 11:10:23,22496.05,2026-10-06,22050.0,PE,40670,8.65,2945670,36671635,8.65,8.7,65
2026-10-05 11:10:23,22496.05,2026-10-06,22150.0,PE,40674,14.45,4186715,47263775,14.4,14.45,65
2026-10-05 11:10:23,22496.05,2026-10-06,22150.0,CE,40673,381.65,123110,214630,382.9,383.95,65
2026-10-05 11:10:23,22496.05,2026-10-06,22100.0,PE,40672,11.05,7807670,63757655,11.05,11.1,65
2026-10-05 11:10:23,22496.05,2026-10-06,22100.0,CE,40671,429.15,211445,259480,428.6,430.1,65
2026-10-05 11:10:23,22496.05,2026-10-06,22250.0,PE,40678,24.2,5002920,59817355,24.2,24.25,65
2026-10-05 11:10:23,22496.05,2026-10-06,22700.0,PE,40711,210.2,3749850,50188060,212.0,212.4,65
2026-10-05 11:10:23,22496.05,2026-10-06,22250.0,CE,40677,294.0,390260,1207960,294.8,295.7,65
2026-10-05 11:10:23,22496.05,2026-10-06,22700.0,CE,40710,30.3,17474535,170400295,29.9,30.0,65
2026-10-05 11:10:23,22496.05,2026-10-06,22200.0,PE,40676,18.9,9323470,89394175,18.8,18.9,65
2026-10-05 11:10:23,22496.05,2026-10-06,22200.0,CE,40675,338.1,679835,2393755,338.15,339.0,65
2026-10-05 11:10:23,22496.05,2026-10-06,22800.0,CE,40715,14.15,14745185,120967015,14.1,14.15,65
2026-10-05 11:10:23,22496.05,2026-10-06,22750.0,PE,40714,250.2,983970,12149735,250.2,250.35,65
2026-10-05 11:10:23,22496.05,2026-10-06,22750.0,CE,40712,21.0,8517015,87960535,21.0,21.05,65
2026-10-05 11:10:23,22496.05,2026-10-06,22300.0,CE,40679,251.05,1974050,10138570,250.35,251.0,65
2026-10-05 11:10:23,22496.05,2026-10-06,22650.0,PE,40709,174.5,2124590,65475540,174.5,174.8,65
2026-10-05 11:15:20,22486.65,2026-10-06,21900.0,CE,40663,611.15,38740,28210,614.5,616.75,65
2026-10-05 11:15:20,22486.65,2026-10-06,22000.0,CE,40667,518.65,782275,1603680,517.25,518.65,65
2026-10-05 11:15:20,22486.65,2026-10-06,22550.0,PE,40700,117.1,7350265,218919805,117.2,117.5,65
2026-10-05 11:15:20,22486.65,2026-10-06,21950.0,PE,40666,5.7,2921880,30672460,5.65,5.7,65
2026-10-05 11:15:20,22486.65,2026-10-06,23100.0,PE,40742,579.7,577330,894270,590.3,592.05,65
2026-10-05 11:15:20,22486.65,2026-10-06,21950.0,CE,40665,575.95,30095,32045,564.6,567.85,65
2026-10-05 11:15:20,22486.65,2026-10-06,23100.0,CE,40741,2.75,8958430,40537120,2.7,2.75,65
2026-10-05 11:15:20,22486.65,2026-10-06,21900.0,PE,40664,4.65,6301815,42762720,4.65,4.7,65
2026-10-05 11:15:20,22486.65,2026-10-06,22650.0,CE,40704,40.9,12741885,147807660,40.8,40.95,65
2026-10-05 11:15:20,22486.65,2026-10-06,22600.0,PE,40703,146.45,8897395,221153205,146.2,146.35,65
2026-10-05 11:15:20,22486.65,2026-10-06,22050.0,CE,40669,474.65,52195,79885,469.65,471.35,65
2026-10-05 11:15:20,22486.65,2026-10-06,22000.0,PE,40668,7.15,14174225,85568080,7.1,7.15,65
2026-10-05 11:15:20,22486.65,2026-10-06,22600.0,CE,40701,57.65,22506705,286951470,57.7,57.85,65
2026-10-05 11:15:20,22486.65,2026-10-06,22450.0,PE,40696,72.95,10692565,156516360,72.6,72.75,65
2026-10-05 11:15:20,22486.65,2026-10-06,23000.0,PE,40732,491.1,1381705,2546050,491.6,493.0,65
2026-10-05 11:15:20,22486.65,2026-10-06,22550.0,CE,40699,78.35,13001950,183532895,78.3,78.45,65
2026-10-05 11:15:20,22486.65,2026-10-06,22500.0,PE,40698,92.95,20994870,332105475,92.65,92.8,65
2026-10-05 11:15:20,22486.65,2026-10-06,23000.0,CE,40731,4.05,16635385,73723845,4.0,4.05,65
2026-10-05 11:15:20,22486.65,2026-10-06,22500.0,CE,40697,103.65,17816045,180237135,103.5,103.65,65
2026-10-05 11:15:20,22486.65,2026-10-06,23050.0,PE,40736,539.7,313235,585390,541.15,542.75,65
2026-10-05 11:15:20,22486.65,2026-10-06,23050.0,CE,40735,3.15,4348825,21932755,3.15,3.2,65
2026-10-05 11:15:20,22486.65,2026-10-06,22300.0,PE,40681,33.45,11650015,132670525,33.35,33.45,65
2026-10-05 11:15:20,22486.65,2026-10-06,22350.0,CE,40682,204.8,1147445,6167915,204.45,205.0,65
2026-10-05 11:15:20,22486.65,2026-10-06,22900.0,PE,40722,394.35,711750,2306070,394.8,395.9,65
2026-10-05 11:15:20,22486.65,2026-10-06,22450.0,CE,40689,133.45,4593875,42155880,133.45,133.8,65
2026-10-05 11:15:20,22486.65,2026-10-06,22900.0,CE,40721,6.55,11516440,72601165,6.5,6.55,65
2026-10-05 11:15:20,22486.65,2026-10-06,22400.0,PE,40688,56.35,12945400,184181855,56.35,56.5,65
2026-10-05 11:15:20,22486.65,2026-10-06,22400.0,CE,40687,167.75,4139850,33790510,167.1,167.5,65
2026-10-05 11:15:20,22486.65,2026-10-06,22850.0,PE,40720,347.25,340015,1893645,347.15,348.2,65
2026-10-05 11:15:20,22486.65,2026-10-06,22350.0,PE,40686,43.3,6334380,92065220,43.25,43.3,65
2026-10-05 11:15:20,22486.65,2026-10-06,22950.0,PE,40724,443.65,386815,477035,442.7,444.1,65
2026-10-05 11:15:20,22486.65,2026-10-06,22950.0,CE,40723,4.95,5696015,32235840,4.9,4.95,65
2026-10-05 11:15:20,22486.65,2026-10-06,22850.0,CE,40717,9.2,6790095,60229845,9.2,9.25,65
2026-10-05 11:15:20,22486.65,2026-10-06,22800.0,PE,40716,301.45,1944215,12192505,301.65,302.3,65
2026-10-05 11:15:20,22486.65,2026-10-06,22050.0,PE,40670,9.1,2962830,37425180,9.0,9.1,65
2026-10-05 11:15:20,22486.65,2026-10-06,22150.0,PE,40674,15.0,4224025,48404460,14.95,15.0,65
2026-10-05 11:15:20,22486.65,2026-10-06,22150.0,CE,40673,376.15,122330,219570,375.65,376.7,65
2026-10-05 11:15:20,22486.65,2026-10-06,22100.0,PE,40672,11.5,7812350,64884300,11.45,11.5,65
2026-10-05 11:15:20,22486.65,2026-10-06,22100.0,CE,40671,424.8,211835,264095,421.95,423.25,65
2026-10-05 11:15:20,22486.65,2026-10-06,22250.0,PE,40678,25.75,5055050,61487660,25.65,25.7,65
2026-10-05 11:15:20,22486.65,2026-10-06,22700.0,PE,40711,217.4,3777150,50799580,216.6,217.15,65
2026-10-05 11:15:20,22486.65,2026-10-06,22250.0,CE,40677,286.3,392275,1247935,286.5,287.3,65
2026-10-05 11:15:20,22486.65,2026-10-06,22700.0,CE,40710,28.5,17722120,173010955,28.5,28.6,65
2026-10-05 11:15:20,22486.65,2026-10-06,22200.0,PE,40676,19.7,9395035,91391430,19.65,19.75,65
2026-10-05 11:15:20,22486.65,2026-10-06,22200.0,CE,40675,330.6,680745,2430415,330.6,331.4,65
2026-10-05 11:15:20,22486.65,2026-10-06,22800.0,CE,40715,13.3,14804920,122871320,13.3,13.35,65
2026-10-05 11:15:20,22486.65,2026-10-06,22750.0,PE,40714,258.7,981760,12279475,257.85,258.5,65
2026-10-05 11:15:20,22486.65,2026-10-06,22750.0,CE,40712,19.65,8566870,89452415,19.65,19.75,65
2026-10-05 11:15:20,22486.65,2026-10-06,22300.0,CE,40679,245.05,1938560,10365030,244.5,244.95,65
2026-10-05 11:15:20,22486.65,2026-10-06,22650.0,PE,40709,179.6,2150200,66158560,179.45,179.95,65
2026-10-05 11:20:42,22493.3,2026-10-06,21900.0,CE,40663,621.5,38025,31590,621.2,623.75,65
2026-10-05 11:20:42,22493.3,2026-10-06,22000.0,CE,40667,524.0,753805,1663935,525.25,526.6,65
2026-10-05 11:20:42,22493.3,2026-10-06,22550.0,PE,40700,111.85,7130435,225063735,112.25,112.55,65
2026-10-05 11:20:42,22493.3,2026-10-06,21950.0,PE,40666,5.3,2938910,31288530,5.3,5.35,65
2026-10-05 11:20:42,22493.3,2026-10-06,23100.0,PE,40742,582.3,575705,897715,582.25,583.9,65
2026-10-05 11:20:42,22493.3,2026-10-06,21950.0,CE,40665,565.85,30095,32240,571.1,577.05,65
2026-10-05 11:20:42,22493.3,2026-10-06,23100.0,CE,40741,2.7,9076210,41282410,2.65,2.7,65
2026-10-05 11:20:42,22493.3,2026-10-06,21900.0,PE,40664,4.4,6373640,43846270,4.4,4.45,65
2026-10-05 11:20:42,22493.3,2026-10-06,22650.0,CE,40704,42.6,13174395,153039705,42.1,42.15,65
2026-10-05 11:20:42,22493.3,2026-10-06,22600.0,PE,40703,140.85,8822775,226123820,141.1,141.45,65
2026-10-05 11:20:42,22493.3,2026-10-06,22050.0,CE,40669,464.15,51350,82745,477.55,479.3,65
2026-10-05 11:20:42,22493.3,2026-10-06,22000.0,PE,40668,6.8,14198470,87813570,6.75,6.8,65
2026-10-05 11:20:42,22493.3,2026-10-06,22600.0,CE,40701,59.85,22242480,294486530,59.7,59.8,65
2026-10-05 11:20:42,22493.3,2026-10-06,22450.0,PE,40696,68.9,10633025,167253060,68.7,68.85,65
2026-10-05 11:20:42,22493.3,2026-10-06,23000.0,PE,40732,485.0,1371565,2575690,484.1,485.65,65
2026-10-05 11:20:42,22493.3,2026-10-06,22550.0,CE,40699,81.65,12923560,190010795,81.05,81.3,65
2026-10-05 11:20:42,22493.3,2026-10-06,22500.0,PE,40698,88.2,20629115,348397075,88.0,88.2,65
2026-10-05 11:20:42,22493.3,2026-10-06,23000.0,CE,40731,4.05,16854305,75271560,4.0,4.05,65
2026-10-05 11:20:42,22493.3,2026-10-06,22500.0,CE,40697,106.15,18395195,189602400,106.8,107.0,65
2026-10-05 11:20:42,22493.3,2026-10-06,23050.0,PE,40736,540.0,312260,588380,532.65,534.5,65
2026-10-05 11:20:42,22493.3,2026-10-06,23050.0,CE,40735,3.1,4441450,22478300,3.1,3.15,65
2026-10-05 11:20:42,22493.3,2026-10-06,22300.0,PE,40681,31.3,12057760,138362185,31.85,31.95,65
2026-10-05 11:20:42,22493.3,2026-10-06,22350.0,CE,40682,209.6,1158235,6553495,209.65,210.2,65
2026-10-05 11:20:42,22493.3,2026-10-06,22900.0,PE,40722,388.0,703950,2350010,388.0,388.7,65
2026-10-05 11:20:42,22493.3,2026-10-06,22450.0,CE,40689,137.85,4606550,45363695,137.9,138.2,65
2026-10-05 11:20:42,22493.3,2026-10-06,22900.0,CE,40721,6.6,11431290,74064965,6.65,6.7,65
2026-10-05 11:20:42,22493.3,2026-10-06,22400.0,PE,40688,53.1,13173290,193383645,53.1,53.2,65
2026-10-05 11:20:42,22493.3,2026-10-06,22400.0,CE,40687,172.5,4032925,35765470,172.65,173.0,65
2026-10-05 11:20:42,22493.3,2026-10-06,22850.0,PE,40720,339.45,335855,1918540,340.65,341.7,65
2026-10-05 11:20:42,22493.3,2026-10-06,22350.0,PE,40686,41.2,6159205,97565130,41.05,41.15,65
2026-10-05 11:20:42,22493.3,2026-10-06,22950.0,PE,40724,435.85,385060,482495,435.9,437.5,65
2026-10-05 11:20:42,22493.3,2026-10-06,22950.0,CE,40723,5.0,5745025,33058870,5.0,5.05,65
2026-10-05 11:20:42,22493.3,2026-10-06,22850.0,CE,40717,9.45,6851325,61910875,9.45,9.5,65
2026-10-05 11:20:42,22493.3,2026-10-06,22800.0,PE,40716,294.7,1966900,12407785,294.0,294.6,65
2026-10-05 11:20:42,22493.3,2026-10-06,22050.0,PE,40670,8.5,2970760,38309180,8.45,8.55,65
2026-10-05 11:20:42,22493.3,2026-10-06,22150.0,PE,40674,14.25,4244435,50002160,14.15,14.25,65
2026-10-05 11:20:42,22493.3,2026-10-06,22150.0,CE,40673,383.3,121420,225550,381.95,383.05,65
2026-10-05 11:20:42,22493.3,2026-10-06,22100.0,PE,40672,10.8,7917195,66650675,10.8,10.9,65
2026-10-05 11:20:42,22493.3,2026-10-06,22100.0,CE,40671,429.0,209885,274170,429.0,430.05,65
2026-10-05 11:20:42,22493.3,2026-10-06,22250.0,PE,40678,24.35,5166460,64171250,24.2,24.3,65
2026-10-05 11:20:42,22493.3,2026-10-06,22700.0,PE,40711,210.5,3719365,51911990,210.5,210.95,65
2026-10-05 11:20:42,22493.3,2026-10-06,22250.0,CE,40677,292.75,391950,1306305,292.2,293.05,65
2026-10-05 11:20:42,22493.3,2026-10-06,22700.0,CE,40710,29.7,17626310,177716370,29.75,29.8,65
2026-10-05 11:20:42,22493.3,2026-10-06,22200.0,PE,40676,18.45,9610575,95056390,18.5,18.55,65
2026-10-05 11:20:42,22493.3,2026-10-06,22200.0,CE,40675,337.3,679185,2514785,336.85,337.85,65
2026-10-05 11:20:42,22493.3,2026-10-06,22800.0,CE,40715,13.95,14678885,126316970,13.8,13.85,65
2026-10-05 11:20:42,22493.3,2026-10-06,22750.0,PE,40714,251.3,963560,12521405,250.5,251.0,65
2026-10-05 11:20:42,22493.3,2026-10-06,22750.0,CE,40712,20.6,8546655,91945230,20.5,20.6,65
2026-10-05 11:20:42,22493.3,2026-10-06,22300.0,CE,40679,250.85,1947270,10845835,249.1,249.75,65
2026-10-05 11:20:42,22493.3,2026-10-06,22650.0,PE,40709,173.0,2105155,67502890,174.5,174.95,65
2026-10-05 11:25:48,22480.9,2026-10-06,21900.0,CE,40663,598.8,36855,33670,607.7,610.75,65
2026-10-05 11:25:48,22480.9,2026-10-06,22000.0,CE,40667,510.05,731965,1737645,510.5,512.1,65
2026-10-05 11:25:48,22480.9,2026-10-06,22550.0,PE,40700,120.0,6803095,230608300,120.0,120.25,65
2026-10-05 11:25:48,22480.9,2026-10-06,21950.0,PE,40666,5.55,2958085,32009380,5.55,5.6,65
2026-10-05 11:25:48,22480.9,2026-10-06,23100.0,PE,40742,606.45,575315,899925,596.7,598.2,65
2026-10-05 11:25:48,22480.9,2026-10-06,21950.0,CE,40665,548.0,30030,33020,558.05,560.4,65
2026-10-05 11:25:48,22480.9,2026-10-06,23100.0,CE,40741,2.65,9046700,41899780,2.65,2.7,65
2026-10-05 11:25:48,22480.9,2026-10-06,21900.0,PE,40664,4.55,6365450,44552105,4.5,4.55,65
2026-10-05 11:25:48,22480.9,2026-10-06,22650.0,CE,40704,38.75,13467805,158167295,38.4,38.55,65
2026-10-05 11:25:48,22480.9,2026-10-06,22600.0,PE,40703,150.0,8535020,231374000,149.7,149.9,65
2026-10-05 11:25:48,22480.9,2026-10-06,22050.0,CE,40669,454.5,51870,84435,463.25,464.95,65
2026-10-05 11:25:48,22480.9,2026-10-06,22000.0,PE,40668,7.1,14206725,89907480,7.1,7.15,65
2026-10-05 11:25:48,22480.9,2026-10-06,22600.0,CE,40701,54.9,22631700,303240015,54.6,54.75,65
2026-10-05 11:25:48,22480.9,2026-10-06,22450.0,PE,40696,74.0,11140415,179483200,74.35,74.5,65
2026-10-05 11:25:48,22480.9,2026-10-06,23000.0,PE,40732,498.75,1367665,2608840,498.7,500.25,65
2026-10-05 11:25:48,22480.9,2026-10-06,22550.0,CE,40699,74.7,12957555,195984490,74.65,74.8,65
2026-10-05 11:25:48,22480.9,2026-10-06,22500.0,PE,40698,94.8,19744140,364196950,94.5,94.7,65
2026-10-05 11:25:48,22480.9,2026-10-06,23000.0,CE,40731,3.95,17014985,76652745,3.9,3.95,65
2026-10-05 11:25:48,22480.9,2026-10-06,22500.0,CE,40697,99.4,18506085,199284670,99.35,99.6,65
2026-10-05 11:25:48,22480.9,2026-10-06,23050.0,PE,40736,556.9,310505,590915,548.1,549.85,65
2026-10-05 11:25:48,22480.9,2026-10-06,23050.0,CE,40735,3.1,4499430,23080460,3.1,3.15,65
2026-10-05 11:25:48,22480.9,2026-10-06,22300.0,PE,40681,33.7,11845015,144250600,33.7,33.85,65
2026-10-05 11:25:48,22480.9,2026-10-06,22350.0,CE,40682,198.0,1252615,7060300,197.8,198.0,65
2026-10-05 11:25:48,22480.9,2026-10-06,22900.0,PE,40722,401.95,696020,2389660,401.2,402.4,65
2026-10-05 11:25:48,22480.9,2026-10-06,22450.0,CE,40689,128.75,5092555,49002070,127.95,128.3,65
2026-10-05 11:25:48,22480.9,2026-10-06,22900.0,CE,40721,6.3,11462425,75448035,6.25,6.3,65
2026-10-05 11:25:48,22480.9,2026-10-06,22400.0,PE,40688,57.4,13191360,204297145,57.3,57.5,65
2026-10-05 11:25:48,22480.9,2026-10-06,22400.0,CE,40687,162.15,4101110,37913460,161.7,162.0,65
2026-10-05 11:25:48,22480.9,2026-10-06,22850.0,PE,40720,354.9,329810,1949350,353.0,354.2,65
2026-10-05 11:25:48,22480.9,2026-10-06,22350.0,PE,40686,44.0,6074770,102470810,44.15,44.3,65
2026-10-05 11:25:48,22480.9,2026-10-06,22950.0,PE,40724,452.3,382785,487500,448.9,450.5,65
2026-10-05 11:25:48,22480.9,2026-10-06,22950.0,CE,40723,4.8,5710640,33800260,4.8,4.85,65
2026-10-05 11:25:48,22480.9,2026-10-06,22850.0,CE,40717,8.8,6918080,63314940,8.75,8.85,65
2026-10-05 11:25:48,22480.9,2026-10-06,22800.0,PE,40716,308.25,1908465,12641655,307.45,308.25,65
2026-10-05 11:25:48,22480.9,2026-10-06,22050.0,PE,40670,8.95,3008525,39224185,9.0,9.05,65
2026-10-05 11:25:48,22480.9,2026-10-06,22150.0,PE,40674,15.05,4286425,51684945,14.95,15.0,65
2026-10-05 11:25:48,22480.9,2026-10-06,22150.0,CE,40673,369.0,120120,245635,369.45,370.6,65
2026-10-05 11:25:48,22480.9,2026-10-06,22100.0,PE,40672,11.35,7949435,68728595,11.35,11.45,65
2026-10-05 11:25:48,22480.9,2026-10-06,22100.0,CE,40671,414.4,223535,317070,415.5,416.85,65
2026-10-05 11:25:48,22480.9,2026-10-06,22250.0,PE,40678,25.75,5268315,67335450,25.75,25.9,65
2026-10-05 11:25:48,22480.9,2026-10-06,22700.0,PE,40711,222.0,3589885,53121640,222.3,222.9,65
2026-10-05 11:25:48,22480.9,2026-10-06,22250.0,CE,40677,280.0,403000,1390090,280.0,280.75,65
2026-10-05 11:25:48,22480.9,2026-10-06,22700.0,CE,40710,27.05,16886090,183589055,26.95,27.0,65
2026-10-05 11:25:48,22480.9,2026-10-06,22200.0,PE,40676,19.7,9522435,98451470,19.65,19.7,65
2026-10-05 11:25:48,22480.9,2026-10-06,22200.0,CE,40675,324.25,688285,2606565,324.45,325.35,65
2026-10-05 11:25:48,22480.9,2026-10-06,22800.0,CE,40715,12.75,14565590,129521145,12.7,12.8,65
2026-10-05 11:25:48,22480.9,2026-10-06,22750.0,PE,40714,263.6,931255,12736750,263.4,263.95,65
2026-10-05 11:25:48,22480.9,2026-10-06,22750.0,CE,40712,18.65,8577530,94464240,18.6,18.7,65
2026-10-05 11:25:48,22480.9,2026-10-06,22300.0,CE,40679,238.95,1982305,11333595,237.4,237.7,65
2026-10-05 11:25:48,22480.9,2026-10-06,22650.0,PE,40709,183.8,1942005,68834285,183.7,184.2,65
2026-10-05 11:30:24,22495.7,2026-10-06,21900.0,CE,40663,624.65,36855,33930,621.8,625.3,65
2026-10-05 11:30:24,22495.7,2026-10-06,22000.0,CE,40667,525.0,713375,1778985,524.05,525.75,65
2026-10-05 11:30:24,22495.7,2026-10-06,22550.0,PE,40700,112.0,6737900,233858755,111.95,112.0,65
2026-10-05 11:30:24,22495.7,2026-10-06,21950.0,PE,40666,5.25,2942875,32735235,5.25,5.35,65
2026-10-05 11:30:24,22495.7,2026-10-06,23100.0,PE,40742,581.0,575250,901940,581.75,583.6,65
2026-10-05 11:30:24,22495.7,2026-10-06,21950.0,CE,40665,576.55,29835,34125,573.45,575.0,65
2026-10-05 11:30:24,22495.7,2026-10-06,23100.0,CE,40741,2.75,9172280,42455465,2.75,2.8,65
2026-10-05 11:30:24,22495.7,2026-10-06,21900.0,PE,40664,4.3,6402565,45305845,4.25,4.3,65
2026-10-05 11:30:24,22495.7,2026-10-06,22650.0,CE,40704,42.85,13449540,161604495,42.75,42.85,65
2026-10-05 11:30:24,22495.7,2026-10-06,22600.0,PE,40703,140.05,8325915,234250640,140.85,141.2,65
2026-10-05 11:30:24,22495.7,2026-10-06,22050.0,CE,40669,477.35,51220,91260,477.75,479.4,65
2026-10-05 11:30:24,22495.7,2026-10-06,22000.0,PE,40668,6.7,14294085,91364650,6.7,6.75,65
2026-10-05 11:30:24,22495.7,2026-10-06,22600.0,CE,40701,60.35,22575865,310428040,59.85,59.9,65
2026-10-05 11:30:24,22495.7,2026-10-06,22450.0,PE,40696,69.3,11496485,187078710,69.45,69.65,65
2026-10-05 11:30:24,22495.7,2026-10-06,23000.0,PE,40732,484.6,1366365,2632695,483.35,485.2,65
2026-10-05 11:30:24,22495.7,2026-10-06,22550.0,CE,40699,82.0,12859925,200742620,81.85,82.0,65
2026-10-05 11:30:24,22495.7,2026-10-06,22500.0,PE,40698,88.25,19758635,373608365,88.05,88.25,65
2026-10-05 11:30:24,22495.7,2026-10-06,23000.0,CE,40731,4.2,16778580,77540905,4.15,4.2,65
2026-10-05 11:30:24,22495.7,2026-10-06,22500.0,CE,40697,107.8,18767125,207172550,107.8,108.0,65
2026-10-05 11:30:24,22495.7,2026-10-06,23050.0,PE,40736,531.7,311025,592540,534.05,535.7,65
2026-10-05 11:30:24,22495.7,2026-10-06,23050.0,CE,40735,3.25,4504760,23347025,3.25,3.3,65
2026-10-05 11:30:24,22495.7,2026-10-06,22300.0,PE,40681,31.4,11891620,147815980,31.4,31.5,65
2026-10-05 11:30:24,22495.7,2026-10-06,22350.0,CE,40682,209.35,1246505,7515365,209.85,209.95,65
2026-10-05 11:30:24,22495.7,2026-10-06,22900.0,PE,40722,389.15,691080,2429440,386.25,387.4,65
2026-10-05 11:30:24,22495.7,2026-10-06,22450.0,CE,40689,138.35,5222750,51784460,137.25,137.55,65
2026-10-05 11:30:24,22495.7,2026-10-06,22900.0,CE,40721,6.8,11485110,76359010,6.8,6.85,65
2026-10-05 11:30:24,22495.7,2026-10-06,22400.0,PE,40688,53.2,13004420,210437110,53.1,53.2,65
2026-10-05 11:30:24,22495.7,2026-10-06,22400.0,CE,40687,173.0,4074980,39535145,173.0,173.4,65
2026-10-05 11:30:24,22495.7,2026-10-06,22850.0,PE,40720,341.0,335855,1974765,339.15,340.3,65
2026-10-05 11:30:24,22495.7,2026-10-06,22350.0,PE,40686,40.85,6161610,105999205,40.9,41.0,65
2026-10-05 11:30:24,22495.7,2026-10-06,22950.0,PE,40724,436.75,383825,493350,433.2,435.9,65
2026-10-05 11:30:24,22495.7,2026-10-06,22950.0,CE,40723,5.2,5692960,34472555,5.2,5.25,65
2026-10-05 11:30:24,22495.7,2026-10-06,22850.0,CE,40717,9.7,6920745,64394070,9.7,9.75,65
2026-10-05 11:30:24,22495.7,2026-10-06,22800.0,PE,40716,294.4,1917890,12781795,295.25,296.0,65
2026-10-05 11:30:24,22495.7,2026-10-06,22050.0,PE,40670,8.5,3030755,39899990,8.35,8.45,65
2026-10-05 11:30:24,22495.7,2026-10-06,22150.0,PE,40674,14.0,4310670,52950365,13.9,14.0,65
2026-10-05 11:30:24,22495.7,2026-10-06,22150.0,CE,40673,383.5,120315,250250,383.45,384.6,65
2026-10-05 11:30:24,22495.7,2026-10-06,22100.0,PE,40672,10.7,8069880,70186870,10.65,10.75,65
2026-10-05 11:30:24,22495.7,2026-10-06,22100.0,CE,40671,433.9,222755,328575,429.4,430.8,65
2026-10-05 11:30:24,22495.7,2026-10-06,22250.0,PE,40678,23.95,5328050,69252625,23.95,24.05,65
2026-10-05 11:30:24,22495.7,2026-10-06,22700.0,PE,40711,210.05,3567330,53811160,210.15,210.6,65
2026-10-05 11:30:24,22495.7,2026-10-06,22250.0,CE,40677,292.95,398840,1459445,292.35,293.2,65
2026-10-05 11:30:24,22495.7,2026-10-06,22700.0,CE,40710,30.15,16766490,187373940,29.8,29.9,65
2026-10-05 11:30:24,22495.7,2026-10-06,22200.0,PE,40676,18.3,9586330,100667385,18.25,18.3,65
2026-10-05 11:30:24,22495.7,2026-10-06,22200.0,CE,40675,336.5,687570,2683200,337.95,338.95,65
2026-10-05 11:30:24,22495.7,2026-10-06,22800.0,CE,40715,14.15,14681745,131615510,14.0,14.05,65
2026-10-05 11:30:24,22495.7,2026-10-06,22750.0,PE,40714,251.65,925600,12857910,250.35,250.9,65
2026-10-05 11:30:24,22495.7,2026-10-06,22750.0,CE,40712,20.9,8604635,96363475,20.8,20.9,65
2026-10-05 11:30:24,22495.7,2026-10-06,22300.0,CE,40679,250.05,1981525,11688040,250.35,250.95,65
2026-10-05 11:30:24,22495.7,2026-10-06,22650.0,PE,40709,173.25,1943110,69539470,173.65,174.0,65
2026-10-05 11:35:24,22503.35,2026-10-06,21900.0,CE,40663,640.0,36465,34385,629.5,632.8,65
2026-10-05 11:35:24,22503.35,2026-10-06,22000.0,CE,40667,533.55,704795,1808560,532.65,534.45,65
2026-10-05 11:35:24,22503.35,2026-10-06,22550.0,PE,40700,106.9,6811740,239096065,107.0,107.25,65
2026-10-05 11:35:24,22503.35,2026-10-06,21950.0,PE,40666,5.0,2778815,34151130,4.95,5.0,65
2026-10-05 11:35:24,22503.35,2026-10-06,23100.0,PE,40742,576.2,575055,904020,574.4,576.2,65
2026-10-05 11:35:24,22503.35,2026-10-06,21950.0,CE,40665,592.85,29770,34775,580.15,583.6,65
2026-10-05 11:35:24,22503.35,2026-10-06,23100.0,CE,40741,2.75,9197370,43296695,2.7,2.75,65
2026-10-05 11:35:24,22503.35,2026-10-06,21900.0,PE,40664,4.05,6370520,46607925,4.0,4.05,65
2026-10-05 11:35:24,22503.35,2026-10-06,22650.0,CE,40704,44.7,13118105,168845040,44.5,44.65,65
2026-10-05 11:35:24,22503.35,2026-10-06,22600.0,PE,40703,134.8,7968155,238779645,134.7,134.95,65
2026-10-05 11:35:24,22503.35,2026-10-06,22050.0,CE,40669,485.0,51545,95290,484.5,486.35,65
2026-10-05 11:35:24,22503.35,2026-10-06,22000.0,PE,40668,6.35,14430520,94448120,6.3,6.35,65
2026-10-05 11:35:24,22503.35,2026-10-06,22600.0,CE,40701,62.7,22744670,324535250,62.7,62.85,65
2026-10-05 11:35:24,22503.35,2026-10-06,22450.0,PE,40696,65.6,10776285,195947180,65.4,65.55,65
2026-10-05 11:35:24,22503.35,2026-10-06,23000.0,PE,40732,475.5,1368380,2662140,475.45,476.95,65
2026-10-05 11:35:24,22503.35,2026-10-06,22550.0,CE,40699,84.55,13782925,212491110,84.5,84.75,65
2026-10-05 11:35:24,22503.35,2026-10-06,22500.0,PE,40698,84.25,20531810,389453350,84.0,84.2,65
2026-10-05 11:35:24,22503.35,2026-10-06,23000.0,CE,40731,4.2,16854110,79409590,4.15,4.2,65
2026-10-05 11:35:24,22503.35,2026-10-06,22500.0,CE,40697,111.45,18865860,222205035,111.1,111.35,65
2026-10-05 11:35:24,22503.35,2026-10-06,23050.0,PE,40736,519.95,310635,595595,525.1,526.85,65
2026-10-05 11:35:24,22503.35,2026-10-06,23050.0,CE,40735,3.3,4506190,23870860,3.25,3.3,65
2026-10-05 11:35:24,22503.35,2026-10-06,22300.0,PE,40681,29.65,11533080,153269155,29.6,29.7,65
2026-10-05 11:35:24,22503.35,2026-10-06,22350.0,CE,40682,216.0,1144585,8010145,215.95,216.55,65
2026-10-05 11:35:24,22503.35,2026-10-06,22900.0,PE,40722,379.85,695045,2478645,378.85,380.0,65
2026-10-05 11:35:24,22503.35,2026-10-06,22450.0,CE,40689,143.0,5107635,55935945,142.55,142.75,65
2026-10-05 11:35:24,22503.35,2026-10-06,22900.0,CE,40721,6.9,11629865,78805805,6.8,6.9,65
2026-10-05 11:35:24,22503.35,2026-10-06,22400.0,PE,40688,50.6,12396020,220985115,50.4,50.5,65
2026-10-05 11:35:24,22503.35,2026-10-06,22400.0,CE,40687,178.2,3751085,42001830,177.75,178.2,65
2026-10-05 11:35:24,22503.35,2026-10-06,22850.0,PE,40720,332.45,338520,2010060,331.9,332.85,65
2026-10-05 11:35:24,22503.35,2026-10-06,22350.0,PE,40686,38.7,5937230,111193680,38.6,38.7,65
2026-10-05 11:35:24,22503.35,2026-10-06,22950.0,PE,40724,430.8,387530,505375,426.55,428.0,65
2026-10-05 11:35:24,22503.35,2026-10-06,22950.0,CE,40723,5.2,5748600,35387625,5.2,5.25,65
2026-10-05 11:35:24,22503.35,2026-10-06,22850.0,CE,40717,9.9,6978465,66618890,9.85,9.9,65
2026-10-05 11:35:24,22503.35,2026-10-06,22800.0,PE,40716,287.35,2087020,13388310,286.6,287.0,65
2026-10-05 11:35:24,22503.35,2026-10-06,22050.0,PE,40670,7.95,3041610,41196610,7.95,8.0,65
2026-10-05 11:35:24,22503.35,2026-10-06,22150.0,PE,40674,13.3,4211610,54901860,13.2,13.3,65
2026-10-05 11:35:24,22503.35,2026-10-06,22150.0,CE,40673,390.0,119080,257790,390.0,391.1,65
2026-10-05 11:35:24,22503.35,2026-10-06,22100.0,PE,40672,10.15,7877220,72657260,10.05,10.15,65
2026-10-05 11:35:24,22503.35,2026-10-06,22100.0,CE,40671,437.85,219700,372710,436.85,438.2,65
2026-10-05 11:35:24,22503.35,2026-10-06,22250.0,PE,40678,22.7,5287425,72094815,22.5,22.6,65
2026-10-05 11:35:24,22503.35,2026-10-06,22700.0,PE,40711,203.8,3635645,54830685,203.25,203.7,65
2026-10-05 11:35:24,22503.35,2026-10-06,22250.0,CE,40677,300.8,391365,1551550,300.0,300.85,65
2026-10-05 11:35:24,22503.35,2026-10-06,22700.0,CE,40710,31.3,16871335,194882090,31.2,31.3,65
2026-10-05 11:35:24,22503.35,2026-10-06,22200.0,PE,40676,17.35,9513075,104051805,17.3,17.35,65
2026-10-05 11:35:24,22503.35,2026-10-06,22200.0,CE,40675,345.4,662870,2889380,344.2,345.2,65
2026-10-05 11:35:24,22503.35,2026-10-06,22800.0,CE,40715,14.6,15140320,136968975,14.4,14.5,65
2026-10-05 11:35:24,22503.35,2026-10-06,22750.0,PE,40714,244.3,965250,13090350,243.55,244.2,65
2026-10-05 11:35:24,22503.35,2026-10-06,22750.0,CE,40712,21.45,8632325,101417940,21.45,21.5,65
2026-10-05 11:35:24,22503.35,2026-10-06,22300.0,CE,40679,256.65,1863680,12224875,256.65,257.35,65
2026-10-05 11:35:24,22503.35,2026-10-06,22650.0,PE,40709,167.2,1870180,71024460,167.0,167.45,65
2026-10-05 11:40:22,22477.25,2026-10-06,21900.0,CE,40663,619.0,36400,34450,607.3,609.95,65
2026-10-05 11:40:22,22477.25,2026-10-06,22000.0,CE,40667,514.0,695305,1840475,510.9,512.2,65
2026-10-05 11:40:22,22477.25,2026-10-06,22550.0,PE,40700,119.95,6889155,243964435,119.7,120.0,65
2026-10-05 11:40:22,22477.25,2026-10-06,21950.0,PE,40666,5.7,2794935,34848710,5.65,5.75,65
2026-10-05 11:40:22,22477.25,2026-10-06,23100.0,PE,40742,598.45,574080,907140,596.8,598.95,65
2026-10-05 11:40:22,22477.25,2026-10-06,21950.0,CE,40665,562.65,29575,34840,558.9,561.1,65
2026-10-05 11:40:22,22477.25,2026-10-06,23100.0,CE,40741,2.6,9191650,43805320,2.55,2.6,65
2026-10-05 11:40:22,22477.25,2026-10-06,21900.0,PE,40664,4.65,6452290,47298875,4.6,4.65,65
2026-10-05 11:40:22,22477.25,2026-10-06,22650.0,CE,40704,38.15,12950535,172759535,38.0,38.15,65
2026-10-05 11:40:22,22477.25,2026-10-06,22600.0,PE,40703,149.85,8057270,242869185,149.3,149.55,65
2026-10-05 11:40:22,22477.25,2026-10-06,22050.0,CE,40669,465.0,52065,98020,463.05,464.5,65
2026-10-05 11:40:22,22477.25,2026-10-06,22000.0,PE,40668,7.3,14367925,96331495,7.2,7.25,65
2026-10-05 11:40:22,22477.25,2026-10-06,22600.0,CE,40701,54.15,22071790,333687705,54.15,54.2,65
2026-10-05 11:40:22,22477.25,2026-10-06,22450.0,PE,40696,74.35,11684010,205038145,74.4,74.55,65
2026-10-05 11:40:22,22477.25,2026-10-06,23000.0,PE,40732,498.15,1361295,2689830,498.15,499.7,65
2026-10-05 11:40:22,22477.25,2026-10-06,22550.0,CE,40699,74.35,12833990,219371945,74.15,74.35,65
2026-10-05 11:40:22,22477.25,2026-10-06,22500.0,PE,40698,95.4,21592610,403286065,95.2,95.4,65
2026-10-05 11:40:22,22477.25,2026-10-06,23000.0,CE,40731,3.75,16982875,80628080,3.75,3.8,65
2026-10-05 11:40:22,22477.25,2026-10-06,22500.0,CE,40697,98.5,17892550,230817600,98.45,98.55,65
2026-10-05 11:40:22,22477.25,2026-10-06,23050.0,PE,40736,548.65,309985,597610,547.75,549.7,65
2026-10-05 11:40:22,22477.25,2026-10-06,23050.0,CE,40735,3.0,4540965,24191570,2.95,3.0,65
2026-10-05 11:40:22,22477.25,2026-10-06,22300.0,PE,40681,34.1,12029810,157711255,34.1,34.25,65
2026-10-05 11:40:22,22477.25,2026-10-06,22350.0,CE,40682,198.25,1131325,8285225,198.4,198.9,65
2026-10-05 11:40:22,22477.25,2026-10-06,22900.0,PE,40722,399.05,687765,2522260,401.4,403.1,65
2026-10-05 11:40:22,22477.25,2026-10-06,22450.0,CE,40689,128.1,4816305,58589700,128.2,128.45,65
2026-10-05 11:40:22,22477.25,2026-10-06,22900.0,CE,40721,5.9,11543090,80163330,5.9,5.95,65
2026-10-05 11:40:22,22477.25,2026-10-06,22400.0,PE,40688,58.2,13291785,229800220,58.0,58.2,65
2026-10-05 11:40:22,22477.25,2026-10-06,22400.0,CE,40687,161.55,3673995,43322240,161.2,161.5,65
2026-10-05 11:40:22,22477.25,2026-10-06,22850.0,PE,40720,352.85,336050,2036580,354.15,355.4,65
2026-10-05 11:40:22,22477.25,2026-10-06,22350.0,PE,40686,44.6,6166290,115085230,44.4,44.5,65
2026-10-05 11:40:22,22477.25,2026-10-06,22950.0,PE,40724,446.7,384800,511420,448.85,450.35,65
2026-10-05 11:40:22,22477.25,2026-10-06,22950.0,CE,40723,4.65,5788705,35958845,4.6,4.65,65
2026-10-05 11:40:22,22477.25,2026-10-06,22850.0,CE,40717,8.4,6943820,68668925,8.35,8.4,65
2026-10-05 11:40:22,22477.25,2026-10-06,22800.0,PE,40716,308.25,1906840,13786175,307.4,308.25,65
2026-10-05 11:40:22,22477.25,2026-10-06,22050.0,PE,40670,9.2,2980770,42061825,9.15,9.2,65
2026-10-05 11:40:22,22477.25,2026-10-06,22150.0,PE,40674,15.3,4261400,56250155,15.25,15.3,65
2026-10-05 11:40:22,22477.25,2026-10-06,22150.0,CE,40673,371.9,121550,265395,368.25,369.4,65
2026-10-05 11:40:22,22477.25,2026-10-06,22100.0,PE,40672,11.55,7994285,74226685,11.55,11.65,65
2026-10-05 11:40:22,22477.25,2026-10-06,22100.0,CE,40671,416.95,220155,379990,415.3,416.65,65
2026-10-05 11:40:22,22477.25,2026-10-06,22250.0,PE,40678,26.15,5380635,75075130,26.0,26.1,65
2026-10-05 11:40:22,22477.25,2026-10-06,22700.0,PE,40711,222.3,3566875,55795415,221.55,222.0,65
2026-10-05 11:40:22,22477.25,2026-10-06,22250.0,CE,40677,280.0,390975,1596855,280.25,281.0,65
2026-10-05 11:40:22,22477.25,2026-10-06,22700.0,CE,40710,26.35,16395015,199492800,26.35,26.45,65
2026-10-05 11:40:22,22477.25,2026-10-06,22200.0,PE,40676,20.05,9782370,107102840,20.0,20.1,65
2026-10-05 11:40:22,22477.25,2026-10-06,22200.0,CE,40675,323.1,665015,2984670,323.05,323.95,65
2026-10-05 11:40:22,22477.25,2026-10-06,22800.0,CE,40715,12.25,15140580,140181665,12.15,12.25,65
2026-10-05 11:40:22,22477.25,2026-10-06,22750.0,PE,40714,263.35,941915,13296400,263.75,264.45,65
2026-10-05 11:40:22,22477.25,2026-10-06,22750.0,CE,40712,18.15,8269885,103990055,18.05,18.1,65
2026-10-05 11:40:22,22477.25,2026-10-06,22300.0,CE,40679,238.65,1848730,12540710,238.1,238.7,65
2026-10-05 11:40:22,22477.25,2026-10-06,22650.0,PE,40709,183.8,1835665,72163260,183.7,183.8,65
2026-10-05 11:45:20,22463.15,2026-10-06,21900.0,CE,40663,605.0,36465,34515,597.8,600.5,65
2026-10-05 11:45:20,22463.15,2026-10-06,21850.0,PE,40662,3.85,2866110,42486080,3.8,3.9,65
2026-10-05 11:45:20,22463.15,2026-10-06,21850.0,CE,40661,673.0,23985,2405,645.0,650.6,65
2026-10-05 11:45:20,22463.15,2026-10-06,22000.0,CE,40667,502.85,696670,1867060,502.0,503.05,65
2026-10-05 11:45:20,22463.15,2026-10-06,22550.0,PE,40700,126.2,6793865,247493935,126.3,126.6,65
2026-10-05 11:45:20,22463.15,2026-10-06,21950.0,PE,40666,5.95,2796495,35364680,5.9,5.95,65
2026-10-05 11:45:20,22463.15,2026-10-06,21950.0,CE,40665,556.8,29510,35230,550.1,551.9,65
2026-10-05 11:45:20,22463.15,2026-10-06,21900.0,PE,40664,4.85,6485700,47644805,4.8,4.85,65
2026-10-05 11:45:20,22463.15,2026-10-06,22650.0,CE,40704,36.65,13099450,175518720,36.55,36.65,65
2026-10-05 11:45:20,22463.15,2026-10-06,22600.0,PE,40703,156.85,8189935,245909300,156.5,156.9,65
2026-10-05 11:45:20,22463.15,2026-10-06,22050.0,CE,40669,459.85,52130,98995,453.6,455.35,65
2026-10-05 11:45:20,22463.15,2026-10-06,22000.0,PE,40668,7.65,14348490,97461715,7.6,7.65,65
2026-10-05 11:45:20,22463.15,2026-10-06,22600.0,CE,40701,52.0,22765665,340173080,52.0,52.1,65
2026-10-05 11:45:20,22463.15,2026-10-06,22450.0,PE,40696,79.35,11857300,212558385,79.4,79.6,65
2026-10-05 11:45:20,22463.15,2026-10-06,23000.0,PE,40732,505.85,1362075,2709395,507.65,509.2,65
2026-10-05 11:45:20,22463.15,2026-10-06,22550.0,CE,40699,71.5,12974065,223747420,71.4,71.45,65
2026-10-05 11:45:20,22463.15,2026-10-06,22500.0,PE,40698,101.0,21579220,413264345,100.6,100.9,65
2026-10-05 11:45:20,22463.15,2026-10-06,23000.0,CE,40731,3.7,16938090,81402815,3.65,3.7,65
2026-10-05 11:45:20,22463.15,2026-10-06,22500.0,CE,40697,95.3,18489965,237053570,95.05,95.3,65
2026-10-05 11:45:20,22463.15,2026-10-06,23050.0,PE,40736,544.0,310050,598130,557.2,559.25,65
2026-10-05 11:45:20,22463.15,2026-10-06,23050.0,CE,40735,2.95,4565795,24539450,2.9,2.95,65
2026-10-05 11:45:20,22463.15,2026-10-06,22300.0,PE,40681,36.85,12008880,161437055,36.65,36.75,65
2026-10-05 11:45:20,22463.15,2026-10-06,22350.0,CE,40682,192.75,1140035,8551335,192.5,192.95,65
2026-10-05 11:45:20,22463.15,2026-10-06,22900.0,PE,40722,411.4,689910,2545660,410.15,411.45,65
2026-10-05 11:45:20,22463.15,2026-10-06,22450.0,CE,40689,123.45,5068050,60603985,123.45,123.75,65
2026-10-05 11:45:20,22463.15,2026-10-06,22900.0,CE,40721,5.75,11622910,81072550,5.75,5.8,65
2026-10-05 11:45:20,22463.15,2026-10-06,22400.0,PE,40688,62.0,13641680,236544490,61.85,62.0,65
2026-10-05 11:45:20,22463.15,2026-10-06,22400.0,CE,40687,156.3,3774550,44547425,156.4,156.8,65
2026-10-05 11:45:20,22463.15,2026-10-06,22850.0,PE,40720,363.5,337545,2049255,362.8,363.5,65
2026-10-05 11:45:20,22463.15,2026-10-06,22350.0,PE,40686,47.85,6204575,118400360,47.6,47.75,65
2026-10-05 11:45:20,22463.15,2026-10-06,22950.0,PE,40724,458.5,384605,513565,458.15,459.95,65
2026-10-05 11:45:20,22463.15,2026-10-06,22950.0,CE,40723,4.5,5822570,36256415,4.5,4.55,65
2026-10-05 11:45:20,22463.15,2026-10-06,22850.0,CE,40717,8.1,7079800,69591600,8.1,8.15,65
2026-10-05 11:45:20,22463.15,2026-10-06,22800.0,PE,40716,316.95,1927575,13940680,316.6,317.45,65
2026-10-05 11:45:20,22463.15,2026-10-06,22050.0,PE,40670,9.75,3040765,42759340,9.7,9.75,65
2026-10-05 11:45:20,22463.15,2026-10-06,22150.0,PE,40674,16.45,4288700,57310695,16.35,16.4,65
2026-10-05 11:45:20,22463.15,2026-10-06,22150.0,CE,40673,362.65,125385,271245,360.6,361.7,65
2026-10-05 11:45:20,22463.15,2026-10-06,22100.0,PE,40672,12.35,7997795,75262915,12.3,12.4,65
2026-10-05 11:45:20,22463.15,2026-10-06,22100.0,CE,40671,407.25,219635,385580,406.55,407.85,65
2026-10-05 11:45:20,22463.15,2026-10-06,22250.0,PE,40678,28.15,5406115,76829155,28.1,28.25,65
2026-10-05 11:45:20,22463.15,2026-10-06,22700.0,PE,40711,230.75,3577990,56411160,229.75,230.35,65
2026-10-05 11:45:20,22463.15,2026-10-06,22250.0,CE,40677,272.6,394940,1640340,272.65,273.35,65
2026-10-05 11:45:20,22463.15,2026-10-06,22700.0,CE,40710,25.45,16665675,202630155,25.35,25.4,65
2026-10-05 11:45:20,22463.15,2026-10-06,22200.0,PE,40676,21.45,9911850,109309915,21.45,21.55,65
2026-10-05 11:45:20,22463.15,2026-10-06,22200.0,CE,40675,316.95,663845,3033810,316.25,316.85,65
2026-10-05 11:45:20,22463.15,2026-10-06,22800.0,CE,40715,11.8,15263820,142285390,11.75,11.8,65
2026-10-05 11:45:20,22463.15,2026-10-06,22750.0,PE,40714,272.55,950040,13416390,272.25,272.9,65
2026-10-05 11:45:20,22463.15,2026-10-06,22750.0,CE,40712,17.4,8419970,105726335,17.4,17.45,65
2026-10-05 11:45:20,22463.15,2026-10-06,22300.0,CE,40679,232.15,1864720,12798565,231.65,232.2,65
2026-10-05 11:45:20,22463.15,2026-10-06,22650.0,PE,40709,191.4,1867580,72968090,191.55,192.05,65
2026-10-05 11:50:44,22441.15,2026-10-06,21900.0,CE,40663,575.0,36660,34970,574.65,577.75,65
2026-10-05 11:50:44,22441.15,2026-10-06,21850.0,PE,40662,3.8,2832830,43540575,3.75,3.8,65
2026-10-05 11:50:44,22441.15,2026-10-06,21850.0,CE,40661,652.9,23985,2470,623.95,631.9,65
2026-10-05 11:50:44,22441.15,2026-10-06,22000.0,CE,40667,483.3,649805,2106130,482.25,483.55,65
2026-10-05 11:50:44,22441.15,2026-10-06,22550.0,PE,40700,140.85,6508190,253406335,141.55,141.9,65
2026-10-05 11:50:44,22441.15,2026-10-06,21950.0,PE,40666,6.25,2870855,36334415,6.25,6.3,65
2026-10-05 11:50:44,22441.15,2026-10-06,21950.0,CE,40665,530.2,31070,39910,527.8,529.65,65
2026-10-05 11:50:44,22441.15,2026-10-06,21900.0,PE,40664,4.9,6474000,49008700,4.9,4.95,65
2026-10-05 11:50:44,22441.15,2026-10-06,22650.0,CE,40704,33.65,13514345,179642125,33.25,33.4,65
2026-10-05 11:50:44,22441.15,2026-10-06,22600.0,PE,40703,173.75,7892950,251380545,173.25,173.75,65
2026-10-05 11:50:44,22441.15,2026-10-06,22050.0,CE,40669,434.6,52260,100165,434.55,436.3,65
2026-10-05 11:50:44,22441.15,2026-10-06,22000.0,PE,40668,8.3,14767675,101077535,8.25,8.3,65
2026-10-05 11:50:44,22441.15,2026-10-06,22600.0,CE,40701,47.95,23048025,347560785,47.85,47.95,65
2026-10-05 11:50:44,22441.15,2026-10-06,22450.0,PE,40696,90.4,11096605,225894500,91.3,91.5,65
2026-10-05 11:50:44,22441.15,2026-10-06,23000.0,PE,40732,529.3,1363180,2729935,528.6,530.4,65
2026-10-05 11:50:44,22441.15,2026-10-06,22550.0,CE,40699,65.9,13104455,229338005,65.6,65.7,65
2026-10-05 11:50:44,22441.15,2026-10-06,22500.0,PE,40698,113.8,19944925,430042405,113.65,113.85,65
2026-10-05 11:50:44,22441.15,2026-10-06,23000.0,CE,40731,3.65,16912740,82486950,3.6,3.65,65
2026-10-05 11:50:44,22441.15,2026-10-06,22500.0,CE,40697,87.85,18945745,246014080,87.8,88.05,65
2026-10-05 11:50:44,22441.15,2026-10-06,23050.0,PE,40736,580.75,310310,601510,578.0,579.5,65
2026-10-05 11:50:44,22441.15,2026-10-06,23050.0,CE,40735,2.9,4775485,25323415,2.9,2.95,65
2026-10-05 11:50:44,22441.15,2026-10-06,22300.0,PE,40681,42.8,12154025,168067965,43.2,43.4,65
2026-10-05 11:50:44,22441.15,2026-10-06,22350.0,CE,40682,179.5,1210235,9012575,179.6,180.1,65
2026-10-05 11:50:44,22441.15,2026-10-06,22900.0,PE,40722,428.2,702065,2604615,431.1,432.75,65
2026-10-05 11:50:44,22441.15,2026-10-06,22450.0,CE,40689,114.65,5373290,63996530,113.8,114.05,65
2026-10-05 11:50:44,22441.15,2026-10-06,22900.0,CE,40721,5.5,11596260,82703075,5.55,5.6,65
2026-10-05 11:50:44,22441.15,2026-10-06,22400.0,PE,40688,71.25,13297375,248755455,70.85,71.05,65
2026-10-05 11:50:44,22441.15,2026-10-06,22400.0,CE,40687,145.4,4030325,46669610,145.55,145.95,65
2026-10-05 11:50:44,22441.15,2026-10-06,22850.0,PE,40720,383.6,330785,2076490,382.35,383.75,65
2026-10-05 11:50:44,22441.15,2026-10-06,22350.0,PE,40686,55.3,6107140,123813820,55.2,55.35,65
2026-10-05 11:50:44,22441.15,2026-10-06,22950.0,PE,40724,478.75,383695,516750,481.45,483.75,65
2026-10-05 11:50:44,22441.15,2026-10-06,22950.0,CE,40723,4.4,5879250,36802870,4.35,4.4,65
2026-10-05 11:50:44,22441.15,2026-10-06,22850.0,CE,40717,7.7,6917495,70755945,7.7,7.75,65
2026-10-05 11:50:44,22441.15,2026-10-06,22800.0,PE,40716,336.5,1909830,14238315,337.1,337.95,65
2026-10-05 11:50:44,22441.15,2026-10-06,22050.0,PE,40670,10.75,3005145,44023590,10.75,10.8,65
2026-10-05 11:50:44,22441.15,2026-10-06,22150.0,PE,40674,18.75,4248335,59339410,18.7,18.8,65
2026-10-05 11:50:44,22441.15,2026-10-06,22150.0,CE,40673,344.75,124995,282880,342.55,343.85,65
2026-10-05 11:50:44,22441.15,2026-10-06,22100.0,PE,40672,14.0,8078070,77700805,14.05,14.15,65
2026-10-05 11:50:44,22441.15,2026-10-06,22100.0,CE,40671,388.95,217100,404820,387.4,388.35,65
2026-10-05 11:50:44,22441.15,2026-10-06,22250.0,PE,40678,32.8,5462535,80124655,32.65,32.8,65
2026-10-05 11:50:44,22441.15,2026-10-06,22700.0,PE,40711,248.8,3574545,57519865,248.15,248.75,65
2026-10-05 11:50:44,22441.15,2026-10-06,22250.0,CE,40677,256.25,395070,1709240,256.65,257.4,65
2026-10-05 11:50:44,22441.15,2026-10-06,22700.0,CE,40710,23.6,16518125,208028600,23.5,23.6,65
2026-10-05 11:50:44,22441.15,2026-10-06,22200.0,PE,40676,24.85,10174775,113138090,24.9,25.0,65
2026-10-05 11:50:44,22441.15,2026-10-06,22200.0,CE,40675,299.55,669500,3180515,298.7,299.4,65
2026-10-05 11:50:44,22441.15,2026-10-06,22800.0,CE,40715,11.0,15888795,146362970,10.95,11.0,65
2026-10-05 11:50:44,22441.15,2026-10-06,22750.0,PE,40714,291.5,924820,13584415,291.25,292.05,65
2026-10-05 11:50:44,22441.15,2026-10-06,22750.0,CE,40712,16.25,8415355,108248660,16.2,16.25,65
2026-10-05 11:50:44,22441.15,2026-10-06,22300.0,CE,40679,217.7,1904955,13232440,215.35,215.85,65
2026-10-05 11:50:44,22441.15,2026-10-06,22650.0,PE,40709,209.0,1794650,74238905,211.1,211.5,65
2026-10-05 11:55:27,22468.95,2026-10-06,21900.0,CE,40663,606.4,37115,36335,604.05,606.45,65
2026-10-05 11:55:27,22468.95,2026-10-06,21850.0,PE,40662,3.3,2849795,44719805,3.3,3.35,65
2026-10-05 11:55:27,22468.95,2026-10-06,21850.0,CE,40661,652.9,23985,2470,651.1,655.65,65
2026-10-05 11:55:27,22468.95,2026-10-06,22000.0,CE,40667,510.75,640510,2147535,509.4,510.95,65
2026-10-05 11:55:27,22468.95,2026-10-06,22550.0,PE,40700,120.75,6002165,257949835,120.85,121.1,65
2026-10-05 11:55:27,22468.95,2026-10-06,21950.0,PE,40666,5.2,2900950,37464765,5.2,5.25,65
2026-10-05 11:55:27,22468.95,2026-10-06,21950.0,CE,40665,547.3,29510,42770,555.1,558.35,65
2026-10-05 11:55:27,22468.95,2026-10-06,21900.0,PE,40664,4.15,6621615,50538930,4.15,4.2,65
2026-10-05 11:55:27,22468.95,2026-10-06,22650.0,CE,40704,38.4,13658840,183467180,38.05,38.15,65
2026-10-05 11:55:27,22468.95,2026-10-06,22600.0,PE,40703,150.8,7142850,254725250,152.5,152.75,65
2026-10-05 11:55:27,22468.95,2026-10-06,22050.0,CE,40669,455.75,51220,104715,458.65,460.7,65
2026-10-05 11:55:27,22468.95,2026-10-06,22000.0,PE,40668,6.7,14673490,104325650,6.7,6.75,65
2026-10-05 11:55:27,22468.95,2026-10-06,22600.0,CE,40701,54.55,23561915,354412240,53.8,53.95,65
2026-10-05 11:55:27,22468.95,2026-10-06,22450.0,PE,40696,75.4,10764715,237482050,75.75,75.95,65
2026-10-05 11:55:27,22468.95,2026-10-06,23000.0,PE,40732,500.0,1363245,2751710,500.5,502.25,65
2026-10-05 11:55:27,22468.95,2026-10-06,22550.0,CE,40699,74.85,13382200,234297765,74.65,74.8,65
2026-10-05 11:55:27,22468.95,2026-10-06,22500.0,PE,40698,96.1,18758025,442889785,95.85,96.1,65
2026-10-05 11:55:27,22468.95,2026-10-06,23000.0,CE,40731,3.85,16906435,83805475,3.8,3.85,65
2026-10-05 11:55:27,22468.95,2026-10-06,22500.0,CE,40697,98.85,19668480,254329920,98.8,98.85,65
2026-10-05 11:55:27,22468.95,2026-10-06,23050.0,PE,40736,550.0,310440,605085,548.8,549.9,65
2026-10-05 11:55:27,22468.95,2026-10-06,23050.0,CE,40735,3.0,4984525,26177125,2.95,3.0,65
2026-10-05 11:55:27,22468.95,2026-10-06,22300.0,PE,40681,34.25,12110930,175598605,34.8,34.9,65
2026-10-05 11:55:27,22468.95,2026-10-06,22350.0,CE,40682,197.7,1296100,9488440,197.75,198.25,65
2026-10-05 11:55:27,22468.95,2026-10-06,22900.0,PE,40722,403.0,694915,2640170,402.2,403.35,65
2026-10-05 11:55:27,22468.95,2026-10-06,22450.0,CE,40689,128.25,6026735,68488940,127.4,127.7,65
2026-10-05 11:55:27,22468.95,2026-10-06,22900.0,CE,40721,5.95,11606725,84530680,5.95,6.0,65
2026-10-05 11:55:27,22468.95,2026-10-06,22400.0,PE,40688,58.5,13386230,260732225,58.55,58.7,65
2026-10-05 11:55:27,22468.95,2026-10-06,22400.0,CE,40687,161.65,4333745,49007465,161.25,161.65,65
2026-10-05 11:55:27,22468.95,2026-10-06,22850.0,PE,40720,356.7,332475,2103725,354.6,355.7,65
2026-10-05 11:55:27,22468.95,2026-10-06,22350.0,PE,40686,44.8,5842460,129329330,44.75,44.9,65
2026-10-05 11:55:27,22468.95,2026-10-06,22950.0,PE,40724,452.9,382330,522145,452.9,454.1,65
2026-10-05 11:55:27,22468.95,2026-10-06,22950.0,CE,40723,4.65,5880420,37372010,4.6,4.7,65
2026-10-05 11:55:27,22468.95,2026-10-06,22850.0,CE,40717,8.5,6991855,72190170,8.45,8.5,65
2026-10-05 11:55:27,22468.95,2026-10-06,22800.0,PE,40716,308.55,1882985,14479985,309.35,310.15,65
2026-10-05 11:55:27,22468.95,2026-10-06,22050.0,PE,40670,8.7,3028025,45467305,8.8,8.85,65
2026-10-05 11:55:27,22468.95,2026-10-06,22150.0,PE,40674,14.85,4323995,61487985,14.85,14.95,65
2026-10-05 11:55:27,22468.95,2026-10-06,22150.0,CE,40673,361.4,125580,294710,367.55,368.65,65
2026-10-05 11:55:27,22468.95,2026-10-06,22100.0,PE,40672,11.25,8137025,80098590,11.2,11.25,65
2026-10-05 11:55:27,22468.95,2026-10-06,22100.0,CE,40671,409.05,213720,426530,413.55,415.0,65
2026-10-05 11:55:27,22468.95,2026-10-06,22250.0,PE,40678,26.0,5310305,83694000,26.45,26.55,65
2026-10-05 11:55:27,22468.95,2026-10-06,22700.0,PE,40711,222.3,3461640,58368310,222.55,222.9,65
2026-10-05 11:55:27,22468.95,2026-10-06,22250.0,CE,40677,280.0,393510,1823315,277.15,277.9,65
2026-10-05 11:55:27,22468.95,2026-10-06,22700.0,CE,40710,26.8,16582605,212274270,26.7,26.75,65
2026-10-05 11:55:27,22468.95,2026-10-06,22200.0,PE,40676,19.7,10086050,117717405,19.7,19.8,65
2026-10-05 11:55:27,22468.95,2026-10-06,22200.0,CE,40675,323.2,677820,3278990,323.0,323.95,65
2026-10-05 11:55:27,22468.95,2026-10-06,22800.0,CE,40715,12.25,15984605,149306820,12.1,12.15,65
2026-10-05 11:55:27,22468.95,2026-10-06,22750.0,PE,40714,264.35,923000,13742755,266.55,267.25,65
2026-10-05 11:55:27,22468.95,2026-10-06,22750.0,CE,40712,18.25,8412430,110406335,18.0,18.05,65
2026-10-05 11:55:27,22468.95,2026-10-06,22300.0,CE,40679,237.55,2047500,13806130,235.75,236.0,65
2026-10-05 11:55:27,22468.95,2026-10-06,22650.0,PE,40709,184.9,1663090,75154105,186.55,187.05,65
2026-10-05 12:00:25,22424.15,2026-10-06,21900.0,CE,40663,562.35,36855,36855,560.05,562.3,65
2026-10-05 12:00:25,22424.15,2026-10-06,21850.0,PE,40662,4.05,2903485,46297940,4.05,4.1,65
2026-10-05 12:00:25,22424.15,2026-10-06,21850.0,CE,40661,648.45,23985,2600,607.6,612.8,65
2026-10-05 12:00:25,22424.15,2026-10-06,21800.0,PE,40660,3.25,7661355,83312645,3.25,3.3,65
2026-10-05 12:00:25,22424.15,2026-10-06,22000.0,CE,40667,466.5,646880,2208570,465.5,466.85,65
2026-10-05 12:00:25,22424.15,2026-10-06,22550.0,PE,40700,153.75,5876845,262199600,153.6,153.75,65
2026-10-05 12:00:25,22424.15,2026-10-06,21950.0,PE,40666,6.9,3105570,38932855,6.85,6.9,65
2026-10-05 12:00:25,22424.15,2026-10-06,21950.0,CE,40665,517.05,29705,43745,512.25,514.65,65
2026-10-05 12:00:25,22424.15,2026-10-06,21900.0,PE,40664,5.4,6717360,52785395,5.35,5.45,65
2026-10-05 12:00:25,22424.15,2026-10-06,22650.0,CE,40704,30.1,13667745,187470920,30.2,30.35,65
2026-10-05 12:00:25,22424.15,2026-10-06,22600.0,PE,40703,186.2,7020585,258251825,186.2,186.65,65
2026-10-05 12:00:25,22424.15,2026-10-06,22050.0,CE,40669,416.0,51805,107640,417.35,418.95,65
2026-10-05 12:00:25,22424.15,2026-10-06,22000.0,PE,40668,9.1,14625065,107451890,9.1,9.15,65
2026-10-05 12:00:25,22424.15,2026-10-06,22600.0,CE,40701,43.25,23458825,362052990,43.1,43.2,65
2026-10-05 12:00:25,22424.15,2026-10-06,22450.0,PE,40696,99.85,11050845,249722655,99.5,99.75,65
2026-10-05 12:00:25,22424.15,2026-10-06,23000.0,PE,40732,546.95,1362790,2780960,545.6,547.15,65
2026-10-05 12:00:25,22424.15,2026-10-06,22550.0,CE,40699,59.2,13267930,240444880,59.3,59.45,65
2026-10-05 12:00:25,22424.15,2026-10-06,22500.0,PE,40698,123.55,19102460,456074320,123.55,123.9,65
2026-10-05 12:00:25,22424.15,2026-10-06,23000.0,CE,40731,3.55,17038190,84974890,3.55,3.6,65
2026-10-05 12:00:25,22424.15,2026-10-06,22500.0,CE,40697,80.3,19979115,263880110,80.1,80.3,65
2026-10-05 12:00:25,22424.15,2026-10-06,21800.0,CE,40659,662.2,39000,35165,658.95,661.4,65
2026-10-05 12:00:25,22424.15,2026-10-06,22300.0,PE,40681,47.4,12302225,182575380,47.2,47.35,65
2026-10-05 12:00:25,22424.15,2026-10-06,22350.0,CE,40682,167.9,1338545,10072270,167.6,168.1,65
2026-10-05 12:00:25,22424.15,2026-10-06,22900.0,PE,40722,447.6,689130,2677740,447.5,448.85,65
2026-10-05 12:00:25,22424.15,2026-10-06,22450.0,CE,40689,104.4,6317805,72920705,104.75,104.95,65
2026-10-05 12:00:25,22424.15,2026-10-06,22900.0,CE,40721,5.25,11564020,86390720,5.2,5.25,65
2026-10-05 12:00:25,22424.15,2026-10-06,22400.0,PE,40688,78.45,13856310,272749490,78.4,78.65,65
2026-10-05 12:00:25,22424.15,2026-10-06,22400.0,CE,40687,134.5,4366115,51376845,134.25,134.6,65
2026-10-05 12:00:25,22424.15,2026-10-06,22850.0,PE,40720,399.65,331305,2131805,399.95,401.2,65
2026-10-05 12:00:25,22424.15,2026-10-06,22350.0,PE,40686,61.05,6203925,134986605,61.0,61.15,65
2026-10-05 12:00:25,22424.15,2026-10-06,22950.0,PE,40724,497.15,381095,527995,495.95,497.8,65
2026-10-05 12:00:25,22424.15,2026-10-06,22950.0,CE,40723,4.25,5958615,37998090,4.2,4.25,65
2026-10-05 12:00:25,22424.15,2026-10-06,22850.0,CE,40717,7.2,6972095,73632065,7.15,7.2,65
2026-10-05 12:00:25,22424.15,2026-10-06,22800.0,PE,40716,354.05,1885455,14738945,353.15,353.95,65
2026-10-05 12:00:25,22424.15,2026-10-06,22050.0,PE,40670,12.0,3113955,47092240,11.95,12.0,65
2026-10-05 12:00:25,22424.15,2026-10-06,22150.0,PE,40674,21.05,4348305,63954475,20.95,21.05,65
2026-10-05 12:00:25,22424.15,2026-10-06,22150.0,CE,40673,328.35,125840,305760,327.4,328.25,65
2026-10-05 12:00:25,22424.15,2026-10-06,22100.0,PE,40672,15.85,8174790,83014555,15.75,15.8,65
2026-10-05 12:00:25,22424.15,2026-10-06,22100.0,CE,40671,371.8,215085,441220,371.2,372.15,65
2026-10-05 12:00:25,22424.15,2026-10-06,22250.0,PE,40678,36.25,5408455,87333480,36.4,36.5,65
2026-10-05 12:00:25,22424.15,2026-10-06,22700.0,PE,40711,263.6,3473275,59342400,263.15,263.9,65
2026-10-05 12:00:25,22424.15,2026-10-06,22250.0,CE,40677,243.0,428415,1993355,243.0,243.45,65
2026-10-05 12:00:25,22424.15,2026-10-06,22700.0,CE,40710,21.25,16559920,217435595,21.25,21.35,65
2026-10-05 12:00:25,22424.15,2026-10-06,22200.0,PE,40676,28.0,10026965,122124795,27.9,28.0,65
2026-10-05 12:00:25,22424.15,2026-10-06,22200.0,CE,40675,285.35,672490,3396120,283.25,284.1,65
2026-10-05 12:00:25,22424.15,2026-10-06,22800.0,CE,40715,10.0,16088995,153008505,10.0,10.05,65
2026-10-05 12:00:25,22424.15,2026-10-06,22750.0,PE,40714,308.0,917020,13887705,307.45,308.4,65
2026-10-05 12:00:25,22424.15,2026-10-06,22750.0,CE,40712,14.75,8469500,113443980,14.65,14.7,65
2026-10-05 12:00:25,22424.15,2026-10-06,22300.0,CE,40679,204.0,2029105,14346930,204.05,204.55,65
2026-10-05 12:00:25,22424.15,2026-10-06,22650.0,PE,40709,223.5,1660230,76122735,222.9,223.45,65
2026-10-05 12:05:19,22442.35,2026-10-06,21900.0,CE,40663,579.75,36595,38415,575.0,577.45,65
2026-10-05 12:05:19,22442.35,2026-10-06,21850.0,PE,40662,4.05,3021785,48354020,4.0,4.05,65
2026-10-05 12:05:19,22442.35,2026-10-06,21850.0,CE,40661,619.6,24180,2925,623.25,627.05,65
2026-10-05 12:05:19,22442.35,2026-10-06,22000.0,CE,40667,479.45,639340,2264405,478.35,479.8,65
2026-10-05 12:05:19,22442.35,2026-10-06,22550.0,PE,40700,142.5,5070520,266738355,142.2,142.55,65
2026-10-05 12:05:19,22442.35,2026-10-06,21950.0,PE,40666,6.55,3315260,40691560,6.55,6.6,65
2026-10-05 12:05:19,22442.35,2026-10-06,21950.0,CE,40665,526.2,29575,46150,526.85,528.35,65
2026-10-05 12:05:19,22442.35,2026-10-06,21900.0,PE,40664,5.25,6758310,55284060,5.15,5.25,65
2026-10-05 12:05:19,22442.35,2026-10-06,22650.0,CE,40704,32.05,13670540,193012365,32.1,32.2,65
2026-10-05 12:05:19,22442.35,2026-10-06,22600.0,PE,40703,175.1,6258850,262095665,174.1,174.55,65
2026-10-05 12:05:19,22442.35,2026-10-06,22050.0,CE,40669,430.5,51090,112645,429.95,431.45,65
2026-10-05 12:05:19,22442.35,2026-10-06,22000.0,PE,40668,8.6,14628770,112076315,8.55,8.6,65
2026-10-05 12:05:19,22442.35,2026-10-06,22600.0,CE,40701,45.7,23920195,371361965,46.0,46.15,65
2026-10-05 12:05:19,22442.35,2026-10-06,22450.0,PE,40696,91.15,9402380,264254965,90.9,91.15,65
2026-10-05 12:05:19,22442.35,2026-10-06,23000.0,PE,40732,531.55,1348555,2818140,530.55,532.4,65
2026-10-05 12:05:19,22442.35,2026-10-06,22550.0,CE,40699,63.25,14401530,247755105,63.3,63.45,65
2026-10-05 12:05:19,22442.35,2026-10-06,22500.0,PE,40698,114.75,16364595,469053390,114.75,115.0,65
2026-10-05 12:05:19,22442.35,2026-10-06,23000.0,CE,40731,3.5,17115150,86770645,3.5,3.55,65
2026-10-05 12:05:19,22442.35,2026-10-06,22500.0,CE,40697,84.3,21178300,275073760,84.3,84.4,65
2026-10-05 12:05:19,22442.35,2026-10-06,23050.0,PE,40736,580.6,309010,607815,581.5,584.1,65
2026-10-05 12:05:19,22442.35,2026-10-06,23050.0,CE,40735,2.9,4835090,27793610,2.9,2.95,65
2026-10-05 12:05:19,22442.35,2026-10-06,22300.0,PE,40681,43.0,11928865,192728965,42.9,43.05,65
2026-10-05 12:05:19,22442.35,2026-10-06,22350.0,CE,40682,176.1,1438580,10956530,176.05,176.5,65
2026-10-05 12:05:19,22442.35,2026-10-06,22900.0,PE,40722,435.25,689845,2719990,433.3,434.85,65
2026-10-05 12:05:19,22442.35,2026-10-06,22450.0,CE,40689,111.2,7264790,79109485,111.25,111.45,65
2026-10-05 12:05:19,22442.35,2026-10-06,22900.0,CE,40721,5.2,11327550,88749765,5.2,5.25,65
2026-10-05 12:05:19,22442.35,2026-10-06,22400.0,PE,40688,71.9,14423630,291309070,71.5,71.7,65
2026-10-05 12:05:19,22442.35,2026-10-06,22400.0,CE,40687,141.85,5328050,56734275,141.75,141.95,65
2026-10-05 12:05:19,22442.35,2026-10-06,22850.0,PE,40720,385.3,325975,2160470,386.5,388.0,65
2026-10-05 12:05:19,22442.35,2026-10-06,22350.0,PE,40686,55.9,5930925,143159640,55.45,55.6,65
2026-10-05 12:05:19,22442.35,2026-10-06,22950.0,PE,40724,474.35,381485,537745,481.55,483.3,65
2026-10-05 12:05:19,22442.35,2026-10-06,22950.0,CE,40723,4.1,5863715,39275470,4.1,4.15,65
2026-10-05 12:05:19,22442.35,2026-10-06,22850.0,CE,40717,7.3,7009990,76291280,7.25,7.3,65
2026-10-05 12:05:19,22442.35,2026-10-06,22800.0,PE,40716,339.65,1802905,14957475,338.85,339.65,65
2026-10-05 12:05:19,22442.35,2026-10-06,22050.0,PE,40670,11.1,3136575,49654475,11.15,11.2,65
2026-10-05 12:05:19,22442.35,2026-10-06,22150.0,PE,40674,19.25,4640090,67982005,19.2,19.3,65
2026-10-05 12:05:19,22442.35,2026-10-06,22150.0,CE,40673,340.0,131560,332280,338.9,339.85,65
2026-10-05 12:05:19,22442.35,2026-10-06,22100.0,PE,40672,14.4,8230300,87830730,14.4,14.45,65
2026-10-05 12:05:19,22442.35,2026-10-06,22100.0,CE,40671,385.4,209040,492830,384.4,385.5,65
2026-10-05 12:05:19,22442.35,2026-10-06,22250.0,PE,40678,33.2,5122260,92872845,32.9,33.05,65
2026-10-05 12:05:19,22442.35,2026-10-06,22700.0,PE,40711,252.35,3367325,60502325,250.6,251.25,65
2026-10-05 12:05:19,22442.35,2026-10-06,22250.0,CE,40677,254.15,447200,2182375,253.9,254.15,65
2026-10-05 12:05:19,22442.35,2026-10-06,22700.0,CE,40710,22.1,16746405,223813850,22.3,22.35,65
2026-10-05 12:05:19,22442.35,2026-10-06,22200.0,PE,40676,25.25,9648405,129308985,25.2,25.3,65
2026-10-05 12:05:19,22442.35,2026-10-06,22200.0,CE,40675,296.6,706615,3596385,295.85,296.5,65
2026-10-05 12:05:19,22442.35,2026-10-06,22800.0,CE,40715,10.35,16041610,157151020,10.35,10.4,65
2026-10-05 12:05:19,22442.35,2026-10-06,22750.0,PE,40714,295.1,874770,14065025,293.8,294.5,65
2026-10-05 12:05:19,22442.35,2026-10-06,22750.0,CE,40712,15.2,8456305,117080665,15.2,15.25,65
2026-10-05 12:05:19,22442.35,2026-10-06,22300.0,CE,40679,214.1,2231905,15115945,213.85,214.35,65
2026-10-05 12:05:19,22442.35,2026-10-06,22650.0,PE,40709,211.15,1448135,77075700,210.45,211.05,65
2026-10-05 12:10:50,22417.5,2026-10-06,21900.0,CE,40663,546.25,37310,43420,543.95,545.6,65
2026-10-05 12:10:50,22417.5,2026-10-06,21850.0,PE,40662,5.1,2911545,51223055,5.1,5.15,65
2026-10-05 12:10:50,22417.5,2026-10-06,21850.0,CE,40661,595.65,24245,3185,592.15,596.4,65
2026-10-05 12:10:50,22417.5,2026-10-06,21800.0,PE,40660,4.0,7902895,90520755,4.0,4.05,65
2026-10-05 12:10:50,22417.5,2026-10-06,22000.0,CE,40667,449.6,652210,2326220,449.6,451.35,65
2026-10-05 12:10:50,22417.5,2026-10-06,22550.0,PE,40700,165.3,4658615,271326835,165.5,165.95,65
2026-10-05 12:10:50,22417.5,2026-10-06,21950.0,PE,40666,8.35,3261960,43453345,8.35,8.4,65
2026-10-05 12:10:50,22417.5,2026-10-06,21950.0,CE,40665,493.7,29120,48880,495.95,497.7,65
2026-10-05 12:10:50,22417.5,2026-10-06,21900.0,PE,40664,6.5,6937385,58870955,6.5,6.55,65
2026-10-05 12:10:50,22417.5,2026-10-06,22650.0,CE,40704,27.55,12945400,198488355,27.55,27.65,65
2026-10-05 12:10:50,22417.5,2026-10-06,22600.0,PE,40703,199.15,5857280,266412770,199.2,199.7,65
2026-10-05 12:10:50,22417.5,2026-10-06,22050.0,CE,40669,395.55,51285,119860,402.75,404.3,65
2026-10-05 12:10:50,22417.5,2026-10-06,22000.0,PE,40668,10.75,14574755,118963975,10.8,10.85,65
2026-10-05 12:10:50,22417.5,2026-10-06,22600.0,CE,40701,39.6,23979150,381408885,39.4,39.55,65
2026-10-05 12:10:50,22417.5,2026-10-06,22450.0,PE,40696,108.9,8981180,281426730,108.35,108.65,65
2026-10-05 12:10:50,22417.5,2026-10-06,23000.0,PE,40732,562.6,1338350,2856880,563.7,565.05,65
2026-10-05 12:10:50,22417.5,2026-10-06,22550.0,CE,40699,54.35,14129960,254433270,54.1,54.15,65
2026-10-05 12:10:50,22417.5,2026-10-06,22500.0,PE,40698,134.0,14801800,484016130,134.55,134.9,65
2026-10-05 12:10:50,22417.5,2026-10-06,23000.0,CE,40731,3.55,17544930,89803155,3.5,3.55,65
2026-10-05 12:10:50,22417.5,2026-10-06,22500.0,CE,40697,73.5,21660795,286025350,73.0,73.15,65
2026-10-05 12:10:50,22417.5,2026-10-06,21800.0,CE,40659,636.0,39260,37960,641.15,644.3,65
2026-10-05 12:10:50,22417.5,2026-10-06,22300.0,PE,40681,53.1,12060555,205012665,53.0,53.05,65
2026-10-05 12:10:50,22417.5,2026-10-06,22350.0,CE,40682,156.9,1718210,12169170,156.05,156.4,65
2026-10-05 12:10:50,22417.5,2026-10-06,22900.0,PE,40722,464.0,647530,2797470,465.75,467.3,65
2026-10-05 12:10:50,22417.5,2026-10-06,22450.0,CE,40689,96.5,8321430,85545915,96.4,96.65,65
2026-10-05 12:10:50,22417.5,2026-10-06,22900.0,CE,40721,5.0,11230180,91389220,4.95,5.0,65
2026-10-05 12:10:50,22417.5,2026-10-06,22400.0,PE,40688,85.9,14749475,316782570,86.2,86.25,65
2026-10-05 12:10:50,22417.5,2026-10-06,22400.0,CE,40687,124.85,6798285,63348935,124.6,124.9,65
2026-10-05 12:10:50,22417.5,2026-10-06,22850.0,PE,40720,415.4,318500,2193685,417.9,419.25,65
2026-10-05 12:10:50,22417.5,2026-10-06,22350.0,PE,40686,67.5,6115460,153795135,67.85,68.05,65
2026-10-05 12:10:50,22417.5,2026-10-06,22950.0,PE,40724,515.7,382005,545675,514.25,516.1,65
2026-10-05 12:10:50,22417.5,2026-10-06,22950.0,CE,40723,4.1,5899335,40502150,4.05,4.1,65
2026-10-05 12:10:50,22417.5,2026-10-06,22850.0,CE,40717,6.75,7201740,79122550,6.7,6.75,65
2026-10-05 12:10:50,22417.5,2026-10-06,22800.0,PE,40716,371.05,1765530,15172950,369.65,370.8,65
2026-10-05 12:10:50,22417.5,2026-10-06,22050.0,PE,40670,14.15,3338985,53077180,14.15,14.2,65
2026-10-05 12:10:50,22417.5,2026-10-06,22150.0,PE,40674,24.0,4705025,72915895,24.15,24.25,65
2026-10-05 12:10:50,22417.5,2026-10-06,22150.0,CE,40673,315.0,153010,372190,312.35,313.3,65
2026-10-05 12:10:50,22417.5,2026-10-06,22100.0,PE,40672,18.55,8126170,94705195,18.35,18.4,65
2026-10-05 12:10:50,22417.5,2026-10-06,22100.0,CE,40671,357.15,225485,552890,356.4,357.45,65
2026-10-05 12:10:50,22417.5,2026-10-06,22250.0,PE,40678,40.75,5011175,99573760,40.75,40.9,65
2026-10-05 12:10:50,22417.5,2026-10-06,22700.0,PE,40711,279.0,3269630,61640215,279.0,279.35,65
2026-10-05 12:10:50,22417.5,2026-10-06,22250.0,CE,40677,229.75,496925,2387450,229.9,230.45,65
2026-10-05 12:10:50,22417.5,2026-10-06,22700.0,CE,40710,19.5,16637660,230146475,19.4,19.45,65
2026-10-05 12:10:50,22417.5,2026-10-06,22200.0,PE,40676,31.5,9757150,138230040,31.65,31.8,65
2026-10-05 12:10:50,22417.5,2026-10-06,22200.0,CE,40675,270.5,759200,3850600,269.8,270.5,65
2026-10-05 12:10:50,22417.5,2026-10-06,22800.0,CE,40715,9.4,15832830,161375045,9.35,9.4,65
2026-10-05 12:10:50,22417.5,2026-10-06,22750.0,PE,40714,324.3,849940,14250275,323.75,324.6,65
2026-10-05 12:10:50,22417.5,2026-10-06,22750.0,CE,40712,13.5,8421205,120320785,13.5,13.55,65
2026-10-05 12:10:50,22417.5,2026-10-06,22300.0,CE,40679,191.75,2384200,16040050,191.2,191.6,65
2026-10-05 12:10:50,22417.5,2026-10-06,22650.0,PE,40709,238.8,1404910,78216970,238.55,239.15,65
2026-10-05 12:15:14,22418.4,2026-10-06,21900.0,CE,40663,547.5,37505,44850,545.5,547.95,65
2026-10-05 12:15:14,22418.4,2026-10-06,21850.0,PE,40662,5.35,2916875,52395850,5.35,5.45,65
2026-10-05 12:15:14,22418.4,2026-10-06,21850.0,CE,40661,597.6,24375,3315,594.35,596.8,65
2026-10-05 12:15:14,22418.4,2026-10-06,21800.0,PE,40660,4.3,7845565,92741935,4.3,4.35,65
2026-10-05 12:15:14,22418.4,2026-10-06,22000.0,CE,40667,451.9,647660,2364115,451.15,452.3,65
2026-10-05 12:15:14,22418.4,2026-10-06,22550.0,PE,40700,164.05,4448990,273030030,164.0,164.4,65
2026-10-05 12:15:14,22418.4,2026-10-06,21950.0,PE,40666,8.65,3529955,44562765,8.65,8.7,65
2026-10-05 12:15:14,22418.4,2026-10-06,21950.0,CE,40665,500.0,28665,50505,498.25,499.85,65
2026-10-05 12:15:14,22418.4,2026-10-06,21900.0,PE,40664,6.85,7156045,60626150,6.85,6.9,65
2026-10-05 12:15:14,22418.4,2026-10-06,22650.0,CE,40704,27.85,12955865,201133140,27.85,27.9,65
2026-10-05 12:15:14,22418.4,2026-10-06,22600.0,PE,40703,198.35,5842590,267879885,198.3,198.85,65
2026-10-05 12:15:14,22418.4,2026-10-06,22050.0,CE,40669,408.1,49790,125060,404.3,405.5,65
2026-10-05 12:15:14,22418.4,2026-10-06,22000.0,PE,40668,11.25,14682135,122310890,11.15,11.25,65
2026-10-05 12:15:14,22418.4,2026-10-06,22600.0,CE,40701,39.85,24672700,386366370,39.75,39.85,65
2026-10-05 12:15:14,22418.4,2026-10-06,22450.0,PE,40696,108.25,9242675,287956825,107.9,108.2,65
2026-10-05 12:15:14,22418.4,2026-10-06,23000.0,PE,40732,562.25,1335685,2870205,561.65,563.5,65
2026-10-05 12:15:14,22418.4,2026-10-06,22550.0,CE,40699,54.7,13708955,258121695,54.7,54.85,65
2026-10-05 12:15:14,22418.4,2026-10-06,22500.0,PE,40698,133.95,14975870,489754200,133.6,134.0,65
2026-10-05 12:15:14,22418.4,2026-10-06,23000.0,CE,40731,3.45,18230745,91665535,3.45,3.5,65
2026-10-05 12:15:14,22418.4,2026-10-06,22500.0,CE,40697,74.1,21940815,291535335,73.9,74.1,65
2026-10-05 12:15:14,22418.4,2026-10-06,21800.0,CE,40659,646.6,39195,38675,643.25,645.7,65
2026-10-05 12:15:14,22418.4,2026-10-06,22300.0,PE,40681,53.1,12635935,210914080,52.95,53.1,65
2026-10-05 12:15:14,22418.4,2026-10-06,22350.0,CE,40682,157.75,1702350,12819040,157.65,157.85,65
2026-10-05 12:15:14,22418.4,2026-10-06,22900.0,PE,40722,465.6,649480,2812940,463.7,465.3,65
2026-10-05 12:15:14,22418.4,2026-10-06,22450.0,CE,40689,97.75,8579675,89676925,97.45,97.65,65
2026-10-05 12:15:14,22418.4,2026-10-06,22900.0,CE,40721,4.95,11383190,92660490,4.95,5.0,65
2026-10-05 12:15:14,22418.4,2026-10-06,22400.0,PE,40688,86.25,15957045,328201055,86.15,86.35,65
2026-10-05 12:15:14,22418.4,2026-10-06,22400.0,CE,40687,125.75,6850025,66688570,125.65,125.85,65
2026-10-05 12:15:14,22418.4,2026-10-06,22850.0,PE,40720,415.45,319540,2208570,415.65,416.95,65
2026-10-05 12:15:14,22418.4,2026-10-06,22350.0,PE,40686,68.05,6663995,158982460,67.7,67.8,65
2026-10-05 12:15:14,22418.4,2026-10-06,22950.0,PE,40724,510.95,380705,547625,512.35,514.3,65
2026-10-05 12:15:14,22418.4,2026-10-06,22950.0,CE,40723,4.0,6035380,41149420,4.0,4.05,65
2026-10-05 12:15:14,22418.4,2026-10-06,22850.0,CE,40717,6.7,7471490,80224300,6.7,6.75,65
2026-10-05 12:15:14,22418.4,2026-10-06,22800.0,PE,40716,367.85,1774175,15253290,368.05,369.2,65
2026-10-05 12:15:14,22418.4,2026-10-06,22050.0,PE,40670,14.45,3479060,54756585,14.5,14.6,65
2026-10-05 12:15:14,22418.4,2026-10-06,22150.0,PE,40674,24.55,4727190,75500035,24.45,24.55,65
2026-10-05 12:15:14,22418.4,2026-10-06,22150.0,CE,40673,315.15,155090,388310,314.5,315.45,65
2026-10-05 12:15:14,22418.4,2026-10-06,22100.0,PE,40672,18.75,8292050,98061860,18.75,18.85,65
2026-10-05 12:15:14,22418.4,2026-10-06,22100.0,CE,40671,358.55,236210,588575,358.75,359.8,65
2026-10-05 12:15:14,22418.4,2026-10-06,22250.0,PE,40678,41.45,5433155,102792430,41.2,41.35,65
2026-10-05 12:15:14,22418.4,2026-10-06,22700.0,PE,40711,278.9,3269175,62058945,278.2,278.9,65
2026-10-05 12:15:14,22418.4,2026-10-06,22250.0,CE,40677,231.65,514995,2499250,231.25,231.85,65
2026-10-05 12:15:14,22418.4,2026-10-06,22700.0,CE,40710,19.45,16841825,232687845,19.45,19.55,65
2026-10-05 12:15:14,22418.4,2026-10-06,22200.0,PE,40676,31.85,10207275,142709775,31.85,31.95,65
2026-10-05 12:15:14,22418.4,2026-10-06,22200.0,CE,40675,272.6,743275,3979950,272.0,272.5,65
2026-10-05 12:15:14,22418.4,2026-10-06,22800.0,CE,40715,9.4,15892175,162927700,9.4,9.45,65
2026-10-05 12:15:14,22418.4,2026-10-06,22750.0,PE,40714,322.85,845975,14307475,322.3,323.15,65
2026-10-05 12:15:14,22418.4,2026-10-06,22750.0,CE,40712,13.5,8145475,122339100,13.5,13.6,65
2026-10-05 12:15:14,22418.4,2026-10-06,22300.0,CE,40679,193.4,2444520,16471260,193.15,193.4,65
2026-10-05 12:15:14,22418.4,2026-10-06,22650.0,PE,40709,237.55,1406600,78590395,236.9,237.55,65
2026-10-05 12:20:53,22436.2,2026-10-06,21900.0,CE,40663,564.35,37505,45565,565.25,568.05,65
2026-10-05 12:20:53,22436.2,2026-10-06,21850.0,PE,40662,4.75,2937935,53415375,4.7,4.75,65
2026-10-05 12:20:53,22436.2,2026-10-06,21850.0,CE,40661,621.65,24245,3380,612.95,617.4,65
2026-10-05 12:20:53,22436.2,2026-10-06,22000.0,CE,40667,470.9,646685,2393950,470.9,471.6,65
2026-10-05 12:20:53,22436.2,2026-10-06,22550.0,PE,40700,150.55,4223180,274525940,150.65,151.05,65
2026-10-05 12:20:53,22436.2,2026-10-06,21950.0,PE,40666,7.55,3552055,45276985,7.55,7.6,65
2026-10-05 12:20:53,22436.2,2026-10-06,21950.0,CE,40665,519.4,28795,53040,517.85,519.45,65
2026-10-05 12:20:53,22436.2,2026-10-06,21900.0,PE,40664,6.0,7389070,62167170,6.05,6.1,65
2026-10-05 12:20:53,22436.2,2026-10-06,22650.0,CE,40704,32.3,13031655,204559550,32.15,32.25,65
2026-10-05 12:20:53,22436.2,2026-10-06,22600.0,PE,40703,184.15,5871710,269282390,183.75,184.2,65
2026-10-05 12:20:53,22436.2,2026-10-06,22050.0,CE,40669,425.0,50115,126750,422.7,424.85,65
2026-10-05 12:20:53,22436.2,2026-10-06,22000.0,PE,40668,9.8,14568970,125042970,9.75,9.8,65
2026-10-05 12:20:53,22436.2,2026-10-06,22600.0,CE,40701,45.55,24883950,392393950,45.3,45.45,65
2026-10-05 12:20:53,22436.2,2026-10-06,22450.0,PE,40696,97.95,9196135,293692685,97.55,97.8,65
2026-10-05 12:20:53,22436.2,2026-10-06,23000.0,PE,40732,541.25,1335100,2880735,540.75,542.65,65
2026-10-05 12:20:53,22436.2,2026-10-06,22550.0,CE,40699,62.05,13841945,262064270,61.95,62.1,65
2026-10-05 12:20:53,22436.2,2026-10-06,22500.0,PE,40698,121.8,14747005,494505310,122.0,122.1,65
2026-10-05 12:20:53,22436.2,2026-10-06,23000.0,CE,40731,3.8,18388630,92999400,3.75,3.8,65
2026-10-05 12:20:53,22436.2,2026-10-06,22500.0,CE,40697,82.7,21956220,298684880,82.65,82.8,65
2026-10-05 12:20:53,22436.2,2026-10-06,23050.0,PE,40736,591.2,308685,613405,590.8,593.05,65
2026-10-05 12:20:53,22436.2,2026-10-06,23050.0,CE,40735,3.0,4773080,30478695,3.0,3.05,65
2026-10-05 12:20:53,22436.2,2026-10-06,22300.0,PE,40681,47.25,12726285,216023730,47.1,47.25,65
2026-10-05 12:20:53,22436.2,2026-10-06,22350.0,CE,40682,171.5,1746095,13514930,171.15,171.6,65
2026-10-05 12:20:53,22436.2,2026-10-06,22900.0,PE,40722,444.2,650845,2831205,443.45,445.05,65
2026-10-05 12:20:53,22436.2,2026-10-06,22450.0,CE,40689,108.1,9159215,94934450,108.1,108.4,65
2026-10-05 12:20:53,22436.2,2026-10-06,22900.0,CE,40721,5.65,11370710,93943590,5.6,5.65,65
2026-10-05 12:20:53,22436.2,2026-10-06,22400.0,PE,40688,77.65,16347890,338097110,77.5,77.65,65
2026-10-05 12:20:53,22436.2,2026-10-06,22400.0,CE,40687,138.2,7304180,71420050,137.95,138.25,65
2026-10-05 12:20:53,22436.2,2026-10-06,22850.0,PE,40720,396.55,318565,2218645,396.2,397.6,65
2026-10-05 12:20:53,22436.2,2026-10-06,22350.0,PE,40686,60.5,6650150,163480070,60.55,60.7,65
2026-10-05 12:20:53,22436.2,2026-10-06,22950.0,PE,40724,495.0,379535,551720,491.65,493.85,65
2026-10-05 12:20:53,22436.2,2026-10-06,22950.0,CE,40723,4.5,6057675,41649855,4.45,4.5,65
2026-10-05 12:20:53,22436.2,2026-10-06,22850.0,CE,40717,7.75,7518810,81362775,7.75,7.8,65
2026-10-05 12:20:53,22436.2,2026-10-06,22800.0,PE,40716,349.45,1776190,15312635,349.15,350.0,65
2026-10-05 12:20:53,22436.2,2026-10-06,22050.0,PE,40670,12.6,3226340,56199390,12.6,12.65,65
2026-10-05 12:20:53,22436.2,2026-10-06,22150.0,PE,40674,21.5,4822740,77183470,21.45,21.55,65
2026-10-05 12:20:53,22436.2,2026-10-06,22150.0,CE,40673,332.0,156845,408915,331.95,333.0,65
2026-10-05 12:20:53,22436.2,2026-10-06,22100.0,PE,40672,16.3,8273590,100571185,16.3,16.4,65
2026-10-05 12:20:53,22436.2,2026-10-06,22100.0,CE,40671,377.55,231530,622570,377.0,378.0,65
2026-10-05 12:20:53,22436.2,2026-10-06,22250.0,PE,40678,36.5,5287360,105347775,36.4,36.5,65
2026-10-05 12:20:53,22436.2,2026-10-06,22700.0,PE,40711,260.8,3264235,62578165,260.8,261.55,65
2026-10-05 12:20:53,22436.2,2026-10-06,22250.0,CE,40677,247.45,501150,2630290,246.8,247.45,65
2026-10-05 12:20:53,22436.2,2026-10-06,22700.0,CE,40710,22.9,17354155,237351985,22.85,22.9,65
2026-10-05 12:20:53,22436.2,2026-10-06,22200.0,PE,40676,27.95,10296585,146641170,27.95,28.05,65
2026-10-05 12:20:53,22436.2,2026-10-06,22200.0,CE,40675,288.85,734955,4137705,288.75,289.6,65
2026-10-05 12:20:53,22436.2,2026-10-06,22800.0,CE,40715,11.0,16038490,165503650,10.9,10.95,65
2026-10-05 12:20:53,22436.2,2026-10-06,22750.0,PE,40714,303.15,841295,14382225,303.85,304.7,65
2026-10-05 12:20:53,22436.2,2026-10-06,22750.0,CE,40712,15.85,8124285,124377370,15.8,15.85,65
2026-10-05 12:20:53,22436.2,2026-10-06,22300.0,CE,40679,207.75,2430350,17075305,207.75,208.35,65
2026-10-05 12:20:53,22436.2,2026-10-06,22650.0,PE,40709,221.45,1390675,78933920,221.05,221.65,65
2026-10-05 12:25:12,22444.65,2026-10-06,21900.0,CE,40663,564.85,36985,49205,572.35,574.5,65
2026-10-05 12:25:12,22444.65,2026-10-06,21850.0,PE,40662,4.4,2922400,54765880,4.4,4.45,65
2026-10-05 12:25:12,22444.65,2026-10-06,21850.0,CE,40661,628.9,24180,3575,621.25,623.4,65
2026-10-05 12:25:12,22444.65,2026-10-06,22000.0,CE,40667,477.1,636155,2430545,476.9,478.5,65
2026-10-05 12:25:12,22444.65,2026-10-06,22550.0,PE,40700,145.75,4237285,276108755,145.35,145.5,65
2026-10-05 12:25:12,22444.65,2026-10-06,21950.0,PE,40666,7.0,3619330,46313085,7.0,7.05,65
2026-10-05 12:25:12,22444.65,2026-10-06,21950.0,CE,40665,523.1,28340,53625,524.65,526.05,65
2026-10-05 12:25:12,22444.65,2026-10-06,21900.0,PE,40664,5.6,7201285,63363755,5.6,5.65,65
2026-10-05 12:25:12,22444.65,2026-10-06,22650.0,CE,40704,33.35,12802920,207662260,33.25,33.35,65
2026-10-05 12:25:12,22444.65,2026-10-06,22600.0,PE,40703,178.1,5899530,270748400,178.4,178.8,65
2026-10-05 12:25:12,22444.65,2026-10-06,22050.0,CE,40669,422.05,50180,129415,429.15,430.45,65
2026-10-05 12:25:12,22444.65,2026-10-06,22000.0,PE,40668,9.0,14226290,127346765,9.0,9.1,65
2026-10-05 12:25:12,22444.65,2026-10-06,22600.0,CE,40701,46.85,24720410,398740680,46.7,46.85,65
2026-10-05 12:25:12,22444.65,2026-10-06,22450.0,PE,40696,93.15,9449765,300005940,93.15,93.35,65
2026-10-05 12:25:12,22444.65,2026-10-06,23000.0,PE,40732,541.0,1335815,2893150,534.15,535.65,65
2026-10-05 12:25:12,22444.65,2026-10-06,22550.0,CE,40699,64.1,13892970,266487975,63.9,64.1,65
2026-10-05 12:25:12,22444.65,2026-10-06,22500.0,PE,40698,117.35,15128685,500072755,117.3,117.5,65
2026-10-05 12:25:12,22444.65,2026-10-06,23000.0,CE,40731,3.9,18329545,94347110,3.85,3.9,65
2026-10-05 12:25:12,22444.65,2026-10-06,22500.0,CE,40697,85.3,21691150,307496475,85.1,85.3,65
2026-10-05 12:25:12,22444.65,2026-10-06,23050.0,PE,40736,575.1,308620,614315,583.6,586.0,65
2026-10-05 12:25:12,22444.65,2026-10-06,23050.0,CE,40735,3.1,4856865,30995510,3.05,3.1,65
2026-10-05 12:25:12,22444.65,2026-10-06,22300.0,PE,40681,44.55,12689170,220578800,44.55,44.65,65
2026-10-05 12:25:12,22444.65,2026-10-06,22350.0,CE,40682,175.55,1740180,14221350,175.1,175.5,65
2026-10-05 12:25:12,22444.65,2026-10-06,22900.0,PE,40722,437.1,654745,2844205,436.8,438.25,65
2026-10-05 12:25:12,22444.65,2026-10-06,22450.0,CE,40689,111.5,9060415,100533030,111.25,111.5,65
2026-10-05 12:25:12,22444.65,2026-10-06,22900.0,CE,40721,5.9,11559015,95600765,5.8,5.85,65
2026-10-05 12:25:12,22444.65,2026-10-06,22400.0,PE,40688,74.0,16234855,347139975,73.85,74.05,65
2026-10-05 12:25:12,22444.65,2026-10-06,22400.0,CE,40687,141.3,7269860,75790325,141.05,141.4,65
2026-10-05 12:25:12,22444.65,2026-10-06,22850.0,PE,40720,389.95,316225,2228070,389.3,390.55,65
2026-10-05 12:25:12,22444.65,2026-10-06,22350.0,PE,40686,57.25,6529380,167422645,57.2,57.4,65
2026-10-05 12:25:12,22444.65,2026-10-06,22950.0,PE,40724,485.35,379470,553475,485.35,487.05,65
2026-10-05 12:25:12,22444.65,2026-10-06,22950.0,CE,40723,4.6,6019260,42141645,4.6,4.65,65
2026-10-05 12:25:12,22444.65,2026-10-06,22850.0,CE,40717,8.05,7767565,82708080,8.0,8.05,65
2026-10-05 12:25:12,22444.65,2026-10-06,22800.0,PE,40716,343.35,1772420,15382315,342.1,343.15,65
2026-10-05 12:25:12,22444.65,2026-10-06,22050.0,PE,40670,11.6,3170180,57287360,11.75,11.8,65
2026-10-05 12:25:12,22444.65,2026-10-06,22150.0,PE,40674,19.95,4455035,79766375,20.05,20.1,65
2026-10-05 12:25:12,22444.65,2026-10-06,22150.0,CE,40673,338.4,150735,429325,337.45,338.45,65
2026-10-05 12:25:12,22444.65,2026-10-06,22100.0,PE,40672,15.1,8124350,103413960,15.1,15.15,65
2026-10-05 12:25:12,22444.65,2026-10-06,22100.0,CE,40671,383.6,229840,649480,383.15,384.25,65
2026-10-05 12:25:12,22444.65,2026-10-06,22250.0,PE,40678,34.25,5208060,107850990,34.25,34.4,65
2026-10-05 12:25:12,22444.65,2026-10-06,22700.0,PE,40711,254.85,3248310,62974080,254.5,255.1,65
2026-10-05 12:25:12,22444.65,2026-10-06,22250.0,CE,40677,252.4,443105,2788955,251.9,252.25,65
2026-10-05 12:25:12,22444.65,2026-10-06,22700.0,CE,40710,23.65,17274075,241503470,23.55,23.65,65
2026-10-05 12:25:12,22444.65,2026-10-06,22200.0,PE,40676,25.95,10552490,151317010,26.05,26.15,65
2026-10-05 12:25:12,22444.65,2026-10-06,22200.0,CE,40675,295.1,737230,4264845,293.9,294.7,65
2026-10-05 12:25:12,22444.65,2026-10-06,22800.0,CE,40715,11.3,16512470,168417340,11.3,11.4,65
2026-10-05 12:25:12,22444.65,2026-10-06,22750.0,PE,40714,297.8,838240,14441635,297.8,298.55,65
2026-10-05 12:25:12,22444.65,2026-10-06,22750.0,CE,40712,16.35,8226270,126202180,16.35,16.4,65
2026-10-05 12:25:12,22444.65,2026-10-06,22300.0,CE,40679,212.65,2350855,17711785,212.15,212.6,65
2026-10-05 12:25:12,22444.65,2026-10-06,22650.0,PE,40709,214.8,1360060,79325870,215.05,215.65,65
2026-10-05 12:30:46,22462.95,2026-10-06,21900.0,CE,40663,586.65,37635,50765,591.6,593.65,65
2026-10-05 12:30:46,22462.95,2026-10-06,21850.0,PE,40662,3.9,2969525,55878290,3.9,3.95,65
2026-10-05 12:30:46,22462.95,2026-10-06,21850.0,CE,40661,635.75,24180,3705,639.3,642.65,65
2026-10-05 12:30:46,22462.95,2026-10-06,22000.0,CE,40667,495.4,631540,2453555,494.8,496.4,65
2026-10-05 12:30:46,22462.95,2026-10-06,22550.0,PE,40700,131.6,4400565,278407935,131.7,132.05,65
2026-10-05 12:30:46,22462.95,2026-10-06,21950.0,PE,40666,6.15,3637465,47258380,6.15,6.2,65
2026-10-05 12:30:46,22462.95,2026-10-06,21950.0,CE,40665,537.25,28145,54730,541.95,544.15,65
2026-10-05 12:30:46,22462.95,2026-10-06,21900.0,PE,40664,5.0,7361705,64309245,4.95,5.0,65
2026-10-05 12:30:46,22462.95,2026-10-06,22650.0,CE,40704,36.35,12774515,211920995,36.35,36.45,65
2026-10-05 12:30:46,22462.95,2026-10-06,22600.0,PE,40703,162.7,6015815,272685075,163.0,163.3,65
2026-10-05 12:30:46,22462.95,2026-10-06,22050.0,CE,40669,437.0,49725,133705,447.1,448.7,65
2026-10-05 12:30:46,22462.95,2026-10-06,22000.0,PE,40668,7.9,14422460,130068835,7.9,7.95,65
2026-10-05 12:30:46,22462.95,2026-10-06,22600.0,CE,40701,51.1,24393135,406933735,51.05,51.2,65
2026-10-05 12:30:46,22462.95,2026-10-06,22450.0,PE,40696,83.2,9932715,308133150,83.35,83.6,65
2026-10-05 12:30:46,22462.95,2026-10-06,23000.0,PE,40732,519.45,1337440,2912455,515.85,517.3,65
2026-10-05 12:30:46,22462.95,2026-10-06,22550.0,CE,40699,69.65,14063920,272341030,69.65,69.85,65
2026-10-05 12:30:46,22462.95,2026-10-06,22500.0,PE,40698,104.85,15006745,506829700,104.95,105.15,65
2026-10-05 12:30:46,22462.95,2026-10-06,23000.0,CE,40731,4.0,18389280,95324450,3.95,4.0,65
2026-10-05 12:30:46,22462.95,2026-10-06,22500.0,CE,40697,92.65,21988135,318067100,92.65,92.9,65
2026-10-05 12:30:46,22462.95,2026-10-06,23050.0,PE,40736,576.05,308035,616525,564.85,566.55,65
2026-10-05 12:30:46,22462.95,2026-10-06,23050.0,CE,40735,3.15,4849455,31377255,3.1,3.15,65
2026-10-05 12:30:46,22462.95,2026-10-06,22300.0,PE,40681,38.9,13106535,226229575,38.7,38.8,65
2026-10-05 12:30:46,22462.95,2026-10-06,22350.0,CE,40682,187.8,1641705,15168725,187.6,188.0,65
2026-10-05 12:30:46,22462.95,2026-10-06,22900.0,PE,40722,419.05,655785,2862340,418.8,420.25,65
2026-10-05 12:30:46,22462.95,2026-10-06,22450.0,CE,40689,120.3,8984950,107086330,119.9,120.25,65
2026-10-05 12:30:46,22462.95,2026-10-06,22900.0,CE,40721,6.05,11626875,96898230,6.05,6.1,65
2026-10-05 12:30:46,22462.95,2026-10-06,22400.0,PE,40688,65.25,16755700,357817655,65.1,65.25,65
2026-10-05 12:30:46,22462.95,2026-10-06,22400.0,CE,40687,152.55,7181655,79837810,152.15,152.5,65
2026-10-05 12:30:46,22462.95,2026-10-06,22850.0,PE,40720,371.0,317460,2253485,369.85,371.1,65
2026-10-05 12:30:46,22462.95,2026-10-06,22350.0,PE,40686,50.3,6951490,172128645,50.45,50.55,65
2026-10-05 12:30:46,22462.95,2026-10-06,22950.0,PE,40724,478.3,379145,556400,465.1,467.35,65
2026-10-05 12:30:46,22462.95,2026-10-06,22950.0,CE,40723,4.85,6026345,43136080,4.8,4.85,65
2026-10-05 12:30:46,22462.95,2026-10-06,22850.0,CE,40717,8.45,8162310,84345105,8.4,8.45,65
2026-10-05 12:30:46,22462.95,2026-10-06,22800.0,PE,40716,324.75,1771510,15476500,325.0,325.3,65
2026-10-05 12:30:46,22462.95,2026-10-06,22050.0,PE,40670,10.15,3307915,58694090,10.15,10.2,65
2026-10-05 12:30:46,22462.95,2026-10-06,22150.0,PE,40674,17.4,4743895,82022785,17.3,17.4,65
2026-10-05 12:30:46,22462.95,2026-10-06,22150.0,CE,40673,352.4,149110,440440,354.95,356.05,65
2026-10-05 12:30:46,22462.95,2026-10-06,22100.0,PE,40672,13.15,8329945,105693575,13.1,13.15,65
2026-10-05 12:30:46,22462.95,2026-10-06,22100.0,CE,40671,401.6,221975,675740,399.85,400.95,65
2026-10-05 12:30:46,22462.95,2026-10-06,22250.0,PE,40678,29.8,5293470,110660160,29.7,29.8,65
2026-10-05 12:30:46,22462.95,2026-10-06,22700.0,PE,40711,237.55,3265990,63528075,237.25,237.75,65
2026-10-05 12:30:46,22462.95,2026-10-06,22250.0,CE,40677,267.3,450645,2997150,267.15,267.9,65
2026-10-05 12:30:46,22462.95,2026-10-06,22700.0,CE,40710,25.65,17286555,246645620,25.6,25.65,65
2026-10-05 12:30:46,22462.95,2026-10-06,22200.0,PE,40676,22.65,10676835,154748945,22.6,22.7,65
2026-10-05 12:30:46,22462.95,2026-10-06,22200.0,CE,40675,310.55,740285,4391140,310.3,311.0,65
2026-10-05 12:30:46,22462.95,2026-10-06,22800.0,CE,40715,12.0,16731390,171511015,12.0,12.1,65
2026-10-05 12:30:46,22462.95,2026-10-06,22750.0,PE,40714,280.0,862095,14540565,279.4,280.0,65
2026-10-05 12:30:46,22462.95,2026-10-06,22750.0,CE,40712,17.6,8224775,128526190,17.65,17.7,65
2026-10-05 12:30:46,22462.95,2026-10-06,22300.0,CE,40679,227.15,2366130,18405400,226.8,227.5,65
2026-10-05 12:30:46,22462.95,2026-10-06,22650.0,PE,40709,197.2,1360970,79838330,197.45,198.0,65
2026-10-05 12:35:19,22444.4,2026-10-06,21900.0,CE,40663,578.0,36725,51025,571.75,573.9,65
2026-10-05 12:35:19,22444.4,2026-10-06,21850.0,PE,40662,4.3,2946970,56668625,4.3,4.35,65
2026-10-05 12:35:19,22444.4,2026-10-06,21850.0,CE,40661,620.0,24180,3770,620.5,623.8,65
2026-10-05 12:35:19,22444.4,2026-10-06,22000.0,CE,40667,476.1,628420,2464345,475.75,477.05,65
2026-10-05 12:35:19,22444.4,2026-10-06,22550.0,PE,40700,145.3,4493385,279817460,144.9,145.25,65
2026-10-05 12:35:19,22444.4,2026-10-06,21950.0,PE,40666,6.95,3645135,48148230,6.9,6.95,65
2026-10-05 12:35:19,22444.4,2026-10-06,21950.0,CE,40665,528.35,28275,55185,524.45,525.8,65
2026-10-05 12:35:19,22444.4,2026-10-06,21900.0,PE,40664,5.5,7461155,65300625,5.5,5.55,65
2026-10-05 12:35:19,22444.4,2026-10-06,22650.0,CE,40704,32.35,13057915,214244485,32.4,32.5,65
2026-10-05 12:35:19,22444.4,2026-10-06,22600.0,PE,40703,177.85,6135935,273983645,177.95,178.35,65
2026-10-05 12:35:19,22444.4,2026-10-06,22050.0,CE,40669,428.05,53430,138905,428.9,430.9,65
2026-10-05 12:35:19,22444.4,2026-10-06,22000.0,PE,40668,9.1,14508000,131838070,9.0,9.1,65
2026-10-05 12:35:19,22444.4,2026-10-06,22600.0,CE,40701,45.8,24500970,411427965,45.75,45.85,65
2026-10-05 12:35:19,22444.4,2026-10-06,22450.0,PE,40696,93.45,10668450,313877005,93.1,93.35,65
2026-10-05 12:35:19,22444.4,2026-10-06,23000.0,PE,40732,535.0,1334840,2923635,534.7,536.6,65
2026-10-05 12:35:19,22444.4,2026-10-06,22550.0,CE,40699,63.1,14009255,275867150,62.9,63.1,65
2026-10-05 12:35:19,22444.4,2026-10-06,22500.0,PE,40698,117.0,15356900,511757870,116.7,116.95,65
2026-10-05 12:35:19,22444.4,2026-10-06,23000.0,CE,40731,3.85,18380245,96078645,3.8,3.85,65
2026-10-05 12:35:19,22444.4,2026-10-06,22500.0,CE,40697,84.05,22352525,324469275,84.15,84.35,65
2026-10-05 12:35:19,22444.4,2026-10-06,23050.0,PE,40736,586.25,308035,618410,584.9,586.55,65
2026-10-05 12:35:19,22444.4,2026-10-06,23050.0,CE,40735,3.05,4893655,31637580,3.05,3.1,65
2026-10-05 12:35:19,22444.4,2026-10-06,22300.0,PE,40681,44.4,13508365,229773635,44.35,44.45,65
2026-10-05 12:35:19,22444.4,2026-10-06,22350.0,CE,40682,174.5,1603680,15621190,174.5,175.0,65
2026-10-05 12:35:19,22444.4,2026-10-06,22900.0,PE,40722,438.65,655590,2872350,437.0,438.45,65
2026-10-05 12:35:19,22444.4,2026-10-06,22450.0,CE,40689,110.25,9097140,110758115,110.3,110.65,65
2026-10-05 12:35:19,22444.4,2026-10-06,22900.0,CE,40721,5.65,11656125,97859970,5.6,5.65,65
2026-10-05 12:35:19,22444.4,2026-10-06,22400.0,PE,40688,73.85,18098730,364550420,73.5,73.6,65
2026-10-05 12:35:19,22444.4,2026-10-06,22400.0,CE,40687,140.4,7159555,81928535,140.5,140.9,65
2026-10-05 12:35:19,22444.4,2026-10-06,22850.0,PE,40720,390.95,318760,2267135,389.6,390.75,65
2026-10-05 12:35:19,22444.4,2026-10-06,22350.0,PE,40686,57.3,7189650,175116890,57.2,57.35,65
2026-10-05 12:35:19,22444.4,2026-10-06,22950.0,PE,40724,480.75,378690,557765,485.25,486.8,65
2026-10-05 12:35:19,22444.4,2026-10-06,22950.0,CE,40723,4.55,6069375,43519645,4.5,4.55,65
2026-10-05 12:35:19,22444.4,2026-10-06,22850.0,CE,40717,7.7,8266180,85280195,7.65,7.7,65
2026-10-05 12:35:19,22444.4,2026-10-06,22800.0,PE,40716,344.05,1783535,15551705,342.4,343.45,65
2026-10-05 12:35:19,22444.4,2026-10-06,22050.0,PE,40670,11.75,3377075,59613385,11.7,11.8,65
2026-10-05 12:35:19,22444.4,2026-10-06,22150.0,PE,40674,20.05,4958980,83726565,20.0,20.05,65
2026-10-05 12:35:19,22444.4,2026-10-06,22150.0,CE,40673,337.05,148525,450775,337.25,338.2,65
2026-10-05 12:35:19,22444.4,2026-10-06,22100.0,PE,40672,15.25,8394035,107258580,15.15,15.25,65
2026-10-05 12:35:19,22444.4,2026-10-06,22100.0,CE,40671,383.75,222235,689520,382.3,383.55,65
2026-10-05 12:35:19,22444.4,2026-10-06,22250.0,PE,40678,34.3,5524545,112858395,34.2,34.35,65
2026-10-05 12:35:19,22444.4,2026-10-06,22700.0,PE,40711,254.95,3285555,63864905,254.35,254.95,65
2026-10-05 12:35:19,22444.4,2026-10-06,22250.0,CE,40677,252.45,498940,3073915,251.15,251.85,65
2026-10-05 12:35:19,22444.4,2026-10-06,22700.0,CE,40710,22.9,17307160,249544100,22.85,22.95,65
2026-10-05 12:35:19,22444.4,2026-10-06,22200.0,PE,40676,26.1,10848955,157201005,26.1,26.2,65
2026-10-05 12:35:19,22444.4,2026-10-06,22200.0,CE,40675,293.1,732810,4472390,293.35,294.15,65
2026-10-05 12:35:19,22444.4,2026-10-06,22800.0,CE,40715,10.85,16820050,173387695,10.9,10.95,65
2026-10-05 12:35:19,22444.4,2026-10-06,22750.0,PE,40714,298.0,865345,14610635,297.3,298.15,65
2026-10-05 12:35:19,22444.4,2026-10-06,22750.0,CE,40712,15.7,8222240,130062985,15.8,15.85,65
2026-10-05 12:35:19,22444.4,2026-10-06,22300.0,CE,40679,212.45,2333240,18754255,211.85,212.4,65
2026-10-05 12:35:19,22444.4,2026-10-06,22650.0,PE,40709,215.15,1374100,80157935,214.35,214.95,65
2026-10-05 12:40:16,22444.8,2026-10-06,21900.0,CE,40663,580.85,36530,51545,572.95,574.95,65
2026-10-05 12:40:16,22444.8,2026-10-06,21850.0,PE,40662,4.5,3003390,57783505,4.5,4.55,65
2026-10-05 12:40:16,22444.8,2026-10-06,21850.0,CE,40661,620.45,24050,4030,621.35,623.9,65
2026-10-05 12:40:16,22444.8,2026-10-06,22000.0,CE,40667,477.9,627510,2470455,477.2,478.65,65
2026-10-05 12:40:16,22444.8,2026-10-06,22550.0,PE,40700,145.3,4574700,281015345,145.0,145.3,65
2026-10-05 12:40:16,22444.8,2026-10-06,21950.0,PE,40666,7.2,3689400,48789845,7.2,7.25,65
2026-10-05 12:40:16,22444.8,2026-10-06,21950.0,CE,40665,525.65,28340,55575,525.45,527.1,65
2026-10-05 12:40:16,22444.8,2026-10-06,21900.0,PE,40664,5.75,7364435,66212380,5.7,5.8,65
2026-10-05 12:40:16,22444.8,2026-10-06,22650.0,CE,40704,32.5,13032370,216038810,32.55,32.65,65
2026-10-05 12:40:16,22444.8,2026-10-06,22600.0,PE,40703,177.6,6172725,275009215,177.25,177.75,65
2026-10-05 12:40:16,22444.8,2026-10-06,22050.0,CE,40669,430.2,53820,140205,429.9,431.8,65
2026-10-05 12:40:16,22444.8,2026-10-06,22000.0,PE,40668,9.3,14648660,133818425,9.3,9.35,65
2026-10-05 12:40:16,22444.8,2026-10-06,22600.0,CE,40701,46.25,24446955,415132055,46.15,46.25,65
2026-10-05 12:40:16,22444.8,2026-10-06,22450.0,PE,40696,93.85,11130145,318859320,93.25,93.55,65
2026-10-05 12:40:16,22444.8,2026-10-06,23000.0,PE,40732,534.75,1339195,2934490,533.9,535.2,65
2026-10-05 12:40:16,22444.8,2026-10-06,22550.0,CE,40699,63.3,14127100,278461105,63.3,63.5,65
2026-10-05 12:40:16,22444.8,2026-10-06,22500.0,PE,40698,117.0,15629835,515569080,116.85,117.0,65
2026-10-05 12:40:16,22444.8,2026-10-06,23000.0,CE,40731,3.8,18411510,96700825,3.75,3.8,65
2026-10-05 12:40:16,22444.8,2026-10-06,22500.0,CE,40697,85.05,22280505,329660825,84.85,85.05,65
2026-10-05 12:40:16,22444.8,2026-10-06,23050.0,PE,40736,585.25,307580,619515,584.4,586.0,65
2026-10-05 12:40:16,22444.8,2026-10-06,23050.0,CE,40735,3.05,4897035,31926440,3.0,3.05,65
2026-10-05 12:40:16,22444.8,2026-10-06,22300.0,PE,40681,45.15,13650780,233065430,44.9,45.0,65
2026-10-05 12:40:16,22444.8,2026-10-06,22350.0,CE,40682,176.3,1558700,15995850,175.65,176.1,65
2026-10-05 12:40:16,22444.8,2026-10-06,22900.0,PE,40722,437.3,653380,2877940,436.6,438.0,65
2026-10-05 12:40:16,22444.8,2026-10-06,22450.0,CE,40689,111.3,9195680,113679085,111.45,111.55,65
2026-10-05 12:40:16,22444.8,2026-10-06,22900.0,CE,40721,5.5,11675625,98943260,5.5,5.55,65
2026-10-05 12:40:16,22444.8,2026-10-06,22400.0,PE,40688,74.2,18413785,370808815,73.9,74.1,65
2026-10-05 12:40:16,22444.8,2026-10-06,22400.0,CE,40687,141.45,7115810,83796700,141.5,141.85,65
2026-10-05 12:40:16,22444.8,2026-10-06,22850.0,PE,40720,388.75,317850,2277340,388.9,390.2,65
2026-10-05 12:40:16,22444.8,2026-10-06,22350.0,PE,40686,57.85,7387055,177589750,57.7,57.85,65
2026-10-05 12:40:16,22444.8,2026-10-06,22950.0,PE,40724,480.25,378560,558805,484.55,486.45,65
2026-10-05 12:40:16,22444.8,2026-10-06,22950.0,CE,40723,4.45,6089135,43851340,4.45,4.5,65
2026-10-05 12:40:16,22444.8,2026-10-06,22850.0,CE,40717,7.6,8347690,85905365,7.6,7.65,65
2026-10-05 12:40:16,22444.8,2026-10-06,22800.0,PE,40716,341.95,1778075,15614040,341.95,342.95,65
2026-10-05 12:40:16,22444.8,2026-10-06,22050.0,PE,40670,11.95,3426475,60472945,12.0,12.05,65
2026-10-05 12:40:16,22444.8,2026-10-06,22150.0,PE,40674,20.45,4965415,85109115,20.5,20.55,65
2026-10-05 12:40:16,22444.8,2026-10-06,22150.0,CE,40673,339.05,149500,459355,338.25,339.1,65
2026-10-05 12:40:16,22444.8,2026-10-06,22100.0,PE,40672,15.65,8460660,108598685,15.55,15.65,65
2026-10-05 12:40:16,22444.8,2026-10-06,22100.0,CE,40671,385.0,221975,704730,383.55,384.6,65
2026-10-05 12:40:16,22444.8,2026-10-06,22250.0,PE,40678,34.75,5556005,114593115,34.65,34.75,65
2026-10-05 12:40:16,22444.8,2026-10-06,22700.0,PE,40711,254.4,3296085,64140960,253.8,254.5,65
2026-10-05 12:40:16,22444.8,2026-10-06,22250.0,CE,40677,253.3,501995,3131375,252.7,253.4,65
2026-10-05 12:40:16,22444.8,2026-10-06,22700.0,CE,40710,22.95,17308915,251875325,22.9,23.0,65
2026-10-05 12:40:16,22444.8,2026-10-06,22200.0,PE,40676,26.8,10920715,159757650,26.7,26.8,65
2026-10-05 12:40:16,22444.8,2026-10-06,22200.0,CE,40675,294.7,744575,4551300,294.55,295.3,65
2026-10-05 12:40:16,22444.8,2026-10-06,22800.0,CE,40715,10.8,16868280,174639660,10.8,10.85,65
2026-10-05 12:40:16,22444.8,2026-10-06,22750.0,PE,40714,296.2,861770,14683110,296.85,297.5,65
2026-10-05 12:40:16,22444.8,2026-10-06,22750.0,CE,40712,15.75,8205470,131191840,15.7,15.75,65
2026-10-05 12:40:16,22444.8,2026-10-06,22300.0,CE,40679,213.55,2302495,19026670,213.0,213.5,65
2026-10-05 12:40:16,22444.8,2026-10-06,22650.0,PE,40709,213.9,1391065,80460835,213.75,214.3,65
2026-10-05 12:45:22,22454.8,2026-10-06,21900.0,CE,40663,595.0,36790,52585,583.8,586.7,65
2026-10-05 12:45:22,22454.8,2026-10-06,21850.0,PE,40662,3.9,3003065,59428655,3.9,3.95,65
2026-10-05 12:45:22,22454.8,2026-10-06,21850.0,CE,40661,633.9,23985,4355,633.7,636.5,65
2026-10-05 12:45:22,22454.8,2026-10-06,22000.0,CE,40667,487.8,629460,2485730,488.2,489.9,65
2026-10-05 12:45:22,22454.8,2026-10-06,22550.0,PE,40700,136.6,4600310,282526790,136.05,136.4,65
2026-10-05 12:45:22,22454.8,2026-10-06,21950.0,PE,40666,6.2,3646760,49943140,6.2,6.25,65
2026-10-05 12:45:22,22454.8,2026-10-06,21950.0,CE,40665,542.65,28015,58825,535.75,537.65,65
2026-10-05 12:45:22,22454.8,2026-10-06,21900.0,PE,40664,5.0,7436000,67867540,5.0,5.05,65
2026-10-05 12:45:22,22454.8,2026-10-06,22650.0,CE,40704,34.65,13116285,219321635,34.45,34.6,65
2026-10-05 12:45:22,22454.8,2026-10-06,22600.0,PE,40703,168.0,6207110,276428100,167.75,168.0,65
2026-10-05 12:45:22,22454.8,2026-10-06,22050.0,CE,40669,444.3,56160,144755,440.85,442.45,65
2026-10-05 12:45:22,22454.8,2026-10-06,22000.0,PE,40668,8.05,14618630,136085820,8.05,8.1,65
2026-10-05 12:45:22,22454.8,2026-10-06,22600.0,CE,40701,49.05,24479585,421492955,48.75,48.9,65
2026-10-05 12:45:22,22454.8,2026-10-06,22450.0,PE,40696,86.15,11326965,324710555,86.1,86.35,65
2026-10-05 12:45:22,22454.8,2026-10-06,23000.0,PE,40732,523.3,1339975,2956070,522.05,523.6,65
2026-10-05 12:45:22,22454.8,2026-10-06,22550.0,CE,40699,67.3,14178970,282515675,66.75,66.85,65
2026-10-05 12:45:22,22454.8,2026-10-06,22500.0,PE,40698,109.0,15595580,520239590,109.0,109.15,65
2026-10-05 12:45:22,22454.8,2026-10-06,23000.0,CE,40731,3.9,18426915,97698185,3.9,3.95,65
2026-10-05 12:45:22,22454.8,2026-10-06,22500.0,CE,40697,89.25,22427795,337012975,88.85,89.05,65
2026-10-05 12:45:22,22454.8,2026-10-06,23050.0,PE,40736,575.0,312585,627510,570.55,572.65,65
2026-10-05 12:45:22,22454.8,2026-10-06,23050.0,CE,40735,3.2,4912570,32442605,3.15,3.2,65
2026-10-05 12:45:22,22454.8,2026-10-06,22300.0,PE,40681,40.4,13616980,237286335,40.3,40.45,65
2026-10-05 12:45:22,22454.8,2026-10-06,22350.0,CE,40682,182.35,1491100,16557905,182.55,183.0,65
2026-10-05 12:45:22,22454.8,2026-10-06,22900.0,PE,40722,424.75,654875,2896855,424.65,425.8,65
2026-10-05 12:45:22,22454.8,2026-10-06,22450.0,CE,40689,116.25,9086675,117748150,116.35,116.6,65
2026-10-05 12:45:22,22454.8,2026-10-06,22900.0,CE,40721,5.95,11703185,100591075,5.9,5.95,65
2026-10-05 12:45:22,22454.8,2026-10-06,22400.0,PE,40688,67.55,18080790,377707915,67.55,67.8,65
2026-10-05 12:45:22,22454.8,2026-10-06,22400.0,CE,40687,147.75,6772805,86620105,147.6,147.9,65
2026-10-05 12:45:22,22454.8,2026-10-06,22850.0,PE,40720,377.65,313170,2298140,377.05,378.15,65
2026-10-05 12:45:22,22454.8,2026-10-06,22350.0,PE,40686,52.45,7168590,181019605,52.25,52.4,65
2026-10-05 12:45:22,22454.8,2026-10-06,22950.0,PE,40724,470.25,379860,564460,472.6,474.15,65
2026-10-05 12:45:22,22454.8,2026-10-06,22950.0,CE,40723,4.7,6092515,44637580,4.7,4.75,65
2026-10-05 12:45:22,22454.8,2026-10-06,22850.0,CE,40717,8.1,8588255,87394060,8.05,8.1,65
2026-10-05 12:45:22,22454.8,2026-10-06,22800.0,PE,40716,330.4,1791010,15686905,330.15,331.1,65
2026-10-05 12:45:22,22454.8,2026-10-06,22050.0,PE,40670,10.4,3431025,61772035,10.4,10.45,65
2026-10-05 12:45:22,22454.8,2026-10-06,22150.0,PE,40674,17.9,4967430,87008220,17.9,17.95,65
2026-10-05 12:45:22,22454.8,2026-10-06,22150.0,CE,40673,348.95,151060,476385,347.8,348.75,65
2026-10-05 12:45:22,22454.8,2026-10-06,22100.0,PE,40672,13.5,8344375,111172750,13.45,13.55,65
2026-10-05 12:45:22,22454.8,2026-10-06,22100.0,CE,40671,395.6,223015,732745,394.0,395.05,65
2026-10-05 12:45:22,22454.8,2026-10-06,22250.0,PE,40678,31.0,5530070,116859080,30.85,30.95,65
2026-10-05 12:45:22,22454.8,2026-10-06,22700.0,PE,40711,243.4,3309345,64532650,242.85,243.5,65
2026-10-05 12:45:22,22454.8,2026-10-06,22250.0,CE,40677,261.0,504075,3223285,261.1,261.6,65
2026-10-05 12:45:22,22454.8,2026-10-06,22700.0,CE,40710,24.35,17079920,255912605,24.35,24.45,65
2026-10-05 12:45:22,22454.8,2026-10-06,22200.0,PE,40676,23.45,10812685,163261930,23.5,23.55,65
2026-10-05 12:45:22,22454.8,2026-10-06,22200.0,CE,40675,304.0,749710,4663360,304.1,304.6,65
2026-10-05 12:45:22,22454.8,2026-10-06,22800.0,CE,40715,11.6,17017650,177578960,11.55,11.65,65
2026-10-05 12:45:22,22454.8,2026-10-06,22750.0,PE,40714,284.05,860925,14788410,285.65,286.1,65
2026-10-05 12:45:22,22454.8,2026-10-06,22750.0,CE,40712,16.8,8223020,133405285,16.75,16.85,65
2026-10-05 12:45:22,22454.8,2026-10-06,22300.0,CE,40679,221.1,2242110,19463015,220.75,221.35,65
2026-10-05 12:45:22,22454.8,2026-10-06,22650.0,PE,40709,203.5,1418885,80822040,203.65,204.15,65
2026-10-05 12:50:23,22470.5,2026-10-06,21900.0,CE,40663,592.0,36205,53755,596.3,599.3,65
2026-10-05 12:50:23,22470.5,2026-10-06,21850.0,PE,40662,3.65,2993575,60780525,3.65,3.7,65
2026-10-05 12:50:23,22470.5,2026-10-06,21850.0,CE,40661,651.75,24310,4615,644.1,649.35,65
2026-10-05 12:50:23,22470.5,2026-10-06,22000.0,CE,40667,502.2,623740,2512705,500.7,502.25,65
2026-10-05 12:50:23,22470.5,2026-10-06,22550.0,PE,40700,127.85,4572815,284675300,127.55,127.9,65
2026-10-05 12:50:23,22470.5,2026-10-06,21950.0,PE,40666,5.7,3626285,51116260,5.75,5.8,65
2026-10-05 12:50:23,22470.5,2026-10-06,21950.0,CE,40665,548.8,28080,60385,548.65,550.15,65
2026-10-05 12:50:23,22470.5,2026-10-06,21900.0,PE,40664,4.65,7374640,69487080,4.6,4.65,65
2026-10-05 12:50:23,22470.5,2026-10-06,22650.0,CE,40704,37.35,13276250,223760745,37.2,37.35,65
2026-10-05 12:50:23,22470.5,2026-10-06,22600.0,PE,40703,158.3,6165445,278356390,158.05,158.45,65
2026-10-05 12:50:23,22470.5,2026-10-06,22050.0,CE,40669,453.0,55705,147095,452.45,454.0,65
2026-10-05 12:50:23,22470.5,2026-10-06,22000.0,PE,40668,7.35,14688050,139475245,7.4,7.45,65
2026-10-05 12:50:23,22470.5,2026-10-06,22600.0,CE,40701,52.5,24440130,430471795,52.5,52.65,65
2026-10-05 12:50:23,22470.5,2026-10-06,22450.0,PE,40696,80.25,11270480,332309900,80.05,80.25,65
2026-10-05 12:50:23,22470.5,2026-10-06,23000.0,PE,40732,510.0,1337570,2977065,508.3,509.85,65
2026-10-05 12:50:23,22470.5,2026-10-06,22550.0,CE,40699,71.6,14128595,288951260,71.6,71.8,65
2026-10-05 12:50:23,22470.5,2026-10-06,22500.0,PE,40698,101.55,15687425,527489365,101.4,101.7,65
2026-10-05 12:50:23,22470.5,2026-10-06,23000.0,CE,40731,3.95,18370300,98899385,3.9,3.95,65
2026-10-05 12:50:23,22470.5,2026-10-06,22500.0,CE,40697,95.5,22635795,349011975,95.15,95.4,65
2026-10-05 12:50:23,22470.5,2026-10-06,23050.0,PE,40736,567.5,312455,628485,558.7,560.45,65
2026-10-05 12:50:23,22470.5,2026-10-06,23050.0,CE,40735,3.1,4928625,32859450,3.1,3.15,65
2026-10-05 12:50:23,22470.5,2026-10-06,22300.0,PE,40681,37.0,13863005,243474660,36.9,37.0,65
2026-10-05 12:50:23,22470.5,2026-10-06,22350.0,CE,40682,192.45,1504620,17432935,191.4,191.9,65
2026-10-05 12:50:23,22470.5,2026-10-06,22900.0,PE,40722,411.55,663845,2916095,411.45,413.0,65
2026-10-05 12:50:23,22470.5,2026-10-06,22450.0,CE,40689,123.7,9205755,124161895,123.5,123.8,65
2026-10-05 12:50:23,22470.5,2026-10-06,22900.0,CE,40721,6.1,11924510,102363430,6.05,6.1,65
2026-10-05 12:50:23,22470.5,2026-10-06,22400.0,PE,40688,62.55,16646890,386710740,62.6,62.75,65
2026-10-05 12:50:23,22470.5,2026-10-06,22400.0,CE,40687,156.45,6410625,90862330,155.75,156.15,65
2026-10-05 12:50:23,22470.5,2026-10-06,22850.0,PE,40720,364.4,311090,2323165,364.0,364.95,65
2026-10-05 12:50:23,22470.5,2026-10-06,22350.0,PE,40686,48.25,7057115,185041935,48.1,48.25,65
2026-10-05 12:50:23,22470.5,2026-10-06,22950.0,PE,40724,465.0,378820,571805,459.35,460.75,65
2026-10-05 12:50:23,22470.5,2026-10-06,22950.0,CE,40723,4.75,6064435,45190275,4.75,4.8,65
2026-10-05 12:50:23,22470.5,2026-10-06,22850.0,CE,40717,8.5,8820760,89029070,8.45,8.55,65
2026-10-05 12:50:23,22470.5,2026-10-06,22800.0,PE,40716,318.95,1794715,15834585,317.65,318.5,65
2026-10-05 12:50:23,22470.5,2026-10-06,22050.0,PE,40670,9.55,3364790,63139245,9.5,9.55,65
2026-10-05 12:50:23,22470.5,2026-10-06,22150.0,PE,40674,16.3,4858360,89415365,16.25,16.3,65
2026-10-05 12:50:23,22470.5,2026-10-06,22150.0,CE,40673,360.55,154115,499460,359.95,360.95,65
2026-10-05 12:50:23,22470.5,2026-10-06,22100.0,PE,40672,12.25,8373885,113619935,12.2,12.25,65
2026-10-05 12:50:23,22470.5,2026-10-06,22100.0,CE,40671,406.9,218010,749580,405.9,406.95,65
2026-10-05 12:50:23,22470.5,2026-10-06,22250.0,PE,40678,28.15,5336240,119624310,28.2,28.3,65
2026-10-05 12:50:23,22470.5,2026-10-06,22700.0,PE,40711,232.25,3353285,65045955,232.2,232.75,65
2026-10-05 12:50:23,22470.5,2026-10-06,22250.0,CE,40677,271.9,422695,3413410,271.75,272.5,65
2026-10-05 12:50:23,22470.5,2026-10-06,22700.0,CE,40710,26.3,17345640,261231360,26.15,26.25,65
2026-10-05 12:50:23,22470.5,2026-10-06,22200.0,PE,40676,21.45,10637900,167683490,21.35,21.45,65
2026-10-05 12:50:23,22470.5,2026-10-06,22200.0,CE,40675,314.7,718380,4841070,314.95,315.85,65
2026-10-05 12:50:23,22470.5,2026-10-06,22800.0,CE,40715,12.35,17069520,181171705,12.3,12.4,65
2026-10-05 12:50:23,22470.5,2026-10-06,22750.0,PE,40714,274.55,861445,14891110,273.8,274.6,65
2026-10-05 12:50:23,22470.5,2026-10-06,22750.0,CE,40712,18.1,8406255,136088745,17.95,18.05,65
2026-10-05 12:50:23,22470.5,2026-10-06,22300.0,CE,40679,230.75,2216045,20087535,230.8,231.0,65
2026-10-05 12:50:23,22470.5,2026-10-06,22650.0,PE,40709,193.0,1455545,81300700,193.0,193.35,65
2026-10-05 12:55:22,22445.15,2026-10-06,21900.0,CE,40663,577.3,36270,54340,573.95,576.4,65
2026-10-05 12:55:22,22445.15,2026-10-06,21850.0,PE,40662,4.1,3073395,62339095,4.1,4.15,65
2026-10-05 12:55:22,22445.15,2026-10-06,21850.0,CE,40661,651.75,24310,4615,618.6,624.5,65
2026-10-05 12:55:22,22445.15,2026-10-06,22000.0,CE,40667,476.3,623870,2535260,475.5,477.2,65
2026-10-05 12:55:22,22445.15,2026-10-06,22550.0,PE,40700,143.55,4642885,287471015,144.6,144.95,65
2026-10-05 12:55:22,22445.15,2026-10-06,21950.0,PE,40666,6.5,3771755,52538460,6.6,6.65,65
2026-10-05 12:55:22,22445.15,2026-10-06,21950.0,CE,40665,521.0,28275,61685,522.8,524.5,65
2026-10-05 12:55:22,22445.15,2026-10-06,21900.0,PE,40664,5.2,7454915,70845385,5.25,5.3,65
2026-10-05 12:55:22,22445.15,2026-10-06,22650.0,CE,40704,31.8,12910430,228243340,31.25,31.4,65
2026-10-05 12:55:22,22445.15,2026-10-06,22600.0,PE,40703,175.95,6172530,281038225,176.15,176.6,65
2026-10-05 12:55:22,22445.15,2026-10-06,22050.0,CE,40669,428.8,56810,151385,429.35,430.95,65
2026-10-05 12:55:22,22445.15,2026-10-06,22000.0,PE,40668,8.7,15120235,142793040,8.65,8.7,65
2026-10-05 12:55:22,22445.15,2026-10-06,22600.0,CE,40701,45.2,23734685,439620675,45.1,45.25,65
2026-10-05 12:55:22,22445.15,2026-10-06,22450.0,PE,40696,92.15,12215060,343534945,92.8,93.0,65
2026-10-05 12:55:22,22445.15,2026-10-06,23000.0,PE,40732,530.6,1337310,2999620,535.3,537.15,65
2026-10-05 12:55:22,22445.15,2026-10-06,22550.0,CE,40699,62.75,13414180,295701510,61.7,61.85,65
2026-10-05 12:55:22,22445.15,2026-10-06,22500.0,PE,40698,115.6,16381560,537672525,116.15,116.4,65
2026-10-05 12:55:22,22445.15,2026-10-06,23000.0,CE,40731,3.5,18371730,100397700,3.5,3.55,65
2026-10-05 12:55:22,22445.15,2026-10-06,22500.0,CE,40697,83.9,21272810,361354825,83.1,83.3,65
2026-10-05 12:55:22,22445.15,2026-10-06,23050.0,PE,40736,585.4,310830,631735,584.6,586.6,65
2026-10-05 12:55:22,22445.15,2026-10-06,23050.0,CE,40735,2.85,5001035,33542145,2.85,2.9,65
2026-10-05 12:55:22,22445.15,2026-10-06,22300.0,PE,40681,43.7,14504165,249906280,44.1,44.25,65
2026-10-05 12:55:22,22445.15,2026-10-06,22350.0,CE,40682,175.1,1483040,18340205,173.5,173.9,65
2026-10-05 12:55:22,22445.15,2026-10-06,22900.0,PE,40722,437.15,657020,2975635,436.6,438.05,65
2026-10-05 12:55:22,22445.15,2026-10-06,22450.0,CE,40689,110.3,8579415,130535665,109.15,109.4,65
2026-10-05 12:55:22,22445.15,2026-10-06,22900.0,CE,40721,5.3,11675820,103967045,5.25,5.3,65
2026-10-05 12:55:22,22445.15,2026-10-06,22400.0,PE,40688,72.75,17416490,399238385,72.3,72.55,65
2026-10-05 12:55:22,22445.15,2026-10-06,22400.0,CE,40687,140.8,5904600,95113785,141.05,141.35,65
2026-10-05 12:55:22,22445.15,2026-10-06,22850.0,PE,40720,391.0,306215,2343835,388.9,390.05,65
2026-10-05 12:55:22,22445.15,2026-10-06,22350.0,PE,40686,56.7,7446075,190366345,57.0,57.15,65
2026-10-05 12:55:22,22445.15,2026-10-06,22950.0,PE,40724,491.15,378950,574665,482.7,485.2,65
2026-10-05 12:55:22,22445.15,2026-10-06,22950.0,CE,40723,4.25,6026670,46094945,4.15,4.2,65
2026-10-05 12:55:22,22445.15,2026-10-06,22850.0,CE,40717,7.3,8659300,90523550,7.2,7.25,65
2026-10-05 12:55:22,22445.15,2026-10-06,22800.0,PE,40716,341.5,1781325,16024385,342.5,343.6,65
2026-10-05 12:55:22,22445.15,2026-10-06,22050.0,PE,40670,11.25,3469115,64657385,11.15,11.2,65
2026-10-05 12:55:22,22445.15,2026-10-06,22150.0,PE,40674,19.4,4349020,92152710,19.45,19.5,65
2026-10-05 12:55:22,22445.15,2026-10-06,22150.0,CE,40673,338.0,152425,515645,336.95,337.95,65
2026-10-05 12:55:22,22445.15,2026-10-06,22100.0,PE,40672,14.45,8714420,116368070,14.55,14.65,65
2026-10-05 12:55:22,22445.15,2026-10-06,22100.0,CE,40671,384.4,216710,782275,381.25,382.35,65
2026-10-05 12:55:22,22445.15,2026-10-06,22250.0,PE,40678,33.7,5633550,123033560,33.5,33.65,65
2026-10-05 12:55:22,22445.15,2026-10-06,22700.0,PE,40711,253.25,3331770,65812435,254.25,254.9,65
2026-10-05 12:55:22,22445.15,2026-10-06,22250.0,CE,40677,252.45,421070,3541655,252.1,252.8,65
2026-10-05 12:55:22,22445.15,2026-10-06,22700.0,CE,40710,22.25,16734185,266967415,21.9,21.95,65
2026-10-05 12:55:22,22445.15,2026-10-06,22200.0,PE,40676,25.55,11200800,172456440,25.75,25.85,65
2026-10-05 12:55:22,22445.15,2026-10-06,22200.0,CE,40675,294.0,720850,4985955,292.4,293.1,65
2026-10-05 12:55:22,22445.15,2026-10-06,22800.0,CE,40715,10.4,16970590,184907840,10.3,10.35,65
2026-10-05 12:55:22,22445.15,2026-10-06,22750.0,PE,40714,296.7,859495,15003885,295.35,296.1,65
2026-10-05 12:55:22,22445.15,2026-10-06,22750.0,CE,40712,15.25,8237970,138866260,15.25,15.3,65
2026-10-05 12:55:22,22445.15,2026-10-06,22300.0,CE,40679,211.9,2335645,21003190,210.85,211.3,65
2026-10-05 12:55:22,22445.15,2026-10-06,22650.0,PE,40709,212.3,1427855,82051320,214.1,214.65,65
2026-10-05 13:00:22,22448.75,2026-10-06,21900.0,CE,40663,577.55,35945,56095,571.0,573.0,65
2026-10-05 13:00:22,22448.75,2026-10-06,21850.0,PE,40662,4.35,3105375,63214385,4.35,4.4,65
2026-10-05 13:00:22,22448.75,2026-10-06,21850.0,CE,40661,651.75,24310,4615,618.3,622.15,65
2026-10-05 13:00:22,22448.75,2026-10-06,22000.0,CE,40667,475.0,623285,2555085,476.45,478.1,65
2026-10-05 13:00:22,22448.75,2026-10-06,22550.0,PE,40700,143.35,4672525,289341780,144.55,144.95,65
2026-10-05 13:00:22,22448.75,2026-10-06,21950.0,PE,40666,6.9,3808740,53449045,6.9,6.95,65
2026-10-05 13:00:22,22448.75,2026-10-06,21950.0,CE,40665,527.6,28405,63440,524.85,526.75,65
2026-10-05 13:00:22,22448.75,2026-10-06,21900.0,PE,40664,5.6,7550270,71822725,5.55,5.6,65
2026-10-05 13:00:22,22448.75,2026-10-06,22650.0,CE,40704,31.25,13089635,230674340,31.25,31.4,65
2026-10-05 13:00:22,22448.75,2026-10-06,22600.0,PE,40703,177.0,6206850,282626370,177.25,177.7,65
2026-10-05 13:00:22,22448.75,2026-10-06,22050.0,CE,40669,433.6,56160,155610,426.95,428.6,65
2026-10-05 13:00:22,22448.75,2026-10-06,22000.0,PE,40668,9.0,15170285,144622920,8.9,9.0,65
2026-10-05 13:00:22,22448.75,2026-10-06,22600.0,CE,40701,44.3,24152830,444554695,44.3,44.4,65
2026-10-05 13:00:22,22448.75,2026-10-06,22450.0,PE,40696,92.15,12570415,351247390,92.8,92.95,65
2026-10-05 13:00:22,22448.75,2026-10-06,23000.0,PE,40732,535.4,1331005,3022500,533.55,535.25,65
2026-10-05 13:00:22,22448.75,2026-10-06,22550.0,CE,40699,62.0,13635765,299257595,61.2,61.35,65
2026-10-05 13:00:22,22448.75,2026-10-06,22500.0,PE,40698,116.35,16333785,543985130,116.05,116.35,65
2026-10-05 13:00:22,22448.75,2026-10-06,23000.0,CE,40731,3.45,18433610,101548980,3.4,3.45,65
2026-10-05 13:00:22,22448.75,2026-10-06,22500.0,CE,40697,82.8,21607235,368384445,82.8,83.0,65
2026-10-05 13:00:22,22448.75,2026-10-06,23050.0,PE,40736,579.7,310570,633685,584.55,586.4,65
2026-10-05 13:00:22,22448.75,2026-10-06,23050.0,CE,40735,2.8,5044975,33859020,2.8,2.85,65
2026-10-05 13:00:22,22448.75,2026-10-06,22300.0,PE,40681,43.8,14894100,255435180,43.7,43.85,65
2026-10-05 13:00:22,22448.75,2026-10-06,22350.0,CE,40682,174.0,1482455,18923970,173.55,174.0,65
2026-10-05 13:00:22,22448.75,2026-10-06,22900.0,PE,40722,439.0,657020,2991690,438.05,439.0,65
2026-10-05 13:00:22,22448.75,2026-10-06,22450.0,CE,40689,109.7,8767785,134338035,108.55,108.85,65
2026-10-05 13:00:22,22448.75,2026-10-06,22900.0,CE,40721,5.2,11724050,105094210,5.1,5.15,65
2026-10-05 13:00:22,22448.75,2026-10-06,22400.0,PE,40688,72.4,17630405,407763525,73.4,73.65,65
2026-10-05 13:00:22,22448.75,2026-10-06,22400.0,CE,40687,140.05,5992805,97571110,138.9,139.25,65
2026-10-05 13:00:22,22448.75,2026-10-06,22850.0,PE,40720,390.0,306085,2353715,389.45,390.65,65
2026-10-05 13:00:22,22448.75,2026-10-06,22350.0,PE,40686,56.95,7700095,194539800,56.75,56.95,65
2026-10-05 13:00:22,22448.75,2026-10-06,22950.0,PE,40724,481.05,378885,577005,486.0,487.7,65
2026-10-05 13:00:22,22448.75,2026-10-06,22950.0,CE,40723,4.1,5980000,46517120,4.05,4.1,65
2026-10-05 13:00:22,22448.75,2026-10-06,22850.0,CE,40717,7.1,8687640,91476450,7.05,7.1,65
2026-10-05 13:00:22,22448.75,2026-10-06,22800.0,PE,40716,342.0,1780025,16106675,342.9,343.95,65
2026-10-05 13:00:22,22448.75,2026-10-06,22050.0,PE,40670,11.55,3451695,66159600,11.65,11.75,65
2026-10-05 13:00:22,22448.75,2026-10-06,22150.0,PE,40674,19.9,4314375,94005600,19.8,19.9,65
2026-10-05 13:00:22,22448.75,2026-10-06,22150.0,CE,40673,337.0,156455,531505,336.8,337.9,65
2026-10-05 13:00:22,22448.75,2026-10-06,22100.0,PE,40672,15.0,8748675,118427270,15.05,15.15,65
2026-10-05 13:00:22,22448.75,2026-10-06,22100.0,CE,40671,386.55,214240,798395,381.1,382.15,65
2026-10-05 13:00:22,22448.75,2026-10-06,22250.0,PE,40678,34.1,5583175,125828820,34.05,34.15,65
2026-10-05 13:00:22,22448.75,2026-10-06,22700.0,PE,40711,253.65,3310775,66245465,253.75,254.4,65
2026-10-05 13:00:22,22448.75,2026-10-06,22250.0,CE,40677,252.15,416065,3630835,249.9,250.55,65
2026-10-05 13:00:22,22448.75,2026-10-06,22700.0,CE,40710,21.7,16976115,270321155,21.85,21.9,65
2026-10-05 13:00:22,22448.75,2026-10-06,22200.0,PE,40676,25.9,11248770,175861725,26.1,26.2,65
2026-10-05 13:00:22,22448.75,2026-10-06,22200.0,CE,40675,292.05,721175,5090020,292.1,292.85,65
2026-10-05 13:00:22,22448.75,2026-10-06,22800.0,CE,40715,10.15,16966950,186765215,10.1,10.15,65
2026-10-05 13:00:22,22448.75,2026-10-06,22750.0,PE,40714,298.8,855465,15082015,298.1,298.85,65
2026-10-05 13:00:22,22448.75,2026-10-06,22750.0,CE,40712,15.0,8299525,140483395,14.75,14.85,65
2026-10-05 13:00:22,22448.75,2026-10-06,22300.0,CE,40679,211.55,2192060,21639215,211.7,212.15,65
2026-10-05 13:00:22,22448.75,2026-10-06,22650.0,PE,40709,213.5,1470430,82623580,212.7,213.2,65
2026-10-05 13:05:44,22466.4,2026-10-06,21900.0,CE,40663,580.05,36140,57005,592.7,594.8,65
2026-10-05 13:05:44,22466.4,2026-10-06,21850.0,PE,40662,3.75,3153280,63952850,3.75,3.8,65
2026-10-05 13:05:44,22466.4,2026-10-06,21850.0,CE,40661,651.75,24310,4615,641.8,645.65,65
2026-10-05 13:05:44,22466.4,2026-10-06,22000.0,CE,40667,495.3,623740,2566850,495.6,497.1,65
2026-10-05 13:05:44,22466.4,2026-10-06,22550.0,PE,40700,130.3,4658030,291339815,130.1,130.3,65
2026-10-05 13:05:44,22466.4,2026-10-06,21950.0,PE,40666,5.9,3791060,54411955,5.85,5.9,65
2026-10-05 13:05:44,22466.4,2026-10-06,21950.0,CE,40665,540.75,28665,64805,543.3,544.95,65
2026-10-05 13:05:44,22466.4,2026-10-06,21900.0,PE,40664,4.75,7578025,72502235,4.75,4.8,65
2026-10-05 13:05:44,22466.4,2026-10-06,22650.0,CE,40704,35.75,13096330,233291305,35.75,35.9,65
2026-10-05 13:05:44,22466.4,2026-10-06,22600.0,PE,40703,162.0,6230185,284401455,161.1,161.35,65
2026-10-05 13:05:44,22466.4,2026-10-06,22050.0,CE,40669,443.9,56225,156845,448.0,450.0,65
2026-10-05 13:05:44,22466.4,2026-10-06,22000.0,PE,40668,7.65,15196740,146293160,7.6,7.65,65
2026-10-05 13:05:44,22466.4,2026-10-06,22600.0,CE,40701,50.6,24431615,449020715,50.55,50.7,65
2026-10-05 13:05:44,22466.4,2026-10-06,22450.0,PE,40696,82.2,12477270,357565780,81.75,81.95,65
2026-10-05 13:05:44,22466.4,2026-10-06,23000.0,PE,40732,512.95,1333930,3043625,513.6,515.6,65
2026-10-05 13:05:44,22466.4,2026-10-06,22550.0,CE,40699,69.25,13694850,302823885,69.25,69.4,65
2026-10-05 13:05:44,22466.4,2026-10-06,22500.0,PE,40698,103.9,16453645,549447535,103.65,103.85,65
2026-10-05 13:05:44,22466.4,2026-10-06,23000.0,CE,40731,3.65,18388630,102150620,3.65,3.7,65
2026-10-05 13:05:44,22466.4,2026-10-06,22500.0,CE,40697,92.3,21808540,375167650,92.35,92.6,65
2026-10-05 13:05:44,22466.4,2026-10-06,23050.0,PE,40736,566.0,310440,634400,564.05,565.3,65
2026-10-05 13:05:44,22466.4,2026-10-06,23050.0,CE,40735,2.9,5113225,34126235,2.9,2.95,65
2026-10-05 13:05:44,22466.4,2026-10-06,22300.0,PE,40681,37.9,14784770,259676885,37.9,38.05,65
2026-10-05 13:05:44,22466.4,2026-10-06,22350.0,CE,40682,187.55,1475695,19359080,188.15,188.6,65
2026-10-05 13:05:44,22466.4,2026-10-06,22900.0,PE,40722,417.6,658840,3005600,416.35,417.55,65
2026-10-05 13:05:44,22466.4,2026-10-06,22450.0,CE,40689,120.05,8941075,137807085,120.35,120.7,65
2026-10-05 13:05:44,22466.4,2026-10-06,22900.0,CE,40721,5.8,11761100,106598635,5.75,5.8,65
2026-10-05 13:05:44,22466.4,2026-10-06,22400.0,PE,40688,64.3,17557020,414997375,64.3,64.35,65
2026-10-05 13:05:44,22466.4,2026-10-06,22400.0,CE,40687,152.3,5971875,99624980,151.65,152.05,65
2026-10-05 13:05:44,22466.4,2026-10-06,22850.0,PE,40720,371.1,307060,2364830,368.8,369.95,65
2026-10-05 13:05:44,22466.4,2026-10-06,22350.0,PE,40686,49.55,7788755,198412500,49.15,49.3,65
2026-10-05 13:05:44,22466.4,2026-10-06,22950.0,PE,40724,471.5,378690,578565,463.85,465.75,65
2026-10-05 13:05:44,22466.4,2026-10-06,22950.0,CE,40723,4.45,5942950,46860255,4.45,4.5,65
2026-10-05 13:05:44,22466.4,2026-10-06,22850.0,CE,40717,8.1,8671715,92277835,8.05,8.1,65
2026-10-05 13:05:44,22466.4,2026-10-06,22800.0,PE,40716,323.05,1787630,16179540,322.5,322.8,65
2026-10-05 13:05:44,22466.4,2026-10-06,22050.0,PE,40670,9.8,3431415,67387125,9.7,9.8,65
2026-10-05 13:05:44,22466.4,2026-10-06,22150.0,PE,40674,16.7,4303195,95591925,16.65,16.7,65
2026-10-05 13:05:44,22466.4,2026-10-06,22150.0,CE,40673,355.3,153855,543465,355.25,356.3,65
2026-10-05 13:05:44,22466.4,2026-10-06,22100.0,PE,40672,12.65,8648315,120485300,12.6,12.65,65
2026-10-05 13:05:44,22466.4,2026-10-06,22100.0,CE,40671,400.6,214240,809185,401.55,402.65,65
2026-10-05 13:05:44,22466.4,2026-10-06,22250.0,PE,40678,28.95,5533970,128284780,28.85,28.95,65
2026-10-05 13:05:44,22466.4,2026-10-06,22700.0,PE,40711,236.0,3298880,67191605,235.0,235.5,65
2026-10-05 13:05:44,22466.4,2026-10-06,22250.0,CE,40677,267.7,415025,3702010,267.6,268.35,65
2026-10-05 13:05:44,22466.4,2026-10-06,22700.0,CE,40710,25.05,17258540,273608660,25.15,25.25,65
2026-10-05 13:05:44,22466.4,2026-10-06,22200.0,PE,40676,21.95,11104860,179272860,21.85,21.95,65
2026-10-05 13:05:44,22466.4,2026-10-06,22200.0,CE,40675,310.8,721175,5190965,310.55,311.35,65
2026-10-05 13:05:44,22466.4,2026-10-06,22800.0,CE,40715,11.75,16992235,188745635,11.75,11.8,65
2026-10-05 13:05:44,22466.4,2026-10-06,22750.0,PE,40714,278.2,848965,15317575,278.55,279.35,65
2026-10-05 13:05:44,22466.4,2026-10-06,22750.0,CE,40712,17.3,8294910,141913135,17.2,17.3,65
2026-10-05 13:05:44,22466.4,2026-10-06,22300.0,CE,40679,226.5,2151565,21990215,226.5,227.1,65
2026-10-05 13:05:44,22466.4,2026-10-06,22650.0,PE,40709,196.55,1439620,83674240,196.55,196.9,65
2026-10-05 13:10:21,22461.1,2026-10-06,21900.0,CE,40663,588.35,35685,57200,583.85,586.3,65
2026-10-05 13:10:21,22461.1,2026-10-06,21850.0,PE,40662,3.9,3130595,64270180,3.9,3.95,65
2026-10-05 13:10:21,22461.1,2026-10-06,21850.0,CE,40661,651.75,24310,4615,630.85,636.15,65
2026-10-05 13:10:21,22461.1,2026-10-06,22000.0,CE,40667,487.2,622505,2576275,486.55,488.2,65
2026-10-05 13:10:21,22461.1,2026-10-06,22550.0,PE,40700,135.15,4657900,292601790,135.0,135.25,65
2026-10-05 13:10:21,22461.1,2026-10-06,21950.0,PE,40666,6.2,3805685,55046095,6.15,6.2,65
2026-10-05 13:10:21,22461.1,2026-10-06,21950.0,CE,40665,539.2,28405,65390,534.4,535.8,65
2026-10-05 13:10:21,22461.1,2026-10-06,21900.0,PE,40664,4.95,7661745,73192210,4.9,5.0,65
2026-10-05 13:10:21,22461.1,2026-10-06,22650.0,CE,40704,33.1,13105170,235681680,33.15,33.3,65
2026-10-05 13:10:21,22461.1,2026-10-06,22600.0,PE,40703,166.8,6245720,285646855,167.0,167.15,65
2026-10-05 13:10:21,22461.1,2026-10-06,22050.0,CE,40669,441.05,55965,158015,438.45,440.9,65
2026-10-05 13:10:21,22461.1,2026-10-06,22000.0,PE,40668,8.15,15218385,147386460,8.05,8.1,65
2026-10-05 13:10:21,22461.1,2026-10-06,22600.0,CE,40701,47.45,24346920,453867310,47.55,47.7,65
2026-10-05 13:10:21,22461.1,2026-10-06,22450.0,PE,40696,85.95,12568075,362569025,85.7,85.9,65
2026-10-05 13:10:21,22461.1,2026-10-06,23000.0,PE,40732,526.6,1336270,3052465,522.95,524.45,65
2026-10-05 13:10:21,22461.1,2026-10-06,22550.0,CE,40699,65.7,13826215,306420725,65.45,65.5,65
2026-10-05 13:10:21,22461.1,2026-10-06,22500.0,PE,40698,108.25,16623880,553941700,108.1,108.4,65
2026-10-05 13:10:21,22461.1,2026-10-06,23000.0,CE,40731,3.45,18384535,102780730,3.45,3.5,65
2026-10-05 13:10:21,22461.1,2026-10-06,22500.0,CE,40697,87.8,21974355,381749550,87.55,87.8,65
2026-10-05 13:10:21,22461.1,2026-10-06,23050.0,PE,40736,570.6,310765,635570,572.1,573.85,65
2026-10-05 13:10:21,22461.1,2026-10-06,23050.0,CE,40735,2.8,5123560,34294130,2.75,2.8,65
2026-10-05 13:10:21,22461.1,2026-10-06,22300.0,PE,40681,40.05,14981395,262793310,40.05,40.15,65
2026-10-05 13:10:21,22461.1,2026-10-06,22350.0,CE,40682,181.9,1453985,19722755,181.1,181.25,65
2026-10-05 13:10:21,22461.1,2026-10-06,22900.0,PE,40722,425.0,659880,3019575,424.5,426.3,65
2026-10-05 13:10:21,22461.1,2026-10-06,22450.0,CE,40689,114.7,8986770,140797085,114.85,115.1,65
2026-10-05 13:10:21,22461.1,2026-10-06,22900.0,CE,40721,5.4,11757395,107522155,5.4,5.45,65
2026-10-05 13:10:21,22461.1,2026-10-06,22400.0,PE,40688,67.0,17565665,419982225,67.2,67.35,65
2026-10-05 13:10:21,22461.1,2026-10-06,22400.0,CE,40687,146.6,5883670,101331815,146.2,146.5,65
2026-10-05 13:10:21,22461.1,2026-10-06,22850.0,PE,40720,377.3,306020,2374385,377.35,378.3,65
2026-10-05 13:10:21,22461.1,2026-10-06,22350.0,PE,40686,51.9,7746960,201045585,51.95,52.1,65
2026-10-05 13:10:21,22461.1,2026-10-06,22950.0,PE,40724,475.25,378755,579475,472.4,474.25,65
2026-10-05 13:10:21,22461.1,2026-10-06,22950.0,CE,40723,4.2,5920200,47247915,4.15,4.2,65
2026-10-05 13:10:21,22461.1,2026-10-06,22850.0,CE,40717,7.5,8681790,93262455,7.5,7.55,65
2026-10-05 13:10:21,22461.1,2026-10-06,22800.0,PE,40716,330.3,1787955,16233880,331.0,332.05,65
2026-10-05 13:10:21,22461.1,2026-10-06,22050.0,PE,40670,10.4,3417960,68127410,10.35,10.45,65
2026-10-05 13:10:21,22461.1,2026-10-06,22150.0,PE,40674,17.75,4324515,96717465,17.65,17.7,65
2026-10-05 13:10:21,22461.1,2026-10-06,22150.0,CE,40673,348.35,154635,562120,347.25,348.15,65
2026-10-05 13:10:21,22461.1,2026-10-06,22100.0,PE,40672,13.4,8668920,121779840,13.35,13.45,65
2026-10-05 13:10:21,22461.1,2026-10-06,22100.0,CE,40671,392.95,213460,818610,392.05,393.25,65
2026-10-05 13:10:21,22461.1,2026-10-06,22250.0,PE,40678,30.6,5691465,130288860,30.4,30.5,65
2026-10-05 13:10:21,22461.1,2026-10-06,22700.0,PE,40711,243.05,3374735,67782065,243.2,243.8,65
2026-10-05 13:10:21,22461.1,2026-10-06,22250.0,CE,40677,260.65,418665,3757260,260.45,261.2,65
2026-10-05 13:10:21,22461.1,2026-10-06,22700.0,CE,40710,23.3,17211805,276683615,23.2,23.25,65
2026-10-05 13:10:21,22461.1,2026-10-06,22200.0,PE,40676,23.25,10854155,182188110,23.25,23.3,65
2026-10-05 13:10:21,22461.1,2026-10-06,22200.0,CE,40675,303.8,715130,5246345,303.15,304.0,65
2026-10-05 13:10:21,22461.1,2026-10-06,22800.0,CE,40715,10.85,17025255,191078680,10.8,10.85,65
2026-10-05 13:10:21,22461.1,2026-10-06,22750.0,PE,40714,285.45,872885,15448290,285.95,286.8,65
2026-10-05 13:10:21,22461.1,2026-10-06,22750.0,CE,40712,15.9,8351330,143580450,15.85,15.9,65
2026-10-05 13:10:21,22461.1,2026-10-06,22300.0,CE,40679,219.25,2158975,22291815,219.4,219.85,65
2026-10-05 13:10:21,22461.1,2026-10-06,22650.0,PE,40709,203.55,1520545,84094660,203.3,203.85,65
2026-10-05 13:15:39,22477.15,2026-10-06,21900.0,CE,40663,592.3,36530,59020,597.7,600.6,65
2026-10-05 13:15:39,22477.15,2026-10-06,22000.0,CE,40667,502.15,620620,2584595,499.75,501.2,65
2026-10-05 13:15:39,22477.15,2026-10-06,22550.0,PE,40700,126.95,4718805,294444865,126.65,126.95,65
2026-10-05 13:15:39,22477.15,2026-10-06,21950.0,PE,40666,5.7,3826680,55993860,5.65,5.7,65
2026-10-05 13:15:39,22477.15,2026-10-06,23100.0,PE,40742,609.05,558415,959465,608.65,610.5,65
2026-10-05 13:15:39,22477.15,2026-10-06,21950.0,CE,40665,544.15,28275,66105,548.2,549.75,65
2026-10-05 13:15:39,22477.15,2026-10-06,23100.0,CE,40741,2.45,9825660,57743985,2.4,2.45,65
2026-10-05 13:15:39,22477.15,2026-10-06,21900.0,PE,40664,4.6,7677280,73843315,4.6,4.65,65
2026-10-05 13:15:39,22477.15,2026-10-06,22650.0,CE,40704,35.95,13193765,238450485,35.85,35.95,65
2026-10-05 13:15:39,22477.15,2026-10-06,22600.0,PE,40703,158.0,6248970,287422980,157.85,158.25,65
2026-10-05 13:15:39,22477.15,2026-10-06,22050.0,CE,40669,452.9,55965,160225,450.9,452.65,65
2026-10-05 13:15:39,22477.15,2026-10-06,22000.0,PE,40668,7.3,15229760,149418425,7.25,7.35,65
2026-10-05 13:15:39,22477.15,2026-10-06,22600.0,CE,40701,50.85,24447540,459396080,50.8,50.95,65
2026-10-05 13:15:39,22477.15,2026-10-06,22450.0,PE,40696,79.3,12749620,369152095,78.75,78.95,65
2026-10-05 13:15:39,22477.15,2026-10-06,23000.0,PE,40732,510.2,1332435,3074435,509.3,511.05,65
2026-10-05 13:15:39,22477.15,2026-10-06,22550.0,CE,40699,69.85,13957515,310311040,69.85,70.1,65
2026-10-05 13:15:39,22477.15,2026-10-06,22500.0,PE,40698,100.4,16623620,560020500,100.15,100.45,65
2026-10-05 13:15:39,22477.15,2026-10-06,23000.0,CE,40731,3.65,18413590,103645165,3.6,3.65,65
2026-10-05 13:15:39,22477.15,2026-10-06,22500.0,CE,40697,93.25,22005815,389522315,93.45,93.7,65
2026-10-05 13:15:39,22477.15,2026-10-06,23050.0,PE,40736,565.25,310830,637000,559.05,561.1,65
2026-10-05 13:15:39,22477.15,2026-10-06,23050.0,CE,40735,2.9,5146635,34715980,2.85,2.9,65
2026-10-05 13:15:39,22477.15,2026-10-06,22300.0,PE,40681,36.2,14839760,267271615,36.2,36.25,65
2026-10-05 13:15:39,22477.15,2026-10-06,22350.0,CE,40682,190.0,1404910,20188545,190.2,190.65,65
2026-10-05 13:15:39,22477.15,2026-10-06,22900.0,PE,40722,411.75,661050,3031730,411.65,413.3,65
2026-10-05 13:15:39,22477.15,2026-10-06,22450.0,CE,40689,121.55,8981960,144201590,121.6,121.95,65
2026-10-05 13:15:39,22477.15,2026-10-06,22900.0,CE,40721,5.8,11788335,108396275,5.75,5.8,65
2026-10-05 13:15:39,22477.15,2026-10-06,22400.0,PE,40688,61.7,17612140,425916985,61.6,61.7,65
2026-10-05 13:15:39,22477.15,2026-10-06,22400.0,CE,40687,154.3,5895955,103293190,153.95,154.3,65
2026-10-05 13:15:39,22477.15,2026-10-06,22850.0,PE,40720,364.0,306345,2388555,364.25,365.4,65
2026-10-05 13:15:39,22477.15,2026-10-06,22350.0,PE,40686,47.5,7608055,204394580,47.3,47.4,65
2026-10-05 13:15:39,22477.15,2026-10-06,22950.0,PE,40724,460.0,378820,581230,459.45,461.65,65
2026-10-05 13:15:39,22477.15,2026-10-06,22950.0,CE,40723,4.45,5912400,47630050,4.4,4.45,65
2026-10-05 13:15:39,22477.15,2026-10-06,22850.0,CE,40717,8.05,8721635,94655080,8.05,8.1,65
2026-10-05 13:15:39,22477.15,2026-10-06,22800.0,PE,40716,319.6,1796730,16312530,317.9,318.85,65
2026-10-05 13:15:39,22477.15,2026-10-06,22050.0,PE,40670,9.3,3379870,69105010,9.35,9.4,65
2026-10-05 13:15:39,22477.15,2026-10-06,22150.0,PE,40674,15.9,4285645,97989385,15.85,15.9,65
2026-10-05 13:15:39,22477.15,2026-10-06,22150.0,CE,40673,358.85,152490,569270,359.2,359.95,65
2026-10-05 13:15:39,22477.15,2026-10-06,22100.0,PE,40672,12.05,8650655,123638320,12.0,12.05,65
2026-10-05 13:15:39,22477.15,2026-10-06,22100.0,CE,40671,407.55,214825,828815,404.7,406.1,65
2026-10-05 13:15:39,22477.15,2026-10-06,22250.0,PE,40678,27.8,5785260,132570490,27.65,27.75,65
2026-10-05 13:15:39,22477.15,2026-10-06,22700.0,PE,40711,231.6,3262480,68797560,231.15,231.7,65
2026-10-05 13:15:39,22477.15,2026-10-06,22250.0,CE,40677,270.2,418145,3834025,269.45,270.3,65
2026-10-05 13:15:39,22477.15,2026-10-06,22700.0,CE,40710,25.25,17362605,280430995,25.2,25.3,65
2026-10-05 13:15:39,22477.15,2026-10-06,22200.0,PE,40676,20.95,11075090,185051425,20.95,21.05,65
2026-10-05 13:15:39,22477.15,2026-10-06,22200.0,CE,40675,315.2,715195,5316155,313.75,314.6,65
2026-10-05 13:15:39,22477.15,2026-10-06,22800.0,CE,40715,11.75,17134650,193325015,11.75,11.8,65
2026-10-05 13:15:39,22477.15,2026-10-06,22750.0,PE,40714,274.35,846235,15628600,273.7,274.35,65
2026-10-05 13:15:39,22477.15,2026-10-06,22750.0,CE,40712,17.2,8452925,145340715,17.2,17.3,65
2026-10-05 13:15:39,22477.15,2026-10-06,22300.0,CE,40679,229.35,2162485,22694685,228.9,229.45,65
2026-10-05 13:15:39,22477.15,2026-10-06,22650.0,PE,40709,192.55,1468220,84832345,192.55,193.0,65
2026-10-05 13:20:14,22478.45,2026-10-06,21900.0,CE,40663,594.4,36530,59215,593.75,596.15,65
2026-10-05 13:20:14,22478.45,2026-10-06,22000.0,CE,40667,496.75,620555,2595255,497.8,499.15,65
2026-10-05 13:20:14,22478.45,2026-10-06,22550.0,PE,40700,126.9,4771455,295532055,126.65,126.95,65
2026-10-05 13:20:14,22478.45,2026-10-06,21950.0,PE,40666,5.5,3754465,56708600,5.5,5.55,65
2026-10-05 13:20:14,22478.45,2026-10-06,23100.0,PE,40742,607.3,558480,960050,610.45,612.15,65
2026-10-05 13:20:14,22478.45,2026-10-06,21950.0,CE,40665,543.35,28275,66235,545.05,548.7,65
2026-10-05 13:20:14,22478.45,2026-10-06,23100.0,CE,40741,2.45,9946560,58218875,2.45,2.5,65
2026-10-05 13:20:14,22478.45,2026-10-06,21900.0,PE,40664,4.4,7774455,74981595,4.35,4.45,65
2026-10-05 13:20:14,22478.45,2026-10-06,22650.0,CE,40704,35.1,13359970,240698120,35.15,35.25,65
2026-10-05 13:20:14,22478.45,2026-10-06,22600.0,PE,40703,157.95,6325540,288425605,157.5,157.8,65
2026-10-05 13:20:14,22478.45,2026-10-06,22050.0,CE,40669,455.45,55575,160810,449.2,451.1,65
2026-10-05 13:20:14,22478.45,2026-10-06,22000.0,PE,40668,7.05,15270840,150945600,7.05,7.1,65
2026-10-05 13:20:14,22478.45,2026-10-06,22600.0,CE,40701,50.05,24669905,463568885,50.05,50.2,65
2026-10-05 13:20:14,22478.45,2026-10-06,22450.0,PE,40696,79.1,12753195,373617010,79.1,79.15,65
2026-10-05 13:20:14,22478.45,2026-10-06,23000.0,PE,40732,512.45,1331525,3083535,511.6,513.45,65
2026-10-05 13:20:14,22478.45,2026-10-06,22550.0,CE,40699,68.85,14162330,313303120,68.85,69.0,65
2026-10-05 13:20:14,22478.45,2026-10-06,22500.0,PE,40698,100.35,16955640,564225805,100.9,101.15,65
2026-10-05 13:20:14,22478.45,2026-10-06,23000.0,CE,40731,3.65,18558215,104665990,3.6,3.65,65
2026-10-05 13:20:14,22478.45,2026-10-06,22500.0,CE,40697,92.05,22717695,396089265,91.6,91.8,65
2026-10-05 13:20:14,22478.45,2026-10-06,23050.0,PE,40736,561.2,310830,637585,561.35,562.8,65
2026-10-05 13:20:14,22478.45,2026-10-06,23050.0,CE,40735,2.85,5127850,34907535,2.85,2.9,65
2026-10-05 13:20:14,22478.45,2026-10-06,22300.0,PE,40681,36.1,15143440,270495030,35.95,36.05,65
2026-10-05 13:20:14,22478.45,2026-10-06,22350.0,CE,40682,189.15,1436890,20824505,188.05,188.5,65
2026-10-05 13:20:14,22478.45,2026-10-06,22900.0,PE,40722,414.5,661570,3041155,414.15,415.6,65
2026-10-05 13:20:14,22478.45,2026-10-06,22450.0,CE,40689,120.45,9036300,147243915,120.35,120.6,65
2026-10-05 13:20:14,22478.45,2026-10-06,22900.0,CE,40721,5.65,11807120,109182320,5.65,5.7,65
2026-10-05 13:20:14,22478.45,2026-10-06,22400.0,PE,40688,61.4,17548115,430272115,61.65,61.75,65
2026-10-05 13:20:14,22478.45,2026-10-06,22400.0,CE,40687,152.65,5958160,104992680,152.3,152.65,65
2026-10-05 13:20:14,22478.45,2026-10-06,22850.0,PE,40720,365.95,307580,2399800,366.65,367.75,65
2026-10-05 13:20:14,22478.45,2026-10-06,22350.0,PE,40686,47.45,7619235,206452090,47.3,47.4,65
2026-10-05 13:20:14,22478.45,2026-10-06,22950.0,PE,40724,462.3,378885,581750,462.15,464.3,65
2026-10-05 13:20:14,22478.45,2026-10-06,22950.0,CE,40723,4.4,5952180,47966165,4.35,4.4,65
2026-10-05 13:20:14,22478.45,2026-10-06,22850.0,CE,40717,7.9,8765900,95474080,7.85,7.9,65
2026-10-05 13:20:14,22478.45,2026-10-06,22800.0,PE,40716,320.8,1796405,16364790,320.15,321.0,65
2026-10-05 13:20:14,22478.45,2026-10-06,22050.0,PE,40670,9.1,3399045,69849325,9.1,9.15,65
2026-10-05 13:20:14,22478.45,2026-10-06,22150.0,PE,40674,15.65,4304365,98897955,15.65,15.75,65
2026-10-05 13:20:14,22478.45,2026-10-06,22150.0,CE,40673,358.6,153270,573105,356.1,357.05,65
2026-10-05 13:20:14,22478.45,2026-10-06,22100.0,PE,40672,11.75,8635380,124944820,11.8,11.9,65
2026-10-05 13:20:14,22478.45,2026-10-06,22100.0,CE,40671,404.6,215735,835575,401.9,403.15,65
2026-10-05 13:20:14,22478.45,2026-10-06,22250.0,PE,40678,27.3,5764200,134078165,27.4,27.5,65
2026-10-05 13:20:14,22478.45,2026-10-06,22700.0,PE,40711,233.0,3314090,69116190,232.7,233.25,65
2026-10-05 13:20:14,22478.45,2026-10-06,22250.0,CE,40677,268.3,418080,3880825,269.0,269.65,65
2026-10-05 13:20:14,22478.45,2026-10-06,22700.0,CE,40710,24.6,17863365,283730655,24.55,24.65,65
2026-10-05 13:20:14,22478.45,2026-10-06,22200.0,PE,40676,20.6,10736115,187617040,20.55,20.65,65
2026-10-05 13:20:14,22478.45,2026-10-06,22200.0,CE,40675,312.75,707980,5389735,312.15,313.0,65
2026-10-05 13:20:14,22478.45,2026-10-06,22800.0,CE,40715,11.5,17289675,195113165,11.4,11.45,65
2026-10-05 13:20:14,22478.45,2026-10-06,22750.0,PE,40714,275.55,845585,15673515,275.25,275.95,65
2026-10-05 13:20:14,22478.45,2026-10-06,22750.0,CE,40712,16.8,8546525,146891745,16.75,16.8,65
2026-10-05 13:20:14,22478.45,2026-10-06,22300.0,CE,40679,227.3,2204995,23378095,227.75,228.0,65
2026-10-05 13:20:14,22478.45,2026-10-06,22650.0,PE,40709,193.35,1519245,85106125,192.9,193.35,65
2026-10-05 13:25:25,22467.1,2026-10-06,21900.0,CE,40663,598.9,36465,59345,590.4,593.05,65
2026-10-05 13:25:25,22467.1,2026-10-06,21850.0,PE,40662,3.55,3208465,66902485,3.5,3.55,65
2026-10-05 13:25:25,22467.1,2026-10-06,21850.0,CE,40661,651.75,24310,4615,638.05,642.7,65
2026-10-05 13:25:25,22467.1,2026-10-06,22000.0,CE,40667,493.6,616980,2607475,493.7,495.6,65
2026-10-05 13:25:25,22467.1,2026-10-06,22550.0,PE,40700,129.4,4805970,297388390,129.85,130.0,65
2026-10-05 13:25:25,22467.1,2026-10-06,21950.0,PE,40666,5.55,3715660,57392660,5.5,5.55,65
2026-10-05 13:25:25,22467.1,2026-10-06,21950.0,CE,40665,549.95,28340,66365,542.45,543.85,65
2026-10-05 13:25:25,22467.1,2026-10-06,21900.0,PE,40664,4.35,7785375,75604555,4.4,4.45,65
2026-10-05 13:25:25,22467.1,2026-10-06,22650.0,CE,40704,34.3,13640965,244247770,34.3,34.45,65
2026-10-05 13:25:25,22467.1,2026-10-06,22600.0,PE,40703,160.6,6298890,289964675,160.6,161.0,65
2026-10-05 13:25:25,22467.1,2026-10-06,22050.0,CE,40669,453.45,55965,162760,444.6,447.45,65
2026-10-05 13:25:25,22467.1,2026-10-06,22000.0,PE,40668,7.2,15245620,153500685,7.15,7.2,65
2026-10-05 13:25:25,22467.1,2026-10-06,22600.0,CE,40701,48.75,24475685,470288520,48.8,48.9,65
2026-10-05 13:25:25,22467.1,2026-10-06,22450.0,PE,40696,80.75,12725375,379766465,80.7,80.9,65
2026-10-05 13:25:25,22467.1,2026-10-06,23000.0,PE,40732,514.5,1330745,3100565,514.85,516.7,65
2026-10-05 13:25:25,22467.1,2026-10-06,22550.0,CE,40699,67.4,13952055,318010030,66.75,66.95,65
2026-10-05 13:25:25,22467.1,2026-10-06,22500.0,PE,40698,102.85,17118855,571219090,102.55,102.8,65
2026-10-05 13:25:25,22467.1,2026-10-06,23000.0,CE,40731,3.75,18588895,105333280,3.7,3.75,65
2026-10-05 13:25:25,22467.1,2026-10-06,22500.0,CE,40697,89.9,22436765,406171870,89.9,90.15,65
2026-10-05 13:25:25,22467.1,2026-10-06,23050.0,PE,40736,567.45,310700,639015,564.9,566.95,65
2026-10-05 13:25:25,22467.1,2026-10-06,23050.0,CE,40735,3.0,5144945,35379175,2.95,3.0,65
2026-10-05 13:25:25,22467.1,2026-10-06,22300.0,PE,40681,36.85,15096575,274486160,36.75,36.9,65
2026-10-05 13:25:25,22467.1,2026-10-06,22350.0,CE,40682,185.2,1354340,21267480,185.1,185.55,65
2026-10-05 13:25:25,22467.1,2026-10-06,22900.0,PE,40722,418.35,652470,3073525,418.05,419.5,65
2026-10-05 13:25:25,22467.1,2026-10-06,22450.0,CE,40689,118.05,8698495,151077940,117.65,117.8,65
2026-10-05 13:25:25,22467.1,2026-10-06,22900.0,CE,40721,5.7,11788140,110805110,5.65,5.7,65
2026-10-05 13:25:25,22467.1,2026-10-06,22400.0,PE,40688,62.5,17662905,436265505,62.5,62.7,65
2026-10-05 13:25:25,22467.1,2026-10-06,22400.0,CE,40687,149.8,5897775,107588975,149.85,150.2,65
2026-10-05 13:25:25,22467.1,2026-10-06,22850.0,PE,40720,370.45,305175,2413255,370.2,371.35,65
2026-10-05 13:25:25,22467.1,2026-10-06,22350.0,PE,40686,48.2,7762820,209609140,48.1,48.25,65
2026-10-05 13:25:25,22467.1,2026-10-06,22950.0,PE,40724,465.15,379275,584740,466.0,467.55,65
2026-10-05 13:25:25,22467.1,2026-10-06,22950.0,CE,40723,4.4,5937555,48447425,4.4,4.45,65
2026-10-05 13:25:25,22467.1,2026-10-06,22850.0,CE,40717,7.85,8871655,96677035,7.8,7.85,65
2026-10-05 13:25:25,22467.1,2026-10-06,22800.0,PE,40716,323.4,1711320,16468205,323.3,324.15,65
2026-10-05 13:25:25,22467.1,2026-10-06,22050.0,PE,40670,9.25,3396640,70898425,9.2,9.25,65
2026-10-05 13:25:25,22467.1,2026-10-06,22150.0,PE,40674,15.95,4304365,100070945,15.9,15.95,65
2026-10-05 13:25:25,22467.1,2026-10-06,22150.0,CE,40673,354.75,151645,578760,352.65,353.85,65
2026-10-05 13:25:25,22467.1,2026-10-06,22100.0,PE,40672,11.95,8721505,126687340,11.95,12.0,65
2026-10-05 13:25:25,22467.1,2026-10-06,22100.0,CE,40671,398.2,215150,846560,398.45,399.5,65
2026-10-05 13:25:25,22467.1,2026-10-06,22250.0,PE,40678,27.95,5714020,135880225,27.85,27.9,65
2026-10-05 13:25:25,22467.1,2026-10-06,22700.0,PE,40711,236.2,3040635,69570410,236.05,236.6,65
2026-10-05 13:25:25,22467.1,2026-10-06,22250.0,CE,40677,265.1,409435,3954535,265.15,265.9,65
2026-10-05 13:25:25,22467.1,2026-10-06,22700.0,CE,40710,24.0,17353050,288281890,24.0,24.1,65
2026-10-05 13:25:25,22467.1,2026-10-06,22200.0,PE,40676,21.0,10690160,190332090,21.05,21.15,65
2026-10-05 13:25:25,22467.1,2026-10-06,22200.0,CE,40675,308.95,713245,5487430,307.9,308.75,65
2026-10-05 13:25:25,22467.1,2026-10-06,22800.0,CE,40715,11.25,17357405,198189160,11.25,11.35,65
2026-10-05 13:25:25,22467.1,2026-10-06,22750.0,PE,40714,278.65,845715,15746705,278.25,278.95,65
2026-10-05 13:25:25,22467.1,2026-10-06,22750.0,CE,40712,16.55,8472360,149157905,16.5,16.6,65
2026-10-05 13:25:25,22467.1,2026-10-06,22300.0,CE,40679,224.75,2110550,23803520,224.05,224.65,65
2026-10-05 13:25:25,22467.1,2026-10-06,22650.0,PE,40709,197.35,1523015,85522840,196.5,197.0,65
2026-10-05 13:30:19,22464.8,2026-10-06,21900.0,CE,40663,589.1,36140,59930,588.75,590.8,65
2026-10-05 13:30:19,22464.8,2026-10-06,21850.0,PE,40662,3.8,3226925,67785445,3.75,3.8,65
2026-10-05 13:30:19,22464.8,2026-10-06,21850.0,CE,40661,651.75,24310,4615,637.5,641.05,65
2026-10-05 13:30:19,22464.8,2026-10-06,22000.0,CE,40667,490.05,619190,2618590,491.9,493.35,65
2026-10-05 13:30:19,22464.8,2026-10-06,22550.0,PE,40700,130.05,4882930,299315055,130.1,130.45,65
2026-10-05 13:30:19,22464.8,2026-10-06,21950.0,PE,40666,5.9,3792360,58046690,5.85,5.9,65
2026-10-05 13:30:19,22464.8,2026-10-06,21950.0,CE,40665,541.7,28470,66820,540.85,542.3,65
2026-10-05 13:30:19,22464.8,2026-10-06,21900.0,PE,40664,4.75,7815470,76608545,4.7,4.75,65
2026-10-05 13:30:19,22464.8,2026-10-06,22650.0,CE,40704,33.05,13522600,246770875,33.0,33.1,65
2026-10-05 13:30:19,22464.8,2026-10-06,22600.0,PE,40703,162.05,6439940,291591430,162.3,162.75,65
2026-10-05 13:30:19,22464.8,2026-10-06,22050.0,CE,40669,445.1,56095,164060,443.55,445.95,65
2026-10-05 13:30:19,22464.8,2026-10-06,22000.0,PE,40668,7.5,15526485,156021255,7.5,7.55,65
2026-10-05 13:30:19,22464.8,2026-10-06,22600.0,CE,40701,47.4,24065925,475063160,47.0,47.15,65
2026-10-05 13:30:19,22464.8,2026-10-06,22450.0,PE,40696,81.05,13477815,387457525,81.6,81.8,65
2026-10-05 13:30:19,22464.8,2026-10-06,23000.0,PE,40732,518.6,1327040,3114995,516.95,518.45,65
2026-10-05 13:30:19,22464.8,2026-10-06,22550.0,CE,40699,65.45,13775125,321331010,65.4,65.6,65
2026-10-05 13:30:19,22464.8,2026-10-06,22500.0,PE,40698,103.25,17500600,578064955,103.1,103.25,65
2026-10-05 13:30:19,22464.8,2026-10-06,23000.0,CE,40731,3.5,18572060,106233010,3.5,3.55,65
2026-10-05 13:30:19,22464.8,2026-10-06,22500.0,CE,40697,88.25,21813220,412919585,87.95,88.2,65
2026-10-05 13:30:19,22464.8,2026-10-06,23050.0,PE,40736,578.05,309595,640055,566.75,569.2,65
2026-10-05 13:30:19,22464.8,2026-10-06,23050.0,CE,40735,2.85,5156645,35670765,2.8,2.85,65
2026-10-05 13:30:19,22464.8,2026-10-06,22300.0,PE,40681,37.15,15043470,279050070,37.05,37.15,65
2026-10-05 13:30:19,22464.8,2026-10-06,22350.0,CE,40682,183.15,1374945,21571745,183.15,183.45,65
2026-10-05 13:30:19,22464.8,2026-10-06,22900.0,PE,40722,420.0,643890,3097835,419.7,421.05,65
2026-10-05 13:30:19,22464.8,2026-10-06,22450.0,CE,40689,115.9,8460920,154081525,115.1,115.35,65
2026-10-05 13:30:19,22464.8,2026-10-06,22900.0,CE,40721,5.35,11738935,112244015,5.35,5.4,65
2026-10-05 13:30:19,22464.8,2026-10-06,22400.0,PE,40688,63.05,18423990,442812240,63.2,63.35,65
2026-10-05 13:30:19,22464.8,2026-10-06,22400.0,CE,40687,147.95,5854030,109286190,147.35,147.65,65
2026-10-05 13:30:19,22464.8,2026-10-06,22850.0,PE,40720,372.0,299910,2428335,371.4,372.65,65
2026-10-05 13:30:19,22464.8,2026-10-06,22350.0,PE,40686,48.5,7762690,213374460,48.4,48.5,65
2026-10-05 13:30:19,22464.8,2026-10-06,22950.0,PE,40724,476.45,378625,585845,467.45,469.75,65
2026-10-05 13:30:19,22464.8,2026-10-06,22950.0,CE,40723,4.15,5967130,48782175,4.2,4.25,65
2026-10-05 13:30:19,22464.8,2026-10-06,22850.0,CE,40717,7.45,8897005,97883240,7.4,7.45,65
2026-10-05 13:30:19,22464.8,2026-10-06,22800.0,PE,40716,328.55,1692925,16571555,325.95,326.85,65
2026-10-05 13:30:19,22464.8,2026-10-06,22050.0,PE,40670,9.55,3472690,71701240,9.55,9.6,65
2026-10-05 13:30:19,22464.8,2026-10-06,22150.0,PE,40674,16.3,4369170,101493405,16.25,16.35,65
2026-10-05 13:30:19,22464.8,2026-10-06,22150.0,CE,40673,350.3,151125,587405,350.85,351.8,65
2026-10-05 13:30:19,22464.8,2026-10-06,22100.0,PE,40672,12.4,8871330,128502400,12.4,12.5,65
2026-10-05 13:30:19,22464.8,2026-10-06,22100.0,CE,40671,394.0,212940,878410,395.65,396.8,65
2026-10-05 13:30:19,22464.8,2026-10-06,22250.0,PE,40678,28.3,6109610,138478990,28.4,28.55,65
2026-10-05 13:30:19,22464.8,2026-10-06,22700.0,PE,40711,237.3,3045120,70032170,237.3,237.9,65
2026-10-05 13:30:19,22464.8,2026-10-06,22250.0,CE,40677,263.7,413270,4018430,262.25,263.0,65
2026-10-05 13:30:19,22464.8,2026-10-06,22700.0,CE,40710,23.0,17059250,292164145,23.0,23.1,65
2026-10-05 13:30:19,22464.8,2026-10-06,22200.0,PE,40676,21.4,10883795,193484200,21.4,21.5,65
2026-10-05 13:30:19,22464.8,2026-10-06,22200.0,CE,40675,307.1,720590,5579665,306.0,306.75,65
2026-10-05 13:30:19,22464.8,2026-10-06,22800.0,CE,40715,10.7,17180280,200852600,10.6,10.7,65
2026-10-05 13:30:19,22464.8,2026-10-06,22750.0,PE,40714,282.1,839865,15801175,280.45,281.2,65
2026-10-05 13:30:19,22464.8,2026-10-06,22750.0,CE,40712,15.75,8469500,150985640,15.65,15.7,65
2026-10-05 13:30:19,22464.8,2026-10-06,22300.0,CE,40679,222.5,2103855,24108565,221.7,222.3,65
2026-10-05 13:30:19,22464.8,2026-10-06,22650.0,PE,40709,197.75,1530425,85973290,197.8,198.3,65
2026-10-05 13:35:31,22475.05,2026-10-06,21900.0,CE,40663,594.0,36075,60775,601.6,604.4,65
2026-10-05 13:35:31,22475.05,2026-10-06,22000.0,CE,40667,505.1,622310,2632435,504.3,506.0,65
2026-10-05 13:35:31,22475.05,2026-10-06,22550.0,PE,40700,120.25,4889170,300776840,120.8,121.1,65
2026-10-05 13:35:31,22475.05,2026-10-06,21950.0,PE,40666,4.85,3764085,58877650,4.85,4.9,65
2026-10-05 13:35:31,22475.05,2026-10-06,23100.0,PE,40742,605.1,553345,974545,601.9,603.85,65
2026-10-05 13:35:31,22475.05,2026-10-06,21950.0,CE,40665,540.75,28600,67210,552.7,554.6,65
2026-10-05 13:35:31,22475.05,2026-10-06,23100.0,CE,40741,2.45,9968270,59686640,2.4,2.45,65
2026-10-05 13:35:31,22475.05,2026-10-06,21900.0,PE,40664,3.9,7769450,77539345,3.9,3.95,65
2026-10-05 13:35:31,22475.05,2026-10-06,22650.0,CE,40704,35.95,13577005,249059915,35.75,35.85,65
2026-10-05 13:35:31,22475.05,2026-10-06,22600.0,PE,40703,151.35,6549920,293109960,151.5,151.9,65
2026-10-05 13:35:31,22475.05,2026-10-06,22050.0,CE,40669,454.55,56290,165230,456.65,458.7,65
2026-10-05 13:35:31,22475.05,2026-10-06,22000.0,PE,40668,6.25,15002780,158714920,6.2,6.25,65
2026-10-05 13:35:31,22475.05,2026-10-06,22600.0,CE,40701,51.1,24651705,480172420,50.8,50.95,65
2026-10-05 13:35:31,22475.05,2026-10-06,22450.0,PE,40696,73.55,13279045,393552640,73.7,73.9,65
2026-10-05 13:35:31,22475.05,2026-10-06,23000.0,PE,40732,505.75,1322360,3135535,503.5,505.15,65
2026-10-05 13:35:31,22475.05,2026-10-06,22550.0,CE,40699,70.45,13929760,324730120,70.0,70.15,65
2026-10-05 13:35:31,22475.05,2026-10-06,22500.0,PE,40698,94.95,17189835,583566945,94.95,95.2,65
2026-10-05 13:35:31,22475.05,2026-10-06,23000.0,CE,40731,3.65,18592470,106773160,3.65,3.7,65
2026-10-05 13:35:31,22475.05,2026-10-06,22500.0,CE,40697,94.25,22548695,419876145,93.75,94.0,65
2026-10-05 13:35:31,22475.05,2026-10-06,23050.0,PE,40736,565.3,309010,640965,552.3,555.25,65
2026-10-05 13:35:31,22475.05,2026-10-06,23050.0,CE,40735,2.9,5189860,36068955,2.85,2.9,65
2026-10-05 13:35:31,22475.05,2026-10-06,22300.0,PE,40681,32.45,14908465,282664135,32.75,32.8,65
2026-10-05 13:35:31,22475.05,2026-10-06,22350.0,CE,40682,191.85,1400815,21869835,191.9,192.4,65
2026-10-05 13:35:31,22475.05,2026-10-06,22900.0,PE,40722,407.25,647660,3128060,406.3,407.6,65
2026-10-05 13:35:31,22475.05,2026-10-06,22450.0,CE,40689,123.1,8723260,157267500,122.65,122.95,65
2026-10-05 13:35:31,22475.05,2026-10-06,22900.0,CE,40721,5.75,11790350,113222395,5.75,5.8,65
2026-10-05 13:35:31,22475.05,2026-10-06,22400.0,PE,40688,56.7,18161845,448721455,56.7,56.9,65
2026-10-05 13:35:31,22475.05,2026-10-06,22400.0,CE,40687,156.35,5891145,111028840,155.8,156.2,65
2026-10-05 13:35:31,22475.05,2026-10-06,22850.0,PE,40720,359.7,300625,2438995,358.55,359.7,65
2026-10-05 13:35:31,22475.05,2026-10-06,22350.0,PE,40686,43.2,7661225,215959900,43.2,43.35,65
2026-10-05 13:35:31,22475.05,2026-10-06,22950.0,PE,40724,468.5,378755,586625,454.4,456.05,65
2026-10-05 13:35:31,22475.05,2026-10-06,22950.0,CE,40723,4.45,5982405,49019815,4.45,4.5,65
2026-10-05 13:35:31,22475.05,2026-10-06,22850.0,CE,40717,8.05,9041890,99360625,7.95,8.05,65
2026-10-05 13:35:31,22475.05,2026-10-06,22800.0,PE,40716,311.95,1691625,16657290,311.5,312.35,65
2026-10-05 13:35:31,22475.05,2026-10-06,22050.0,PE,40670,7.95,3540680,72809295,7.95,8.0,65
2026-10-05 13:35:31,22475.05,2026-10-06,22150.0,PE,40674,13.8,4432740,102908520,13.85,13.9,65
2026-10-05 13:35:31,22475.05,2026-10-06,22150.0,CE,40673,361.65,152230,592930,362.65,363.55,65
2026-10-05 13:35:31,22475.05,2026-10-06,22100.0,PE,40672,10.35,8769670,130075855,10.3,10.35,65
2026-10-05 13:35:31,22475.05,2026-10-06,22100.0,CE,40671,409.2,212160,892840,409.6,410.9,65
2026-10-05 13:35:31,22475.05,2026-10-06,22250.0,PE,40678,24.45,5963165,140486515,24.6,24.7,65
2026-10-05 13:35:31,22475.05,2026-10-06,22700.0,PE,40711,225.0,3066115,70421845,225.3,225.9,65
2026-10-05 13:35:31,22475.05,2026-10-06,22250.0,CE,40677,274.25,416650,4088760,273.5,274.1,65
2026-10-05 13:35:31,22475.05,2026-10-06,22700.0,CE,40710,25.05,17307355,295440535,24.9,25.0,65
2026-10-05 13:35:31,22475.05,2026-10-06,22200.0,PE,40676,18.3,10756395,196165125,18.4,18.5,65
2026-10-05 13:35:31,22475.05,2026-10-06,22200.0,CE,40675,318.6,701415,5663905,317.3,318.15,65
2026-10-05 13:35:31,22475.05,2026-10-06,22800.0,CE,40715,11.75,17227145,203723520,11.65,11.7,65
2026-10-05 13:35:31,22475.05,2026-10-06,22750.0,PE,40714,267.2,841555,15849600,267.2,267.7,65
2026-10-05 13:35:31,22475.05,2026-10-06,22750.0,CE,40712,17.15,8578245,152629880,17.05,17.15,65
2026-10-05 13:35:31,22475.05,2026-10-06,22300.0,CE,40679,232.35,2101450,24445330,231.5,232.15,65
2026-10-05 13:35:31,22475.05,2026-10-06,22650.0,PE,40709,186.4,1532310,86297120,186.65,186.9,65
2026-10-05 13:40:32,22531.55,2026-10-06,22000.0,CE,40667,572.6,559195,2773095,570.75,574.05,65
2026-10-05 13:40:32,22531.55,2026-10-06,22550.0,PE,40700,85.8,5094375,305781710,85.65,85.8,65
2026-10-05 13:40:32,22531.55,2026-10-06,23150.0,PE,40744,600.0,104910,69485,576.0,581.7,65
2026-10-05 13:40:32,22531.55,2026-10-06,21950.0,PE,40666,4.05,3680755,60951085,3.9,3.95,65
2026-10-05 13:40:32,22531.55,2026-10-06,23150.0,CE,40743,2.15,3652220,38486305,2.1,2.15,65
2026-10-05 13:40:32,22531.55,2026-10-06,23100.0,PE,40742,542.9,551005,983255,528.6,530.9,65
2026-10-05 13:40:32,22531.55,2026-10-06,21950.0,CE,40665,564.65,28470,67600,618.3,624.6,65
2026-10-05 13:40:32,22531.55,2026-10-06,23100.0,CE,40741,2.7,9800050,62626135,2.65,2.7,65
2026-10-05 13:40:32,22531.55,2026-10-06,22650.0,CE,40704,55.75,13494000,259233650,55.7,55.85,65
2026-10-05 13:40:32,22531.55,2026-10-06,22600.0,PE,40703,109.95,6575140,297282050,109.65,109.8,65
2026-10-05 13:40:32,22531.55,2026-10-06,22050.0,CE,40669,511.55,54795,172185,527.85,531.15,65
2026-10-05 13:40:32,22531.55,2026-10-06,22000.0,PE,40668,5.0,14808300,162949280,4.95,5.0,65
2026-10-05 13:40:32,22531.55,2026-10-06,22600.0,CE,40701,77.0,22927125,500498180,76.8,77.0,65
2026-10-05 13:40:32,22531.55,2026-10-06,22450.0,PE,40696,50.8,12247365,406052595,50.8,50.85,65
2026-10-05 13:40:32,22531.55,2026-10-06,23000.0,PE,40732,437.45,1330420,3225235,436.2,437.95,65
2026-10-05 13:40:32,22531.55,2026-10-06,22550.0,CE,40699,102.6,13427830,339729975,102.65,102.9,65
2026-10-05 13:40:32,22531.55,2026-10-06,22500.0,PE,40698,65.9,17852900,598314340,65.55,65.75,65
2026-10-05 13:40:32,22531.55,2026-10-06,23000.0,CE,40731,4.5,18570370,110379425,4.45,4.5,65
2026-10-05 13:40:32,22531.55,2026-10-06,22500.0,CE,40697,133.1,21379020,444223065,133.35,133.75,65
2026-10-05 13:40:32,22531.55,2026-10-06,23050.0,PE,40736,498.9,309075,643890,483.7,487.7,65
2026-10-05 13:40:32,22531.55,2026-10-06,23050.0,CE,40735,3.25,5052645,38092210,3.25,3.3,65
2026-10-05 13:40:32,22531.55,2026-10-06,22300.0,PE,40681,22.35,14089595,290926415,22.35,22.4,65
2026-10-05 13:40:32,22531.55,2026-10-06,22350.0,CE,40682,250.5,1249690,23187320,248.75,249.45,65
2026-10-05 13:40:32,22531.55,2026-10-06,22900.0,PE,40722,342.65,678925,3207815,340.7,341.95,65
2026-10-05 13:40:32,22531.55,2026-10-06,22450.0,CE,40689,167.8,7617480,167594180,167.6,168.0,65
2026-10-05 13:40:32,22531.55,2026-10-06,22900.0,CE,40721,8.15,12050740,118392040,8.15,8.2,65
2026-10-05 13:40:32,22531.55,2026-10-06,22400.0,PE,40688,38.7,16871140,461992830,37.25,37.4,65
2026-10-05 13:40:32,22531.55,2026-10-06,22400.0,CE,40687,205.65,5228600,118349660,208.9,209.55,65
2026-10-05 13:40:32,22531.55,2026-10-06,22850.0,PE,40720,294.3,302705,2477085,291.65,292.5,65
2026-10-05 13:40:32,22531.55,2026-10-06,22350.0,PE,40686,28.85,7289750,221973310,28.8,28.85,65
2026-10-05 13:40:32,22531.55,2026-10-06,22950.0,PE,40724,400.7,378625,591760,382.35,385.55,65
2026-10-05 13:40:32,22531.55,2026-10-06,22950.0,CE,40723,6.0,6070155,51170795,5.9,5.95,65
2026-10-05 13:40:32,22531.55,2026-10-06,22850.0,CE,40717,12.05,8902465,104092625,12.3,12.4,65
2026-10-05 13:40:32,22531.55,2026-10-06,22800.0,PE,40716,251.75,1730820,16986515,250.65,251.45,65
2026-10-05 13:40:32,22531.55,2026-10-06,22050.0,PE,40670,6.1,3387085,75034635,5.95,6.0,65
2026-10-05 13:40:32,22531.55,2026-10-06,22150.0,PE,40674,9.85,4413955,105948375,9.75,9.8,65
2026-10-05 13:40:32,22531.55,2026-10-06,22150.0,CE,40673,427.0,147745,616590,427.2,429.1,65
2026-10-05 13:40:32,22531.55,2026-10-06,22100.0,PE,40672,7.6,8709545,133221270,7.55,7.6,65
2026-10-05 13:40:32,22531.55,2026-10-06,22100.0,CE,40671,469.1,201760,930930,475.95,478.4,65
2026-10-05 13:40:32,22531.55,2026-10-06,22250.0,PE,40678,16.85,6149195,145892955,16.8,16.85,65
2026-10-05 13:40:32,22531.55,2026-10-06,22700.0,PE,40711,168.85,3123185,71551285,169.5,169.9,65
2026-10-05 13:40:32,22531.55,2026-10-06,22250.0,CE,40677,333.5,397085,4375150,333.6,334.9,65
2026-10-05 13:40:32,22531.55,2026-10-06,22700.0,CE,40710,39.9,16716050,306906015,39.95,40.1,65
2026-10-05 13:40:32,22531.55,2026-10-06,22200.0,PE,40676,12.8,10224370,202416500,12.8,12.85,65
2026-10-05 13:40:32,22531.55,2026-10-06,22200.0,CE,40675,379.5,651430,5913115,379.6,380.55,65
2026-10-05 13:40:32,22531.55,2026-10-06,22800.0,CE,40715,18.0,17105660,212909580,18.0,18.1,65
2026-10-05 13:40:32,22531.55,2026-10-06,22750.0,PE,40714,209.85,851500,16024385,204.6,205.25,65
2026-10-05 13:40:32,22531.55,2026-10-06,22750.0,CE,40712,26.95,8576750,159702530,27.9,28.0,65
2026-10-05 13:40:32,22531.55,2026-10-06,22300.0,CE,40679,290.15,1943500,25452440,289.0,289.75,65
2026-10-05 13:40:32,22531.55,2026-10-06,22650.0,PE,40709,138.9,1601925,87291230,138.8,139.1,65
2026-10-05 13:45:24,22566.1,2026-10-06,22000.0,CE,40667,600.0,539045,2833480,600.95,602.05,65
2026-10-05 13:45:24,22566.1,2026-10-06,22550.0,PE,40700,70.4,7196995,317774600,71.4,71.6,65
2026-10-05 13:45:24,22566.1,2026-10-06,23150.0,PE,40744,557.75,105235,74685,554.5,557.0,65
2026-10-05 13:45:24,22566.1,2026-10-06,21950.0,PE,40666,3.75,3698175,63263200,3.75,3.8,65
2026-10-05 13:45:24,22566.1,2026-10-06,23150.0,CE,40743,2.15,3378895,44456750,2.1,2.15,65
2026-10-05 13:45:24,22566.1,2026-10-06,23100.0,PE,40742,507.95,548145,995085,503.4,505.45,65
2026-10-05 13:45:24,22566.1,2026-10-06,21950.0,CE,40665,645.85,28990,68510,648.65,652.15,65
2026-10-05 13:45:24,22566.1,2026-10-06,23100.0,CE,40741,2.65,8685495,78604435,2.6,2.65,65
2026-10-05 13:45:24,22566.1,2026-10-06,22650.0,CE,40704,65.65,10936640,278796895,65.05,65.15,65
2026-10-05 13:45:24,22566.1,2026-10-06,22600.0,PE,40703,91.7,8069165,306635290,91.7,91.9,65
2026-10-05 13:45:24,22566.1,2026-10-06,22050.0,CE,40669,550.15,54860,178880,551.95,555.75,65
2026-10-05 13:45:24,22566.1,2026-10-06,22000.0,PE,40668,4.65,14353625,168663625,4.6,4.65,65
2026-10-05 13:45:24,22566.1,2026-10-06,22600.0,CE,40701,90.1,19141525,534059175,89.85,90.1,65
2026-10-05 13:45:24,22566.1,2026-10-06,22450.0,PE,40696,41.9,11496030,417489800,41.85,42.0,65
2026-10-05 13:45:24,22566.1,2026-10-06,23000.0,PE,40732,405.7,1341730,3370445,407.2,408.2,65
2026-10-05 13:45:24,22566.1,2026-10-06,22550.0,CE,40699,119.65,10407735,361868780,117.6,117.75,65
2026-10-05 13:45:24,22566.1,2026-10-06,22500.0,PE,40698,54.05,19782425,619052525,54.0,54.1,65
2026-10-05 13:45:24,22566.1,2026-10-06,23000.0,CE,40731,4.75,16708770,121194255,4.7,4.75,65
2026-10-05 13:45:24,22566.1,2026-10-06,22500.0,CE,40697,152.7,15551770,468384800,152.65,152.95,65
2026-10-05 13:45:24,22566.1,2026-10-06,23050.0,PE,40736,459.0,307710,653965,455.4,457.65,65
2026-10-05 13:45:24,22566.1,2026-10-06,23050.0,CE,40735,3.3,4713735,41957175,3.3,3.35,65
2026-10-05 13:45:24,22566.1,2026-10-06,22300.0,PE,40681,18.5,13125255,302719560,18.65,18.75,65
2026-10-05 13:45:24,22566.1,2026-10-06,22350.0,CE,40682,271.6,988130,24099725,270.8,271.45,65
2026-10-05 13:45:24,22566.1,2026-10-06,22900.0,PE,40722,312.3,675285,3318250,312.25,313.2,65
2026-10-05 13:45:24,22566.1,2026-10-06,22450.0,CE,40689,189.4,4697095,175786585,188.95,189.4,65
2026-10-05 13:45:24,22566.1,2026-10-06,22900.0,CE,40721,9.3,11429990,128337365,9.2,9.25,65
2026-10-05 13:45:24,22566.1,2026-10-06,22400.0,PE,40688,31.8,17401345,478628930,31.8,31.9,65
2026-10-05 13:45:24,22566.1,2026-10-06,22400.0,CE,40687,229.15,3873285,124151040,228.65,229.25,65
2026-10-05 13:45:24,22566.1,2026-10-06,22850.0,PE,40720,266.4,294580,2594215,265.1,265.55,65
2026-10-05 13:45:24,22566.1,2026-10-06,22350.0,PE,40686,24.35,7152925,229247135,24.25,24.3,65
2026-10-05 13:45:24,22566.1,2026-10-06,22950.0,PE,40724,359.35,378885,615680,356.85,358.05,65
2026-10-05 13:45:24,22566.1,2026-10-06,22950.0,CE,40723,6.45,5649930,56137120,6.45,6.5,65
2026-10-05 13:45:24,22566.1,2026-10-06,22850.0,CE,40717,14.25,8283145,115310325,14.2,14.25,65
2026-10-05 13:45:24,22566.1,2026-10-06,22800.0,PE,40716,223.85,1733420,17613310,224.0,224.5,65
2026-10-05 13:45:24,22566.1,2026-10-06,22050.0,PE,40670,5.5,2962635,78818090,5.45,5.55,65
2026-10-05 13:45:24,22566.1,2026-10-06,22150.0,PE,40674,8.65,4544280,109479110,8.65,8.7,65
2026-10-05 13:45:24,22566.1,2026-10-06,22150.0,CE,40673,453.6,142545,638300,454.7,456.25,65
2026-10-05 13:45:24,22566.1,2026-10-06,22100.0,PE,40672,6.75,7945925,139762480,6.7,6.8,65
2026-10-05 13:45:24,22566.1,2026-10-06,22100.0,CE,40671,503.15,197015,984295,502.4,504.2,65
2026-10-05 13:45:24,22566.1,2026-10-06,22250.0,PE,40678,14.1,6045000,151362185,14.1,14.15,65
2026-10-05 13:45:24,22566.1,2026-10-06,22700.0,PE,40711,149.0,3305770,73638565,149.2,149.6,65
2026-10-05 13:45:24,22566.1,2026-10-06,22250.0,CE,40677,360.8,350220,4522570,362.05,363.0,65
2026-10-05 13:45:24,22566.1,2026-10-06,22700.0,CE,40710,46.05,15114385,327892370,46.0,46.15,65
2026-10-05 13:45:24,22566.1,2026-10-06,22200.0,PE,40676,10.95,10373610,209234285,11.05,11.1,65
2026-10-05 13:45:24,22566.1,2026-10-06,22200.0,CE,40675,408.0,638625,6081140,407.3,408.4,65
2026-10-05 13:45:24,22566.1,2026-10-06,22800.0,CE,40715,21.35,16452410,228725900,21.0,21.1,65
2026-10-05 13:45:24,22566.1,2026-10-06,22750.0,PE,40714,185.35,987090,16672760,184.55,185.05,65
2026-10-05 13:45:24,22566.1,2026-10-06,22750.0,CE,40712,31.8,8270990,172932370,31.7,31.8,65
2026-10-05 13:45:24,22566.1,2026-10-06,22300.0,CE,40679,317.1,1671345,26331500,315.05,315.85,65
2026-10-05 13:45:24,22566.1,2026-10-06,22650.0,PE,40709,117.8,1955785,89880895,118.45,118.7,65
2026-10-05 13:50:49,22545.8,2026-10-06,22000.0,CE,40667,577.45,535015,2864485,575.85,577.45,65
2026-10-05 13:50:49,22545.8,2026-10-06,22550.0,PE,40700,80.85,8145280,327388490,80.3,80.5,65
2026-10-05 13:50:49,22545.8,2026-10-06,23150.0,PE,40744,586.35,104325,76700,579.4,581.75,65
2026-10-05 13:50:49,22545.8,2026-10-06,21950.0,PE,40666,4.35,3703440,64223640,4.3,4.35,65
2026-10-05 13:50:49,22545.8,2026-10-06,23150.0,CE,40743,1.95,3368690,45378320,1.95,2.0,65
2026-10-05 13:50:49,22545.8,2026-10-06,23100.0,PE,40742,538.3,543985,1010815,528.6,530.9,65
2026-10-05 13:50:49,22545.8,2026-10-06,21950.0,CE,40665,629.25,28925,69615,625.05,627.15,65
2026-10-05 13:50:49,22545.8,2026-10-06,23100.0,CE,40741,2.35,8459100,80375555,2.3,2.35,65
2026-10-05 13:50:49,22545.8,2026-10-06,22650.0,CE,40704,54.25,10702250,288258295,54.1,54.15,65
2026-10-05 13:50:49,22545.8,2026-10-06,22600.0,PE,40703,104.15,8680750,313875250,104.05,104.2,65
2026-10-05 13:50:49,22545.8,2026-10-06,22050.0,CE,40669,523.0,54340,186030,528.05,529.7,65
2026-10-05 13:50:49,22545.8,2026-10-06,22000.0,PE,40668,5.25,14231230,171915965,5.25,5.3,65
2026-10-05 13:50:49,22545.8,2026-10-06,22600.0,CE,40701,75.8,19315465,550715685,75.8,75.95,65
2026-10-05 13:50:49,22545.8,2026-10-06,22450.0,PE,40696,48.55,11524110,423723170,48.5,48.6,65
2026-10-05 13:50:49,22545.8,2026-10-06,23000.0,PE,40732,433.0,1325025,3433430,430.45,432.15,65
2026-10-05 13:50:49,22545.8,2026-10-06,22550.0,CE,40699,102.5,10348065,372587215,103.25,103.35,65
2026-10-05 13:50:49,22545.8,2026-10-06,22500.0,PE,40698,62.45,21019115,633325290,62.3,62.4,65
2026-10-05 13:50:49,22545.8,2026-10-06,23000.0,CE,40731,3.85,16312270,125353930,3.85,3.9,65
2026-10-05 13:50:49,22545.8,2026-10-06,22500.0,CE,40697,135.0,14472575,477401990,134.65,135.0,65
2026-10-05 13:50:49,22545.8,2026-10-06,23050.0,PE,40736,480.5,306670,662350,480.3,482.2,65
2026-10-05 13:50:49,22545.8,2026-10-06,23050.0,CE,40735,2.85,4558710,44787535,2.85,2.9,65
2026-10-05 13:50:49,22545.8,2026-10-06,22300.0,PE,40681,21.85,13583375,310461060,21.85,21.95,65
2026-10-05 13:50:49,22545.8,2026-10-06,22350.0,CE,40682,251.0,975455,24429600,249.55,250.25,65
2026-10-05 13:50:49,22545.8,2026-10-06,22900.0,PE,40722,336.0,665145,3385915,334.6,335.7,65
2026-10-05 13:50:49,22545.8,2026-10-06,22450.0,CE,40689,170.05,4277520,178445150,169.85,170.1,65
2026-10-05 13:50:49,22545.8,2026-10-06,22900.0,CE,40721,7.1,11197940,132792790,7.05,7.1,65
2026-10-05 13:50:49,22545.8,2026-10-06,22400.0,PE,40688,37.25,17950270,488066735,37.4,37.5,65
2026-10-05 13:50:49,22545.8,2026-10-06,22400.0,CE,40687,209.55,3687515,126056320,209.0,209.45,65
2026-10-05 13:50:49,22545.8,2026-10-06,22850.0,PE,40720,289.0,282230,2661360,287.55,288.4,65
2026-10-05 13:50:49,22545.8,2026-10-06,22350.0,PE,40686,28.6,7364825,233193935,28.6,28.7,65
2026-10-05 13:50:49,22545.8,2026-10-06,22950.0,PE,40724,382.6,379145,632385,382.05,383.25,65
2026-10-05 13:50:49,22545.8,2026-10-06,22950.0,CE,40723,5.05,5452525,57853705,5.0,5.1,65
2026-10-05 13:50:49,22545.8,2026-10-06,22850.0,CE,40717,10.85,7880860,119867540,10.8,10.85,65
2026-10-05 13:50:49,22545.8,2026-10-06,22800.0,PE,40716,244.65,1734460,17993495,244.4,245.1,65
2026-10-05 13:50:49,22545.8,2026-10-06,22050.0,PE,40670,6.3,3159585,80162550,6.35,6.4,65
2026-10-05 13:50:49,22545.8,2026-10-06,22150.0,PE,40674,10.0,4744740,112024250,10.0,10.1,65
2026-10-05 13:50:49,22545.8,2026-10-06,22150.0,CE,40673,428.75,145860,652665,432.4,433.7,65
2026-10-05 13:50:49,22545.8,2026-10-06,22100.0,PE,40672,7.85,7893275,142802530,7.8,7.85,65
2026-10-05 13:50:49,22545.8,2026-10-06,22100.0,CE,40671,472.85,199485,1003860,478.55,480.25,65
2026-10-05 13:50:49,22545.8,2026-10-06,22250.0,PE,40678,16.75,5621005,155329200,16.7,16.75,65
2026-10-05 13:50:49,22545.8,2026-10-06,22700.0,PE,40711,165.0,3367650,75222030,165.85,166.2,65
2026-10-05 13:50:49,22545.8,2026-10-06,22250.0,CE,40677,335.65,349570,4574050,338.0,338.9,65
2026-10-05 13:50:49,22545.8,2026-10-06,22700.0,CE,40710,37.65,15425085,339357200,37.2,37.35,65
2026-10-05 13:50:49,22545.8,2026-10-06,22200.0,PE,40676,12.95,10569650,213030480,12.85,12.95,65
2026-10-05 13:50:49,22545.8,2026-10-06,22200.0,CE,40675,385.0,634140,6187350,384.7,385.65,65
2026-10-05 13:50:49,22545.8,2026-10-06,22800.0,CE,40715,16.35,16429400,237246490,16.25,16.35,65
2026-10-05 13:50:49,22545.8,2026-10-06,22750.0,PE,40714,202.9,1001325,17096365,203.0,203.4,65
2026-10-05 13:50:49,22545.8,2026-10-06,22750.0,CE,40712,25.05,8354190,179394215,24.95,25.0,65
2026-10-05 13:50:49,22545.8,2026-10-06,22300.0,CE,40679,294.55,1653405,26736580,293.9,294.55,65
2026-10-05 13:50:49,22545.8,2026-10-06,22650.0,PE,40709,132.15,2082080,91961220,132.05,132.35,65
2026-10-05 13:55:49,22556.6,2026-10-06,22000.0,CE,40667,580.8,535600,2893995,582.2,583.75,65
2026-10-05 13:55:49,22556.6,2026-10-06,22550.0,PE,40700,76.8,8860475,332792395,76.7,76.9,65
2026-10-05 13:55:49,22556.6,2026-10-06,23150.0,PE,40744,572.5,104260,76960,572.4,574.8,65
2026-10-05 13:55:49,22556.6,2026-10-06,21950.0,PE,40666,4.15,3707210,64890930,4.1,4.15,65
2026-10-05 13:55:49,22556.6,2026-10-06,23150.0,CE,40743,2.0,3342495,45623175,2.0,2.05,65
2026-10-05 13:55:49,22556.6,2026-10-06,23100.0,PE,40742,525.6,542425,1015950,523.9,525.35,65
2026-10-05 13:55:49,22556.6,2026-10-06,21950.0,CE,40665,633.45,28925,70330,631.1,633.1,65
2026-10-05 13:55:49,22556.6,2026-10-06,23100.0,CE,40741,2.45,8412950,80891525,2.45,2.5,65
2026-10-05 13:55:49,22556.6,2026-10-06,22650.0,CE,40704,55.7,11425830,294523450,55.5,55.6,65
2026-10-05 13:55:49,22556.6,2026-10-06,22600.0,PE,40703,99.7,9025185,318020040,99.45,99.65,65
2026-10-05 13:55:49,22556.6,2026-10-06,22050.0,CE,40669,535.95,54210,187265,533.4,535.05,65
2026-10-05 13:55:49,22556.6,2026-10-06,22000.0,PE,40668,5.0,14206270,173624230,5.0,5.05,65
2026-10-05 13:55:49,22556.6,2026-10-06,22600.0,CE,40701,78.05,20341750,562874455,77.9,78.0,65
2026-10-05 13:55:49,22556.6,2026-10-06,22450.0,PE,40696,45.55,11589695,427493170,45.5,45.55,65
2026-10-05 13:55:49,22556.6,2026-10-06,23000.0,PE,40732,426.95,1326065,3475810,425.0,426.1,65
2026-10-05 13:55:49,22556.6,2026-10-06,22550.0,CE,40699,105.4,11117470,379994810,105.0,105.25,65
2026-10-05 13:55:49,22556.6,2026-10-06,22500.0,PE,40698,59.1,21291140,640591445,59.0,59.1,65
2026-10-05 13:55:49,22556.6,2026-10-06,23000.0,CE,40731,4.05,16305315,127083125,4.05,4.1,65
2026-10-05 13:55:49,22556.6,2026-10-06,22500.0,CE,40697,137.05,14266655,483638155,137.2,137.5,65
2026-10-05 13:55:49,22556.6,2026-10-06,23050.0,PE,40736,472.7,306085,667160,474.55,476.25,65
2026-10-05 13:55:49,22556.6,2026-10-06,23050.0,CE,40735,3.0,4600375,46031115,3.0,3.05,65
2026-10-05 13:55:49,22556.6,2026-10-06,22300.0,PE,40681,20.4,13679640,314364375,20.35,20.4,65
2026-10-05 13:55:49,22556.6,2026-10-06,22350.0,CE,40682,255.0,972725,24636170,254.7,255.0,65
2026-10-05 13:55:49,22556.6,2026-10-06,22900.0,PE,40722,330.75,675480,3422640,329.0,329.9,65
2026-10-05 13:55:49,22556.6,2026-10-06,22450.0,CE,40689,173.5,4049695,179911095,173.5,173.8,65
2026-10-05 13:55:49,22556.6,2026-10-06,22900.0,CE,40721,7.45,11473410,135921500,7.45,7.5,65
2026-10-05 13:55:49,22556.6,2026-10-06,22400.0,PE,40688,34.8,17563130,493691770,34.9,35.0,65
2026-10-05 13:55:49,22556.6,2026-10-06,22400.0,CE,40687,213.5,3682185,127465910,212.35,212.9,65
2026-10-05 13:55:49,22556.6,2026-10-06,22850.0,PE,40720,283.0,287625,2704065,282.55,283.25,65
2026-10-05 13:55:49,22556.6,2026-10-06,22350.0,PE,40686,26.55,7251725,235628185,26.55,26.65,65
2026-10-05 13:55:49,22556.6,2026-10-06,22950.0,PE,40724,377.35,380640,644345,376.3,377.55,65
2026-10-05 13:55:49,22556.6,2026-10-06,22950.0,CE,40723,5.3,5447585,58975085,5.3,5.35,65
2026-10-05 13:55:49,22556.6,2026-10-06,22850.0,CE,40717,11.3,7875075,122457270,11.3,11.4,65
2026-10-05 13:55:49,22556.6,2026-10-06,22800.0,PE,40716,239.0,1788410,18232370,239.0,239.25,65
2026-10-05 13:55:49,22556.6,2026-10-06,22050.0,PE,40670,6.0,3195595,81184220,5.95,6.05,65
2026-10-05 13:55:49,22556.6,2026-10-06,22150.0,PE,40674,9.4,4806295,113258340,9.35,9.4,65
2026-10-05 13:55:49,22556.6,2026-10-06,22150.0,CE,40673,437.5,143000,663130,437.05,438.5,65
2026-10-05 13:55:49,22556.6,2026-10-06,22100.0,PE,40672,7.35,8004360,144427075,7.35,7.4,65
2026-10-05 13:55:49,22556.6,2026-10-06,22100.0,CE,40671,483.35,199030,1013220,484.85,486.25,65
2026-10-05 13:55:49,22556.6,2026-10-06,22250.0,PE,40678,15.55,5593965,156976365,15.5,15.6,65
2026-10-05 13:55:49,22556.6,2026-10-06,22700.0,PE,40711,160.8,3395730,76192220,160.4,160.7,65
2026-10-05 13:55:49,22556.6,2026-10-06,22250.0,CE,40677,343.9,352040,4619810,343.35,344.25,65
2026-10-05 13:55:49,22556.6,2026-10-06,22700.0,CE,40710,38.7,16317860,347229220,38.5,38.55,65
2026-10-05 13:55:49,22556.6,2026-10-06,22200.0,PE,40676,12.0,10571860,215265505,11.95,12.05,65
2026-10-05 13:55:49,22556.6,2026-10-06,22200.0,CE,40675,390.8,633490,6232720,389.85,390.95,65
2026-10-05 13:55:49,22556.6,2026-10-06,22800.0,CE,40715,17.2,16762785,243621170,17.1,17.2,65
2026-10-05 13:55:49,22556.6,2026-10-06,22750.0,PE,40714,197.4,1021605,17348370,197.65,198.1,65
2026-10-05 13:55:49,22556.6,2026-10-06,22750.0,CE,40712,25.85,8514220,183834560,25.8,25.9,65
2026-10-05 13:55:49,22556.6,2026-10-06,22300.0,CE,40679,298.7,1607320,26977275,298.4,299.0,65
2026-10-05 13:55:49,22556.6,2026-10-06,22650.0,PE,40709,127.55,2142725,93168465,127.2,127.55,65
2026-10-05 14:00:13,22542.3,2026-10-06,22000.0,CE,40667,567.0,524290,2926625,567.5,569.2,65
2026-10-05 14:00:13,22542.3,2026-10-06,22550.0,PE,40700,82.5,9242675,339145820,82.2,82.35,65
2026-10-05 14:00:13,22542.3,2026-10-06,23150.0,PE,40744,593.25,104195,77350,588.3,591.85,65
2026-10-05 14:00:13,22542.3,2026-10-06,21950.0,PE,40666,4.25,3709550,65393965,4.2,4.25,65
2026-10-05 14:00:13,22542.3,2026-10-06,23150.0,CE,40743,1.85,3326180,46102745,1.85,1.9,65
2026-10-05 14:00:13,22542.3,2026-10-06,23100.0,PE,40742,540.0,537160,1031550,540.0,540.95,65
2026-10-05 14:00:13,22542.3,2026-10-06,21950.0,CE,40665,614.95,29510,71695,616.6,618.5,65
2026-10-05 14:00:13,22542.3,2026-10-06,23100.0,CE,40741,2.3,8443175,82129125,2.25,2.3,65
2026-10-05 14:00:13,22542.3,2026-10-06,22650.0,CE,40704,49.45,11079835,299803985,48.85,48.95,65
2026-10-05 14:00:13,22542.3,2026-10-06,22600.0,PE,40703,106.25,9265945,322733580,106.9,107.2,65
2026-10-05 14:00:13,22542.3,2026-10-06,22050.0,CE,40669,518.25,54145,189930,519.65,521.15,65
2026-10-05 14:00:13,22542.3,2026-10-06,22000.0,PE,40668,5.25,14156220,175105580,5.2,5.25,65
2026-10-05 14:00:13,22542.3,2026-10-06,22600.0,CE,40701,70.35,19218875,573878630,69.45,69.6,65
2026-10-05 14:00:13,22542.3,2026-10-06,22450.0,PE,40696,48.95,11666330,431312960,48.8,48.9,65
2026-10-05 14:00:13,22542.3,2026-10-06,23000.0,PE,40732,440.0,1315730,3524820,440.0,441.15,65
2026-10-05 14:00:13,22542.3,2026-10-06,22550.0,CE,40699,95.55,10785645,386962485,95.65,95.9,65
2026-10-05 14:00:13,22542.3,2026-10-06,22500.0,PE,40698,63.6,21735935,648966630,63.6,63.75,65
2026-10-05 14:00:13,22542.3,2026-10-06,23000.0,CE,40731,3.75,16358095,129343760,3.65,3.7,65
2026-10-05 14:00:13,22542.3,2026-10-06,22500.0,CE,40697,126.45,13584220,488666620,126.45,126.75,65
2026-10-05 14:00:13,22542.3,2026-10-06,23050.0,PE,40736,495.0,302445,673855,487.9,490.4,65
2026-10-05 14:00:13,22542.3,2026-10-06,23050.0,CE,40735,2.75,4522635,48623705,2.7,2.75,65
2026-10-05 14:00:13,22542.3,2026-10-06,22300.0,PE,40681,21.8,13850460,317858580,21.9,21.95,65
2026-10-05 14:00:13,22542.3,2026-10-06,22350.0,CE,40682,240.8,961740,24812515,240.95,241.6,65
2026-10-05 14:00:13,22542.3,2026-10-06,22900.0,PE,40722,344.8,667030,3473080,342.85,344.1,65
2026-10-05 14:00:13,22542.3,2026-10-06,22450.0,CE,40689,162.3,3739320,181328940,162.1,162.5,65
2026-10-05 14:00:13,22542.3,2026-10-06,22900.0,CE,40721,6.5,11522355,138412885,6.45,6.5,65
2026-10-05 14:00:13,22542.3,2026-10-06,22400.0,PE,40688,37.7,17801485,498242875,37.45,37.6,65
2026-10-05 14:00:13,22542.3,2026-10-06,22400.0,CE,40687,200.65,3531645,128666915,200.95,201.45,65
2026-10-05 14:00:13,22542.3,2026-10-06,22850.0,PE,40720,295.5,285025,2750475,296.15,296.95,65
2026-10-05 14:00:13,22542.3,2026-10-06,22350.0,PE,40686,28.9,7399340,237991130,28.8,28.9,65
2026-10-05 14:00:13,22542.3,2026-10-06,22950.0,PE,40724,395.1,381290,654290,391.15,392.4,65
2026-10-05 14:00:13,22542.3,2026-10-06,22950.0,CE,40723,4.7,5379855,59923630,4.7,4.75,65
2026-10-05 14:00:13,22542.3,2026-10-06,22850.0,CE,40717,9.75,7615530,125334560,9.65,9.7,65
2026-10-05 14:00:13,22542.3,2026-10-06,22800.0,PE,40716,250.5,1753310,18468710,250.65,251.4,65
2026-10-05 14:00:13,22542.3,2026-10-06,22050.0,PE,40670,6.3,3332290,82182555,6.2,6.3,65
2026-10-05 14:00:13,22542.3,2026-10-06,22150.0,PE,40674,9.95,5071170,114659220,9.9,9.95,65
2026-10-05 14:00:13,22542.3,2026-10-06,22150.0,CE,40673,424.3,143455,669110,422.0,423.45,65
2026-10-05 14:00:13,22542.3,2026-10-06,22100.0,PE,40672,7.75,7933835,145822560,7.75,7.8,65
2026-10-05 14:00:13,22542.3,2026-10-06,22100.0,CE,40671,467.85,199290,1019590,469.25,470.9,65
2026-10-05 14:00:13,22542.3,2026-10-06,22250.0,PE,40678,16.6,5656755,158523560,16.65,16.75,65
2026-10-05 14:00:13,22542.3,2026-10-06,22700.0,PE,40711,170.75,3353480,77224745,170.75,171.15,65
2026-10-05 14:00:13,22542.3,2026-10-06,22250.0,CE,40677,327.4,351845,4650750,328.8,329.7,65
2026-10-05 14:00:13,22542.3,2026-10-06,22700.0,CE,40710,33.6,15976675,354279835,33.45,33.6,65
2026-10-05 14:00:13,22542.3,2026-10-06,22200.0,PE,40676,12.8,10832705,217948120,12.8,12.85,65
2026-10-05 14:00:13,22542.3,2026-10-06,22200.0,CE,40675,373.35,633295,6278285,375.65,376.75,65
2026-10-05 14:00:13,22542.3,2026-10-06,22800.0,CE,40715,14.85,15357680,250115385,14.8,14.85,65
2026-10-05 14:00:13,22542.3,2026-10-06,22750.0,PE,40714,208.9,1020825,17625920,208.4,209.0,65
2026-10-05 14:00:13,22542.3,2026-10-06,22750.0,CE,40712,22.4,8385390,188025500,22.5,22.6,65
2026-10-05 14:00:13,22542.3,2026-10-06,22300.0,CE,40679,286.45,1588210,27192555,284.1,284.85,65
2026-10-05 14:00:13,22542.3,2026-10-06,22650.0,PE,40709,135.35,2151760,94361995,136.4,136.75,65
2026-10-05 14:05:30,22524.3,2026-10-06,21900.0,CE,40663,632.95,34450,71760,633.35,635.9,65
2026-10-05 14:05:30,22524.3,2026-10-06,22000.0,CE,40667,539.35,515190,2965430,535.9,537.3,65
2026-10-05 14:05:30,22524.3,2026-10-06,22550.0,PE,40700,101.2,8441615,352276860,101.35,101.6,65
2026-10-05 14:05:30,22524.3,2026-10-06,21950.0,PE,40666,4.85,3779620,67164045,4.8,4.85,65
2026-10-05 14:05:30,22524.3,2026-10-06,23100.0,PE,40742,566.7,534235,1039220,571.2,573.65,65
2026-10-05 14:05:30,22524.3,2026-10-06,21950.0,CE,40665,593.7,30550,81770,582.8,588.2,65
2026-10-05 14:05:30,22524.3,2026-10-06,23100.0,CE,40741,2.2,8398455,83147090,2.15,2.2,65
2026-10-05 14:05:30,22524.3,2026-10-06,21900.0,PE,40664,4.0,7831720,87530950,3.95,4.0,65
2026-10-05 14:05:30,22524.3,2026-10-06,22650.0,CE,40704,41.2,10695035,309143965,41.15,41.25,65
2026-10-05 14:05:30,22524.3,2026-10-06,22600.0,PE,40703,128.15,8589360,331907615,127.85,128.15,65
2026-10-05 14:05:30,22524.3,2026-10-06,22050.0,CE,40669,493.9,54340,198315,487.05,489.25,65
2026-10-05 14:05:30,22524.3,2026-10-06,22000.0,PE,40668,6.05,13901355,179363210,6.05,6.1,65
2026-10-05 14:05:30,22524.3,2026-10-06,22600.0,CE,40701,59.55,17962815,592550660,59.4,59.6,65
2026-10-05 14:05:30,22524.3,2026-10-06,22450.0,PE,40696,61.9,11332880,441415455,62.05,62.2,65
2026-10-05 14:05:30,22524.3,2026-10-06,23000.0,PE,40732,471.2,1291615,3625505,469.45,471.05,65
2026-10-05 14:05:30,22524.3,2026-10-06,22550.0,CE,40699,82.4,10792860,399957935,81.7,81.9,65
2026-10-05 14:05:30,22524.3,2026-10-06,22500.0,PE,40698,79.75,20177365,668337930,79.45,79.65,65
2026-10-05 14:05:30,22524.3,2026-10-06,23000.0,CE,40731,3.35,16321045,131814215,3.35,3.4,65
2026-10-05 14:05:30,22524.3,2026-10-06,22500.0,CE,40697,109.5,13050375,498645550,109.75,110.0,65
2026-10-05 14:05:30,22524.3,2026-10-06,23050.0,PE,40736,515.2,302575,681590,521.3,523.7,65
2026-10-05 14:05:30,22524.3,2026-10-06,23050.0,CE,40735,2.6,4530435,51327120,2.55,2.6,65
2026-10-05 14:05:30,22524.3,2026-10-06,22300.0,PE,40681,28.45,13616655,326876940,28.3,28.4,65
2026-10-05 14:05:30,22524.3,2026-10-06,22350.0,CE,40682,217.75,985530,25296570,217.45,217.75,65
2026-10-05 14:05:30,22524.3,2026-10-06,22900.0,PE,40722,375.25,662870,3556540,375.0,376.15,65
2026-10-05 14:05:30,22524.3,2026-10-06,22450.0,CE,40689,142.8,3638310,184353000,142.1,142.35,65
2026-10-05 14:05:30,22524.3,2026-10-06,22900.0,CE,40721,5.7,11579100,144024335,5.65,5.7,65
2026-10-05 14:05:30,22524.3,2026-10-06,22400.0,PE,40688,47.8,17209790,510180775,48.05,48.2,65
2026-10-05 14:05:30,22524.3,2026-10-06,22400.0,CE,40687,179.0,3552900,131036620,178.35,178.55,65
2026-10-05 14:05:30,22524.3,2026-10-06,22850.0,PE,40720,325.05,272220,2849145,326.45,327.55,65
2026-10-05 14:05:30,22524.3,2026-10-06,22350.0,PE,40686,36.9,7379450,243621820,36.85,36.95,65
2026-10-05 14:05:30,22524.3,2026-10-06,22950.0,PE,40724,419.2,375245,673595,421.8,423.65,65
2026-10-05 14:05:30,22524.3,2026-10-06,22950.0,CE,40723,4.2,5488925,61792315,4.2,4.25,65
2026-10-05 14:05:30,22524.3,2026-10-06,22850.0,CE,40717,8.35,7753460,130651495,8.35,8.4,65
2026-10-05 14:05:30,22524.3,2026-10-06,22800.0,PE,40716,282.0,1653990,18922150,281.75,282.0,65
2026-10-05 14:05:30,22524.3,2026-10-06,22050.0,PE,40670,7.6,3429010,84584760,7.6,7.65,65
2026-10-05 14:05:30,22524.3,2026-10-06,22150.0,PE,40674,12.7,4999215,118010360,12.6,12.65,65
2026-10-05 14:05:30,22524.3,2026-10-06,22150.0,CE,40673,399.6,143000,688350,393.6,394.85,65
2026-10-05 14:05:30,22524.3,2026-10-06,22100.0,PE,40672,9.75,7828145,149557785,9.75,9.8,65
2026-10-05 14:05:30,22524.3,2026-10-06,22100.0,CE,40671,444.45,199160,1042145,440.0,441.05,65
2026-10-05 14:05:30,22524.3,2026-10-06,22250.0,PE,40678,21.45,5793840,162807710,21.45,21.55,65
2026-10-05 14:05:30,22524.3,2026-10-06,22700.0,PE,40711,197.05,3074240,79332435,196.95,197.4,65
2026-10-05 14:05:30,22524.3,2026-10-06,22250.0,CE,40677,301.75,357695,4739930,302.4,303.35,65
2026-10-05 14:05:30,22524.3,2026-10-06,22700.0,CE,40710,28.15,15184455,366402205,28.05,28.15,65
2026-10-05 14:05:30,22524.3,2026-10-06,22200.0,PE,40676,16.5,10768615,223576795,16.55,16.65,65
2026-10-05 14:05:30,22524.3,2026-10-06,22200.0,CE,40675,350.0,638625,6384885,346.7,347.65,65
2026-10-05 14:05:30,22524.3,2026-10-06,22800.0,CE,40715,12.5,15384850,260205270,12.35,12.45,65
2026-10-05 14:05:30,22524.3,2026-10-06,22750.0,PE,40714,238.2,883350,18305820,238.05,238.65,65
2026-10-05 14:05:30,22524.3,2026-10-06,22750.0,CE,40712,18.85,8244405,195464100,18.65,18.7,65
2026-10-05 14:05:30,22524.3,2026-10-06,22300.0,CE,40679,259.9,1569620,27712230,258.85,259.45,65
2026-10-05 14:05:30,22524.3,2026-10-06,22650.0,PE,40709,160.6,1784640,96987150,160.45,160.85,65
2026-10-05 14:10:28,22526.8,2026-10-06,22000.0,CE,40667,554.3,516815,3016260,550.15,552.4,65
2026-10-05 14:10:28,22526.8,2026-10-06,22550.0,PE,40700,92.5,7384130,364897000,92.5,92.8,65
2026-10-05 14:10:28,22526.8,2026-10-06,23150.0,PE,40744,609.05,102700,82290,600.75,606.05,65
2026-10-05 14:10:28,22526.8,2026-10-06,21950.0,PE,40666,4.05,3724305,69488900,4.0,4.05,65
2026-10-05 14:10:28,22526.8,2026-10-06,23150.0,CE,40743,1.95,3198585,47683545,1.9,1.95,65
2026-10-05 14:10:28,22526.8,2026-10-06,23100.0,PE,40742,552.95,529945,1053325,554.1,555.85,65
2026-10-05 14:10:28,22526.8,2026-10-06,21950.0,CE,40665,602.1,31265,85670,597.1,602.4,65
2026-10-05 14:10:28,22526.8,2026-10-06,23100.0,CE,40741,2.35,8394750,84333210,2.3,2.35,65
2026-10-05 14:10:28,22526.8,2026-10-06,22650.0,CE,40704,46.2,11260535,317261685,44.55,44.65,65
2026-10-05 14:10:28,22526.8,2026-10-06,22600.0,PE,40703,118.2,7967505,340382965,116.9,117.15,65
2026-10-05 14:10:28,22526.8,2026-10-06,22050.0,CE,40669,505.05,54600,207025,503.35,504.7,65
2026-10-05 14:10:28,22526.8,2026-10-06,22000.0,PE,40668,5.15,13959270,185079570,5.25,5.3,65
2026-10-05 14:10:28,22526.8,2026-10-06,22600.0,CE,40701,65.55,18705440,608182120,65.85,66.0,65
2026-10-05 14:10:28,22526.8,2026-10-06,22450.0,PE,40696,55.4,11350950,456657955,55.35,55.45,65
2026-10-05 14:10:28,22526.8,2026-10-06,23000.0,PE,40732,455.0,1283750,3710200,456.9,459.75,65
2026-10-05 14:10:28,22526.8,2026-10-06,22550.0,CE,40699,89.5,11776765,412163830,89.3,89.5,65
2026-10-05 14:10:28,22526.8,2026-10-06,22500.0,PE,40698,71.6,18962970,693384445,74.5,74.75,65
2026-10-05 14:10:28,22526.8,2026-10-06,23000.0,CE,40731,3.8,16172000,134908800,3.8,3.9,65
2026-10-05 14:10:28,22526.8,2026-10-06,22500.0,CE,40697,119.2,13743730,511815460,115.15,115.45,65
2026-10-05 14:10:28,22526.8,2026-10-06,23050.0,PE,40736,502.15,304070,695565,505.35,508.25,65
2026-10-05 14:10:28,22526.8,2026-10-06,23050.0,CE,40735,2.85,4499820,52756665,2.8,2.85,65
2026-10-05 14:10:28,22526.8,2026-10-06,22300.0,PE,40681,24.4,13423475,339189370,25.35,25.45,65
2026-10-05 14:10:28,22526.8,2026-10-06,22350.0,CE,40682,229.25,960115,25913485,224.75,225.25,65
2026-10-05 14:10:28,22526.8,2026-10-06,22900.0,PE,40722,359.05,621400,3686540,358.5,359.7,65
2026-10-05 14:10:28,22526.8,2026-10-06,22450.0,CE,40689,152.6,3511755,187500820,152.25,152.5,65
2026-10-05 14:10:28,22526.8,2026-10-06,22900.0,CE,40721,6.65,11611470,148432245,6.65,6.7,65
2026-10-05 14:10:28,22526.8,2026-10-06,22400.0,PE,40688,42.35,16344965,526973005,42.1,42.25,65
2026-10-05 14:10:28,22526.8,2026-10-06,22400.0,CE,40687,189.75,3702530,134038710,189.8,190.25,65
2026-10-05 14:10:28,22526.8,2026-10-06,22850.0,PE,40720,312.35,265265,2930850,317.8,318.75,65
2026-10-05 14:10:28,22526.8,2026-10-06,22350.0,PE,40686,32.1,7095075,251651335,33.3,33.4,65
2026-10-05 14:10:28,22526.8,2026-10-06,22950.0,PE,40724,405.95,375310,689130,406.3,407.9,65
2026-10-05 14:10:28,22526.8,2026-10-06,22950.0,CE,40723,4.9,5581680,63092120,4.85,4.9,65
2026-10-05 14:10:28,22526.8,2026-10-06,22850.0,CE,40717,9.9,7708545,134146805,9.5,9.55,65
2026-10-05 14:10:28,22526.8,2026-10-06,22800.0,PE,40716,267.3,1642485,19315920,266.25,267.0,65
2026-10-05 14:10:28,22526.8,2026-10-06,22050.0,PE,40670,6.35,3460535,87271600,6.35,6.4,65
2026-10-05 14:10:28,22526.8,2026-10-06,22150.0,PE,40674,10.8,4698200,122569395,11.1,11.15,65
2026-10-05 14:10:28,22526.8,2026-10-06,22150.0,CE,40673,405.2,145145,704470,402.1,403.4,65
2026-10-05 14:10:28,22526.8,2026-10-06,22100.0,PE,40672,8.25,7631650,155351755,8.15,8.2,65
2026-10-05 14:10:28,22526.8,2026-10-06,22100.0,CE,40671,456.25,202930,1078805,454.85,456.6,65
2026-10-05 14:10:28,22526.8,2026-10-06,22250.0,PE,40678,18.4,6237985,170489345,18.1,18.15,65
2026-10-05 14:10:28,22526.8,2026-10-06,22700.0,PE,40711,184.5,2971020,81266445,189.05,189.45,65
2026-10-05 14:10:28,22526.8,2026-10-06,22250.0,CE,40677,316.7,373425,4856735,316.45,317.7,65
2026-10-05 14:10:28,22526.8,2026-10-06,22700.0,CE,40710,32.0,14927770,376558715,30.8,30.95,65
2026-10-05 14:10:28,22526.8,2026-10-06,22200.0,PE,40676,14.0,10549695,232783785,13.95,14.0,65
2026-10-05 14:10:28,22526.8,2026-10-06,22200.0,CE,40675,362.0,651300,6547255,361.5,362.6,65
2026-10-05 14:10:28,22526.8,2026-10-06,22800.0,CE,40715,14.35,15157870,268122595,14.45,14.5,65
2026-10-05 14:10:28,22526.8,2026-10-06,22750.0,PE,40714,224.2,834730,18733455,223.4,224.15,65
2026-10-05 14:10:28,22526.8,2026-10-06,22750.0,CE,40712,21.55,8213725,201626945,21.55,21.65,65
2026-10-05 14:10:28,22526.8,2026-10-06,22300.0,CE,40679,272.15,1542385,28250365,266.7,267.0,65
2026-10-05 14:10:28,22526.8,2026-10-06,22650.0,PE,40709,149.25,1631955,99095555,153.0,153.4,65
2026-10-05 14:15:16,22540.5,2026-10-06,22000.0,CE,40667,553.55,511225,3053375,551.65,553.35,65
2026-10-05 14:15:16,22540.5,2026-10-06,22550.0,PE,40700,93.25,7685535,373607585,93.2,93.4,65
2026-10-05 14:15:16,22540.5,2026-10-06,23150.0,PE,40744,589.4,103285,86840,602.95,608.6,65
2026-10-05 14:15:16,22540.5,2026-10-06,21950.0,PE,40666,4.15,3629990,70819450,4.1,4.15,65
2026-10-05 14:15:16,22540.5,2026-10-06,23150.0,CE,40743,1.9,3204565,48552985,1.9,1.95,65
2026-10-05 14:15:16,22540.5,2026-10-06,23100.0,PE,40742,549.65,528515,1061775,554.2,556.1,65
2026-10-05 14:15:16,22540.5,2026-10-06,21950.0,CE,40665,616.35,31980,89960,599.4,604.05,65
2026-10-05 14:15:16,22540.5,2026-10-06,23100.0,CE,40741,2.35,8511620,85837440,2.35,2.4,65
2026-10-05 14:15:16,22540.5,2026-10-06,22650.0,CE,40704,46.4,11391445,326127425,46.4,46.45,65
2026-10-05 14:15:16,22540.5,2026-10-06,22600.0,PE,40703,119.1,8043425,345925645,118.85,119.15,65
2026-10-05 14:15:16,22540.5,2026-10-06,22050.0,CE,40669,501.65,55315,211575,502.45,504.5,65
2026-10-05 14:15:16,22540.5,2026-10-06,22000.0,PE,40668,5.25,14140425,188785480,5.25,5.3,65
2026-10-05 14:15:16,22540.5,2026-10-06,22600.0,CE,40701,65.55,18630625,624452595,65.6,65.8,65
2026-10-05 14:15:16,22540.5,2026-10-06,22450.0,PE,40696,55.35,10751520,465322390,55.2,55.35,65
2026-10-05 14:15:16,22540.5,2026-10-06,23000.0,PE,40732,457.0,1286090,3754465,456.8,458.45,65
2026-10-05 14:15:16,22540.5,2026-10-06,22550.0,CE,40699,89.55,11895260,425347390,89.3,89.55,65
2026-10-05 14:15:16,22540.5,2026-10-06,22500.0,PE,40698,72.55,18516420,708707025,72.25,72.45,65
2026-10-05 14:15:16,22540.5,2026-10-06,23000.0,CE,40731,3.85,16335670,137053735,3.85,3.9,65
2026-10-05 14:15:16,22540.5,2026-10-06,22500.0,CE,40697,118.0,13578760,523208595,118.1,118.4,65
2026-10-05 14:15:16,22540.5,2026-10-06,23050.0,PE,40736,496.75,304590,702195,504.05,507.1,65
2026-10-05 14:15:16,22540.5,2026-10-06,23050.0,CE,40735,2.85,4516980,55870880,2.85,2.9,65
2026-10-05 14:15:16,22540.5,2026-10-06,22300.0,PE,40681,24.65,13373295,347000225,24.55,24.65,65
2026-10-05 14:15:16,22540.5,2026-10-06,22350.0,CE,40682,228.95,935025,26364000,229.05,229.65,65
2026-10-05 14:15:16,22540.5,2026-10-06,22900.0,PE,40722,360.45,628420,3773250,359.0,360.0,65
2026-10-05 14:15:16,22540.5,2026-10-06,22450.0,CE,40689,152.6,3506230,190301605,152.65,153.0,65
2026-10-05 14:15:16,22540.5,2026-10-06,22900.0,CE,40721,6.9,11848980,152066655,6.8,6.85,65
2026-10-05 14:15:16,22540.5,2026-10-06,22400.0,PE,40688,42.45,16198715,536918655,42.1,42.25,65
2026-10-05 14:15:16,22540.5,2026-10-06,22400.0,CE,40687,189.0,3558165,136532890,189.75,190.15,65
2026-10-05 14:15:16,22540.5,2026-10-06,22850.0,PE,40720,314.2,278330,3013985,313.4,314.45,65
2026-10-05 14:15:16,22540.5,2026-10-06,22350.0,PE,40686,32.4,6977945,256715095,32.1,32.2,65
2026-10-05 14:15:16,22540.5,2026-10-06,22950.0,PE,40724,398.5,381030,719615,407.7,409.25,65
2026-10-05 14:15:16,22540.5,2026-10-06,22950.0,CE,40723,5.0,5572125,64368005,5.0,5.05,65
2026-10-05 14:15:16,22540.5,2026-10-06,22850.0,CE,40717,10.0,7740005,138320585,10.0,10.1,65
2026-10-05 14:15:16,22540.5,2026-10-06,22800.0,PE,40716,267.55,1663350,19693635,266.85,267.65,65
2026-10-05 14:15:16,22540.5,2026-10-06,22050.0,PE,40670,6.5,3458455,88894130,6.45,6.55,65
2026-10-05 14:15:16,22540.5,2026-10-06,22150.0,PE,40674,10.9,5002075,125594820,10.85,10.95,65
2026-10-05 14:15:16,22540.5,2026-10-06,22150.0,CE,40673,410.95,142025,725205,406.05,407.25,65
2026-10-05 14:15:16,22540.5,2026-10-06,22100.0,PE,40672,8.3,7614100,158611440,8.25,8.3,65
2026-10-05 14:15:16,22540.5,2026-10-06,22100.0,CE,40671,465.0,197015,1100320,454.65,456.2,65
2026-10-05 14:15:16,22540.5,2026-10-06,22250.0,PE,40678,18.55,6377150,175102460,18.5,18.6,65
2026-10-05 14:15:16,22540.5,2026-10-06,22700.0,PE,40711,185.55,3026920,82501835,185.0,185.5,65
2026-10-05 14:15:16,22540.5,2026-10-06,22250.0,CE,40677,314.3,371605,4956250,314.7,315.4,65
2026-10-05 14:15:16,22540.5,2026-10-06,22700.0,CE,40710,32.2,15435875,388041875,32.45,32.55,65
2026-10-05 14:15:16,22540.5,2026-10-06,22200.0,PE,40676,14.15,10420085,237493490,14.05,14.15,65
2026-10-05 14:15:16,22540.5,2026-10-06,22200.0,CE,40675,360.2,643305,6692205,359.75,360.55,65
2026-10-05 14:15:16,22540.5,2026-10-06,22800.0,CE,40715,14.9,15394535,275213835,14.85,14.9,65
2026-10-05 14:15:16,22540.5,2026-10-06,22750.0,PE,40714,225.15,831740,19036225,224.15,224.75,65
2026-10-05 14:15:16,22540.5,2026-10-06,22750.0,CE,40712,21.95,8277425,208199160,22.05,22.1,65
2026-10-05 14:15:16,22540.5,2026-10-06,22300.0,CE,40679,270.7,1533415,28713750,270.9,271.5,65
2026-10-05 14:15:16,22540.5,2026-10-06,22650.0,PE,40709,150.5,1740700,100785685,149.95,150.2,65
2026-10-05 14:20:21,22549.9,2026-10-06,22000.0,CE,40667,563.15,512330,3066245,566.05,568.6,65
2026-10-05 14:20:21,22549.9,2026-10-06,22550.0,PE,40700,85.45,8087105,382289180,85.3,85.45,65
2026-10-05 14:20:21,22549.9,2026-10-06,23150.0,PE,40744,592.6,103350,87880,585.95,588.7,65
2026-10-05 14:20:21,22549.9,2026-10-06,21950.0,PE,40666,4.0,3767855,71790550,4.0,4.05,65
2026-10-05 14:20:21,22549.9,2026-10-06,23150.0,CE,40743,1.95,3239405,49004280,1.9,1.95,65
2026-10-05 14:20:21,22549.9,2026-10-06,23100.0,PE,40742,537.55,527280,1067820,538.2,540.7,65
2026-10-05 14:20:21,22549.9,2026-10-06,21950.0,CE,40665,619.65,32110,90675,617.55,620.6,65
2026-10-05 14:20:21,22549.9,2026-10-06,23100.0,CE,40741,2.45,8520850,87046440,2.4,2.45,65
2026-10-05 14:20:21,22549.9,2026-10-06,22650.0,CE,40704,52.8,11132680,332823270,52.8,52.95,65
2026-10-05 14:20:21,22549.9,2026-10-06,22600.0,PE,40703,109.45,8271445,351904150,109.2,109.4,65
2026-10-05 14:20:21,22549.9,2026-10-06,22050.0,CE,40669,511.0,55770,214175,518.6,520.45,65
2026-10-05 14:20:21,22549.9,2026-10-06,22000.0,PE,40668,5.1,14055730,190938865,5.05,5.1,65
2026-10-05 14:20:21,22549.9,2026-10-06,22600.0,CE,40701,74.25,18441800,637477165,73.95,74.1,65
2026-10-05 14:20:21,22549.9,2026-10-06,22450.0,PE,40696,50.9,11021465,473093335,51.0,51.05,65
2026-10-05 14:20:21,22549.9,2026-10-06,23000.0,PE,40732,440.3,1270685,3817710,438.85,440.3,65
2026-10-05 14:20:21,22549.9,2026-10-06,22550.0,CE,40699,99.7,11829350,436315165,99.7,99.95,65
2026-10-05 14:20:21,22549.9,2026-10-06,22500.0,PE,40698,66.45,18837195,723126105,66.5,66.6,65
2026-10-05 14:20:21,22549.9,2026-10-06,23000.0,CE,40731,4.1,16101865,138648770,4.1,4.15,65
2026-10-05 14:20:21,22549.9,2026-10-06,22500.0,CE,40697,130.1,13420030,532040405,129.25,129.5,65
2026-10-05 14:20:21,22549.9,2026-10-06,23050.0,PE,40736,486.65,303095,707005,488.85,491.25,65
2026-10-05 14:20:21,22549.9,2026-10-06,23050.0,CE,40735,3.0,4580680,57262335,2.95,3.0,65
2026-10-05 14:20:21,22549.9,2026-10-06,22300.0,PE,40681,22.75,13454675,352423760,22.65,22.75,65
2026-10-05 14:20:21,22549.9,2026-10-06,22350.0,CE,40682,244.5,851695,26747760,242.45,243.05,65
2026-10-05 14:20:21,22549.9,2026-10-06,22900.0,PE,40722,344.0,655330,3819530,343.15,344.1,65
2026-10-05 14:20:21,22549.9,2026-10-06,22450.0,CE,40689,164.85,3592485,192580050,164.7,165.0,65
2026-10-05 14:20:21,22549.9,2026-10-06,22900.0,CE,40721,7.55,11783590,154385920,7.55,7.6,65
2026-10-05 14:20:21,22549.9,2026-10-06,22400.0,PE,40688,38.9,16617705,545694305,39.65,39.75,65
2026-10-05 14:20:21,22549.9,2026-10-06,22400.0,CE,40687,203.7,3518255,138457605,200.65,201.15,65
2026-10-05 14:20:21,22549.9,2026-10-06,22850.0,PE,40720,297.8,267280,3056430,297.3,298.25,65
2026-10-05 14:20:21,22549.9,2026-10-06,22350.0,PE,40686,29.8,6998290,260649610,30.25,30.35,65
2026-10-05 14:20:21,22549.9,2026-10-06,22950.0,PE,40724,391.0,379535,736580,390.15,391.45,65
2026-10-05 14:20:21,22549.9,2026-10-06,22950.0,CE,40723,5.45,5634590,65335855,5.45,5.5,65
2026-10-05 14:20:21,22549.9,2026-10-06,22850.0,CE,40717,11.45,7758205,141270350,11.3,11.35,65
2026-10-05 14:20:21,22549.9,2026-10-06,22800.0,PE,40716,252.5,1645020,19980025,252.6,253.2,65
2026-10-05 14:20:21,22549.9,2026-10-06,22050.0,PE,40670,6.2,3380260,90036375,6.2,6.25,65
2026-10-05 14:20:21,22549.9,2026-10-06,22150.0,PE,40674,10.2,4885140,128024130,10.2,10.3,65
2026-10-05 14:20:21,22549.9,2026-10-06,22150.0,CE,40673,426.25,142545,733850,423.65,425.15,65
2026-10-05 14:20:21,22549.9,2026-10-06,22100.0,PE,40672,7.85,7660510,160824235,7.8,7.85,65
2026-10-05 14:20:21,22549.9,2026-10-06,22100.0,CE,40671,466.65,198055,1118325,471.45,473.15,65
2026-10-05 14:20:21,22549.9,2026-10-06,22250.0,PE,40678,17.25,6060145,178426625,17.2,17.3,65
2026-10-05 14:20:21,22549.9,2026-10-06,22700.0,PE,40711,172.8,2969525,83636865,174.65,175.1,65
2026-10-05 14:20:21,22549.9,2026-10-06,22250.0,CE,40677,329.25,376090,5018780,331.35,332.15,65
2026-10-05 14:20:21,22549.9,2026-10-06,22700.0,CE,40710,37.05,15881970,395672095,36.2,36.35,65
2026-10-05 14:20:21,22549.9,2026-10-06,22200.0,PE,40676,13.3,10418460,241450040,13.2,13.3,65
2026-10-05 14:20:21,22549.9,2026-10-06,22200.0,CE,40675,378.1,644930,6771115,377.2,378.3,65
2026-10-05 14:20:21,22549.9,2026-10-06,22800.0,CE,40715,16.9,15339155,280282470,16.8,16.85,65
2026-10-05 14:20:21,22549.9,2026-10-06,22750.0,PE,40714,211.15,837070,19348875,213.15,213.9,65
2026-10-05 14:20:21,22549.9,2026-10-06,22750.0,CE,40712,25.2,8165625,212518345,24.65,24.7,65
2026-10-05 14:20:21,22549.9,2026-10-06,22300.0,CE,40679,287.5,1509755,29076840,286.8,287.55,65
2026-10-05 14:20:21,22549.9,2026-10-06,22650.0,PE,40709,138.75,1698190,102192740,138.4,138.75,65
2026-10-05 14:25:28,22545.25,2026-10-06,22000.0,CE,40667,566.35,513370,3081000,567.4,569.35,65
2026-10-05 14:25:28,22545.25,2026-10-06,22550.0,PE,40700,84.0,8877765,389271090,84.0,84.2,65
2026-10-05 14:25:28,22545.25,2026-10-06,23150.0,PE,40744,592.0,103415,88335,587.6,590.9,65
2026-10-05 14:25:28,22545.25,2026-10-06,21950.0,PE,40666,4.15,3809910,72518680,4.15,4.2,65
2026-10-05 14:25:28,22545.25,2026-10-06,23150.0,CE,40743,1.9,3252925,49765040,1.9,1.95,65
2026-10-05 14:25:28,22545.25,2026-10-06,23100.0,PE,40742,539.75,523510,1076140,539.2,540.95,65
2026-10-05 14:25:28,22545.25,2026-10-06,21950.0,CE,40665,615.8,31915,91780,615.35,618.3,65
2026-10-05 14:25:28,22545.25,2026-10-06,23100.0,CE,40741,2.4,8542235,88638290,2.35,2.4,65
2026-10-05 14:25:28,22545.25,2026-10-06,22650.0,CE,40704,51.0,10744110,339960530,50.8,50.95,65
2026-10-05 14:25:28,22545.25,2026-10-06,22600.0,PE,40703,108.35,8830510,356765175,108.3,108.6,65
2026-10-05 14:25:28,22545.25,2026-10-06,22050.0,CE,40669,517.3,56745,215930,519.0,521.3,65
2026-10-05 14:25:28,22545.25,2026-10-06,22000.0,PE,40668,5.2,14055470,192690615,5.2,5.25,65
2026-10-05 14:25:28,22545.25,2026-10-06,22600.0,CE,40701,71.8,17693065,651066520,71.65,71.8,65
2026-10-05 14:25:28,22545.25,2026-10-06,22450.0,PE,40696,50.05,11317150,477718020,50.2,50.3,65
2026-10-05 14:25:28,22545.25,2026-10-06,23000.0,PE,40732,441.75,1261455,3856450,439.55,441.5,65
2026-10-05 14:25:28,22545.25,2026-10-06,22550.0,CE,40699,97.45,11100960,445592225,97.25,97.3,65
2026-10-05 14:25:28,22545.25,2026-10-06,22500.0,PE,40698,65.05,19991920,732417075,65.1,65.3,65
2026-10-05 14:25:28,22545.25,2026-10-06,23000.0,CE,40731,3.95,16196180,141247340,3.9,3.95,65
2026-10-05 14:25:28,22545.25,2026-10-06,22500.0,CE,40697,128.25,12733630,539319820,128.05,128.35,65
2026-10-05 14:25:28,22545.25,2026-10-06,23050.0,PE,40736,493.05,298870,729300,488.45,491.4,65
2026-10-05 14:25:28,22545.25,2026-10-06,23050.0,CE,40735,2.85,4581070,59123935,2.85,2.9,65
2026-10-05 14:25:28,22545.25,2026-10-06,22300.0,PE,40681,22.4,13531310,356937490,22.35,22.45,65
2026-10-05 14:25:28,22545.25,2026-10-06,22350.0,CE,40682,242.2,820235,27013415,242.45,243.0,65
2026-10-05 14:25:28,22545.25,2026-10-06,22900.0,PE,40722,344.05,650715,3890315,344.1,345.05,65
2026-10-05 14:25:28,22545.25,2026-10-06,22450.0,CE,40689,163.5,3235375,194268035,162.95,163.2,65
2026-10-05 14:25:28,22545.25,2026-10-06,22900.0,CE,40721,7.05,11643320,157342185,7.05,7.1,65
2026-10-05 14:25:28,22545.25,2026-10-06,22400.0,PE,40688,38.1,17281225,552307210,38.1,38.2,65
2026-10-05 14:25:28,22545.25,2026-10-06,22400.0,CE,40687,201.9,3451370,140110295,201.65,202.15,65
2026-10-05 14:25:28,22545.25,2026-10-06,22850.0,PE,40720,297.25,272675,3118960,296.95,297.8,65
2026-10-05 14:25:28,22545.25,2026-10-06,22350.0,PE,40686,29.05,6912815,263632135,29.05,29.15,65
2026-10-05 14:25:28,22545.25,2026-10-06,22950.0,PE,40724,393.0,379990,768235,391.6,392.9,65
2026-10-05 14:25:28,22545.25,2026-10-06,22950.0,CE,40723,5.2,5623540,66876355,5.1,5.15,65
2026-10-05 14:25:28,22545.25,2026-10-06,22850.0,CE,40717,10.75,7437885,144728935,10.75,10.8,65
2026-10-05 14:25:28,22545.25,2026-10-06,22800.0,PE,40716,255.5,1665690,20290985,253.1,253.4,65
2026-10-05 14:25:28,22545.25,2026-10-06,22050.0,PE,40670,6.3,3451565,90972245,6.3,6.35,65
2026-10-05 14:25:28,22545.25,2026-10-06,22150.0,PE,40674,10.2,4892615,129297740,10.2,10.25,65
2026-10-05 14:25:28,22545.25,2026-10-06,22150.0,CE,40673,420.5,141635,741910,422.55,424.3,65
2026-10-05 14:25:28,22545.25,2026-10-06,22100.0,PE,40672,8.0,7604610,162851260,7.9,8.0,65
2026-10-05 14:25:28,22545.25,2026-10-06,22100.0,CE,40671,468.65,198510,1136525,470.35,471.9,65
2026-10-05 14:25:28,22545.25,2026-10-06,22250.0,PE,40678,17.0,5978960,180747125,17.0,17.1,65
2026-10-05 14:25:28,22545.25,2026-10-06,22700.0,PE,40711,172.2,3091790,84650475,171.65,172.05,65
2026-10-05 14:25:28,22545.25,2026-10-06,22250.0,CE,40677,328.4,373165,5068440,329.35,330.25,65
2026-10-05 14:25:28,22545.25,2026-10-06,22700.0,CE,40710,35.8,15731625,404229800,35.6,35.75,65
2026-10-05 14:25:28,22545.25,2026-10-06,22200.0,PE,40676,13.2,10397010,244354045,13.15,13.25,65
2026-10-05 14:25:28,22545.25,2026-10-06,22200.0,CE,40675,377.2,637000,6843460,375.3,376.6,65
2026-10-05 14:25:28,22545.25,2026-10-06,22800.0,CE,40715,16.1,15484495,286560560,16.0,16.1,65
2026-10-05 14:25:28,22545.25,2026-10-06,22750.0,PE,40714,210.7,871000,19610175,210.15,210.65,65
2026-10-05 14:25:28,22545.25,2026-10-06,22750.0,CE,40712,23.9,8137350,217318465,23.8,23.9,65
2026-10-05 14:25:28,22545.25,2026-10-06,22300.0,CE,40679,285.85,1557920,29506360,285.15,285.8,65
2026-10-05 14:25:28,22545.25,2026-10-06,22650.0,PE,40709,138.15,1909895,103538435,137.8,138.15,65
2026-10-05 14:30:21,22557.4,2026-10-06,22000.0,CE,40667,580.0,512460,3085745,576.05,577.85,65
2026-10-05 14:30:21,22557.4,2026-10-06,22550.0,PE,40700,80.85,8905845,393334370,81.2,81.4,65
2026-10-05 14:30:21,22557.4,2026-10-06,23150.0,PE,40744,579.0,103415,88400,579.1,582.65,65
2026-10-05 14:30:21,22557.4,2026-10-06,21950.0,PE,40666,3.9,3817060,72878455,3.85,3.9,65
2026-10-05 14:30:21,22557.4,2026-10-06,23150.0,CE,40743,2.0,3254160,50367915,2.0,2.05,65
2026-10-05 14:30:21,22557.4,2026-10-06,23100.0,PE,40742,528.0,520845,1080495,530.2,532.1,65
2026-10-05 14:30:21,22557.4,2026-10-06,21950.0,CE,40665,617.55,31980,91910,624.25,626.65,65
2026-10-05 14:30:21,22557.4,2026-10-06,23100.0,CE,40741,2.5,8586565,89477895,2.5,2.55,65
2026-10-05 14:30:21,22557.4,2026-10-06,22650.0,CE,40704,54.4,11076715,343983770,54.0,54.1,65
2026-10-05 14:30:21,22557.4,2026-10-06,22600.0,PE,40703,104.25,9253530,359636160,103.85,104.1,65
2026-10-05 14:30:21,22557.4,2026-10-06,22050.0,CE,40669,529.7,57200,216905,526.65,528.5,65
2026-10-05 14:30:21,22557.4,2026-10-06,22000.0,PE,40668,4.9,14038245,193944465,4.85,4.9,65
2026-10-05 14:30:21,22557.4,2026-10-06,22600.0,CE,40701,76.6,17999150,658945820,76.4,76.6,65
2026-10-05 14:30:21,22557.4,2026-10-06,22450.0,PE,40696,47.7,11331970,480261600,47.95,48.05,65
2026-10-05 14:30:21,22557.4,2026-10-06,23000.0,PE,40732,432.0,1261195,3877380,432.95,434.3,65
2026-10-05 14:30:21,22557.4,2026-10-06,22550.0,CE,40699,102.4,11487060,450900320,101.85,102.1,65
2026-10-05 14:30:21,22557.4,2026-10-06,22500.0,PE,40698,62.8,20036835,737655490,62.7,62.9,65
2026-10-05 14:30:21,22557.4,2026-10-06,23000.0,CE,40731,4.2,16152500,142327250,4.15,4.2,65
2026-10-05 14:30:21,22557.4,2026-10-06,22500.0,CE,40697,133.2,12876435,543232495,132.75,133.1,65
2026-10-05 14:30:21,22557.4,2026-10-06,23050.0,PE,40736,480.3,298805,730730,480.75,482.75,65
2026-10-05 14:30:21,22557.4,2026-10-06,23050.0,CE,40735,3.1,4564885,61410245,3.05,3.1,65
2026-10-05 14:30:21,22557.4,2026-10-06,22300.0,PE,40681,21.25,13645190,359409700,21.2,21.25,65
2026-10-05 14:30:21,22557.4,2026-10-06,22350.0,CE,40682,248.8,831285,27123980,249.3,250.0,65
2026-10-05 14:30:21,22557.4,2026-10-06,22900.0,PE,40722,334.25,653250,3913780,336.85,338.05,65
2026-10-05 14:30:21,22557.4,2026-10-06,22450.0,CE,40689,169.55,3227380,195193115,168.5,168.85,65
2026-10-05 14:30:21,22557.4,2026-10-06,22900.0,CE,40721,7.7,11791065,159207555,7.7,7.75,65
2026-10-05 14:30:21,22557.4,2026-10-06,22400.0,PE,40688,36.4,17176315,555855690,36.3,36.4,65
2026-10-05 14:30:21,22557.4,2026-10-06,22400.0,CE,40687,208.25,3496025,140836085,208.45,208.9,65
2026-10-05 14:30:21,22557.4,2026-10-06,22850.0,PE,40720,287.65,274235,3141190,290.8,291.6,65
2026-10-05 14:30:21,22557.4,2026-10-06,22350.0,PE,40686,27.8,7039760,265493605,27.55,27.65,65
2026-10-05 14:30:21,22557.4,2026-10-06,22950.0,PE,40724,382.0,380900,775710,382.5,383.8,65
2026-10-05 14:30:21,22557.4,2026-10-06,22950.0,CE,40723,5.5,5699005,67936115,5.5,5.55,65
2026-10-05 14:30:21,22557.4,2026-10-06,22850.0,CE,40717,11.55,7478445,146436355,11.55,11.65,65
2026-10-05 14:30:21,22557.4,2026-10-06,22800.0,PE,40716,246.6,1691300,20442240,246.3,246.85,65
2026-10-05 14:30:21,22557.4,2026-10-06,22050.0,PE,40670,5.95,3467035,91630500,5.85,5.9,65
2026-10-05 14:30:21,22557.4,2026-10-06,22150.0,PE,40674,9.55,4926870,130267475,9.55,9.6,65
2026-10-05 14:30:21,22557.4,2026-10-06,22150.0,CE,40673,433.3,142610,745420,430.05,431.6,65
2026-10-05 14:30:21,22557.4,2026-10-06,22100.0,PE,40672,7.4,7624175,163659990,7.4,7.45,65
2026-10-05 14:30:21,22557.4,2026-10-06,22100.0,CE,40671,482.1,197080,1141010,477.75,479.45,65
2026-10-05 14:30:21,22557.4,2026-10-06,22250.0,PE,40678,16.0,6084780,182198120,15.95,16.0,65
2026-10-05 14:30:21,22557.4,2026-10-06,22700.0,PE,40711,167.0,3086655,85198555,166.1,166.45,65
2026-10-05 14:30:21,22557.4,2026-10-06,22250.0,CE,40677,338.55,373815,5086510,337.8,338.7,65
2026-10-05 14:30:21,22557.4,2026-10-06,22700.0,CE,40710,37.95,16178240,408488925,38.35,38.5,65
2026-10-05 14:30:21,22557.4,2026-10-06,22200.0,PE,40676,12.35,10490285,246074725,12.4,12.45,65
2026-10-05 14:30:21,22557.4,2026-10-06,22200.0,CE,40675,386.65,639795,6871215,382.85,384.0,65
2026-10-05 14:30:21,22557.4,2026-10-06,22800.0,CE,40715,17.4,15567045,289790735,17.25,17.35,65
2026-10-05 14:30:21,22557.4,2026-10-06,22750.0,PE,40714,205.0,886145,19753890,203.6,204.2,65
2026-10-05 14:30:21,22557.4,2026-10-06,22750.0,CE,40712,25.85,8189090,219934845,25.95,26.05,65
2026-10-05 14:30:21,22557.4,2026-10-06,22300.0,CE,40679,292.8,1543685,29645135,292.0,292.55,65
2026-10-05 14:30:21,22557.4,2026-10-06,22650.0,PE,40709,133.3,1901380,104213005,133.4,133.75,65
2026-10-05 14:35:15,22552.7,2026-10-06,22000.0,CE,40667,571.25,510120,3093220,570.0,571.2,65
2026-10-05 14:35:15,22552.7,2026-10-06,22550.0,PE,40700,83.0,9250020,398394815,82.95,83.0,65
2026-10-05 14:35:15,22552.7,2026-10-06,23150.0,PE,40744,579.5,103350,88465,585.7,588.0,65
2026-10-05 14:35:15,22552.7,2026-10-06,21950.0,PE,40666,4.0,3852030,73386170,3.95,4.0,65
2026-10-05 14:35:15,22552.7,2026-10-06,23150.0,CE,40743,1.9,3310840,51595245,1.85,1.9,65
2026-10-05 14:35:15,22552.7,2026-10-06,23100.0,PE,40742,535.0,519220,1084200,536.2,537.9,65
2026-10-05 14:35:15,22552.7,2026-10-06,21950.0,CE,40665,623.85,32240,92560,619.3,621.3,65
2026-10-05 14:35:15,22552.7,2026-10-06,23100.0,CE,40741,2.3,8615230,90711725,2.3,2.35,65
2026-10-05 14:35:15,22552.7,2026-10-06,22650.0,CE,40704,51.45,11046360,348795525,51.65,51.75,65
2026-10-05 14:35:15,22552.7,2026-10-06,22600.0,PE,40703,107.0,9516455,363323805,106.8,107.0,65
2026-10-05 14:35:15,22552.7,2026-10-06,22050.0,CE,40669,531.8,57200,217555,520.95,522.7,65
2026-10-05 14:35:15,22552.7,2026-10-06,22000.0,PE,40668,5.0,14165840,195186225,5.0,5.05,65
2026-10-05 14:35:15,22552.7,2026-10-06,22600.0,CE,40701,72.4,18098405,667991415,72.2,72.4,65
2026-10-05 14:35:15,22552.7,2026-10-06,22450.0,PE,40696,49.2,11350755,483203240,48.9,49.0,65
2026-10-05 14:35:15,22552.7,2026-10-06,23000.0,PE,40732,436.0,1258660,3898245,437.1,438.4,65
2026-10-05 14:35:15,22552.7,2026-10-06,22550.0,CE,40699,98.3,11435645,456930110,98.1,98.25,65
2026-10-05 14:35:15,22552.7,2026-10-06,22500.0,PE,40698,64.3,19924060,743750605,64.1,64.3,65
2026-10-05 14:35:15,22552.7,2026-10-06,23000.0,CE,40731,3.9,16170570,143406510,3.85,3.9,65
2026-10-05 14:35:15,22552.7,2026-10-06,22500.0,CE,40697,129.05,12471550,547642680,128.8,129.1,65
2026-10-05 14:35:15,22552.7,2026-10-06,23050.0,PE,40736,480.05,298480,731835,486.85,488.6,65
2026-10-05 14:35:15,22552.7,2026-10-06,23050.0,CE,40735,2.85,4608760,63443900,2.8,2.85,65
2026-10-05 14:35:15,22552.7,2026-10-06,22300.0,PE,40681,21.8,13684450,361905830,21.6,21.7,65
2026-10-05 14:35:15,22552.7,2026-10-06,22350.0,CE,40682,244.3,827125,27284335,244.0,244.3,65
2026-10-05 14:35:15,22552.7,2026-10-06,22900.0,PE,40722,341.35,655200,3938805,341.6,342.0,65
2026-10-05 14:35:15,22552.7,2026-10-06,22450.0,CE,40689,164.55,3185715,196168245,164.85,165.2,65
2026-10-05 14:35:15,22552.7,2026-10-06,22900.0,CE,40721,6.95,11782160,160798755,6.95,7.0,65
2026-10-05 14:35:15,22552.7,2026-10-06,22400.0,PE,40688,37.5,17355260,559791310,37.5,37.6,65
2026-10-05 14:35:15,22552.7,2026-10-06,22400.0,CE,40687,203.0,3506490,141810110,203.0,203.2,65
2026-10-05 14:35:15,22552.7,2026-10-06,22850.0,PE,40720,295.25,279955,3164525,295.05,295.85,65
2026-10-05 14:35:15,22552.7,2026-10-06,22350.0,PE,40686,28.6,7065305,267112755,28.5,28.6,65
2026-10-05 14:35:15,22552.7,2026-10-06,22950.0,PE,40724,387.4,380250,781820,387.75,389.0,65
2026-10-05 14:35:15,22552.7,2026-10-06,22950.0,CE,40723,4.95,5776745,68669640,4.95,5.0,65
2026-10-05 14:35:15,22552.7,2026-10-06,22850.0,CE,40717,10.55,7499245,148100225,10.55,10.6,65
2026-10-05 14:35:15,22552.7,2026-10-06,22800.0,PE,40716,250.4,1688830,20598370,249.9,250.55,65
2026-10-05 14:35:15,22552.7,2026-10-06,22050.0,PE,40670,6.05,3312205,92275820,6.05,6.1,65
2026-10-05 14:35:15,22552.7,2026-10-06,22150.0,PE,40674,9.75,4918550,130873795,9.8,9.85,65
2026-10-05 14:35:15,22552.7,2026-10-06,22150.0,CE,40673,428.9,141505,749190,424.55,426.0,65
2026-10-05 14:35:15,22552.7,2026-10-06,22100.0,PE,40672,7.5,7919925,164719165,7.55,7.6,65
2026-10-05 14:35:15,22552.7,2026-10-06,22100.0,CE,40671,475.3,196495,1147380,472.35,474.0,65
2026-10-05 14:35:15,22552.7,2026-10-06,22250.0,PE,40678,16.4,6085300,183019200,16.35,16.4,65
2026-10-05 14:35:15,22552.7,2026-10-06,22700.0,PE,40711,170.65,3075410,85899385,170.0,170.4,65
2026-10-05 14:35:15,22552.7,2026-10-06,22250.0,CE,40677,333.85,371995,5106140,331.65,332.55,65
2026-10-05 14:35:15,22552.7,2026-10-06,22700.0,CE,40710,35.7,16298750,413745280,35.75,35.85,65
2026-10-05 14:35:15,22552.7,2026-10-06,22200.0,PE,40676,12.7,10496200,247351130,12.7,12.8,65
2026-10-05 14:35:15,22552.7,2026-10-06,22200.0,CE,40675,380.0,636870,6909630,377.4,378.45,65
2026-10-05 14:35:15,22552.7,2026-10-06,22800.0,CE,40715,15.9,15513615,293304700,15.95,16.0,65
2026-10-05 14:35:15,22552.7,2026-10-06,22750.0,PE,40714,208.55,889525,19928480,208.45,209.05,65
2026-10-05 14:35:15,22552.7,2026-10-06,22750.0,CE,40712,23.8,8316620,222869985,23.85,23.9,65
2026-10-05 14:35:15,22552.7,2026-10-06,22300.0,CE,40679,288.45,1534195,29776435,287.8,288.55,65
2026-10-05 14:35:15,22552.7,2026-10-06,22650.0,PE,40709,136.0,1969955,105191710,135.3,135.6,65
2026-10-05 14:40:27,22541.6,2026-10-06,22000.0,CE,40667,556.95,514930,3107195,555.55,557.25,65
2026-10-05 14:40:27,22541.6,2026-10-06,22550.0,PE,40700,88.1,9564490,403898430,88.2,88.45,65
2026-10-05 14:40:27,22541.6,2026-10-06,23150.0,PE,40744,600.2,103285,88530,600.1,602.9,65
2026-10-05 14:40:27,22541.6,2026-10-06,21950.0,PE,40666,4.15,3974490,73885565,4.15,4.2,65
2026-10-05 14:40:27,22541.6,2026-10-06,23150.0,CE,40743,1.7,3282045,52036725,1.7,1.75,65
2026-10-05 14:40:27,22541.6,2026-10-06,23100.0,PE,40742,550.0,518960,1086280,550.55,552.3,65
2026-10-05 14:40:27,22541.6,2026-10-06,21950.0,CE,40665,601.75,32240,92755,604.7,607.35,65
2026-10-05 14:40:27,22541.6,2026-10-06,23100.0,CE,40741,2.05,8610225,91827385,2.1,2.15,65
2026-10-05 14:40:27,22541.6,2026-10-06,22650.0,CE,40704,45.7,10974210,353694250,45.55,45.65,65
2026-10-05 14:40:27,22541.6,2026-10-06,22600.0,PE,40703,113.7,9651915,367202615,113.6,113.75,65
2026-10-05 14:40:27,22541.6,2026-10-06,22050.0,CE,40669,508.0,57005,218660,506.95,508.35,65
2026-10-05 14:40:27,22541.6,2026-10-06,22000.0,PE,40668,5.25,14221675,196323595,5.25,5.3,65
2026-10-05 14:40:27,22541.6,2026-10-06,22600.0,CE,40701,65.55,18005455,676505700,65.35,65.4,65
2026-10-05 14:40:27,22541.6,2026-10-06,22450.0,PE,40696,52.6,11401780,486515965,52.4,52.55,65
2026-10-05 14:40:27,22541.6,2026-10-06,23000.0,PE,40732,451.65,1255930,3914170,451.65,452.65,65
2026-10-05 14:40:27,22541.6,2026-10-06,22550.0,CE,40699,90.0,11274120,463218145,89.85,90.05,65
2026-10-05 14:40:27,22541.6,2026-10-06,22500.0,PE,40698,68.65,20034950,750347975,68.45,68.6,65
2026-10-05 14:40:27,22541.6,2026-10-06,23000.0,CE,40731,3.5,16261245,145113085,3.45,3.5,65
2026-10-05 14:40:27,22541.6,2026-10-06,22500.0,CE,40697,119.35,12225005,551464225,119.1,119.35,65
2026-10-05 14:40:27,22541.6,2026-10-06,23050.0,PE,40736,500.75,298870,733655,501.3,503.4,65
2026-10-05 14:40:27,22541.6,2026-10-06,23050.0,CE,40735,2.6,4632810,64976925,2.55,2.6,65
2026-10-05 14:40:27,22541.6,2026-10-06,22300.0,PE,40681,23.25,13464750,364638170,23.25,23.35,65
2026-10-05 14:40:27,22541.6,2026-10-06,22350.0,CE,40682,232.05,820300,27436305,231.8,232.5,65
2026-10-05 14:40:27,22541.6,2026-10-06,22900.0,PE,40722,355.2,651950,3969810,354.0,355.2,65
2026-10-05 14:40:27,22541.6,2026-10-06,22450.0,CE,40689,154.15,3119610,197050165,153.8,154.15,65
2026-10-05 14:40:27,22541.6,2026-10-06,22900.0,CE,40721,5.95,11762140,162754020,5.95,6.05,65
2026-10-05 14:40:27,22541.6,2026-10-06,22400.0,PE,40688,40.55,17483895,563476095,40.4,40.55,65
2026-10-05 14:40:27,22541.6,2026-10-06,22400.0,CE,40687,191.5,3430375,142658295,190.65,191.1,65
2026-10-05 14:40:27,22541.6,2026-10-06,22850.0,PE,40720,308.35,280865,3186365,307.7,308.55,65
2026-10-05 14:40:27,22541.6,2026-10-06,22350.0,PE,40686,30.7,7028775,268834150,30.5,30.6,65
2026-10-05 14:40:27,22541.6,2026-10-06,22950.0,PE,40724,403.45,380185,785005,401.65,403.0,65
2026-10-05 14:40:27,22541.6,2026-10-06,22950.0,CE,40723,4.4,5821270,69719325,4.35,4.4,65
2026-10-05 14:40:27,22541.6,2026-10-06,22850.0,CE,40717,9.1,7470450,149900985,9.05,9.15,65
2026-10-05 14:40:27,22541.6,2026-10-06,22800.0,PE,40716,262.25,1668550,20779330,261.9,262.5,65
2026-10-05 14:40:27,22541.6,2026-10-06,22050.0,PE,40670,6.4,3361735,92684735,6.4,6.45,65
2026-10-05 14:40:27,22541.6,2026-10-06,22150.0,PE,40674,10.4,4970875,131741610,10.4,10.45,65
2026-10-05 14:40:27,22541.6,2026-10-06,22150.0,CE,40673,410.55,141830,750555,411.45,413.0,65
2026-10-05 14:40:27,22541.6,2026-10-06,22100.0,PE,40672,8.05,7869225,165669400,8.05,8.1,65
2026-10-05 14:40:27,22541.6,2026-10-06,22100.0,CE,40671,460.05,196170,1153230,458.05,459.65,65
2026-10-05 14:40:27,22541.6,2026-10-06,22250.0,PE,40678,17.7,6036355,184081755,17.65,17.7,65
2026-10-05 14:40:27,22541.6,2026-10-06,22700.0,PE,40711,180.2,3094065,86738600,179.35,179.65,65
2026-10-05 14:40:27,22541.6,2026-10-06,22250.0,CE,40677,318.6,371150,5125120,318.85,319.85,65
2026-10-05 14:40:27,22541.6,2026-10-06,22700.0,CE,40710,31.2,15906605,418838875,31.4,31.5,65
2026-10-05 14:40:27,22541.6,2026-10-06,22200.0,PE,40676,13.75,10563930,248967680,13.65,13.75,65
2026-10-05 14:40:27,22541.6,2026-10-06,22200.0,CE,40675,365.7,629590,6958185,363.75,364.9,65
2026-10-05 14:40:27,22541.6,2026-10-06,22800.0,CE,40715,13.6,15507895,297257285,13.6,13.65,65
2026-10-05 14:40:27,22541.6,2026-10-06,22750.0,PE,40714,220.0,889655,20119450,220.1,220.55,65
2026-10-05 14:40:27,22541.6,2026-10-06,22750.0,CE,40712,20.7,8315970,225545255,20.5,20.6,65
2026-10-05 14:40:27,22541.6,2026-10-06,22300.0,CE,40679,274.95,1504750,29918135,274.45,275.1,65
2026-10-05 14:40:27,22541.6,2026-10-06,22650.0,PE,40709,143.85,1988805,106057705,144.15,144.55,65
2026-10-05 14:45:32,22556.25,2026-10-06,22000.0,CE,40667,570.8,514735,3113955,570.8,572.35,65
2026-10-05 14:45:32,22556.25,2026-10-06,22550.0,PE,40700,80.5,9691630,411676915,80.7,80.85,65
2026-10-05 14:45:32,22556.25,2026-10-06,23150.0,PE,40744,590.35,101790,90805,584.95,586.9,65
2026-10-05 14:45:32,22556.25,2026-10-06,21950.0,PE,40666,4.0,4131985,74800245,3.95,4.0,65
2026-10-05 14:45:32,22556.25,2026-10-06,23150.0,CE,40743,1.8,3247270,52449995,1.75,1.8,65
2026-10-05 14:45:32,22556.25,2026-10-06,23100.0,PE,40742,543.65,513890,1092585,535.0,536.75,65
2026-10-05 14:45:32,22556.25,2026-10-06,21950.0,CE,40665,619.5,32565,93405,620.35,622.25,65
2026-10-05 14:45:32,22556.25,2026-10-06,23100.0,CE,40741,2.2,8634990,93139150,2.15,2.2,65
2026-10-05 14:45:32,22556.25,2026-10-06,22650.0,CE,40704,49.85,10992150,358713615,49.8,49.85,65
2026-10-05 14:45:32,22556.25,2026-10-06,22600.0,PE,40703,104.4,9540830,372365565,104.3,104.55,65
2026-10-05 14:45:32,22556.25,2026-10-06,22050.0,CE,40669,517.2,57655,220025,522.1,523.5,65
2026-10-05 14:45:32,22556.25,2026-10-06,22000.0,PE,40668,4.95,14246570,197981875,4.9,4.95,65
2026-10-05 14:45:32,22556.25,2026-10-06,22600.0,CE,40701,71.15,17919460,685368320,70.65,70.85,65
2026-10-05 14:45:32,22556.25,2026-10-06,22450.0,PE,40696,46.85,11378705,491275265,46.7,46.8,65
2026-10-05 14:45:32,22556.25,2026-10-06,23000.0,PE,40732,440.55,1244750,3955185,437.0,437.85,65
2026-10-05 14:45:32,22556.25,2026-10-06,22550.0,CE,40699,96.6,11463660,470916420,96.3,96.55,65
2026-10-05 14:45:32,22556.25,2026-10-06,22500.0,PE,40698,61.5,20035795,761732205,61.8,61.95,65
2026-10-05 14:45:32,22556.25,2026-10-06,23000.0,CE,40731,3.7,16418480,146904355,3.7,3.75,65
2026-10-05 14:45:32,22556.25,2026-10-06,22500.0,CE,40697,128.0,12116000,556765170,127.15,127.5,65
2026-10-05 14:45:32,22556.25,2026-10-06,23050.0,PE,40736,489.0,285480,748280,485.8,487.7,65
2026-10-05 14:45:32,22556.25,2026-10-06,23050.0,CE,40735,2.75,4682470,67194595,2.7,2.75,65
2026-10-05 14:45:32,22556.25,2026-10-06,22300.0,PE,40681,20.45,13241605,368560140,20.45,20.55,65
2026-10-05 14:45:32,22556.25,2026-10-06,22350.0,CE,40682,243.2,852735,27645410,243.25,243.9,65
2026-10-05 14:45:32,22556.25,2026-10-06,22900.0,PE,40722,342.35,650975,4010695,340.25,341.25,65
2026-10-05 14:45:32,22556.25,2026-10-06,22450.0,CE,40689,163.45,3130270,198197350,163.15,163.5,65
2026-10-05 14:45:32,22556.25,2026-10-06,22900.0,CE,40721,6.5,11863215,165446645,6.5,6.55,65
2026-10-05 14:45:32,22556.25,2026-10-06,22400.0,PE,40688,35.7,17834505,570235185,35.65,35.75,65
2026-10-05 14:45:32,22556.25,2026-10-06,22400.0,CE,40687,202.2,3547960,143764465,201.9,202.4,65
2026-10-05 14:45:32,22556.25,2026-10-06,22850.0,PE,40720,293.9,275340,3221335,293.65,294.5,65
2026-10-05 14:45:32,22556.25,2026-10-06,22350.0,PE,40686,27.0,7032610,271426025,27.0,27.05,65
2026-10-05 14:45:32,22556.25,2026-10-06,22950.0,PE,40724,391.0,379860,793650,387.7,389.0,65
2026-10-05 14:45:32,22556.25,2026-10-06,22950.0,CE,40723,4.75,5564195,71161870,4.7,4.75,65
2026-10-05 14:45:32,22556.25,2026-10-06,22850.0,CE,40717,9.95,7157930,152564815,9.85,9.95,65
2026-10-05 14:45:32,22556.25,2026-10-06,22800.0,PE,40716,248.65,1637740,21005530,248.0,248.55,65
2026-10-05 14:45:32,22556.25,2026-10-06,22050.0,PE,40670,5.95,3451175,93521220,5.9,5.95,65
2026-10-05 14:45:32,22556.25,2026-10-06,22150.0,PE,40674,9.3,4983615,133301415,9.3,9.4,65
2026-10-05 14:45:32,22556.25,2026-10-06,22150.0,CE,40673,425.45,142545,756600,425.25,426.65,65
2026-10-05 14:45:32,22556.25,2026-10-06,22100.0,PE,40672,7.3,7630285,167256765,7.3,7.35,65
2026-10-05 14:45:32,22556.25,2026-10-06,22100.0,CE,40671,475.05,196690,1160445,473.5,475.05,65
2026-10-05 14:45:32,22556.25,2026-10-06,22250.0,PE,40678,15.55,6174740,186097600,15.6,15.65,65
2026-10-05 14:45:32,22556.25,2026-10-06,22700.0,PE,40711,168.1,3012685,87757085,167.6,168.0,65
2026-10-05 14:45:32,22556.25,2026-10-06,22250.0,CE,40677,330.45,374335,5156905,331.8,332.6,65
2026-10-05 14:45:32,22556.25,2026-10-06,22700.0,CE,40710,34.4,16181295,424372650,34.25,34.35,65
2026-10-05 14:45:32,22556.25,2026-10-06,22200.0,PE,40676,12.15,10702380,251849910,12.15,12.2,65
2026-10-05 14:45:32,22556.25,2026-10-06,22200.0,CE,40675,379.25,634985,7004530,378.25,379.3,65
2026-10-05 14:45:32,22556.25,2026-10-06,22800.0,CE,40715,15.0,15269865,301343900,15.0,15.05,65
2026-10-05 14:45:32,22556.25,2026-10-06,22750.0,PE,40714,206.2,858910,20358520,206.15,206.7,65
2026-10-05 14:45:32,22556.25,2026-10-06,22750.0,CE,40712,22.65,8342360,228529470,22.7,22.8,65
2026-10-05 14:45:32,22556.25,2026-10-06,22300.0,CE,40679,287.0,1479920,30111250,287.35,288.0,65
2026-10-05 14:45:32,22556.25,2026-10-06,22650.0,PE,40709,133.45,1969565,107381820,133.0,133.3,65
2026-10-05 14:50:14,22537.85,2026-10-06,22000.0,CE,40667,551.85,509470,3143530,550.1,551.65,65
2026-10-05 14:50:14,22537.85,2026-10-06,22550.0,PE,40700,89.2,9806615,418381860,88.85,89.15,65
2026-10-05 14:50:14,22537.85,2026-10-06,23150.0,PE,40744,603.5,100685,93795,605.75,608.6,65
2026-10-05 14:50:14,22537.85,2026-10-06,21950.0,PE,40666,4.25,4126200,75517065,4.25,4.3,65
2026-10-05 14:50:14,22537.85,2026-10-06,23150.0,CE,40743,1.65,3025425,53377740,1.65,1.7,65
2026-10-05 14:50:14,22537.85,2026-10-06,23100.0,PE,40742,559.15,512070,1099150,556.35,558.2,65
2026-10-05 14:50:14,22537.85,2026-10-06,21950.0,CE,40665,598.45,32630,94770,598.15,600.3,65
2026-10-05 14:50:14,22537.85,2026-10-06,23100.0,CE,40741,2.05,8642530,94214510,2.0,2.05,65
2026-10-05 14:50:14,22537.85,2026-10-06,22650.0,CE,40704,40.85,11041095,363285195,40.7,40.9,65
2026-10-05 14:50:14,22537.85,2026-10-06,22600.0,PE,40703,114.95,9483500,376611170,114.65,114.95,65
2026-10-05 14:50:14,22537.85,2026-10-06,22050.0,CE,40669,499.3,58175,225290,500.7,502.55,65
2026-10-05 14:50:14,22537.85,2026-10-06,22000.0,PE,40668,5.4,14148355,199542590,5.35,5.4,65
2026-10-05 14:50:14,22537.85,2026-10-06,22600.0,CE,40701,60.25,17802070,695593795,60.1,60.25,65
2026-10-05 14:50:14,22537.85,2026-10-06,22450.0,PE,40696,52.8,11540945,495414985,52.5,52.65,65
2026-10-05 14:50:14,22537.85,2026-10-06,23000.0,PE,40732,456.85,1238965,3984435,456.85,458.45,65
2026-10-05 14:50:14,22537.85,2026-10-06,22550.0,CE,40699,84.25,11363235,478479885,84.0,84.2,65
2026-10-05 14:50:14,22537.85,2026-10-06,22500.0,PE,40698,68.8,20217145,771574895,68.7,68.85,65
2026-10-05 14:50:14,22537.85,2026-10-06,23000.0,CE,40731,3.15,16487575,148960890,3.1,3.15,65
2026-10-05 14:50:14,22537.85,2026-10-06,22500.0,CE,40697,113.85,11687065,561796495,113.55,113.85,65
2026-10-05 14:50:14,22537.85,2026-10-06,23050.0,PE,40736,509.85,282620,753935,506.0,508.05,65
2026-10-05 14:50:14,22537.85,2026-10-06,23050.0,CE,40735,2.4,4678115,68974555,2.4,2.45,65
2026-10-05 14:50:14,22537.85,2026-10-06,22300.0,PE,40681,23.5,13801385,371899840,23.45,23.55,65
2026-10-05 14:50:14,22537.85,2026-10-06,22350.0,CE,40682,225.5,834145,27837485,225.5,226.1,65
2026-10-05 14:50:14,22537.85,2026-10-06,22900.0,PE,40722,359.25,645840,4054180,359.75,360.7,65
2026-10-05 14:50:14,22537.85,2026-10-06,22450.0,CE,40689,147.9,3104725,199264325,147.45,147.85,65
2026-10-05 14:50:14,22537.85,2026-10-06,22900.0,CE,40721,4.95,11626875,167339705,4.95,5.0,65
2026-10-05 14:50:14,22537.85,2026-10-06,22400.0,PE,40688,40.0,18188365,575576040,40.0,40.1,65
2026-10-05 14:50:14,22537.85,2026-10-06,22400.0,CE,40687,186.0,3491865,144765920,185.7,186.2,65
2026-10-05 14:50:14,22537.85,2026-10-06,22850.0,PE,40720,311.9,272805,3259100,311.65,312.65,65
2026-10-05 14:50:14,22537.85,2026-10-06,22350.0,PE,40686,30.65,7180745,273310570,30.5,30.6,65
2026-10-05 14:50:14,22537.85,2026-10-06,22950.0,PE,40724,412.2,379275,805480,407.75,409.05,65
2026-10-05 14:50:14,22537.85,2026-10-06,22950.0,CE,40723,3.75,5661955,72120165,3.75,3.8,65
2026-10-05 14:50:14,22537.85,2026-10-06,22850.0,CE,40717,7.5,7098520,154365770,7.45,7.5,65
2026-10-05 14:50:14,22537.85,2026-10-06,22800.0,PE,40716,266.6,1612585,21194420,265.55,266.3,65
2026-10-05 14:50:14,22537.85,2026-10-06,22050.0,PE,40670,6.55,3471260,94915600,6.5,6.55,65
2026-10-05 14:50:14,22537.85,2026-10-06,22150.0,PE,40674,10.55,5007990,134327050,10.55,10.6,65
2026-10-05 14:50:14,22537.85,2026-10-06,22150.0,CE,40673,407.35,145470,770705,405.8,407.15,65
2026-10-05 14:50:14,22537.85,2026-10-06,22100.0,PE,40672,8.25,7706790,168420850,8.25,8.3,65
2026-10-05 14:50:14,22537.85,2026-10-06,22100.0,CE,40671,453.6,195325,1180725,452.5,454.05,65
2026-10-05 14:50:14,22537.85,2026-10-06,22250.0,PE,40678,17.85,6126055,187674825,17.75,17.85,65
2026-10-05 14:50:14,22537.85,2026-10-06,22700.0,PE,40711,181.9,3000075,88699910,181.85,182.35,65
2026-10-05 14:50:14,22537.85,2026-10-06,22250.0,CE,40677,314.0,381160,5195255,312.8,313.7,65
2026-10-05 14:50:14,22537.85,2026-10-06,22700.0,CE,40710,27.65,15911740,430253395,27.4,27.5,65
2026-10-05 14:50:14,22537.85,2026-10-06,22200.0,PE,40676,13.9,10757370,254146685,13.8,13.9,65
2026-10-05 14:50:14,22537.85,2026-10-06,22200.0,CE,40675,360.3,628940,7057570,358.75,359.75,65
2026-10-05 14:50:14,22537.85,2026-10-06,22800.0,CE,40715,11.3,15842060,306343960,11.25,11.3,65
2026-10-05 14:50:14,22537.85,2026-10-06,22750.0,PE,40714,221.65,852475,20566455,221.75,222.3,65
2026-10-05 14:50:14,22537.85,2026-10-06,22750.0,CE,40712,17.75,8277425,231661560,17.75,17.8,65
2026-10-05 14:50:14,22537.85,2026-10-06,22300.0,CE,40679,268.75,1480440,30310995,268.45,269.1,65
2026-10-05 14:50:14,22537.85,2026-10-06,22650.0,PE,40709,146.2,2034370,108376450,145.8,146.2,65
2026-10-05 14:55:29,22547.95,2026-10-06,22000.0,CE,40667,556.2,506155,3158870,555.95,557.45,65
2026-10-05 14:55:29,22547.95,2026-10-06,22550.0,PE,40700,86.15,9628710,425540830,86.15,86.35,65
2026-10-05 14:55:29,22547.95,2026-10-06,23150.0,PE,40744,597.85,99255,96590,599.7,602.0,65
2026-10-05 14:55:29,22547.95,2026-10-06,21950.0,PE,40666,4.0,4208100,76396710,4.0,4.05,65
2026-10-05 14:55:29,22547.95,2026-10-06,23150.0,CE,40743,1.75,2998450,53720810,1.75,1.8,65
2026-10-05 14:55:29,22547.95,2026-10-06,23100.0,PE,40742,545.1,510510,1102270,550.45,553.0,65
2026-10-05 14:55:29,22547.95,2026-10-06,21950.0,CE,40665,609.75,33605,95680,605.15,606.9,65
2026-10-05 14:55:29,22547.95,2026-10-06,23100.0,CE,40741,2.1,8450845,95457895,2.05,2.1,65
2026-10-05 14:55:29,22547.95,2026-10-06,22650.0,CE,40704,42.85,11087115,368328025,43.15,43.3,65
2026-10-05 14:55:29,22547.95,2026-10-06,22600.0,PE,40703,111.5,9090055,381139200,111.3,111.5,65
2026-10-05 14:55:29,22547.95,2026-10-06,22050.0,CE,40669,511.05,58240,227825,506.15,508.4,65
2026-10-05 14:55:29,22547.95,2026-10-06,22000.0,PE,40668,5.05,14254825,201603155,5.0,5.05,65
2026-10-05 14:55:29,22547.95,2026-10-06,22600.0,CE,40701,62.6,17688320,704803255,62.8,63.0,65
2026-10-05 14:55:29,22547.95,2026-10-06,22450.0,PE,40696,50.75,11335155,500198400,50.6,50.75,65
2026-10-05 14:55:29,22547.95,2026-10-06,23000.0,PE,40732,449.55,1227395,4028050,450.65,452.0,65
2026-10-05 14:55:29,22547.95,2026-10-06,22550.0,CE,40699,87.05,11281140,486481580,87.25,87.4,65
2026-10-05 14:55:29,22547.95,2026-10-06,22500.0,PE,40698,66.75,19699225,782152735,66.55,66.75,65
2026-10-05 14:55:29,22547.95,2026-10-06,23000.0,CE,40731,3.25,16415100,151499075,3.2,3.25,65
2026-10-05 14:55:29,22547.95,2026-10-06,22500.0,CE,40697,117.55,11425245,567080735,117.4,117.7,65
2026-10-05 14:55:29,22547.95,2026-10-06,23050.0,PE,40736,500.0,282230,755560,500.6,502.45,65
2026-10-05 14:55:29,22547.95,2026-10-06,23050.0,CE,40735,2.5,4733885,69953455,2.5,2.55,65
2026-10-05 14:55:29,22547.95,2026-10-06,22300.0,PE,40681,22.35,13362895,376308855,22.2,22.25,65
2026-10-05 14:55:29,22547.95,2026-10-06,22350.0,CE,40682,230.35,834405,28019940,230.6,231.15,65
2026-10-05 14:55:29,22547.95,2026-10-06,22900.0,PE,40722,352.15,607360,4151290,354.25,355.0,65
2026-10-05 14:55:29,22547.95,2026-10-06,22450.0,CE,40689,152.0,3002025,200536115,152.0,152.3,65
2026-10-05 14:55:29,22547.95,2026-10-06,22900.0,CE,40721,5.3,11632270,169150215,5.25,5.3,65
2026-10-05 14:55:29,22547.95,2026-10-06,22400.0,PE,40688,38.3,17747795,581585030,38.3,38.4,65
2026-10-05 14:55:29,22547.95,2026-10-06,22400.0,CE,40687,190.0,3390140,145916615,190.05,190.4,65
2026-10-05 14:55:29,22547.95,2026-10-06,22850.0,PE,40720,305.0,266955,3285295,306.3,307.3,65
2026-10-05 14:55:29,22547.95,2026-10-06,22350.0,PE,40686,29.2,7023250,275735265,29.1,29.2,65
2026-10-05 14:55:29,22547.95,2026-10-06,22950.0,PE,40724,400.8,377650,813930,401.8,403.45,65
2026-10-05 14:55:29,22547.95,2026-10-06,22950.0,CE,40723,3.9,5501210,73367190,3.9,3.95,65
2026-10-05 14:55:29,22547.95,2026-10-06,22850.0,CE,40717,8.0,6931080,155943255,8.0,8.05,65
2026-10-05 14:55:29,22547.95,2026-10-06,22800.0,PE,40716,261.0,1600690,21430240,260.45,261.0,65
2026-10-05 14:55:29,22547.95,2026-10-06,22050.0,PE,40670,6.05,4083560,96686395,6.0,6.05,65
2026-10-05 14:55:29,22547.95,2026-10-06,22150.0,PE,40674,9.95,5033730,135697900,9.85,9.95,65
2026-10-05 14:55:29,22547.95,2026-10-06,22150.0,CE,40673,413.2,143455,780780,410.65,412.0,65
2026-10-05 14:55:29,22547.95,2026-10-06,22100.0,PE,40672,7.65,7696585,169799500,7.65,7.7,65
2026-10-05 14:55:29,22547.95,2026-10-06,22100.0,CE,40671,461.8,194090,1198080,458.4,459.65,65
2026-10-05 14:55:29,22547.95,2026-10-06,22250.0,PE,40678,16.75,6114030,189698015,16.7,16.8,65
2026-10-05 14:55:29,22547.95,2026-10-06,22700.0,PE,40711,177.5,2971475,89594050,177.55,177.75,65
2026-10-05 14:55:29,22547.95,2026-10-06,22250.0,CE,40677,319.5,386555,5225025,317.5,318.35,65
2026-10-05 14:55:29,22547.95,2026-10-06,22700.0,CE,40710,29.35,15721290,436086755,29.25,29.35,65
2026-10-05 14:55:29,22547.95,2026-10-06,22200.0,PE,40676,13.0,10685545,257249330,12.9,12.95,65
2026-10-05 14:55:29,22547.95,2026-10-06,22200.0,CE,40675,364.85,640575,7124585,363.6,364.65,65
2026-10-05 14:55:29,22547.95,2026-10-06,22800.0,CE,40715,12.1,15799615,310830910,12.1,12.15,65
2026-10-05 14:55:29,22547.95,2026-10-06,22750.0,PE,40714,217.35,835575,20764965,217.2,217.75,65
2026-10-05 14:55:29,22547.95,2026-10-06,22750.0,CE,40712,18.85,8247590,234983645,18.85,18.95,65
2026-10-05 14:55:29,22547.95,2026-10-06,22300.0,CE,40679,274.0,1466465,30495075,274.0,274.4,65
2026-10-05 14:55:29,22547.95,2026-10-06,22650.0,PE,40709,141.9,1992835,109582005,141.85,142.1,65
2026-10-05 15:00:22,22538.45,2026-10-06,22000.0,CE,40667,548.45,506155,3166800,547.1,548.55,65
2026-10-05 15:00:22,22538.45,2026-10-06,22550.0,PE,40700,88.05,9745060,431360020,87.8,88.0,65
2026-10-05 15:00:22,22538.45,2026-10-06,23150.0,PE,40744,615.25,99775,97305,608.2,609.8,65
2026-10-05 15:00:22,22538.45,2026-10-06,21950.0,PE,40666,3.95,4444635,77425530,3.95,4.0,65
2026-10-05 15:00:22,22538.45,2026-10-06,23150.0,CE,40743,1.7,2955030,54107950,1.65,1.7,65
2026-10-05 15:00:22,22538.45,2026-10-06,23100.0,PE,40742,560.7,509795,1104545,558.45,560.0,65
2026-10-05 15:00:22,22538.45,2026-10-06,21950.0,CE,40665,595.0,33540,96005,596.45,598.05,65
2026-10-05 15:00:22,22538.45,2026-10-06,23100.0,CE,40741,2.0,8519420,96832060,1.95,2.0,65
2026-10-05 15:00:22,22538.45,2026-10-06,22650.0,CE,40704,38.4,10820225,372249150,38.25,38.35,65
2026-10-05 15:00:22,22538.45,2026-10-06,22600.0,PE,40703,114.15,8907990,384691840,114.05,114.3,65
2026-10-05 15:00:22,22538.45,2026-10-06,22050.0,CE,40669,499.1,57980,228800,498.4,500.05,65
2026-10-05 15:00:22,22538.45,2026-10-06,22000.0,PE,40668,5.0,14180725,202993440,5.0,5.05,65
2026-10-05 15:00:22,22538.45,2026-10-06,22600.0,CE,40701,57.2,17544215,712259600,56.95,57.0,65
2026-10-05 15:00:22,22538.45,2026-10-06,22450.0,PE,40696,51.45,11387870,504123100,51.45,51.6,65
2026-10-05 15:00:22,22538.45,2026-10-06,23000.0,PE,40732,461.2,1213355,4058795,459.2,460.75,65
2026-10-05 15:00:22,22538.45,2026-10-06,22550.0,CE,40699,80.75,11504155,492837475,80.6,80.75,65
2026-10-05 15:00:22,22538.45,2026-10-06,22500.0,PE,40698,67.95,19611215,790532470,67.7,67.9,65
2026-10-05 15:00:22,22538.45,2026-10-06,23000.0,CE,40731,2.95,16359135,153711090,2.95,3.0,65
2026-10-05 15:00:22,22538.45,2026-10-06,22500.0,CE,40697,109.85,11102325,571585560,109.65,109.8,65
2026-10-05 15:00:22,22538.45,2026-10-06,23050.0,PE,40736,512.2,281580,756535,508.85,511.05,65
2026-10-05 15:00:22,22538.45,2026-10-06,23050.0,CE,40735,2.4,4649775,71011265,2.35,2.4,65
2026-10-05 15:00:22,22538.45,2026-10-06,22300.0,PE,40681,22.4,13900965,379358395,22.3,22.4,65
2026-10-05 15:00:22,22538.45,2026-10-06,22350.0,CE,40682,222.7,833625,28188615,221.6,222.25,65
2026-10-05 15:00:22,22538.45,2026-10-06,22900.0,PE,40722,362.05,596700,4190160,361.6,362.75,65
2026-10-05 15:00:22,22538.45,2026-10-06,22450.0,CE,40689,144.05,2980185,201390865,143.55,143.8,65
2026-10-05 15:00:22,22538.45,2026-10-06,22900.0,CE,40721,4.7,11602175,170819415,4.65,4.7,65
2026-10-05 15:00:22,22538.45,2026-10-06,22400.0,PE,40688,38.9,17760405,586897415,38.8,38.9,65
2026-10-05 15:00:22,22538.45,2026-10-06,22400.0,CE,40687,181.65,3413345,146870945,181.25,181.55,65
2026-10-05 15:00:22,22538.45,2026-10-06,22850.0,PE,40720,314.0,262145,3301350,314.15,314.95,65
2026-10-05 15:00:22,22538.45,2026-10-06,22350.0,PE,40686,29.4,7070050,277367025,29.4,29.5,65
2026-10-05 15:00:22,22538.45,2026-10-06,22950.0,PE,40724,410.05,375895,820755,409.9,411.45,65
2026-10-05 15:00:22,22538.45,2026-10-06,22950.0,CE,40723,3.65,5345795,74081215,3.55,3.6,65
2026-10-05 15:00:22,22538.45,2026-10-06,22850.0,CE,40717,6.9,6897215,156995865,6.9,6.95,65
2026-10-05 15:00:22,22538.45,2026-10-06,22800.0,PE,40716,268.55,1574365,21600150,267.75,268.35,65
2026-10-05 15:00:22,22538.45,2026-10-06,22050.0,PE,40670,6.0,4055610,97467630,6.0,6.1,65
2026-10-05 15:00:22,22538.45,2026-10-06,22150.0,PE,40674,9.9,5056350,136768515,9.85,9.95,65
2026-10-05 15:00:22,22538.45,2026-10-06,22150.0,CE,40673,400.8,143520,782210,402.15,403.25,65
2026-10-05 15:00:22,22538.45,2026-10-06,22100.0,PE,40672,7.65,7462975,171280785,7.65,7.7,65
2026-10-05 15:00:22,22538.45,2026-10-06,22100.0,CE,40671,450.0,195845,1204060,449.2,450.95,65
2026-10-05 15:00:22,22538.45,2026-10-06,22250.0,PE,40678,16.75,5957705,191193860,16.8,16.9,65
2026-10-05 15:00:22,22538.45,2026-10-06,22700.0,PE,40711,182.8,2988245,90478635,182.95,183.4,65
2026-10-05 15:00:22,22538.45,2026-10-06,22250.0,CE,40677,309.0,380705,5253365,309.1,309.9,65
2026-10-05 15:00:22,22538.45,2026-10-06,22700.0,CE,40710,25.6,15591160,440270545,25.55,25.65,65
2026-10-05 15:00:22,22538.45,2026-10-06,22200.0,PE,40676,12.9,10887825,259856805,12.85,12.9,65
2026-10-05 15:00:22,22538.45,2026-10-06,22200.0,CE,40675,354.95,639795,7152860,355.5,356.45,65
2026-10-05 15:00:22,22538.45,2026-10-06,22800.0,CE,40715,10.4,15719405,313864200,10.35,10.4,65
2026-10-05 15:00:22,22538.45,2026-10-06,22750.0,PE,40714,223.95,830570,20909005,223.65,224.25,65
2026-10-05 15:00:22,22538.45,2026-10-06,22750.0,CE,40712,16.3,8172515,237359980,16.3,16.35,65
2026-10-05 15:00:22,22538.45,2026-10-06,22300.0,CE,40679,265.8,1448395,30626050,265.05,265.75,65
2026-10-05 15:00:22,22538.45,2026-10-06,22650.0,PE,40709,146.35,1938950,110522425,145.95,146.35,65
2026-10-05 15:05:20,22524.3,2026-10-06,21900.0,CE,40663,638.15,37830,93145,635.65,637.75,65
2026-10-05 15:05:20,22524.3,2026-10-06,22000.0,CE,40667,535.0,504790,3190785,537.7,539.35,65
2026-10-05 15:05:20,22524.3,2026-10-06,22550.0,PE,40700,91.9,9227465,442544635,91.6,91.85,65
2026-10-05 15:05:20,22524.3,2026-10-06,21950.0,PE,40666,3.95,4427150,78856960,3.95,4.0,65
2026-10-05 15:05:20,22524.3,2026-10-06,23100.0,PE,40742,569.65,505115,1111760,567.3,568.9,65
2026-10-05 15:05:20,22524.3,2026-10-06,21950.0,CE,40665,580.8,33735,96525,586.75,588.5,65
2026-10-05 15:05:20,22524.3,2026-10-06,23100.0,CE,40741,2.0,8471905,97611735,1.95,2.0,65
2026-10-05 15:05:20,22524.3,2026-10-06,21900.0,PE,40664,3.4,7770555,99651435,3.35,3.4,65
2026-10-05 15:05:20,22524.3,2026-10-06,22650.0,CE,40704,35.15,10303930,378229735,35.05,35.2,65
2026-10-05 15:05:20,22524.3,2026-10-06,22600.0,PE,40703,119.5,8518510,391108445,119.05,119.3,65
2026-10-05 15:05:20,22524.3,2026-10-06,22050.0,CE,40669,490.0,57460,231790,489.05,490.8,65
2026-10-05 15:05:20,22524.3,2026-10-06,22000.0,PE,40668,5.0,13858130,206467950,5.0,5.05,65
2026-10-05 15:05:20,22524.3,2026-10-06,22600.0,CE,40701,52.8,17214860,722490080,52.55,52.7,65
2026-10-05 15:05:20,22524.3,2026-10-06,22450.0,PE,40696,53.5,11011585,512470400,53.65,53.8,65
2026-10-05 15:05:20,22524.3,2026-10-06,23000.0,PE,40732,468.8,1197820,4138290,468.55,470.2,65
2026-10-05 15:05:20,22524.3,2026-10-06,22550.0,CE,40699,74.85,11867570,501813845,75.0,75.15,65
2026-10-05 15:05:20,22524.3,2026-10-06,22500.0,PE,40698,70.65,19322680,808052700,70.75,70.95,65
2026-10-05 15:05:20,22524.3,2026-10-06,23000.0,CE,40731,2.9,16216980,157047410,2.9,2.95,65
2026-10-05 15:05:20,22524.3,2026-10-06,22500.0,CE,40697,103.55,11204505,578639230,103.2,103.5,65
2026-10-05 15:05:20,22524.3,2026-10-06,23050.0,PE,40736,527.7,280345,759785,518.3,520.15,65
2026-10-05 15:05:20,22524.3,2026-10-06,23050.0,CE,40735,2.35,4637360,72080970,2.3,2.35,65
2026-10-05 15:05:20,22524.3,2026-10-06,22300.0,PE,40681,23.25,13213785,386125545,23.05,23.1,65
2026-10-05 15:05:20,22524.3,2026-10-06,22350.0,CE,40682,214.3,825500,28441010,213.5,213.9,65
2026-10-05 15:05:20,22524.3,2026-10-06,22900.0,PE,40722,371.6,573950,4255615,370.8,371.75,65
2026-10-05 15:05:20,22524.3,2026-10-06,22450.0,CE,40689,137.0,2968420,202962240,136.45,136.8,65
2026-10-05 15:05:20,22524.3,2026-10-06,22900.0,CE,40721,4.4,11452740,173143880,4.4,4.45,65
2026-10-05 15:05:20,22524.3,2026-10-06,22400.0,PE,40688,39.95,17096950,597001730,40.35,40.45,65
2026-10-05 15:05:20,22524.3,2026-10-06,22400.0,CE,40687,174.1,3380195,148246670,173.4,173.75,65
2026-10-05 15:05:20,22524.3,2026-10-06,22850.0,PE,40720,322.55,252460,3338920,323.0,323.9,65
2026-10-05 15:05:20,22524.3,2026-10-06,22350.0,PE,40686,30.65,7047950,281564205,30.6,30.7,65
2026-10-05 15:05:20,22524.3,2026-10-06,22950.0,PE,40724,418.7,375505,828425,419.0,420.4,65
2026-10-05 15:05:20,22524.3,2026-10-06,22950.0,CE,40723,3.5,5207995,75336885,3.45,3.5,65
2026-10-05 15:05:20,22524.3,2026-10-06,22850.0,CE,40717,6.4,6904495,159264560,6.4,6.45,65
2026-10-05 15:05:20,22524.3,2026-10-06,22800.0,PE,40716,276.25,1534585,21916050,276.25,277.0,65
2026-10-05 15:05:20,22524.3,2026-10-06,22050.0,PE,40670,6.1,3809780,99071050,6.1,6.15,65
2026-10-05 15:05:20,22524.3,2026-10-06,22150.0,PE,40674,10.15,5075395,138844875,10.1,10.2,65
2026-10-05 15:05:20,22524.3,2026-10-06,22150.0,CE,40673,393.7,144430,786825,393.35,394.5,65
2026-10-05 15:05:20,22524.3,2026-10-06,22100.0,PE,40672,7.8,7421960,173421495,7.8,7.85,65
2026-10-05 15:05:20,22524.3,2026-10-06,22100.0,CE,40671,440.7,196495,1225185,440.45,441.95,65
2026-10-05 15:05:20,22524.3,2026-10-06,22250.0,PE,40678,17.4,5910970,194260170,17.4,17.45,65
2026-10-05 15:05:20,22524.3,2026-10-06,22700.0,PE,40711,190.4,2845375,91868465,189.85,190.35,65
2026-10-05 15:05:20,22524.3,2026-10-06,22250.0,CE,40677,301.5,397150,5311540,300.6,301.3,65
2026-10-05 15:05:20,22524.3,2026-10-06,22700.0,CE,40710,23.2,15463110,446515160,23.15,23.25,65
2026-10-05 15:05:20,22524.3,2026-10-06,22200.0,PE,40676,13.25,11038430,264548310,13.25,13.35,65
2026-10-05 15:05:20,22524.3,2026-10-06,22200.0,CE,40675,346.6,641745,7220395,346.5,347.35,65
2026-10-05 15:05:20,22524.3,2026-10-06,22800.0,CE,40715,9.55,15361450,318855940,9.5,9.55,65
2026-10-05 15:05:20,22524.3,2026-10-06,22750.0,PE,40714,230.4,802100,21213725,231.55,232.2,65
2026-10-05 15:05:20,22524.3,2026-10-06,22750.0,CE,40712,14.75,8113560,241384195,14.8,14.85,65
2026-10-05 15:05:20,22524.3,2026-10-06,22300.0,CE,40679,256.2,1444755,30887025,256.4,257.0,65
2026-10-05 15:05:20,22524.3,2026-10-06,22650.0,PE,40709,152.05,1779505,112083205,151.7,152.1,65
2026-10-05 15:10:35,22531.8,2026-10-06,22000.0,CE,40667,544.0,493350,3202875,543.05,544.0,65
2026-10-05 15:10:35,22531.8,2026-10-06,22550.0,PE,40700,88.3,8903635,450560240,88.1,88.3,65
2026-10-05 15:10:35,22531.8,2026-10-06,23150.0,PE,40744,610.05,98410,99710,611.35,613.85,65
2026-10-05 15:10:35,22531.8,2026-10-06,21950.0,PE,40666,3.75,4308265,80081950,3.7,3.75,65
2026-10-05 15:10:35,22531.8,2026-10-06,23150.0,CE,40743,1.6,2829905,55120455,1.6,1.65,65
2026-10-05 15:10:35,22531.8,2026-10-06,23100.0,PE,40742,562.85,497965,1122420,562.85,563.55,65
2026-10-05 15:10:35,22531.8,2026-10-06,21950.0,CE,40665,580.4,32955,102115,591.95,594.25,65
2026-10-05 15:10:35,22531.8,2026-10-06,23100.0,CE,40741,1.9,8431865,99195135,1.85,1.9,65
2026-10-05 15:10:35,22531.8,2026-10-06,22650.0,CE,40704,36.4,10106785,383090500,36.2,36.3,65
2026-10-05 15:10:35,22531.8,2026-10-06,22600.0,PE,40703,114.7,8125585,395701280,114.8,115.0,65
2026-10-05 15:10:35,22531.8,2026-10-06,22050.0,CE,40669,485.05,57330,232570,493.55,496.05,65
2026-10-05 15:10:35,22531.8,2026-10-06,22000.0,PE,40668,4.65,13817570,209438060,4.65,4.7,65
2026-10-05 15:10:35,22531.8,2026-10-06,22600.0,CE,40701,54.8,16995485,731464890,54.6,54.8,65
2026-10-05 15:10:35,22531.8,2026-10-06,22450.0,PE,40696,51.15,10732150,518802570,51.3,51.45,65
2026-10-05 15:10:35,22531.8,2026-10-06,23000.0,PE,40732,463.2,1195350,4189705,463.55,464.65,65
2026-10-05 15:10:35,22531.8,2026-10-06,22550.0,CE,40699,77.6,11797565,510622255,77.6,77.75,65
2026-10-05 15:10:35,22531.8,2026-10-06,22500.0,PE,40698,67.7,18755880,820853345,67.7,67.9,65
2026-10-05 15:10:35,22531.8,2026-10-06,23000.0,CE,40731,2.9,16125590,159855150,2.85,2.9,65
2026-10-05 15:10:35,22531.8,2026-10-06,22500.0,CE,40697,107.35,10988315,585716040,107.0,107.35,65
2026-10-05 15:10:35,22531.8,2026-10-06,23050.0,PE,40736,522.7,279955,760630,513.1,514.55,65
2026-10-05 15:10:35,22531.8,2026-10-06,23050.0,CE,40735,2.25,4617990,73375445,2.25,2.3,65
2026-10-05 15:10:35,22531.8,2026-10-06,22300.0,PE,40681,22.1,12867400,390347165,22.25,22.35,65
2026-10-05 15:10:35,22531.8,2026-10-06,22350.0,CE,40682,219.0,811850,28642965,218.15,218.65,65
2026-10-05 15:10:35,22531.8,2026-10-06,22900.0,PE,40722,365.4,563615,4370340,364.4,365.25,65
2026-10-05 15:10:35,22531.8,2026-10-06,22450.0,CE,40689,140.9,2740595,204571055,140.55,140.75,65
2026-10-05 15:10:35,22531.8,2026-10-06,22900.0,CE,40721,4.4,11520795,175027710,4.4,4.45,65
2026-10-05 15:10:35,22531.8,2026-10-06,22400.0,PE,40688,38.5,16516110,603904470,38.6,38.7,65
2026-10-05 15:10:35,22531.8,2026-10-06,22400.0,CE,40687,178.5,3284450,149471140,178.2,178.45,65
2026-10-05 15:10:35,22531.8,2026-10-06,22850.0,PE,40720,318.9,249145,3377205,316.4,317.2,65
2026-10-05 15:10:35,22531.8,2026-10-06,22350.0,PE,40686,29.15,6844695,284763635,29.45,29.5,65
2026-10-05 15:10:35,22531.8,2026-10-06,22950.0,PE,40724,415.1,373295,838890,412.05,413.5,65
2026-10-05 15:10:35,22531.8,2026-10-06,22950.0,CE,40723,3.5,5100940,76622910,3.5,3.55,65
2026-10-05 15:10:35,22531.8,2026-10-06,22850.0,CE,40717,6.5,6964880,160842565,6.45,6.5,65
2026-10-05 15:10:35,22531.8,2026-10-06,22800.0,PE,40716,270.5,1471795,22219145,270.55,271.0,65
2026-10-05 15:10:35,22531.8,2026-10-06,22050.0,PE,40670,5.65,3753880,100100845,5.6,5.7,65
2026-10-05 15:10:35,22531.8,2026-10-06,22150.0,PE,40674,9.55,5131035,140688795,9.5,9.55,65
2026-10-05 15:10:35,22531.8,2026-10-06,22150.0,CE,40673,398.8,144235,793325,399.4,400.6,65
2026-10-05 15:10:35,22531.8,2026-10-06,22100.0,PE,40672,7.3,7254585,175508580,7.25,7.3,65
2026-10-05 15:10:35,22531.8,2026-10-06,22100.0,CE,40671,442.55,193765,1246505,446.2,447.65,65
2026-10-05 15:10:35,22531.8,2026-10-06,22250.0,PE,40678,16.4,5823415,196451190,16.45,16.5,65
2026-10-05 15:10:35,22531.8,2026-10-06,22700.0,PE,40711,184.05,2805205,92737840,185.1,185.25,65
2026-10-05 15:10:35,22531.8,2026-10-06,22250.0,CE,40677,305.95,394680,5365750,305.85,306.7,65
2026-10-05 15:10:35,22531.8,2026-10-06,22700.0,CE,40710,24.15,15284100,451995895,23.85,23.95,65
2026-10-05 15:10:35,22531.8,2026-10-06,22200.0,PE,40676,12.55,10830105,267385495,12.55,12.65,65
2026-10-05 15:10:35,22531.8,2026-10-06,22200.0,CE,40675,351.3,631345,7300280,352.1,353.0,65
2026-10-05 15:10:35,22531.8,2026-10-06,22800.0,CE,40715,9.65,15513355,322482485,9.65,9.7,65
2026-10-05 15:10:35,22531.8,2026-10-06,22750.0,PE,40714,225.65,791830,21434595,225.65,226.35,65
2026-10-05 15:10:35,22531.8,2026-10-06,22750.0,CE,40712,15.2,8155745,244491000,15.1,15.15,65
2026-10-05 15:10:35,22531.8,2026-10-06,22300.0,CE,40679,261.45,1421160,31173545,261.0,261.35,65
2026-10-05 15:10:35,22531.8,2026-10-06,22650.0,PE,40709,147.05,1732185,113221355,147.65,148.0,65
