time,spot,expiry,strike,type,token,ltp,oi,volume,bid,ask,lot
2026-10-09 09:21:12,22342.65,2026-10-13,22700.0,PE,44621,353.25,2821065,514020,350.0,350.8,65
2026-10-09 09:21:12,22342.65,2026-10-13,22700.0,CE,44620,25.85,12237810,10805275,26.05,26.1,65
2026-10-09 09:21:12,22342.65,2026-10-13,22750.0,PE,44623,394.0,419185,56875,393.7,395.05,65
2026-10-09 09:21:12,22342.65,2026-10-13,22750.0,CE,44622,19.6,5730400,6144125,19.65,19.75,65
2026-10-09 09:21:12,22342.65,2026-10-13,22100.0,CE,44584,314.05,593060,870090,314.65,315.6,65
2026-10-09 09:21:12,22342.65,2026-10-13,22050.0,PE,44583,33.15,2131285,4496180,32.65,32.7,65
2026-10-09 09:21:12,22342.65,2026-10-13,22150.0,CE,44586,273.3,398840,908440,274.85,275.6,65
2026-10-09 09:21:12,22342.65,2026-10-13,22100.0,PE,44585,41.45,4888520,7783230,40.75,40.9,65
2026-10-09 09:21:12,22342.65,2026-10-13,22900.0,PE,44629,533.15,651300,39000,534.6,536.45,65
2026-10-09 09:21:12,22342.65,2026-10-13,22900.0,CE,44628,8.5,7820215,7713160,8.5,8.6,65
2026-10-09 09:21:12,22342.65,2026-10-13,22800.0,PE,44625,440.0,1093300,194740,438.65,440.15,65
2026-10-09 09:21:12,22342.65,2026-10-13,22800.0,CE,44624,14.75,10863515,8859175,14.85,14.9,65
2026-10-09 09:21:12,22342.65,2026-10-13,22850.0,PE,44627,495.3,176540,16575,485.65,487.85,65
2026-10-09 09:21:12,22342.65,2026-10-13,22850.0,CE,44626,11.3,4368975,5431920,11.3,11.4,65
2026-10-09 09:21:12,22342.65,2026-10-13,22050.0,CE,44582,356.1,144885,147095,356.55,357.65,65
2026-10-09 09:21:12,22342.65,2026-10-13,22000.0,PE,44581,26.8,11588720,13193830,26.4,26.5,65
2026-10-09 09:21:12,22342.65,2026-10-13,22500.0,CE,44612,72.6,13759980,19573450,73.2,73.35,65
2026-10-09 09:21:12,22342.65,2026-10-13,22450.0,PE,44611,169.0,1385150,2468115,167.2,167.7,65
2026-10-09 09:21:12,22342.65,2026-10-13,22000.0,CE,44572,399.2,975260,717080,399.6,400.65,65
2026-10-09 09:21:12,22342.65,2026-10-13,22650.0,CE,44618,34.0,5518045,6613945,34.0,34.05,65
2026-10-09 09:21:12,22342.65,2026-10-13,22600.0,PE,44617,271.25,2805595,1359215,269.7,270.0,65
2026-10-09 09:21:12,22342.65,2026-10-13,22650.0,PE,44619,310.05,707460,219440,309.9,310.85,65
2026-10-09 09:21:12,22342.65,2026-10-13,22550.0,CE,44614,56.85,6405815,9787960,56.7,56.9,65
2026-10-09 09:21:12,22342.65,2026-10-13,22500.0,PE,44613,200.4,3200860,4095130,198.45,198.95,65
2026-10-09 09:21:12,22342.65,2026-10-13,22600.0,CE,44616,44.3,10791755,12128415,44.4,44.5,65
2026-10-09 09:21:12,22342.65,2026-10-13,22550.0,PE,44615,231.6,757770,770900,233.75,234.4,65
2026-10-09 09:21:12,22342.65,2026-10-13,21950.0,PE,44571,21.45,1719705,3603080,21.4,21.45,65
2026-10-09 09:21:12,22342.65,2026-10-13,21950.0,CE,44570,446.3,44980,39845,443.25,444.75,65
2026-10-09 09:21:12,22342.65,2026-10-13,21850.0,CE,44566,531.45,18005,6760,534.15,536.3,65
2026-10-09 09:21:12,22342.65,2026-10-13,21800.0,PE,44565,11.35,7041255,5818150,11.25,11.3,65
2026-10-09 09:21:12,22342.65,2026-10-13,21900.0,CE,44568,490.0,88595,67340,490.05,491.65,65
2026-10-09 09:21:12,22342.65,2026-10-13,22350.0,PE,44601,117.45,4174950,13164580,115.9,116.2,65
2026-10-09 09:21:12,22342.65,2026-10-13,22350.0,CE,44600,140.3,5719025,18564845,141.3,141.7,65
2026-10-09 09:21:12,22342.65,2026-10-13,21850.0,PE,44567,13.8,2525965,2747095,13.85,13.95,65
2026-10-09 09:21:12,22342.65,2026-10-13,21750.0,CE,44562,633.05,11570,4615,630.6,634.1,65
2026-10-09 09:21:12,22342.65,2026-10-13,21800.0,CE,44564,585.85,79105,51285,582.55,584.65,65
2026-10-09 09:21:12,22342.65,2026-10-13,21750.0,PE,44563,9.45,1651455,2750735,9.4,9.45,65
2026-10-09 09:21:12,22342.65,2026-10-13,22450.0,CE,44608,92.0,5417945,11482510,92.9,93.15,65
2026-10-09 09:21:12,22342.65,2026-10-13,21900.0,PE,44569,17.25,4322435,5021835,17.1,17.15,65
2026-10-09 09:21:12,22342.65,2026-10-13,22400.0,CE,44602,114.6,11061310,27528735,115.5,115.8,65
2026-10-09 09:21:12,22342.65,2026-10-13,22400.0,PE,44604,142.0,5238090,12190555,140.0,140.35,65
2026-10-09 09:21:12,22342.65,2026-10-13,22300.0,PE,44599,96.45,9410440,20313085,95.9,96.15,65
2026-10-09 09:21:12,22342.65,2026-10-13,22300.0,CE,44598,169.15,7199140,20079540,169.45,169.55,65
2026-10-09 09:21:12,22342.65,2026-10-13,22950.0,PE,44631,589.95,266240,12090,581.45,584.3,65
2026-10-09 09:21:12,22342.65,2026-10-13,22200.0,PE,44595,63.8,8184020,12457055,63.8,64.0,65
2026-10-09 09:21:12,22342.65,2026-10-13,22950.0,CE,44630,6.75,3613220,4674995,6.7,6.75,65
2026-10-09 09:21:12,22342.65,2026-10-13,22250.0,PE,44597,78.85,3208595,7933835,78.0,78.25,65
2026-10-09 09:21:12,22342.65,2026-10-13,22250.0,CE,44596,201.65,2107950,6466980,202.2,202.75,65
2026-10-09 09:21:12,22342.65,2026-10-13,22150.0,PE,44591,51.5,2718560,4649385,50.9,51.1,65
2026-10-09 09:21:12,22342.65,2026-10-13,22200.0,CE,44592,236.55,2738255,5296265,236.05,236.55,65
2026-10-09 09:25:27,22305.25,2026-10-13,22700.0,PE,44621,384.0,2799160,681720,384.6,385.0,65
2026-10-09 09:25:27,22305.25,2026-10-13,22700.0,CE,44620,22.95,12333620,14027715,23.1,23.2,65
2026-10-09 09:25:27,22305.25,2026-10-13,22750.0,PE,44623,427.9,420160,73320,428.6,429.9,65
2026-10-09 09:25:27,22305.25,2026-10-13,22750.0,CE,44622,17.35,5776225,7671885,17.35,17.45,65
2026-10-09 09:25:27,22305.25,2026-10-13,22100.0,CE,44584,290.15,601185,1044615,290.4,291.3,65
2026-10-09 09:25:27,22305.25,2026-10-13,22050.0,PE,44583,41.1,2318225,6119620,40.9,41.05,65
2026-10-09 09:25:27,22305.25,2026-10-13,22150.0,CE,44586,252.9,408200,1114100,251.8,252.4,65
2026-10-09 09:25:27,22305.25,2026-10-13,22100.0,PE,44585,51.7,5116345,11183770,50.7,50.85,65
2026-10-09 09:25:27,22305.25,2026-10-13,22900.0,PE,44629,561.95,650325,45565,565.95,567.95,65
2026-10-09 09:25:27,22305.25,2026-10-13,22900.0,CE,44628,7.6,7316400,10229765,7.6,7.65,65
2026-10-09 09:25:27,22305.25,2026-10-13,22800.0,PE,44625,471.75,1097460,229905,470.45,472.85,65
2026-10-09 09:25:27,22305.25,2026-10-13,22800.0,CE,44624,13.05,11305385,11874785,13.05,13.15,65
2026-10-09 09:25:27,22305.25,2026-10-13,22850.0,PE,44627,514.9,176150,19370,519.2,521.05,65
2026-10-09 09:25:27,22305.25,2026-10-13,22850.0,CE,44626,10.0,4477590,6828770,9.95,10.0,65
2026-10-09 09:25:27,22305.25,2026-10-13,22050.0,CE,44582,330.2,145795,178295,329.35,330.3,65
2026-10-09 09:25:27,22305.25,2026-10-13,22000.0,PE,44581,33.3,11757265,18102240,33.35,33.45,65
2026-10-09 09:25:27,22305.25,2026-10-13,22500.0,CE,44612,65.2,14021085,24619920,65.2,65.4,65
2026-10-09 09:25:27,22305.25,2026-10-13,22450.0,PE,44611,194.9,1421160,3604640,192.8,193.0,65
2026-10-09 09:25:27,22305.25,2026-10-13,22000.0,CE,44572,370.65,990600,858910,370.0,370.25,65
2026-10-09 09:25:27,22305.25,2026-10-13,22650.0,CE,44618,30.15,5622435,8343985,30.1,30.15,65
2026-10-09 09:25:27,22305.25,2026-10-13,22600.0,PE,44617,299.25,3023605,2089425,298.5,299.25,65
2026-10-09 09:25:27,22305.25,2026-10-13,22650.0,PE,44619,339.9,705250,300625,341.2,342.35,65
2026-10-09 09:25:27,22305.25,2026-10-13,22550.0,CE,44614,50.95,6759610,11854115,51.1,51.2,65
2026-10-09 09:25:27,22305.25,2026-10-13,22500.0,PE,44613,226.1,3119935,5680935,226.1,226.65,65
2026-10-09 09:25:27,22305.25,2026-10-13,22600.0,CE,44616,39.7,11588460,15843620,39.6,39.75,65
2026-10-09 09:25:27,22305.25,2026-10-13,22550.0,PE,44615,261.25,762840,1010360,259.8,260.45,65
2026-10-09 09:25:27,22305.25,2026-10-13,21950.0,PE,44571,26.55,1834300,4881760,26.6,26.65,65
2026-10-09 09:25:27,22305.25,2026-10-13,21950.0,CE,44570,417.95,47580,46085,415.4,417.45,65
2026-10-09 09:25:27,22305.25,2026-10-13,21850.0,CE,44566,511.6,18330,7670,503.85,507.4,65
2026-10-09 09:25:27,22305.25,2026-10-13,21800.0,PE,44565,13.45,7131475,7628725,13.4,13.45,65
2026-10-09 09:25:27,22305.25,2026-10-13,21900.0,CE,44568,464.9,88595,77090,460.05,461.5,65
2026-10-09 09:25:27,22305.25,2026-10-13,22350.0,PE,44601,139.4,4573985,19948240,139.25,139.55,65
2026-10-09 09:25:27,22305.25,2026-10-13,22350.0,CE,44600,126.4,6498310,24345815,126.2,126.5,65
2026-10-09 09:25:27,22305.25,2026-10-13,21850.0,PE,44567,16.6,2732275,3780400,16.5,16.6,65
2026-10-09 09:25:27,22305.25,2026-10-13,21750.0,CE,44562,629.8,11635,4810,597.5,601.7,65
2026-10-09 09:25:27,22305.25,2026-10-13,21700.0,PE,44561,9.0,4935190,6817005,9.0,9.05,65
2026-10-09 09:25:27,22305.25,2026-10-13,21800.0,CE,44564,555.0,79170,56225,548.95,551.85,65
2026-10-09 09:25:27,22305.25,2026-10-13,21750.0,PE,44563,10.9,1809015,3627455,10.8,10.85,65
2026-10-09 09:25:27,22305.25,2026-10-13,22450.0,CE,44608,82.8,5912530,14617720,83.3,83.35,65
2026-10-09 09:25:27,22305.25,2026-10-13,21900.0,PE,44569,20.9,4382950,6614595,20.8,20.9,65
2026-10-09 09:25:27,22305.25,2026-10-13,22400.0,CE,44602,103.3,11426870,33860905,103.3,103.35,65
2026-10-09 09:25:27,22305.25,2026-10-13,22400.0,PE,44604,164.85,5974280,18292690,164.3,164.7,65
2026-10-09 09:25:27,22305.25,2026-10-13,22300.0,PE,44599,116.0,10384075,31872945,115.8,116.0,65
2026-10-09 09:25:27,22305.25,2026-10-13,22300.0,CE,44598,153.5,7996755,25798175,153.35,153.5,65
2026-10-09 09:25:27,22305.25,2026-10-13,22200.0,PE,44595,77.75,8206965,18226975,77.1,77.35,65
2026-10-09 09:25:27,22305.25,2026-10-13,22250.0,PE,44597,95.15,3543280,11784240,95.05,95.35,65
2026-10-09 09:25:27,22305.25,2026-10-13,22250.0,CE,44596,184.35,2290145,7749560,184.05,184.3,65
2026-10-09 09:25:27,22305.25,2026-10-13,21700.0,CE,44558,650.0,18265,9620,644.65,648.25,65
2026-10-09 09:25:27,22305.25,2026-10-13,22150.0,PE,44591,63.5,2900170,6912880,63.3,63.5,65
2026-10-09 09:25:27,22305.25,2026-10-13,22200.0,CE,44592,217.0,2862535,6858345,218.0,218.1,65
2026-10-09 09:30:27,22382.45,2026-10-13,22700.0,PE,44621,323.55,2740335,1029210,322.55,323.45,65
2026-10-09 09:30:27,22382.45,2026-10-13,22700.0,CE,44620,28.7,12171640,19184685,28.7,28.75,65
2026-10-09 09:30:27,22382.45,2026-10-13,22750.0,PE,44623,361.5,419835,103155,363.3,364.35,65
2026-10-09 09:30:27,22382.45,2026-10-13,22750.0,CE,44622,21.6,5677230,9895210,21.55,21.6,65
2026-10-09 09:30:27,22382.45,2026-10-13,22100.0,CE,44584,340.2,608400,1455610,340.1,341.0,65
2026-10-09 09:30:27,22382.45,2026-10-13,22050.0,PE,44583,28.9,2489695,8976955,28.65,28.7,65
2026-10-09 09:30:27,22382.45,2026-10-13,22150.0,CE,44586,299.4,382785,1502800,301.1,301.85,65
2026-10-09 09:30:27,22382.45,2026-10-13,22100.0,PE,44585,36.35,5240430,16894930,36.25,36.35,65
2026-10-09 09:30:27,22382.45,2026-10-13,22900.0,PE,44629,497.7,649220,56095,498.9,501.6,65
2026-10-09 09:30:27,22382.45,2026-10-13,22900.0,CE,44628,8.8,6912230,12841855,8.9,8.95,65
2026-10-09 09:30:27,22382.45,2026-10-13,22800.0,PE,44625,409.2,1094275,311090,409.0,410.2,65
2026-10-09 09:30:27,22382.45,2026-10-13,22800.0,CE,44624,15.8,11292580,15569775,15.8,15.85,65
2026-10-09 09:30:27,22382.45,2026-10-13,22850.0,PE,44627,450.35,174980,28665,452.7,454.85,65
2026-10-09 09:30:27,22382.45,2026-10-13,22850.0,CE,44626,11.75,4876625,9162465,11.8,11.85,65
2026-10-09 09:30:27,22382.45,2026-10-13,22050.0,CE,44582,383.2,149370,244855,385.0,386.05,65
2026-10-09 09:30:27,22382.45,2026-10-13,22000.0,PE,44581,23.5,12611170,24949600,23.5,23.55,65
2026-10-09 09:30:27,22382.45,2026-10-13,22500.0,CE,44612,82.9,13789555,35130420,83.9,84.15,65
2026-10-09 09:30:27,22382.45,2026-10-13,22450.0,PE,44611,150.15,1759745,5591820,149.7,149.85,65
2026-10-09 09:30:27,22382.45,2026-10-13,22000.0,CE,44572,427.75,972335,1172340,426.7,427.95,65
2026-10-09 09:30:27,22382.45,2026-10-13,22650.0,CE,44618,38.25,5619055,11235900,38.5,38.55,65
2026-10-09 09:30:27,22382.45,2026-10-13,22600.0,PE,44617,244.85,2797405,2834585,244.3,244.95,65
2026-10-09 09:30:27,22382.45,2026-10-13,22650.0,PE,44619,281.9,708240,411255,281.6,282.4,65
2026-10-09 09:30:27,22382.45,2026-10-13,22550.0,CE,44614,65.5,6915935,16458650,65.65,65.8,65
2026-10-09 09:30:27,22382.45,2026-10-13,22500.0,PE,44613,178.4,3277950,8164455,176.3,176.7,65
2026-10-09 09:30:27,22382.45,2026-10-13,22600.0,CE,44616,50.05,10966345,22459905,50.1,50.2,65
2026-10-09 09:30:27,22382.45,2026-10-13,22550.0,PE,44615,208.35,830895,1404910,207.2,207.75,65
2026-10-09 09:30:27,22382.45,2026-10-13,21950.0,PE,44571,18.75,2227225,6763900,18.7,18.8,65
2026-10-09 09:30:27,22382.45,2026-10-13,21950.0,CE,44570,474.3,48750,55120,473.05,474.9,65
2026-10-09 09:30:27,22382.45,2026-10-13,21850.0,CE,44566,572.0,20215,14560,568.85,571.5,65
2026-10-09 09:30:27,22382.45,2026-10-13,21800.0,PE,44565,9.95,7314450,10465195,9.85,9.9,65
2026-10-09 09:30:27,22382.45,2026-10-13,21900.0,CE,44568,526.75,91520,94965,518.4,520.6,65
2026-10-09 09:30:27,22382.45,2026-10-13,22350.0,PE,44601,102.7,5897515,29055845,103.0,103.25,65
2026-10-09 09:30:27,22382.45,2026-10-13,22350.0,CE,44600,159.05,5941130,36727860,158.0,158.4,65
2026-10-09 09:30:27,22382.45,2026-10-13,21850.0,PE,44567,12.1,2829190,5430880,11.95,12.0,65
2026-10-09 09:30:27,22382.45,2026-10-13,21800.0,CE,44564,620.0,78650,74035,615.45,617.4,65
2026-10-09 09:30:27,22382.45,2026-10-13,22450.0,CE,44608,105.05,5370235,22322950,104.75,105.0,65
2026-10-09 09:30:27,22382.45,2026-10-13,21900.0,PE,44569,15.1,4492800,9071205,15.05,15.15,65
2026-10-09 09:30:27,22382.45,2026-10-13,22400.0,CE,44602,130.8,10683530,48267960,130.8,130.95,65
2026-10-09 09:30:27,22382.45,2026-10-13,22400.0,PE,44604,124.65,6444555,26871910,123.7,123.95,65
2026-10-09 09:30:27,22382.45,2026-10-13,23000.0,CE,44632,5.4,13967525,18518630,5.35,5.4,65
2026-10-09 09:30:27,22382.45,2026-10-13,22300.0,PE,44599,84.5,12996165,47314930,83.9,84.05,65
2026-10-09 09:30:27,22382.45,2026-10-13,22300.0,CE,44598,189.75,7355855,38182690,190.6,190.9,65
2026-10-09 09:30:27,22382.45,2026-10-13,22950.0,PE,44631,544.55,263055,16900,546.4,549.35,65
2026-10-09 09:30:27,22382.45,2026-10-13,23000.0,PE,44633,600.3,928590,165230,597.3,599.55,65
2026-10-09 09:30:27,22382.45,2026-10-13,22200.0,PE,44595,55.4,9315345,26500305,55.75,55.85,65
2026-10-09 09:30:27,22382.45,2026-10-13,22950.0,CE,44630,6.85,3513445,7029685,6.85,6.9,65
2026-10-09 09:30:27,22382.45,2026-10-13,22250.0,PE,44597,69.1,4447885,17815200,68.95,69.15,65
2026-10-09 09:30:27,22382.45,2026-10-13,22250.0,CE,44596,223.45,2120430,10578230,223.6,224.2,65
2026-10-09 09:30:27,22382.45,2026-10-13,22150.0,PE,44591,45.0,3508180,10028265,44.45,44.6,65
2026-10-09 09:30:27,22382.45,2026-10-13,22200.0,CE,44592,261.75,2811900,9641970,260.2,260.9,65
2026-10-09 09:35:29,22389.4,2026-10-13,22700.0,PE,44621,311.95,2760030,1410825,311.6,312.0,65
2026-10-09 09:35:29,22389.4,2026-10-13,22700.0,CE,44620,31.5,11767275,24541855,31.45,31.5,65
2026-10-09 09:35:29,22389.4,2026-10-13,22750.0,PE,44623,356.0,417495,131365,353.2,354.15,65
2026-10-09 09:35:29,22389.4,2026-10-13,22750.0,CE,44622,23.4,5442255,12765155,23.35,23.45,65
2026-10-09 09:35:29,22389.4,2026-10-13,22100.0,CE,44584,354.9,607360,1667055,353.55,354.4,65
2026-10-09 09:35:29,22389.4,2026-10-13,22050.0,PE,44583,29.0,2534415,10612615,29.0,29.1,65
2026-10-09 09:35:29,22389.4,2026-10-13,22150.0,CE,44586,313.8,378885,1688050,312.9,313.7,65
2026-10-09 09:35:29,22389.4,2026-10-13,22100.0,PE,44585,36.0,5588505,20195305,36.05,36.15,65
2026-10-09 09:35:29,22389.4,2026-10-13,22900.0,PE,44629,490.1,648505,115050,489.2,491.05,65
2026-10-09 09:35:29,22389.4,2026-10-13,22900.0,CE,44628,9.45,6730750,15135705,9.45,9.55,65
2026-10-09 09:35:29,22389.4,2026-10-13,22800.0,PE,44625,397.35,1084200,423085,396.25,397.5,65
2026-10-09 09:35:29,22389.4,2026-10-13,22800.0,CE,44624,17.15,10971740,19335160,17.2,17.25,65
2026-10-09 09:35:29,22389.4,2026-10-13,22850.0,PE,44627,441.75,171925,41405,441.55,442.95,65
2026-10-09 09:35:29,22389.4,2026-10-13,22850.0,CE,44626,12.65,5187975,11341655,12.65,12.75,65
2026-10-09 09:35:29,22389.4,2026-10-13,22050.0,CE,44582,397.7,149630,288600,397.05,398.35,65
2026-10-09 09:35:29,22389.4,2026-10-13,22000.0,PE,44581,23.7,13191360,28948530,23.6,23.7,65
2026-10-09 09:35:29,22389.4,2026-10-13,22500.0,CE,44612,90.4,13592345,45986395,90.1,90.35,65
2026-10-09 09:35:29,22389.4,2026-10-13,22450.0,PE,44611,144.05,2291055,7733895,144.25,144.45,65
2026-10-09 09:35:29,22389.4,2026-10-13,22000.0,CE,44572,442.0,960115,1342315,441.0,442.0,65
2026-10-09 09:35:29,22389.4,2026-10-13,22650.0,CE,44618,41.9,5447715,14115725,41.8,41.9,65
2026-10-09 09:35:29,22389.4,2026-10-13,22600.0,PE,44617,235.5,2876770,3624270,235.0,235.6,65
2026-10-09 09:35:29,22389.4,2026-10-13,22650.0,PE,44619,271.9,722085,515515,271.35,272.0,65
2026-10-09 09:35:29,22389.4,2026-10-13,22550.0,CE,44614,70.8,6001710,22345310,70.9,70.95,65
2026-10-09 09:35:29,22389.4,2026-10-13,22500.0,PE,44613,171.1,3775655,10560550,170.8,171.05,65
2026-10-09 09:35:29,22389.4,2026-10-13,22600.0,CE,44616,54.85,10838490,29816475,54.8,54.9,65
2026-10-09 09:35:29,22389.4,2026-10-13,22550.0,PE,44615,201.5,915590,1801345,200.95,201.35,65
2026-10-09 09:35:29,22389.4,2026-10-13,21950.0,PE,44571,19.05,2330705,7794865,19.0,19.05,65
2026-10-09 09:35:29,22389.4,2026-10-13,21950.0,CE,44570,490.6,52910,63635,487.7,489.05,65
2026-10-09 09:35:29,22389.4,2026-10-13,21850.0,CE,44566,583.9,20930,17095,580.35,583.1,65
2026-10-09 09:35:29,22389.4,2026-10-13,21800.0,PE,44565,10.3,7654855,12506455,10.25,10.3,65
2026-10-09 09:35:29,22389.4,2026-10-13,21900.0,CE,44568,536.1,87620,133575,532.95,535.05,65
2026-10-09 09:35:29,22389.4,2026-10-13,22350.0,PE,44601,99.95,7263750,36319530,99.75,99.95,65
2026-10-09 09:35:29,22389.4,2026-10-13,22350.0,CE,44600,168.8,5199740,45769230,168.5,168.8,65
2026-10-09 09:35:29,22389.4,2026-10-13,21850.0,PE,44567,12.5,3011645,6807190,12.45,12.5,65
2026-10-09 09:35:29,22389.4,2026-10-13,21800.0,CE,44564,631.05,77220,81315,628.45,630.85,65
2026-10-09 09:35:29,22389.4,2026-10-13,22450.0,CE,44608,113.4,5339750,29916770,113.05,113.25,65
2026-10-09 09:35:29,22389.4,2026-10-13,21900.0,PE,44569,15.45,4642430,10549110,15.35,15.4,65
2026-10-09 09:35:29,22389.4,2026-10-13,22400.0,CE,44602,139.5,10200125,63524370,139.2,139.55,65
2026-10-09 09:35:29,22389.4,2026-10-13,22400.0,PE,44604,120.2,8461375,35063730,120.4,120.65,65
2026-10-09 09:35:29,22389.4,2026-10-13,23000.0,CE,44632,5.6,14182480,22040460,5.6,5.65,65
2026-10-09 09:35:29,22389.4,2026-10-13,22300.0,PE,44599,82.0,14049620,56643925,82.0,82.2,65
2026-10-09 09:35:29,22389.4,2026-10-13,22300.0,CE,44598,201.25,6870305,45322940,201.05,201.2,65
2026-10-09 09:35:29,22389.4,2026-10-13,22950.0,PE,44631,539.65,261625,19370,535.65,538.35,65
2026-10-09 09:35:29,22389.4,2026-10-13,23000.0,PE,44633,586.05,925535,199615,583.9,586.25,65
2026-10-09 09:35:29,22389.4,2026-10-13,22200.0,PE,44595,54.65,10262200,33405775,54.5,54.65,65
2026-10-09 09:35:29,22389.4,2026-10-13,22950.0,CE,44630,7.2,3293550,8758880,7.15,7.2,65
2026-10-09 09:35:29,22389.4,2026-10-13,22250.0,PE,44597,67.2,4847960,21040305,67.05,67.25,65
2026-10-09 09:35:29,22389.4,2026-10-13,22250.0,CE,44596,236.6,1914835,12254385,236.3,236.6,65
2026-10-09 09:35:29,22389.4,2026-10-13,22150.0,PE,44591,44.5,3654105,12262315,44.35,44.5,65
2026-10-09 09:35:29,22389.4,2026-10-13,22200.0,CE,44592,273.5,2672345,11472370,273.35,274.0,65
2026-10-09 09:40:37,22416.4,2026-10-13,22700.0,PE,44621,295.0,2764255,1926860,294.1,294.85,65
2026-10-09 09:40:37,22416.4,2026-10-13,22700.0,CE,44620,35.65,11690120,30656860,36.05,36.15,65
2026-10-09 09:40:37,22416.4,2026-10-13,22750.0,PE,44623,335.3,429455,191100,333.0,333.95,65
2026-10-09 09:40:37,22416.4,2026-10-13,22750.0,CE,44622,27.15,5448300,16143595,27.15,27.3,65
2026-10-09 09:40:37,22416.4,2026-10-13,22100.0,CE,44584,373.1,605345,1895920,372.1,373.0,65
2026-10-09 09:40:37,22416.4,2026-10-13,22050.0,PE,44583,26.6,2574455,11957465,26.6,26.7,65
2026-10-09 09:40:37,22416.4,2026-10-13,22150.0,CE,44586,332.35,373620,1872520,331.8,332.6,65
2026-10-09 09:40:37,22416.4,2026-10-13,22100.0,PE,44585,33.45,5941195,23632115,33.5,33.55,65
2026-10-09 09:40:37,22416.4,2026-10-13,22900.0,PE,44629,467.05,608790,180440,465.0,466.65,65
2026-10-09 09:40:37,22416.4,2026-10-13,22900.0,CE,44628,10.75,6634225,17696120,10.65,10.7,65
2026-10-09 09:40:37,22416.4,2026-10-13,22800.0,PE,44625,379.0,1071395,520260,379.9,381.0,65
2026-10-09 09:40:37,22416.4,2026-10-13,22800.0,CE,44624,19.6,11081915,23894455,19.55,19.6,65
2026-10-09 09:40:37,22416.4,2026-10-13,22850.0,PE,44627,424.0,172965,59540,421.0,422.6,65
2026-10-09 09:40:37,22416.4,2026-10-13,22850.0,CE,44626,14.65,5097950,13884715,14.65,14.7,65
2026-10-09 09:40:37,22416.4,2026-10-13,22050.0,CE,44582,418.5,153855,316160,416.7,418.25,65
2026-10-09 09:40:37,22416.4,2026-10-13,22000.0,PE,44581,21.9,13070460,33236970,21.65,21.7,65
2026-10-09 09:40:37,22416.4,2026-10-13,22500.0,CE,44612,101.15,12383280,58634745,101.0,101.15,65
2026-10-09 09:40:37,22416.4,2026-10-13,22450.0,PE,44611,134.65,2770820,10680150,134.3,134.65,65
2026-10-09 09:40:37,22416.4,2026-10-13,22000.0,CE,44572,459.85,960765,1507675,460.8,462.2,65
2026-10-09 09:40:37,22416.4,2026-10-13,22650.0,CE,44618,47.65,5094115,17809675,48.1,48.25,65
2026-10-09 09:40:37,22416.4,2026-10-13,22600.0,PE,44617,220.2,3057340,4612270,220.4,220.75,65
2026-10-09 09:40:37,22416.4,2026-10-13,22650.0,PE,44619,253.7,772720,657540,253.5,254.25,65
2026-10-09 09:40:37,22416.4,2026-10-13,22550.0,CE,44614,79.15,5521295,27684345,79.0,79.15,65
2026-10-09 09:40:37,22416.4,2026-10-13,22500.0,PE,44613,158.75,4399980,13795405,158.85,159.1,65
2026-10-09 09:40:37,22416.4,2026-10-13,22600.0,CE,44616,62.1,10920780,38322375,62.0,62.15,65
2026-10-09 09:40:37,22416.4,2026-10-13,22550.0,PE,44615,190.0,1040975,2343315,189.95,190.5,65
2026-10-09 09:40:37,22416.4,2026-10-13,21950.0,PE,44571,17.45,2303990,8804640,17.35,17.45,65
2026-10-09 09:40:37,22416.4,2026-10-13,21950.0,CE,44570,511.45,52975,71370,510.4,512.2,65
2026-10-09 09:40:37,22416.4,2026-10-13,21850.0,CE,44566,605.05,21450,18980,597.2,602.45,65
2026-10-09 09:40:37,22416.4,2026-10-13,21800.0,PE,44565,9.35,8060260,14754740,9.3,9.35,65
2026-10-09 09:40:37,22416.4,2026-10-13,21900.0,CE,44568,555.95,88855,141700,553.0,555.05,65
2026-10-09 09:40:37,22416.4,2026-10-13,22350.0,PE,44601,93.2,8043750,42948490,92.1,92.3,65
2026-10-09 09:40:37,22416.4,2026-10-13,22350.0,CE,44600,181.4,4444570,52641225,183.35,183.55,65
2026-10-09 09:40:37,22416.4,2026-10-13,21850.0,PE,44567,11.35,3345290,8172450,11.35,11.45,65
2026-10-09 09:40:37,22416.4,2026-10-13,21800.0,CE,44564,653.85,78455,94120,648.2,650.45,65
2026-10-09 09:40:37,22416.4,2026-10-13,22450.0,CE,44608,124.8,5482230,37955385,124.55,124.85,65
2026-10-09 09:40:37,22416.4,2026-10-13,21900.0,PE,44569,14.1,4866290,12462320,14.1,14.15,65
2026-10-09 09:40:37,22416.4,2026-10-13,22400.0,CE,44602,153.9,9942725,78436605,154.15,154.45,65
2026-10-09 09:40:37,22416.4,2026-10-13,22400.0,PE,44604,111.25,10404225,44145075,110.45,110.7,65
2026-10-09 09:40:37,22416.4,2026-10-13,23000.0,CE,44632,6.35,14183325,26249145,6.35,6.4,65
2026-10-09 09:40:37,22416.4,2026-10-13,22300.0,PE,44599,75.85,14742325,65365235,74.9,75.1,65
2026-10-09 09:40:37,22416.4,2026-10-13,22300.0,CE,44598,216.3,6519825,50759085,218.45,218.6,65
2026-10-09 09:40:37,22416.4,2026-10-13,22950.0,PE,44631,513.9,260130,23010,511.55,514.65,65
2026-10-09 09:40:37,22416.4,2026-10-13,23000.0,PE,44633,560.55,930345,264485,560.35,562.25,65
2026-10-09 09:40:37,22416.4,2026-10-13,22200.0,PE,44595,50.55,10496070,38538760,50.55,50.65,65
2026-10-09 09:40:37,22416.4,2026-10-13,22950.0,CE,44630,8.05,3203525,10248550,8.05,8.1,65
2026-10-09 09:40:37,22416.4,2026-10-13,22250.0,PE,44597,62.0,4962295,23865335,61.9,62.0,65
2026-10-09 09:40:37,22416.4,2026-10-13,22250.0,CE,44596,252.75,1817530,13538720,252.45,252.7,65
2026-10-09 09:40:37,22416.4,2026-10-13,22150.0,PE,44591,40.75,3803865,14593995,40.7,40.85,65
2026-10-09 09:40:37,22416.4,2026-10-13,22200.0,CE,44592,290.05,2625935,12941435,289.35,290.05,65
2026-10-09 09:45:19,22434.4,2026-10-13,22700.0,PE,44621,272.3,2803775,2120690,272.4,273.05,65
2026-10-09 09:45:19,22434.4,2026-10-13,22700.0,CE,44620,43.1,11580530,36356320,43.25,43.4,65
2026-10-09 09:45:19,22434.4,2026-10-13,22750.0,PE,44623,312.25,436150,230815,311.5,312.35,65
2026-10-09 09:45:19,22434.4,2026-10-13,22750.0,CE,44622,32.15,5512780,19583070,32.4,32.5,65
2026-10-09 09:45:19,22434.4,2026-10-13,22100.0,CE,44584,400.0,613340,2074800,398.8,399.95,65
2026-10-09 09:45:19,22434.4,2026-10-13,22050.0,PE,44583,24.8,2743715,13441740,24.75,24.85,65
2026-10-09 09:45:19,22434.4,2026-10-13,22150.0,CE,44586,356.65,363545,1985620,356.65,357.0,65
2026-10-09 09:45:19,22434.4,2026-10-13,22100.0,PE,44585,30.65,6232785,26052455,30.6,30.7,65
2026-10-09 09:45:19,22434.4,2026-10-13,22900.0,PE,44629,441.2,605085,243945,441.35,442.8,65
2026-10-09 09:45:19,22434.4,2026-10-13,22900.0,CE,44628,12.85,6759285,20742475,12.85,12.9,65
2026-10-09 09:45:19,22434.4,2026-10-13,22800.0,PE,44625,352.8,1073475,618410,353.1,354.35,65
2026-10-09 09:45:19,22434.4,2026-10-13,22800.0,CE,44624,23.85,10492885,29762655,23.8,23.9,65
2026-10-09 09:45:19,22434.4,2026-10-13,22850.0,PE,44627,399.0,173420,72020,396.15,397.6,65
2026-10-09 09:45:19,22434.4,2026-10-13,22850.0,CE,44626,17.55,4693845,16905785,17.6,17.65,65
2026-10-09 09:45:19,22434.4,2026-10-13,22050.0,CE,44582,443.25,161135,343460,443.8,445.1,65
2026-10-09 09:45:19,22434.4,2026-10-13,22000.0,PE,44581,20.25,13130715,37235055,20.15,20.25,65
2026-10-09 09:45:19,22434.4,2026-10-13,22500.0,CE,44612,115.25,12302160,69641325,115.65,115.95,65
2026-10-09 09:45:19,22434.4,2026-10-13,22450.0,PE,44611,121.85,3948425,14289795,121.85,122.15,65
2026-10-09 09:45:19,22434.4,2026-10-13,22000.0,CE,44572,489.0,948740,1642550,488.3,489.0,65
2026-10-09 09:45:19,22434.4,2026-10-13,22650.0,CE,44618,56.5,4894500,22159605,56.5,56.65,65
2026-10-09 09:45:19,22434.4,2026-10-13,22600.0,PE,44617,203.1,3190070,6061315,202.7,203.0,65
2026-10-09 09:45:19,22434.4,2026-10-13,22650.0,PE,44619,236.65,821405,784290,235.8,236.25,65
2026-10-09 09:45:19,22434.4,2026-10-13,22550.0,CE,44614,92.55,5442320,32873035,92.4,92.65,65
2026-10-09 09:45:19,22434.4,2026-10-13,22500.0,PE,44613,146.0,5594550,17562740,145.45,145.85,65
2026-10-09 09:45:19,22434.4,2026-10-13,22600.0,CE,44616,72.9,11384035,46204730,73.2,73.4,65
2026-10-09 09:45:19,22434.4,2026-10-13,22550.0,PE,44615,173.0,1201005,2893800,172.75,173.1,65
2026-10-09 09:45:19,22434.4,2026-10-13,21950.0,PE,44571,16.55,2498990,9676095,16.45,16.55,65
2026-10-09 09:45:19,22434.4,2026-10-13,21950.0,CE,44570,533.8,53040,75335,534.65,537.05,65
2026-10-09 09:45:19,22434.4,2026-10-13,21850.0,CE,44566,624.2,21515,19435,629.25,633.25,65
2026-10-09 09:45:19,22434.4,2026-10-13,21900.0,CE,44568,578.45,100230,190970,581.7,584.05,65
2026-10-09 09:45:19,22434.4,2026-10-13,22350.0,PE,44601,84.2,8633625,47175245,83.95,84.1,65
2026-10-09 09:45:19,22434.4,2026-10-13,23050.0,PE,44645,595.35,73645,1560,582.5,586.5,65
2026-10-09 09:45:19,22434.4,2026-10-13,22350.0,CE,44600,203.35,4034810,57493150,203.65,204.15,65
2026-10-09 09:45:19,22434.4,2026-10-13,21850.0,PE,44567,11.0,3330080,9350575,11.0,11.05,65
2026-10-09 09:45:19,22434.4,2026-10-13,22450.0,CE,44608,142.6,5833750,46457970,142.1,142.45,65
2026-10-09 09:45:19,22434.4,2026-10-13,21900.0,PE,44569,13.4,5085665,14182545,13.35,13.45,65
2026-10-09 09:45:19,22434.4,2026-10-13,22400.0,CE,44602,170.8,9625720,89717940,171.4,171.8,65
2026-10-09 09:45:19,22434.4,2026-10-13,22400.0,PE,44604,101.75,12348050,51871820,101.4,101.65,65
2026-10-09 09:45:19,22434.4,2026-10-13,23000.0,CE,44632,7.25,13813995,30854135,7.25,7.3,65
2026-10-09 09:45:19,22434.4,2026-10-13,22300.0,PE,44599,69.0,15297555,71066320,69.0,69.2,65
2026-10-09 09:45:19,22434.4,2026-10-13,22300.0,CE,44598,238.4,6171165,54542150,238.4,239.0,65
2026-10-09 09:45:19,22434.4,2026-10-13,22950.0,PE,44631,494.65,259935,26195,486.65,490.3,65
2026-10-09 09:45:19,22434.4,2026-10-13,23000.0,PE,44633,540.0,929825,294190,535.65,537.5,65
2026-10-09 09:45:19,22434.4,2026-10-13,22200.0,PE,44595,46.25,11000405,42917355,46.2,46.35,65
2026-10-09 09:45:19,22434.4,2026-10-13,22950.0,CE,44630,9.6,3196440,12192895,9.6,9.65,65
2026-10-09 09:45:19,22434.4,2026-10-13,22250.0,PE,44597,56.75,5279950,25828530,56.65,56.8,65
2026-10-09 09:45:19,22434.4,2026-10-13,22250.0,CE,44596,275.5,1752660,14303185,276.05,276.3,65
2026-10-09 09:45:19,22434.4,2026-10-13,23050.0,CE,44636,5.3,2752685,9887670,5.3,5.35,65
2026-10-09 09:45:19,22434.4,2026-10-13,22150.0,PE,44591,37.6,3838510,16342755,37.65,37.75,65
2026-10-09 09:45:19,22434.4,2026-10-13,22200.0,CE,44592,315.2,2489240,14001390,314.65,315.45,65
2026-10-09 09:50:31,22441.6,2026-10-13,22700.0,PE,44621,268.9,2931500,2507115,268.95,269.6,65
2026-10-09 09:50:31,22441.6,2026-10-13,22700.0,CE,44620,42.65,11092575,41865395,42.45,42.55,65
2026-10-09 09:50:31,22441.6,2026-10-13,22750.0,PE,44623,307.65,446290,268775,307.9,308.65,65
2026-10-09 09:50:31,22441.6,2026-10-13,22750.0,CE,44622,31.7,5545345,22230195,31.5,31.6,65
2026-10-09 09:50:31,22441.6,2026-10-13,22100.0,CE,44584,403.0,578305,2184195,402.45,403.0,65
2026-10-09 09:50:31,22441.6,2026-10-13,22050.0,PE,44583,24.95,2798965,14393600,24.85,24.95,65
2026-10-09 09:50:31,22441.6,2026-10-13,22150.0,CE,44586,360.0,357955,2080130,359.0,360.0,65
2026-10-09 09:50:31,22441.6,2026-10-13,22100.0,PE,44585,30.65,6591065,28329470,30.6,30.65,65
2026-10-09 09:50:31,22441.6,2026-10-13,22900.0,PE,44629,439.4,605800,287430,437.2,438.6,65
2026-10-09 09:50:31,22441.6,2026-10-13,22900.0,CE,44628,12.2,6891105,23110880,12.1,12.15,65
2026-10-09 09:50:31,22441.6,2026-10-13,22800.0,PE,44625,349.6,1084525,720720,348.9,349.75,65
2026-10-09 09:50:31,22441.6,2026-10-13,22800.0,CE,44624,23.1,10554960,33885670,23.0,23.1,65
2026-10-09 09:50:31,22441.6,2026-10-13,22850.0,PE,44627,392.4,171080,92495,392.4,393.65,65
2026-10-09 09:50:31,22441.6,2026-10-13,22850.0,CE,44626,16.9,4234035,20040280,16.8,16.85,65
2026-10-09 09:50:31,22441.6,2026-10-13,22050.0,CE,44582,448.85,158665,369525,446.85,448.1,65
2026-10-09 09:50:31,22441.6,2026-10-13,22000.0,PE,44581,20.4,13428935,41253940,20.3,20.35,65
2026-10-09 09:50:31,22441.6,2026-10-13,22500.0,CE,44612,116.6,12034750,79635205,116.0,116.25,65
2026-10-09 09:50:31,22441.6,2026-10-13,22450.0,PE,44611,120.2,5246800,18598840,119.8,120.15,65
2026-10-09 09:50:31,22441.6,2026-10-13,22000.0,CE,44572,492.0,935155,1772940,492.05,493.1,65
2026-10-09 09:50:31,22441.6,2026-10-13,22650.0,CE,44618,55.9,4902690,25614745,55.9,56.05,65
2026-10-09 09:50:31,22441.6,2026-10-13,22600.0,PE,44617,199.6,3428555,7143370,199.3,199.75,65
2026-10-09 09:50:31,22441.6,2026-10-13,22650.0,PE,44619,232.35,907790,981890,232.35,232.8,65
2026-10-09 09:50:31,22441.6,2026-10-13,22550.0,CE,44614,93.15,5329870,37993410,92.7,93.0,65
2026-10-09 09:50:31,22441.6,2026-10-13,22500.0,PE,44613,143.3,6691425,21483215,143.35,143.65,65
2026-10-09 09:50:31,22441.6,2026-10-13,22600.0,CE,44616,72.8,11687780,53336790,72.6,72.85,65
2026-10-09 09:50:31,22441.6,2026-10-13,22550.0,PE,44615,169.3,1454830,3718000,169.5,169.8,65
2026-10-09 09:50:31,22441.6,2026-10-13,21950.0,PE,44571,16.55,2574910,10395255,16.5,16.55,65
2026-10-09 09:50:31,22441.6,2026-10-13,21950.0,CE,44570,537.8,53105,77675,537.7,539.95,65
2026-10-09 09:50:31,22441.6,2026-10-13,21850.0,CE,44566,635.45,21905,22230,633.0,635.65,65
2026-10-09 09:50:31,22441.6,2026-10-13,21900.0,CE,44568,586.8,100230,195910,584.95,586.85,65
2026-10-09 09:50:31,22441.6,2026-10-13,22350.0,PE,44601,82.9,9109490,50931725,83.0,83.2,65
2026-10-09 09:50:31,22441.6,2026-10-13,23050.0,PE,44645,575.0,73905,1950,578.65,581.7,65
2026-10-09 09:50:31,22441.6,2026-10-13,22350.0,CE,44600,205.6,3666780,61140820,205.35,205.8,65
2026-10-09 09:50:31,22441.6,2026-10-13,21850.0,PE,44567,11.05,3451890,10086375,11.0,11.05,65
2026-10-09 09:50:31,22441.6,2026-10-13,22450.0,CE,44608,143.3,6067555,54627495,143.45,143.75,65
2026-10-09 09:50:31,22441.6,2026-10-13,21900.0,PE,44569,13.4,5570305,16288480,13.35,13.4,65
2026-10-09 09:50:31,22441.6,2026-10-13,22400.0,CE,44602,173.0,9233965,98752485,173.0,173.35,65
2026-10-09 09:50:31,22441.6,2026-10-13,22400.0,PE,44604,100.3,13567710,59206680,100.45,100.65,65
2026-10-09 09:50:31,22441.6,2026-10-13,23000.0,CE,44632,6.8,14248910,34311290,6.8,6.85,65
2026-10-09 09:50:31,22441.6,2026-10-13,22300.0,PE,44599,68.6,16159130,76593010,68.45,68.6,65
2026-10-09 09:50:31,22441.6,2026-10-13,22300.0,CE,44598,240.3,5875350,57548595,240.2,240.8,65
2026-10-09 09:50:31,22441.6,2026-10-13,22950.0,PE,44631,484.25,258895,28860,483.55,485.8,65
2026-10-09 09:50:31,22441.6,2026-10-13,23000.0,PE,44633,532.1,925925,318500,531.75,533.5,65
2026-10-09 09:50:31,22441.6,2026-10-13,22200.0,PE,44595,46.0,11251110,46747545,45.9,46.0,65
2026-10-09 09:50:31,22441.6,2026-10-13,22950.0,CE,44630,9.0,3120260,14189825,8.9,9.0,65
2026-10-09 09:50:31,22441.6,2026-10-13,22250.0,PE,44597,56.35,5467605,27687140,56.2,56.4,65
2026-10-09 09:50:31,22441.6,2026-10-13,22250.0,CE,44596,278.4,1612650,15019095,278.0,278.6,65
2026-10-09 09:50:31,22441.6,2026-10-13,23050.0,CE,44636,4.85,2846025,11785475,4.85,4.9,65
2026-10-09 09:50:31,22441.6,2026-10-13,22150.0,PE,44591,37.6,3824275,17799860,37.55,37.65,65
2026-10-09 09:50:31,22441.6,2026-10-13,22200.0,CE,44592,318.85,2404610,14784965,317.7,318.3,65
2026-10-09 09:55:30,22469.15,2026-10-13,22700.0,PE,44621,251.95,2975570,3045445,251.55,252.05,65
2026-10-09 09:55:30,22469.15,2026-10-13,22700.0,CE,44620,47.15,11133655,47339305,47.45,47.55,65
2026-10-09 09:55:30,22469.15,2026-10-13,22750.0,PE,44623,290.9,464360,349245,289.95,290.25,65
2026-10-09 09:55:30,22469.15,2026-10-13,22750.0,CE,44622,35.2,5374395,24804325,35.15,35.3,65
2026-10-09 09:55:30,22469.15,2026-10-13,22100.0,CE,44584,422.2,516620,2314000,421.7,421.95,65
2026-10-09 09:55:30,22469.15,2026-10-13,22050.0,PE,44583,22.8,2858440,15574065,22.75,22.85,65
2026-10-09 09:55:30,22469.15,2026-10-13,22150.0,CE,44586,379.2,361725,2174965,378.5,379.5,65
2026-10-09 09:55:30,22469.15,2026-10-13,22100.0,PE,44585,28.0,6810895,31146960,28.0,28.1,65
2026-10-09 09:55:30,22469.15,2026-10-13,22900.0,PE,44629,418.8,609180,322270,417.35,418.55,65
2026-10-09 09:55:30,22469.15,2026-10-13,22900.0,CE,44628,13.35,7106710,25433330,13.25,13.35,65
2026-10-09 09:55:30,22469.15,2026-10-13,22800.0,PE,44625,330.4,1089920,862095,329.35,330.3,65
2026-10-09 09:55:30,22469.15,2026-10-13,22800.0,CE,44624,25.7,10659090,38350780,25.65,25.75,65
2026-10-09 09:55:30,22469.15,2026-10-13,22850.0,PE,44627,373.5,175175,115765,372.55,373.7,65
2026-10-09 09:55:30,22469.15,2026-10-13,22850.0,CE,44626,18.55,4133545,22300460,18.6,18.7,65
2026-10-09 09:55:30,22469.15,2026-10-13,22050.0,CE,44582,467.85,156780,398320,466.85,468.1,65
2026-10-09 09:55:30,22469.15,2026-10-13,22000.0,PE,44581,18.65,13508560,44648175,18.6,18.65,65
2026-10-09 09:55:30,22469.15,2026-10-13,22500.0,CE,44612,127.55,12017395,90940070,127.65,127.95,65
2026-10-09 09:55:30,22469.15,2026-10-13,22450.0,PE,44611,110.8,5958550,24879985,110.5,110.75,65
2026-10-09 09:55:30,22469.15,2026-10-13,22000.0,CE,44572,513.65,913055,1909180,512.25,513.0,65
2026-10-09 09:55:30,22469.15,2026-10-13,22650.0,CE,44618,62.5,4945330,29183180,62.3,62.5,65
2026-10-09 09:55:30,22469.15,2026-10-13,22600.0,PE,44617,185.95,3709225,8662810,185.55,185.9,65
2026-10-09 09:55:30,22469.15,2026-10-13,22650.0,PE,44619,217.9,969670,1254045,216.8,217.3,65
2026-10-09 09:55:30,22469.15,2026-10-13,22550.0,CE,44614,102.35,5367115,44598515,102.15,102.45,65
2026-10-09 09:55:30,22469.15,2026-10-13,22500.0,PE,44613,132.3,7596095,27537770,132.2,132.4,65
2026-10-09 09:55:30,22469.15,2026-10-13,22600.0,CE,44616,80.8,12024545,61151350,80.6,80.85,65
2026-10-09 09:55:30,22469.15,2026-10-13,22550.0,PE,44615,157.05,1579370,4799665,157.2,157.65,65
2026-10-09 09:55:30,22469.15,2026-10-13,21950.0,PE,44571,15.2,2692235,11180260,15.1,15.2,65
2026-10-09 09:55:30,22469.15,2026-10-13,21950.0,CE,44570,554.75,52715,82745,558.9,561.5,65
2026-10-09 09:55:30,22469.15,2026-10-13,21850.0,CE,44566,653.15,24505,25155,653.95,656.4,65
2026-10-09 09:55:30,22469.15,2026-10-13,21900.0,CE,44568,606.9,100035,201760,605.45,607.4,65
2026-10-09 09:55:30,22469.15,2026-10-13,22350.0,PE,44601,76.5,9303645,55958695,76.1,76.25,65
2026-10-09 09:55:30,22469.15,2026-10-13,23050.0,PE,44645,562.65,73840,3315,557.6,560.5,65
2026-10-09 09:55:30,22469.15,2026-10-13,22350.0,CE,44600,220.25,3156465,64294360,220.9,221.35,65
2026-10-09 09:55:30,22469.15,2026-10-13,21850.0,PE,44567,10.2,3644550,10894130,10.15,10.25,65
2026-10-09 09:55:30,22469.15,2026-10-13,22450.0,CE,44608,156.5,5916105,63628630,155.95,156.35,65
2026-10-09 09:55:30,22469.15,2026-10-13,21900.0,PE,44569,12.25,5871255,18472610,12.25,12.35,65
2026-10-09 09:55:30,22469.15,2026-10-13,22400.0,CE,44602,186.85,8825375,107210025,186.55,187.05,65
2026-10-09 09:55:30,22469.15,2026-10-13,22400.0,PE,44604,92.4,14395160,69217070,92.1,92.4,65
2026-10-09 09:55:30,22469.15,2026-10-13,23000.0,CE,44632,7.25,14335360,38573405,7.25,7.3,65
2026-10-09 09:55:30,22469.15,2026-10-13,22300.0,PE,44599,62.6,16565445,83687435,62.7,62.8,65
2026-10-09 09:55:30,22469.15,2026-10-13,22300.0,CE,44598,257.25,5682950,60358090,256.75,257.35,65
2026-10-09 09:55:30,22469.15,2026-10-13,22950.0,PE,44631,464.4,254995,39455,463.0,464.85,65
2026-10-09 09:55:30,22469.15,2026-10-13,23000.0,PE,44633,511.5,924755,390455,510.65,512.25,65
2026-10-09 09:55:30,22469.15,2026-10-13,22200.0,PE,44595,42.25,11441690,51017915,42.1,42.25,65
2026-10-09 09:55:30,22469.15,2026-10-13,22950.0,CE,44630,9.75,3224325,15399280,9.7,9.75,65
2026-10-09 09:55:30,22469.15,2026-10-13,22250.0,PE,44597,51.6,5582525,29831230,51.5,51.7,65
2026-10-09 09:55:30,22469.15,2026-10-13,22250.0,CE,44596,296.25,1525940,15625805,295.35,296.05,65
2026-10-09 09:55:30,22469.15,2026-10-13,23050.0,CE,44636,5.25,2893735,13395395,5.15,5.2,65
2026-10-09 09:55:30,22469.15,2026-10-13,22150.0,PE,44591,34.4,3877835,19310265,34.35,34.45,65
2026-10-09 09:55:30,22469.15,2026-10-13,22200.0,CE,44592,335.5,2284750,15612870,335.6,336.45,65
2026-10-09 10:00:33,22455.3,2026-10-13,22700.0,PE,44621,264.15,3091205,3578770,263.65,264.35,65
2026-10-09 10:00:33,22455.3,2026-10-13,22700.0,CE,44620,43.7,11139700,53392430,43.65,43.8,65
2026-10-09 10:00:33,22455.3,2026-10-13,22750.0,PE,44623,302.05,482560,421850,301.8,302.65,65
2026-10-09 10:00:33,22455.3,2026-10-13,22750.0,CE,44622,32.5,5383755,27834950,32.55,32.65,65
2026-10-09 10:00:33,22455.3,2026-10-13,22100.0,CE,44584,406.9,509015,2513875,407.2,408.4,65
2026-10-09 10:00:33,22455.3,2026-10-13,22050.0,PE,44583,23.4,2928185,16597750,23.3,23.4,65
2026-10-09 10:00:33,22455.3,2026-10-13,22150.0,CE,44586,365.0,364455,2295150,363.5,364.45,65
2026-10-09 10:00:33,22455.3,2026-10-13,22100.0,PE,44585,28.9,6815055,33104500,28.8,28.9,65
2026-10-09 10:00:33,22455.3,2026-10-13,22900.0,PE,44629,431.35,604175,395785,431.2,432.85,65
2026-10-09 10:00:33,22455.3,2026-10-13,22900.0,CE,44628,12.4,7025265,28586480,12.3,12.35,65
2026-10-09 10:00:33,22455.3,2026-10-13,22800.0,PE,44625,344.1,1139450,1042015,343.0,343.95,65
2026-10-09 10:00:33,22455.3,2026-10-13,22800.0,CE,44624,23.75,10413650,43051450,23.65,23.75,65
2026-10-09 10:00:33,22455.3,2026-10-13,22850.0,PE,44627,386.5,180440,133900,386.75,388.05,65
2026-10-09 10:00:33,22455.3,2026-10-13,22850.0,CE,44626,17.2,4162730,25029680,17.2,17.25,65
2026-10-09 10:00:33,22455.3,2026-10-13,22050.0,CE,44582,453.2,156520,415025,452.3,453.65,65
2026-10-09 10:00:33,22455.3,2026-10-13,22000.0,PE,44581,19.0,13616980,48324445,18.9,19.0,65
2026-10-09 10:00:33,22455.3,2026-10-13,22500.0,CE,44612,119.25,11881220,103054120,118.85,119.15,65
2026-10-09 10:00:33,22455.3,2026-10-13,22450.0,PE,44611,116.8,7018635,29989440,116.4,116.7,65
2026-10-09 10:00:33,22455.3,2026-10-13,22000.0,CE,44572,497.05,910455,2018445,497.0,498.15,65
2026-10-09 10:00:33,22455.3,2026-10-13,22650.0,CE,44618,57.65,4858945,33048015,57.55,57.65,65
2026-10-09 10:00:33,22455.3,2026-10-13,22600.0,PE,44617,195.05,4023500,10321675,194.65,195.1,65
2026-10-09 10:00:33,22455.3,2026-10-13,22650.0,PE,44619,227.15,1071655,1554540,227.8,228.35,65
2026-10-09 10:00:33,22455.3,2026-10-13,22550.0,CE,44614,95.65,5237310,50143600,95.15,95.4,65
2026-10-09 10:00:33,22455.3,2026-10-13,22500.0,PE,44613,139.4,8988395,33872215,139.7,140.0,65
2026-10-09 10:00:33,22455.3,2026-10-13,22600.0,CE,44616,74.9,12559625,69255680,74.85,75.05,65
2026-10-09 10:00:33,22455.3,2026-10-13,22550.0,PE,44615,165.6,1759095,6134830,165.6,166.0,65
2026-10-09 10:00:33,22455.3,2026-10-13,21950.0,PE,44571,15.4,2696525,12155650,15.3,15.4,65
2026-10-09 10:00:33,22455.3,2026-10-13,21950.0,CE,44570,545.45,51675,85020,543.25,545.1,65
2026-10-09 10:00:33,22455.3,2026-10-13,21850.0,CE,44566,643.6,25220,30095,639.05,641.45,65
2026-10-09 10:00:33,22455.3,2026-10-13,21900.0,CE,44568,592.6,99255,205140,590.9,592.95,65
2026-10-09 10:00:33,22455.3,2026-10-13,22350.0,PE,44601,80.2,9592895,59387250,80.15,80.4,65
2026-10-09 10:00:33,22455.3,2026-10-13,23050.0,PE,44645,557.5,73970,3705,572.3,575.8,65
2026-10-09 10:00:33,22455.3,2026-10-13,22350.0,CE,44600,209.05,2978495,66379040,208.95,209.45,65
2026-10-09 10:00:33,22455.3,2026-10-13,21850.0,PE,44567,10.25,3492515,11993735,10.2,10.25,65
2026-10-09 10:00:33,22455.3,2026-10-13,22450.0,CE,44608,146.3,5807945,70840705,146.35,146.7,65
2026-10-09 10:00:33,22455.3,2026-10-13,21900.0,PE,44569,12.4,5982795,19813560,12.4,12.45,65
2026-10-09 10:00:33,22455.3,2026-10-13,22400.0,CE,44602,176.5,8123375,113689095,176.25,176.75,65
2026-10-09 10:00:33,22455.3,2026-10-13,22400.0,PE,44604,97.15,15331550,76507925,96.9,97.15,65
2026-10-09 10:00:33,22455.3,2026-10-13,23000.0,CE,44632,6.8,14441310,42699085,6.8,6.85,65
2026-10-09 10:00:33,22455.3,2026-10-13,22300.0,PE,44599,65.7,17071730,89307140,65.7,65.85,65
2026-10-09 10:00:33,22455.3,2026-10-13,22300.0,CE,44598,244.85,5313295,62446410,244.1,244.55,65
2026-10-09 10:00:33,22455.3,2026-10-13,22950.0,PE,44631,478.3,254605,45630,477.7,480.3,65
2026-10-09 10:00:33,22455.3,2026-10-13,23000.0,PE,44633,527.5,919360,445705,525.1,526.95,65
2026-10-09 10:00:33,22455.3,2026-10-13,22200.0,PE,44595,43.85,11390535,54656420,43.8,43.95,65
2026-10-09 10:00:33,22455.3,2026-10-13,22950.0,CE,44630,9.05,3230955,17155840,9.05,9.15,65
2026-10-09 10:00:33,22455.3,2026-10-13,22250.0,PE,44597,53.65,5602090,31622565,53.6,53.75,65
2026-10-09 10:00:33,22455.3,2026-10-13,22250.0,CE,44596,282.1,1456975,16075670,282.4,283.15,65
2026-10-09 10:00:33,22455.3,2026-10-13,23050.0,CE,44636,4.95,2767310,14684345,4.9,4.95,65
2026-10-09 10:00:33,22455.3,2026-10-13,22150.0,PE,44591,35.65,3747965,20618975,35.6,35.7,65
2026-10-09 10:00:33,22455.3,2026-10-13,22200.0,CE,44592,322.5,2214225,16184350,322.0,322.8,65
2026-10-09 10:05:25,22460.65,2026-10-13,22700.0,PE,44621,256.0,3055000,4039880,256.1,256.7,65
2026-10-09 10:05:25,22460.65,2026-10-13,22700.0,CE,44620,45.5,11372205,56993040,45.45,45.6,65
2026-10-09 10:05:25,22460.65,2026-10-13,22750.0,PE,44623,295.05,487045,478920,294.3,295.0,65
2026-10-09 10:05:25,22460.65,2026-10-13,22750.0,CE,44622,33.3,5449600,29833700,33.75,33.85,65
2026-10-09 10:05:25,22460.65,2026-10-13,22100.0,CE,44584,414.95,491660,2577120,415.0,416.1,65
2026-10-09 10:05:25,22460.65,2026-10-13,22050.0,PE,44583,23.2,2976350,17416230,23.0,23.1,65
2026-10-09 10:05:25,22460.65,2026-10-13,22150.0,CE,44586,373.3,343785,2347735,372.05,373.0,65
2026-10-09 10:05:25,22460.65,2026-10-13,22100.0,PE,44585,28.35,6986655,34891935,28.4,28.45,65
2026-10-09 10:05:25,22460.65,2026-10-13,22900.0,PE,44629,424.0,589810,433030,423.2,424.65,65
2026-10-09 10:05:25,22460.65,2026-10-13,22900.0,CE,44628,12.6,7102355,30420455,12.7,12.8,65
2026-10-09 10:05:25,22460.65,2026-10-13,22800.0,PE,44625,337.55,1110330,1146860,335.15,336.1,65
2026-10-09 10:05:25,22460.65,2026-10-13,22800.0,CE,44624,24.5,10489440,46229690,24.5,24.6,65
2026-10-09 10:05:25,22460.65,2026-10-13,22850.0,PE,44627,379.35,181090,149630,378.5,379.6,65
2026-10-09 10:05:25,22460.65,2026-10-13,22850.0,CE,44626,17.6,4128280,26446485,17.7,17.8,65
2026-10-09 10:05:25,22460.65,2026-10-13,22050.0,CE,44582,462.45,155935,428675,460.9,462.4,65
2026-10-09 10:05:25,22460.65,2026-10-13,22000.0,PE,44581,19.0,13517010,51135240,18.8,18.9,65
2026-10-09 10:05:25,22460.65,2026-10-13,22500.0,CE,44612,122.6,12552735,110817330,123.45,123.7,65
2026-10-09 10:05:25,22460.65,2026-10-13,22450.0,PE,44611,112.95,7396285,36036325,112.85,113.0,65
2026-10-09 10:05:25,22460.65,2026-10-13,22000.0,CE,44572,505.65,896415,2142660,505.9,507.2,65
2026-10-09 10:05:25,22460.65,2026-10-13,22650.0,CE,44618,59.3,5089110,35330555,59.15,59.3,65
2026-10-09 10:05:25,22460.65,2026-10-13,22600.0,PE,44617,190.6,3979235,11741990,190.6,191.0,65
2026-10-09 10:05:25,22460.65,2026-10-13,22650.0,PE,44619,221.05,1069510,1856075,220.8,221.25,65
2026-10-09 10:05:25,22460.65,2026-10-13,22550.0,CE,44614,98.1,5680155,53912040,98.7,99.0,65
2026-10-09 10:05:25,22460.65,2026-10-13,22500.0,PE,44613,136.05,9135620,39798785,134.85,135.15,65
2026-10-09 10:05:25,22460.65,2026-10-13,22600.0,CE,44616,77.05,13058435,74648665,76.9,77.1,65
2026-10-09 10:05:25,22460.65,2026-10-13,22550.0,PE,44615,161.75,1781390,7290335,160.4,160.85,65
2026-10-09 10:05:25,22460.65,2026-10-13,21950.0,PE,44571,15.3,2684630,12938185,15.25,15.3,65
2026-10-09 10:05:25,22460.65,2026-10-13,21950.0,CE,44570,552.75,52065,87880,552.7,555.0,65
2026-10-09 10:05:25,22460.65,2026-10-13,21850.0,CE,44566,649.6,28015,34840,645.35,648.1,65
2026-10-09 10:05:25,22460.65,2026-10-13,21900.0,CE,44568,594.75,100425,209690,599.15,601.45,65
2026-10-09 10:05:25,22460.65,2026-10-13,22350.0,PE,44601,77.6,9536280,63382670,77.45,77.65,65
2026-10-09 10:05:25,22460.65,2026-10-13,23050.0,PE,44645,572.45,74815,9230,563.15,566.4,65
2026-10-09 10:05:25,22460.65,2026-10-13,22350.0,CE,44600,215.7,2866630,67738905,215.4,215.95,65
2026-10-09 10:05:25,22460.65,2026-10-13,21850.0,PE,44567,10.25,3421145,12672465,10.25,10.3,65
2026-10-09 10:05:25,22460.65,2026-10-13,22450.0,CE,44608,151.2,6634810,76247080,150.95,151.35,65
2026-10-09 10:05:25,22460.65,2026-10-13,21900.0,PE,44569,12.45,6097975,21066695,12.35,12.45,65
2026-10-09 10:05:25,22460.65,2026-10-13,22400.0,CE,44602,180.25,8258185,118091285,181.85,182.0,65
2026-10-09 10:05:25,22460.65,2026-10-13,22400.0,PE,44604,94.95,15829970,85204210,93.8,94.0,65
2026-10-09 10:05:25,22460.65,2026-10-13,23000.0,CE,44632,7.0,14725490,45016530,7.0,7.05,65
2026-10-09 10:05:25,22460.65,2026-10-13,22300.0,PE,44599,64.5,17088955,94739580,64.3,64.45,65
2026-10-09 10:05:25,22460.65,2026-10-13,22300.0,CE,44598,249.5,5142605,63742120,249.5,249.9,65
2026-10-09 10:05:25,22460.65,2026-10-13,22950.0,PE,44631,470.9,254150,50180,468.75,471.1,65
2026-10-09 10:05:25,22460.65,2026-10-13,23000.0,PE,44633,518.0,915460,479115,516.45,518.45,65
2026-10-09 10:05:25,22460.65,2026-10-13,22200.0,PE,44595,43.2,11768770,57915650,42.85,42.95,65
2026-10-09 10:05:25,22460.65,2026-10-13,22950.0,CE,44630,9.3,3323320,18141760,9.3,9.35,65
2026-10-09 10:05:25,22460.65,2026-10-13,22250.0,PE,44597,52.65,5733780,33729085,52.8,53.0,65
2026-10-09 10:05:25,22460.65,2026-10-13,22250.0,CE,44596,289.1,1440920,16385005,288.3,288.5,65
2026-10-09 10:05:25,22460.65,2026-10-13,23050.0,CE,44636,5.0,2857725,15544360,5.0,5.05,65
2026-10-09 10:05:25,22460.65,2026-10-13,22150.0,PE,44591,35.15,3817580,21879195,34.85,34.95,65
2026-10-09 10:05:25,22460.65,2026-10-13,22200.0,CE,44592,328.15,2183675,16629795,330.0,330.5,65
2026-10-09 10:10:24,22473.15,2026-10-13,22700.0,PE,44621,251.1,3101995,4329845,250.15,250.85,65
2026-10-09 10:10:24,22473.15,2026-10-13,22700.0,CE,44620,47.05,11563435,60726185,47.25,47.4,65
2026-10-09 10:10:24,22473.15,2026-10-13,22750.0,PE,44623,288.9,498680,515970,288.05,288.75,65
2026-10-09 10:10:24,22473.15,2026-10-13,22750.0,CE,44622,34.8,5527665,31731895,34.8,34.95,65
2026-10-09 10:10:24,22473.15,2026-10-13,22100.0,CE,44584,422.95,477165,2647060,422.35,423.6,65
2026-10-09 10:10:24,22473.15,2026-10-13,22050.0,PE,44583,22.55,3035305,18269290,22.35,22.45,65
2026-10-09 10:10:24,22473.15,2026-10-13,22150.0,CE,44586,379.5,333255,2394665,379.15,380.15,65
2026-10-09 10:10:24,22473.15,2026-10-13,22100.0,PE,44585,27.7,7010965,36402405,27.5,27.6,65
2026-10-09 10:10:24,22473.15,2026-10-13,22900.0,PE,44629,416.85,592605,446550,416.6,418.0,65
2026-10-09 10:10:24,22473.15,2026-10-13,22900.0,CE,44628,13.05,7234890,32097065,13.0,13.05,65
2026-10-09 10:10:24,22473.15,2026-10-13,22800.0,PE,44625,329.8,1134640,1221285,328.15,329.0,65
2026-10-09 10:10:24,22473.15,2026-10-13,22800.0,CE,44624,25.35,10477285,49452520,25.4,25.5,65
2026-10-09 10:10:24,22473.15,2026-10-13,22850.0,PE,44627,372.7,181480,155285,370.65,371.8,65
2026-10-09 10:10:24,22473.15,2026-10-13,22850.0,CE,44626,18.35,4166370,27804920,18.35,18.45,65
2026-10-09 10:10:24,22473.15,2026-10-13,22050.0,CE,44582,468.4,153400,438295,468.2,469.35,65
2026-10-09 10:10:24,22473.15,2026-10-13,22000.0,PE,44581,18.4,13468455,53092260,18.2,18.3,65
2026-10-09 10:10:24,22473.15,2026-10-13,22500.0,CE,44612,127.3,12643605,119527655,127.0,127.3,65
2026-10-09 10:10:24,22473.15,2026-10-13,22450.0,PE,44611,109.9,7840885,39887965,109.25,109.55,65
2026-10-09 10:10:24,22473.15,2026-10-13,22000.0,CE,44572,515.0,883740,2207920,513.5,514.9,65
2026-10-09 10:10:24,22473.15,2026-10-13,22650.0,CE,44618,62.0,5166460,38033320,62.0,62.15,65
2026-10-09 10:10:24,22473.15,2026-10-13,22600.0,PE,44617,184.45,4091685,12825345,184.05,184.5,65
2026-10-09 10:10:24,22473.15,2026-10-13,22650.0,PE,44619,216.45,1124695,2096055,215.8,216.3,65
2026-10-09 10:10:24,22473.15,2026-10-13,22550.0,CE,44614,102.25,5721950,57989750,102.05,102.25,65
2026-10-09 10:10:24,22473.15,2026-10-13,22500.0,PE,44613,131.4,9910290,44458440,130.9,131.15,65
2026-10-09 10:10:24,22473.15,2026-10-13,22600.0,CE,44616,80.65,13082810,80098135,80.55,80.8,65
2026-10-09 10:10:24,22473.15,2026-10-13,22550.0,PE,44615,156.2,1954420,8110895,156.15,156.3,65
2026-10-09 10:10:24,22473.15,2026-10-13,21950.0,PE,44571,14.85,2701855,13446355,14.85,14.95,65
2026-10-09 10:10:24,22473.15,2026-10-13,21950.0,CE,44570,558.95,52195,93600,558.8,560.6,65
2026-10-09 10:10:24,22473.15,2026-10-13,21850.0,CE,44566,660.65,28015,35490,653.55,659.75,65
2026-10-09 10:10:24,22473.15,2026-10-13,21900.0,CE,44568,605.55,101400,212485,606.4,608.5,65
2026-10-09 10:10:24,22473.15,2026-10-13,22350.0,PE,44601,75.75,9531665,65804960,75.1,75.35,65
2026-10-09 10:10:24,22473.15,2026-10-13,23050.0,PE,44645,552.35,75205,10140,555.95,559.85,65
2026-10-09 10:10:24,22473.15,2026-10-13,22350.0,CE,44600,220.45,2732405,69170920,221.15,221.75,65
2026-10-09 10:10:24,22473.15,2026-10-13,21850.0,PE,44567,10.0,3481205,13032695,10.0,10.05,65
2026-10-09 10:10:24,22473.15,2026-10-13,22450.0,CE,44608,155.75,6473805,81915860,155.9,156.3,65
2026-10-09 10:10:24,22473.15,2026-10-13,21900.0,PE,44569,12.2,5926245,22122815,12.15,12.2,65
2026-10-09 10:10:24,22473.15,2026-10-13,22400.0,CE,44602,186.45,8084830,122270590,186.2,186.7,65
2026-10-09 10:10:24,22473.15,2026-10-13,22400.0,PE,44604,91.7,16185910,90377235,91.45,91.7,65
2026-10-09 10:10:24,22473.15,2026-10-13,23000.0,CE,44632,7.05,14971775,47203325,7.1,7.15,65
2026-10-09 10:10:24,22473.15,2026-10-13,22300.0,PE,44599,61.9,16965260,98594730,61.95,62.05,65
2026-10-09 10:10:24,22473.15,2026-10-13,22300.0,CE,44598,256.95,5023655,65107770,256.9,257.45,65
2026-10-09 10:10:24,22473.15,2026-10-13,22950.0,PE,44631,463.8,255645,55185,461.95,464.05,65
2026-10-09 10:10:24,22473.15,2026-10-13,23000.0,PE,44633,511.45,924625,521235,509.75,511.3,65
2026-10-09 10:10:24,22473.15,2026-10-13,22200.0,PE,44595,41.65,11676405,60401510,41.55,41.65,65
2026-10-09 10:10:24,22473.15,2026-10-13,22950.0,CE,44630,9.45,3433950,19018285,9.45,9.5,65
2026-10-09 10:10:24,22473.15,2026-10-13,22250.0,PE,44597,51.05,6045715,35572420,50.8,50.85,65
2026-10-09 10:10:24,22473.15,2026-10-13,22250.0,CE,44596,296.55,1425125,16678740,295.95,296.65,65
2026-10-09 10:10:24,22473.15,2026-10-13,23050.0,CE,44636,5.05,2823015,16266575,5.05,5.1,65
2026-10-09 10:10:24,22473.15,2026-10-13,22150.0,PE,44591,33.95,3673540,22774635,33.75,33.85,65
2026-10-09 10:10:24,22473.15,2026-10-13,22200.0,CE,44592,337.0,2128685,17105660,336.1,336.9,65
2026-10-09 10:15:14,22480.95,2026-10-13,22700.0,PE,44621,246.75,3209765,4876235,244.45,245.1,65
2026-10-09 10:15:14,22480.95,2026-10-13,22700.0,CE,44620,46.65,11690900,65673985,47.1,47.2,65
2026-10-09 10:15:14,22480.95,2026-10-13,22750.0,PE,44623,283.55,515710,590135,283.8,284.65,65
2026-10-09 10:15:14,22480.95,2026-10-13,22750.0,CE,44622,34.55,5405465,34723650,34.35,34.45,65
2026-10-09 10:15:14,22480.95,2026-10-13,22100.0,CE,44584,429.0,470600,2727530,427.05,428.15,65
2026-10-09 10:15:14,22480.95,2026-10-13,22050.0,PE,44583,21.45,3075605,19263660,21.15,21.25,65
2026-10-09 10:15:14,22480.95,2026-10-13,22150.0,CE,44586,383.9,339690,2463695,382.95,383.9,65
2026-10-09 10:15:14,22480.95,2026-10-13,22100.0,PE,44585,26.4,7042035,38476425,26.1,26.15,65
2026-10-09 10:15:14,22480.95,2026-10-13,22900.0,PE,44629,410.75,595140,482235,410.05,411.55,65
2026-10-09 10:15:14,22480.95,2026-10-13,22900.0,CE,44628,12.75,7279870,34251100,12.75,12.85,65
2026-10-09 10:15:14,22480.95,2026-10-13,22800.0,PE,44625,324.15,1170260,1429935,322.1,323.05,65
2026-10-09 10:15:14,22480.95,2026-10-13,22800.0,CE,44624,24.85,10390380,53228045,25.15,25.2,65
2026-10-09 10:15:14,22480.95,2026-10-13,22850.0,PE,44627,366.85,183170,178620,364.75,365.75,65
2026-10-09 10:15:14,22480.95,2026-10-13,22850.0,CE,44626,17.9,4697420,30287660,18.05,18.1,65
2026-10-09 10:15:14,22480.95,2026-10-13,22050.0,CE,44582,473.15,149045,453635,472.05,473.1,65
2026-10-09 10:15:14,22480.95,2026-10-13,22000.0,PE,44581,17.4,13469950,56489745,17.3,17.35,65
2026-10-09 10:15:14,22480.95,2026-10-13,22500.0,CE,44612,128.6,12272195,130132145,128.35,128.65,65
2026-10-09 10:15:14,22480.95,2026-10-13,22450.0,PE,44611,105.95,8401770,45263725,105.0,105.25,65
2026-10-09 10:15:14,22480.95,2026-10-13,22000.0,CE,44572,518.0,850785,2288390,518.2,519.85,65
2026-10-09 10:15:14,22480.95,2026-10-13,22650.0,CE,44618,61.65,5060640,41342470,61.6,61.75,65
2026-10-09 10:15:14,22480.95,2026-10-13,22600.0,PE,44617,180.1,4423055,14749085,180.1,180.45,65
2026-10-09 10:15:14,22480.95,2026-10-13,22650.0,PE,44619,209.9,1248585,2582710,209.95,210.5,65
2026-10-09 10:15:14,22480.95,2026-10-13,22550.0,CE,44614,102.15,5449990,63322025,103.0,103.3,65
2026-10-09 10:15:14,22480.95,2026-10-13,22500.0,PE,44613,127.3,11328265,52172055,126.15,126.45,65
2026-10-09 10:15:14,22480.95,2026-10-13,22600.0,CE,44616,80.3,12696580,87204910,80.05,80.3,65
2026-10-09 10:15:14,22480.95,2026-10-13,22550.0,PE,44615,151.85,2267590,9682790,150.4,150.7,65
2026-10-09 10:15:14,22480.95,2026-10-13,21950.0,PE,44571,14.15,2734680,14279980,14.1,14.15,65
2026-10-09 10:15:14,22480.95,2026-10-13,21950.0,CE,44570,566.6,49400,98670,565.05,567.2,65
2026-10-09 10:15:14,22480.95,2026-10-13,21900.0,CE,44568,614.4,101075,218140,612.05,613.9,65
2026-10-09 10:15:14,22480.95,2026-10-13,22350.0,PE,44601,72.55,9529780,69717895,71.8,72.0,65
2026-10-09 10:15:14,22480.95,2026-10-13,23050.0,PE,44645,547.55,75400,10660,549.85,553.75,65
2026-10-09 10:15:14,22480.95,2026-10-13,22350.0,CE,44600,222.5,2555605,70948085,223.75,224.2,65
2026-10-09 10:15:14,22480.95,2026-10-13,22450.0,CE,44608,156.4,5998265,87996220,157.3,157.7,65
2026-10-09 10:15:14,22480.95,2026-10-13,23100.0,PE,44647,600.0,317720,24960,599.4,601.45,65
2026-10-09 10:15:14,22480.95,2026-10-13,21900.0,PE,44569,11.55,5959460,23107500,11.45,11.55,65
2026-10-09 10:15:14,22480.95,2026-10-13,22400.0,CE,44602,187.75,7435740,127287355,187.4,187.75,65
2026-10-09 10:15:14,22480.95,2026-10-13,23100.0,CE,44646,3.6,6516445,25304045,3.55,3.6,65
2026-10-09 10:15:14,22480.95,2026-10-13,22400.0,PE,44604,88.1,16552185,97668480,88.1,88.3,65
2026-10-09 10:15:14,22480.95,2026-10-13,23000.0,CE,44632,6.95,15090985,49327265,6.95,7.0,65
2026-10-09 10:15:14,22480.95,2026-10-13,22300.0,PE,44599,59.05,17094935,104945555,59.0,59.15,65
2026-10-09 10:15:14,22480.95,2026-10-13,22300.0,CE,44598,258.6,4899700,66543360,258.55,258.95,65
2026-10-09 10:15:14,22480.95,2026-10-13,22950.0,PE,44631,457.5,256295,60905,455.25,457.15,65
2026-10-09 10:15:14,22480.95,2026-10-13,23000.0,PE,44633,504.75,932815,593385,503.1,504.95,65
2026-10-09 10:15:14,22480.95,2026-10-13,22200.0,PE,44595,39.8,11716510,65423410,39.4,39.45,65
2026-10-09 10:15:14,22480.95,2026-10-13,22950.0,CE,44630,9.25,3522740,20037095,9.2,9.3,65
2026-10-09 10:15:14,22480.95,2026-10-13,22250.0,PE,44597,48.35,6206915,37879075,48.25,48.4,65
2026-10-09 10:15:14,22480.95,2026-10-13,22250.0,CE,44596,300.25,1410435,17007640,299.15,299.95,65
2026-10-09 10:15:14,22480.95,2026-10-13,23050.0,CE,44636,4.9,2870855,17198285,4.9,4.95,65
2026-10-09 10:15:14,22480.95,2026-10-13,22150.0,PE,44591,32.45,3635970,24139960,32.1,32.2,65
2026-10-09 10:15:14,22480.95,2026-10-13,22200.0,CE,44592,338.8,2081885,17629105,341.05,341.5,65
2026-10-09 10:20:27,22471.95,2026-10-13,22700.0,PE,44621,258.8,3197090,5259540,258.45,259.1,65
2026-10-09 10:20:27,22471.95,2026-10-13,22700.0,CE,44620,43.9,12204010,69172480,43.85,44.0,65
2026-10-09 10:20:27,22471.95,2026-10-13,22750.0,PE,44623,299.3,514345,644085,297.75,298.45,65
2026-10-09 10:20:27,22471.95,2026-10-13,22750.0,CE,44622,32.55,5367960,36704005,32.5,32.6,65
2026-10-09 10:20:27,22471.95,2026-10-13,22100.0,CE,44584,410.45,452725,2789345,410.25,411.35,65
2026-10-09 10:20:27,22471.95,2026-10-13,22050.0,PE,44583,21.95,3096015,20003815,21.9,21.95,65
2026-10-09 10:20:27,22471.95,2026-10-13,22150.0,CE,44586,367.3,338845,2501525,367.2,368.2,65
2026-10-09 10:20:27,22471.95,2026-10-13,22100.0,PE,44585,27.0,7064525,39844350,27.1,27.15,65
2026-10-09 10:20:27,22471.95,2026-10-13,22900.0,PE,44629,427.05,590720,507780,426.35,427.5,65
2026-10-09 10:20:27,22471.95,2026-10-13,22900.0,CE,44628,12.5,7356830,36017605,12.5,12.55,65
2026-10-09 10:20:27,22471.95,2026-10-13,22800.0,PE,44625,338.7,1135290,1593150,338.6,339.55,65
2026-10-09 10:20:27,22471.95,2026-10-13,22800.0,CE,44624,23.8,10496135,56038190,23.8,23.85,65
2026-10-09 10:20:27,22471.95,2026-10-13,22850.0,PE,44627,382.05,182455,194545,381.2,382.3,65
2026-10-09 10:20:27,22471.95,2026-10-13,22850.0,CE,44626,17.4,5623995,33575880,17.4,17.5,65
2026-10-09 10:20:27,22471.95,2026-10-13,22050.0,CE,44582,454.3,149890,459355,455.1,456.4,65
2026-10-09 10:20:27,22471.95,2026-10-13,22000.0,PE,44581,17.85,13682630,58650995,17.75,17.8,65
2026-10-09 10:20:27,22471.95,2026-10-13,22500.0,CE,44612,119.05,13214175,138005725,119.4,119.55,65
2026-10-09 10:20:27,22471.95,2026-10-13,22450.0,PE,44611,111.9,8897265,50764415,111.8,112.0,65
2026-10-09 10:20:27,22471.95,2026-10-13,22000.0,CE,44572,502.25,876525,2376270,502.25,503.15,65
2026-10-09 10:20:27,22471.95,2026-10-13,22650.0,CE,44618,57.9,5228080,43464265,57.65,57.8,65
2026-10-09 10:20:27,22471.95,2026-10-13,22600.0,PE,44617,190.25,4305535,16369860,190.15,190.6,65
2026-10-09 10:20:27,22471.95,2026-10-13,22650.0,PE,44619,222.65,1206790,2914145,222.75,223.3,65
2026-10-09 10:20:27,22471.95,2026-10-13,22550.0,CE,44614,95.5,6025175,66798355,95.4,95.65,65
2026-10-09 10:20:27,22471.95,2026-10-13,22500.0,PE,44613,134.9,11866335,59290465,134.1,134.4,65
2026-10-09 10:20:27,22471.95,2026-10-13,22600.0,CE,44616,74.9,13182520,91698620,74.75,74.9,65
2026-10-09 10:20:27,22471.95,2026-10-13,22550.0,PE,44615,161.0,2434770,11145680,159.95,160.3,65
2026-10-09 10:20:27,22471.95,2026-10-13,21950.0,PE,44571,14.55,2711605,14748110,14.4,14.5,65
2026-10-09 10:20:27,22471.95,2026-10-13,21950.0,CE,44570,547.45,49205,99840,547.2,549.7,65
2026-10-09 10:20:27,22471.95,2026-10-13,21850.0,CE,44566,643.65,27820,36270,643.75,646.6,65
2026-10-09 10:20:27,22471.95,2026-10-13,21900.0,CE,44568,595.6,99840,220090,595.45,597.95,65
2026-10-09 10:20:27,22471.95,2026-10-13,22350.0,PE,44601,76.1,9586980,72390045,75.9,76.05,65
2026-10-09 10:20:27,22471.95,2026-10-13,23050.0,PE,44645,564.7,75400,11180,567.6,570.2,65
2026-10-09 10:20:27,22471.95,2026-10-13,22350.0,CE,44600,210.4,2435745,72022730,210.3,210.75,65
2026-10-09 10:20:27,22471.95,2026-10-13,21850.0,PE,44567,9.75,3540290,14022775,9.65,9.7,65
2026-10-09 10:20:27,22471.95,2026-10-13,22450.0,CE,44608,146.55,6832150,93752555,146.25,146.45,65
2026-10-09 10:20:27,22471.95,2026-10-13,21900.0,PE,44569,11.75,6149975,24107005,11.7,11.75,65
2026-10-09 10:20:27,22471.95,2026-10-13,22400.0,CE,44602,176.9,7496190,130812760,176.5,176.9,65
2026-10-09 10:20:27,22471.95,2026-10-13,22400.0,PE,44604,92.7,16710915,104127400,92.7,92.95,65
2026-10-09 10:20:27,22471.95,2026-10-13,23000.0,CE,44632,6.95,15250560,51281620,6.95,7.0,65
2026-10-09 10:20:27,22471.95,2026-10-13,22300.0,PE,44599,62.1,17418375,109219240,61.9,62.0,65
2026-10-09 10:20:27,22471.95,2026-10-13,22300.0,CE,44598,246.6,4786730,67535845,246.4,246.9,65
2026-10-09 10:20:27,22471.95,2026-10-13,22950.0,PE,44631,474.55,255515,69355,472.3,474.35,65
2026-10-09 10:20:27,22471.95,2026-10-13,23000.0,PE,44633,523.75,925340,633035,520.85,522.65,65
2026-10-09 10:20:27,22471.95,2026-10-13,22200.0,PE,44595,41.3,11930165,68101930,41.05,41.15,65
2026-10-09 10:20:27,22471.95,2026-10-13,22950.0,CE,44630,9.2,3420105,20960615,9.15,9.2,65
2026-10-09 10:20:27,22471.95,2026-10-13,22250.0,PE,44597,50.9,6208605,39437515,50.4,50.6,65
2026-10-09 10:20:27,22471.95,2026-10-13,22250.0,CE,44596,283.9,1395095,17197180,284.0,284.75,65
2026-10-09 10:20:27,22471.95,2026-10-13,23050.0,CE,44636,4.95,2971800,18100615,5.0,5.05,65
2026-10-09 10:20:27,22471.95,2026-10-13,22150.0,PE,44591,33.35,3550495,25035335,33.25,33.4,65
2026-10-09 10:20:27,22471.95,2026-10-13,22200.0,CE,44592,324.25,2036450,17957030,324.95,325.85,65
2026-10-09 10:25:28,22491.4,2026-10-13,22700.0,PE,44621,241.8,3254030,5583045,241.35,242.0,65
2026-10-09 10:25:28,22491.4,2026-10-13,22700.0,CE,44620,48.7,12236965,72146295,48.7,48.8,65
2026-10-09 10:25:28,22491.4,2026-10-13,22750.0,PE,44623,279.0,517010,667810,279.05,279.7,65
2026-10-09 10:25:28,22491.4,2026-10-13,22750.0,CE,44622,36.3,5520840,38285975,36.15,36.2,65
2026-10-09 10:25:28,22491.4,2026-10-13,22100.0,CE,44584,430.85,450190,2836665,430.5,431.65,65
2026-10-09 10:25:28,22491.4,2026-10-13,22050.0,PE,44583,20.3,3139955,20544355,20.25,20.3,65
2026-10-09 10:25:28,22491.4,2026-10-13,22150.0,CE,44586,385.65,315315,2536430,385.65,386.6,65
2026-10-09 10:25:28,22491.4,2026-10-13,22100.0,PE,44585,24.9,7076485,40910480,24.9,24.95,65
2026-10-09 10:25:28,22491.4,2026-10-13,22900.0,PE,44629,407.15,595465,520000,406.4,407.55,65
2026-10-09 10:25:28,22491.4,2026-10-13,22900.0,CE,44628,13.7,7378150,36982010,13.65,13.7,65
2026-10-09 10:25:28,22491.4,2026-10-13,22800.0,PE,44625,319.85,1132170,1669330,318.5,319.55,65
2026-10-09 10:25:28,22491.4,2026-10-13,22800.0,CE,44624,26.4,10614565,58204640,26.4,26.5,65
2026-10-09 10:25:28,22491.4,2026-10-13,22850.0,PE,44627,362.0,183235,205270,361.65,362.7,65
2026-10-09 10:25:28,22491.4,2026-10-13,22850.0,CE,44626,19.2,5556590,34774350,19.15,19.25,65
2026-10-09 10:25:28,22491.4,2026-10-13,22050.0,CE,44582,473.35,147225,465725,476.0,477.2,65
2026-10-09 10:25:28,22491.4,2026-10-13,22000.0,PE,44581,16.65,13638105,60131370,16.55,16.65,65
2026-10-09 10:25:28,22491.4,2026-10-13,22500.0,CE,44612,130.2,13613990,145355405,130.25,130.35,65
2026-10-09 10:25:28,22491.4,2026-10-13,22450.0,PE,44611,102.5,8891285,54628990,102.15,102.4,65
2026-10-09 10:25:28,22491.4,2026-10-13,22000.0,CE,44572,523.2,873340,2420535,522.0,523.65,65
2026-10-09 10:25:28,22491.4,2026-10-13,22650.0,CE,44618,63.9,5261295,45307535,64.1,64.3,65
2026-10-09 10:25:28,22491.4,2026-10-13,22600.0,PE,44617,175.7,4387110,17674150,175.4,175.8,65
2026-10-09 10:25:28,22491.4,2026-10-13,22650.0,PE,44619,207.35,1221025,3096080,206.9,207.4,65
2026-10-09 10:25:28,22491.4,2026-10-13,22550.0,CE,44614,104.55,6119555,70238415,104.55,104.85,65
2026-10-09 10:25:28,22491.4,2026-10-13,22500.0,PE,44613,123.3,11911120,64359490,123.55,123.75,65
2026-10-09 10:25:28,22491.4,2026-10-13,22600.0,CE,44616,82.5,13346645,95934215,82.8,83.0,65
2026-10-09 10:25:28,22491.4,2026-10-13,22550.0,PE,44615,148.25,2547285,12363910,147.9,148.3,65
2026-10-09 10:25:28,22491.4,2026-10-13,21950.0,PE,44571,13.55,2744105,15174185,13.55,13.6,65
2026-10-09 10:25:28,22491.4,2026-10-13,21950.0,CE,44570,551.2,49335,100165,568.75,571.0,65
2026-10-09 10:25:28,22491.4,2026-10-13,21900.0,CE,44568,612.1,99580,220350,615.6,618.2,65
2026-10-09 10:25:28,22491.4,2026-10-13,22350.0,PE,44601,69.2,9514245,74343555,69.35,69.55,65
2026-10-09 10:25:28,22491.4,2026-10-13,23050.0,PE,44645,552.7,75400,11440,545.75,549.3,65
2026-10-09 10:25:28,22491.4,2026-10-13,22350.0,CE,44600,226.0,2361775,72856810,225.55,226.0,65
2026-10-09 10:25:28,22491.4,2026-10-13,22450.0,CE,44608,158.75,6852560,97675955,159.1,159.5,65
2026-10-09 10:25:28,22491.4,2026-10-13,23100.0,PE,44647,599.6,314470,29705,595.0,597.5,65
2026-10-09 10:25:28,22491.4,2026-10-13,21900.0,PE,44569,11.1,6249555,24750050,11.1,11.15,65
2026-10-09 10:25:28,22491.4,2026-10-13,22400.0,CE,44602,191.05,7440095,133585075,190.75,191.2,65
2026-10-09 10:25:28,22491.4,2026-10-13,23100.0,CE,44646,3.9,6576245,26888420,3.85,3.9,65
2026-10-09 10:25:28,22491.4,2026-10-13,22400.0,PE,44604,84.75,16697460,108297800,84.65,84.9,65
2026-10-09 10:25:28,22491.4,2026-10-13,23000.0,CE,44632,7.45,15278055,52742820,7.4,7.45,65
2026-10-09 10:25:28,22491.4,2026-10-13,22300.0,PE,44599,56.65,17656275,112235825,56.6,56.75,65
2026-10-09 10:25:28,22491.4,2026-10-13,22300.0,CE,44598,262.0,4694950,68398135,262.7,263.0,65
2026-10-09 10:25:28,22491.4,2026-10-13,22950.0,PE,44631,455.9,255515,74750,452.05,453.95,65
2026-10-09 10:25:28,22491.4,2026-10-13,23000.0,PE,44633,500.25,921180,663390,500.25,500.85,65
2026-10-09 10:25:28,22491.4,2026-10-13,22200.0,PE,44595,37.65,12051000,70086575,37.65,37.8,65
2026-10-09 10:25:28,22491.4,2026-10-13,22950.0,CE,44630,10.0,3467685,21418280,9.9,9.95,65
2026-10-09 10:25:28,22491.4,2026-10-13,22250.0,PE,44597,46.25,6201130,40773720,46.1,46.25,65
2026-10-09 10:25:28,22491.4,2026-10-13,22250.0,CE,44596,302.1,1383655,17403360,302.25,302.95,65
2026-10-09 10:25:28,22491.4,2026-10-13,23050.0,CE,44636,5.25,3037190,18801315,5.25,5.3,65
2026-10-09 10:25:28,22491.4,2026-10-13,22150.0,PE,44591,30.55,3561415,25657320,30.6,30.7,65
2026-10-09 10:25:28,22491.4,2026-10-13,22200.0,CE,44592,343.8,2000700,18266105,342.9,343.8,65
2026-10-09 10:30:21,22504.45,2026-10-13,22700.0,PE,44621,232.8,3307265,6060990,232.4,232.8,65
2026-10-09 10:30:21,22504.45,2026-10-13,22700.0,CE,44620,50.4,11989900,76723010,50.25,50.4,65
2026-10-09 10:30:21,22504.45,2026-10-13,22750.0,PE,44623,268.7,517790,728520,269.2,269.85,65
2026-10-09 10:30:21,22504.45,2026-10-13,22750.0,CE,44622,37.25,5185310,40896895,37.3,37.4,65
2026-10-09 10:30:21,22504.45,2026-10-13,22100.0,CE,44584,441.65,448370,2888795,440.25,441.25,65
2026-10-09 10:30:21,22504.45,2026-10-13,22050.0,PE,44583,19.45,3168490,21592285,19.4,19.45,65
2026-10-09 10:30:21,22504.45,2026-10-13,22150.0,CE,44586,396.95,307970,2586805,395.75,396.75,65
2026-10-09 10:30:21,22504.45,2026-10-13,22100.0,PE,44585,23.85,7109570,42491930,23.8,23.9,65
2026-10-09 10:30:21,22504.45,2026-10-13,22900.0,PE,44629,395.0,595205,541775,395.5,396.0,65
2026-10-09 10:30:21,22504.45,2026-10-13,22900.0,CE,44628,13.85,7357545,39400790,13.75,13.85,65
2026-10-09 10:30:21,22504.45,2026-10-13,22800.0,PE,44625,309.9,1169805,1833390,308.85,309.45,65
2026-10-09 10:30:21,22504.45,2026-10-13,22800.0,CE,44624,27.25,10378160,61983545,27.1,27.2,65
2026-10-09 10:30:21,22504.45,2026-10-13,22850.0,PE,44627,351.9,183625,218660,350.5,351.6,65
2026-10-09 10:30:21,22504.45,2026-10-13,22850.0,CE,44626,19.5,5460325,36797150,19.55,19.65,65
2026-10-09 10:30:21,22504.45,2026-10-13,22050.0,CE,44582,489.05,145145,472095,485.6,487.0,65
2026-10-09 10:30:21,22504.45,2026-10-13,22000.0,PE,44581,16.0,13647270,62893090,15.9,16.0,65
2026-10-09 10:30:21,22504.45,2026-10-13,22500.0,CE,44612,135.1,13258960,156453115,135.25,135.6,65
2026-10-09 10:30:21,22504.45,2026-10-13,22450.0,PE,44611,97.25,9022585,58790680,97.25,97.4,65
2026-10-09 10:30:21,22504.45,2026-10-13,22000.0,CE,44572,533.95,865085,2523625,532.0,533.4,65
2026-10-09 10:30:21,22504.45,2026-10-13,22650.0,CE,44618,66.55,5130970,48479210,66.45,66.55,65
2026-10-09 10:30:21,22504.45,2026-10-13,22600.0,PE,44617,168.5,4378400,19330935,167.9,168.25,65
2026-10-09 10:30:21,22504.45,2026-10-13,22650.0,PE,44619,198.75,1258530,3417505,198.05,198.65,65
2026-10-09 10:30:21,22504.45,2026-10-13,22550.0,CE,44614,108.95,5935345,75697440,108.95,109.2,65
2026-10-09 10:30:21,22504.45,2026-10-13,22500.0,PE,44613,117.7,12338170,70816330,117.2,117.45,65
2026-10-09 10:30:21,22504.45,2026-10-13,22600.0,CE,44616,86.0,13117455,102661325,86.0,86.05,65
2026-10-09 10:30:21,22504.45,2026-10-13,22550.0,PE,44615,141.2,2529865,13999245,140.7,141.0,65
2026-10-09 10:30:21,22504.45,2026-10-13,21950.0,PE,44571,13.1,2815280,15789280,13.05,13.1,65
2026-10-09 10:30:21,22504.45,2026-10-13,21950.0,CE,44570,591.7,48815,101205,579.05,581.8,65
2026-10-09 10:30:21,22504.45,2026-10-13,21900.0,CE,44568,628.55,99320,227175,626.5,628.75,65
2026-10-09 10:30:21,22504.45,2026-10-13,22350.0,PE,44601,66.1,9497215,76971505,65.9,66.1,65
2026-10-09 10:30:21,22504.45,2026-10-13,23050.0,PE,44645,544.9,75660,11895,534.55,538.0,65
2026-10-09 10:30:21,22504.45,2026-10-13,22350.0,CE,44600,232.65,2262520,74063730,232.7,233.35,65
2026-10-09 10:30:21,22504.45,2026-10-13,22450.0,CE,44608,165.6,6401200,103561965,165.15,165.45,65
2026-10-09 10:30:21,22504.45,2026-10-13,23100.0,PE,44647,580.0,312845,32500,584.05,586.35,65
2026-10-09 10:30:21,22504.45,2026-10-13,21900.0,PE,44569,10.8,6194565,25464725,10.7,10.8,65
2026-10-09 10:30:21,22504.45,2026-10-13,22400.0,CE,44602,197.55,7151105,137450690,197.25,197.75,65
2026-10-09 10:30:21,22504.45,2026-10-13,23100.0,CE,44646,3.8,6586385,27963455,3.8,3.85,65
2026-10-09 10:30:21,22504.45,2026-10-13,22400.0,PE,44604,80.45,16656965,114143965,80.35,80.6,65
2026-10-09 10:30:21,22504.45,2026-10-13,23000.0,CE,44632,7.35,15067130,55375775,7.3,7.4,65
2026-10-09 10:30:21,22504.45,2026-10-13,22300.0,PE,44599,53.85,17837040,116761840,53.85,54.0,65
2026-10-09 10:30:21,22504.45,2026-10-13,22300.0,CE,44598,270.5,4667455,69644900,270.65,271.3,65
2026-10-09 10:30:21,22504.45,2026-10-13,22950.0,PE,44631,440.55,256555,85735,440.7,442.75,65
2026-10-09 10:30:21,22504.45,2026-10-13,23000.0,PE,44633,489.2,925470,728520,487.8,489.15,65
2026-10-09 10:30:21,22504.45,2026-10-13,22200.0,PE,44595,35.9,11990875,72684755,35.8,35.9,65
2026-10-09 10:30:21,22504.45,2026-10-13,22950.0,CE,44630,9.9,3472300,22447165,9.9,9.95,65
2026-10-09 10:30:21,22504.45,2026-10-13,22250.0,PE,44597,44.05,6280690,42493295,44.0,44.15,65
2026-10-09 10:30:21,22504.45,2026-10-13,22250.0,CE,44596,310.5,1376895,17690790,310.55,311.25,65
2026-10-09 10:30:21,22504.45,2026-10-13,23050.0,CE,44636,5.2,2999620,19572345,5.15,5.25,65
2026-10-09 10:30:21,22504.45,2026-10-13,22150.0,PE,44591,29.3,3534375,26586820,29.15,29.25,65
2026-10-09 10:30:21,22504.45,2026-10-13,22200.0,CE,44592,352.5,1996085,18653895,352.5,352.9,65
2026-10-09 10:35:26,22498.35,2026-10-13,22700.0,PE,44621,238.7,3296995,6479720,238.2,238.8,65
2026-10-09 10:35:26,22498.35,2026-10-13,22700.0,CE,44620,49.2,12060100,79502085,49.0,49.15,65
2026-10-09 10:35:26,22498.35,2026-10-13,22750.0,PE,44623,276.05,520845,765895,275.25,276.0,65
2026-10-09 10:35:26,22498.35,2026-10-13,22750.0,CE,44622,36.5,5450055,42532555,36.5,36.6,65
2026-10-09 10:35:26,22498.35,2026-10-13,22100.0,CE,44584,433.3,446030,2913755,433.75,434.9,65
2026-10-09 10:35:26,22498.35,2026-10-13,22050.0,PE,44583,19.9,3202095,21963435,19.8,19.9,65
2026-10-09 10:35:26,22498.35,2026-10-13,22150.0,CE,44586,389.45,301535,2603055,389.3,390.0,65
2026-10-09 10:35:26,22498.35,2026-10-13,22100.0,PE,44585,24.45,7103915,43461210,24.4,24.45,65
2026-10-09 10:35:26,22498.35,2026-10-13,22900.0,PE,44629,403.45,597740,564525,402.45,403.65,65
2026-10-09 10:35:26,22498.35,2026-10-13,22900.0,CE,44628,13.65,7524790,40485315,13.6,13.65,65
2026-10-09 10:35:26,22498.35,2026-10-13,22800.0,PE,44625,316.35,1201330,2000635,315.3,316.2,65
2026-10-09 10:35:26,22498.35,2026-10-13,22800.0,CE,44624,26.65,10542675,64056720,26.55,26.6,65
2026-10-09 10:35:26,22498.35,2026-10-13,22850.0,PE,44627,358.95,184990,234000,357.5,358.65,65
2026-10-09 10:35:26,22498.35,2026-10-13,22850.0,CE,44626,19.3,5599230,37897015,19.25,19.3,65
2026-10-09 10:35:26,22498.35,2026-10-13,22050.0,CE,44582,479.15,145730,476710,479.35,480.8,65
2026-10-09 10:35:26,22498.35,2026-10-13,22000.0,PE,44581,16.3,13578240,64269270,16.25,16.35,65
2026-10-09 10:35:26,22498.35,2026-10-13,22500.0,CE,44612,132.3,13579215,162565065,131.95,132.25,65
2026-10-09 10:35:26,22498.35,2026-10-13,22450.0,PE,44611,100.6,9281220,61744930,100.55,100.8,65
2026-10-09 10:35:26,22498.35,2026-10-13,22000.0,CE,44572,526.45,887965,2614430,524.85,526.45,65
2026-10-09 10:35:26,22498.35,2026-10-13,22650.0,CE,44618,64.85,5150990,50463010,64.7,64.85,65
2026-10-09 10:35:26,22498.35,2026-10-13,22600.0,PE,44617,173.4,4461990,20654985,173.05,173.35,65
2026-10-09 10:35:26,22498.35,2026-10-13,22650.0,PE,44619,203.8,1301625,3646630,204.05,204.6,65
2026-10-09 10:35:26,22498.35,2026-10-13,22550.0,CE,44614,105.95,6219655,78875745,106.0,106.3,65
2026-10-09 10:35:26,22498.35,2026-10-13,22500.0,PE,44613,121.4,13693940,76135475,121.1,121.4,65
2026-10-09 10:35:26,22498.35,2026-10-13,22600.0,CE,44616,83.8,13330395,106758730,83.7,83.9,65
2026-10-09 10:35:26,22498.35,2026-10-13,22550.0,PE,44615,145.6,2859805,15310555,145.5,145.85,65
2026-10-09 10:35:26,22498.35,2026-10-13,21950.0,PE,44571,13.4,2773290,16172260,13.3,13.35,65
2026-10-09 10:35:26,22498.35,2026-10-13,21950.0,CE,44570,576.0,48945,101725,571.8,574.4,65
2026-10-09 10:35:26,22498.35,2026-10-13,21900.0,CE,44568,623.0,96850,230880,619.65,621.95,65
2026-10-09 10:35:26,22498.35,2026-10-13,22350.0,PE,44601,68.2,9673235,78786370,68.05,68.25,65
2026-10-09 10:35:26,22498.35,2026-10-13,23050.0,PE,44645,538.35,75725,12220,542.75,545.3,65
2026-10-09 10:35:26,22498.35,2026-10-13,22350.0,CE,44600,228.6,2268045,74794265,228.0,228.65,65
2026-10-09 10:35:26,22498.35,2026-10-13,22450.0,CE,44608,161.45,6321445,106552355,160.65,161.1,65
2026-10-09 10:35:26,22498.35,2026-10-13,23100.0,PE,44647,589.5,312000,34255,591.9,593.8,65
2026-10-09 10:35:26,22498.35,2026-10-13,21900.0,PE,44569,10.9,6199115,25899250,10.9,11.0,65
2026-10-09 10:35:26,22498.35,2026-10-13,22400.0,CE,44602,193.4,7063225,139610705,192.85,193.3,65
2026-10-09 10:35:26,22498.35,2026-10-13,23100.0,CE,44646,3.85,6618235,28571465,3.85,3.9,65
2026-10-09 10:35:26,22498.35,2026-10-13,22400.0,PE,44604,82.9,17198870,118474070,82.85,83.05,65
2026-10-09 10:35:26,22498.35,2026-10-13,23000.0,CE,44632,7.4,15030665,56984655,7.35,7.4,65
2026-10-09 10:35:26,22498.35,2026-10-13,22300.0,PE,44599,55.6,17660565,119833350,55.65,55.8,65
2026-10-09 10:35:26,22498.35,2026-10-13,22300.0,CE,44598,266.1,4537130,70432115,265.4,266.1,65
2026-10-09 10:35:26,22498.35,2026-10-13,22950.0,PE,44631,449.45,255580,93990,447.85,449.55,65
2026-10-09 10:35:26,22498.35,2026-10-13,23000.0,PE,44633,496.55,929825,755690,495.6,497.25,65
2026-10-09 10:35:26,22498.35,2026-10-13,22200.0,PE,44595,37.0,11927045,74365850,36.9,37.0,65
2026-10-09 10:35:26,22498.35,2026-10-13,22950.0,CE,44630,9.85,3523520,23059790,9.85,9.9,65
2026-10-09 10:35:26,22498.35,2026-10-13,22250.0,PE,44597,45.35,6296875,43610385,45.35,45.45,65
2026-10-09 10:35:26,22498.35,2026-10-13,22250.0,CE,44596,305.1,1327235,17828200,305.05,305.75,65
2026-10-09 10:35:26,22498.35,2026-10-13,23050.0,CE,44636,5.25,3065985,20084675,5.2,5.25,65
2026-10-09 10:35:26,22498.35,2026-10-13,22150.0,PE,44591,30.1,3539770,27156870,30.0,30.1,65
2026-10-09 10:35:26,22498.35,2026-10-13,22200.0,CE,44592,347.15,1960140,18875220,345.95,346.95,65
2026-10-09 10:40:28,22483.6,2026-10-13,22700.0,PE,44621,245.0,3268720,6848595,244.65,245.3,65
2026-10-09 10:40:28,22483.6,2026-10-13,22700.0,CE,44620,46.95,12079080,82278560,46.85,47.0,65
2026-10-09 10:40:28,22483.6,2026-10-13,22750.0,PE,44623,282.05,521430,806000,282.45,283.1,65
2026-10-09 10:40:28,22483.6,2026-10-13,22750.0,CE,44622,34.8,5399745,43915365,34.8,34.95,65
2026-10-09 10:40:28,22483.6,2026-10-13,22100.0,CE,44584,427.4,441415,2936830,426.15,427.3,65
2026-10-09 10:40:28,22483.6,2026-10-13,22050.0,PE,44583,21.0,3443310,22753250,20.95,21.0,65
2026-10-09 10:40:28,22483.6,2026-10-13,22150.0,CE,44586,380.6,300625,2615600,382.75,383.0,65
2026-10-09 10:40:28,22483.6,2026-10-13,22100.0,PE,44585,25.65,7129915,44531110,25.6,25.7,65
2026-10-09 10:40:28,22483.6,2026-10-13,22900.0,PE,44629,415.0,595335,586105,410.0,411.25,65
2026-10-09 10:40:28,22483.6,2026-10-13,22900.0,CE,44628,13.05,7598565,41558725,13.05,13.1,65
2026-10-09 10:40:28,22483.6,2026-10-13,22800.0,PE,44625,322.65,1185015,2098785,322.75,323.55,65
2026-10-09 10:40:28,22483.6,2026-10-13,22800.0,CE,44624,25.3,10460320,66255605,25.3,25.4,65
2026-10-09 10:40:28,22483.6,2026-10-13,22850.0,PE,44627,365.8,186160,249080,365.35,366.35,65
2026-10-09 10:40:28,22483.6,2026-10-13,22850.0,CE,44626,18.4,5715190,39210015,18.4,18.45,65
2026-10-09 10:40:28,22483.6,2026-10-13,22050.0,CE,44582,471.3,144885,480740,471.85,473.25,65
2026-10-09 10:40:28,22483.6,2026-10-13,22000.0,PE,44581,17.1,13604435,65726245,17.1,17.15,65
2026-10-09 10:40:28,22483.6,2026-10-13,22500.0,CE,44612,127.55,13676260,168308790,127.85,128.0,65
2026-10-09 10:40:28,22483.6,2026-10-13,22450.0,PE,44611,104.5,9512815,65683670,104.3,104.55,65
2026-10-09 10:40:28,22483.6,2026-10-13,22000.0,CE,44572,517.3,884065,2641600,516.75,518.45,65
2026-10-09 10:40:28,22483.6,2026-10-13,22650.0,CE,44618,62.1,5147610,52330655,62.0,62.1,65
2026-10-09 10:40:28,22483.6,2026-10-13,22600.0,PE,44617,178.35,4482270,21864960,178.45,178.9,65
2026-10-09 10:40:28,22483.6,2026-10-13,22650.0,PE,44619,209.6,1269385,3893825,209.8,210.3,65
2026-10-09 10:40:28,22483.6,2026-10-13,22550.0,CE,44614,102.25,6095635,81719885,102.3,102.5,65
2026-10-09 10:40:28,22483.6,2026-10-13,22500.0,PE,44613,125.55,14143220,82619290,125.0,125.2,65
2026-10-09 10:40:28,22483.6,2026-10-13,22600.0,CE,44616,80.4,13351130,110517225,80.25,80.45,65
2026-10-09 10:40:28,22483.6,2026-10-13,22550.0,PE,44615,150.15,2828150,16639870,149.85,150.15,65
2026-10-09 10:40:28,22483.6,2026-10-13,21950.0,PE,44571,14.0,2817035,16472950,14.0,14.05,65
2026-10-09 10:40:28,22483.6,2026-10-13,21950.0,CE,44570,554.35,49010,102245,563.85,566.45,65
2026-10-09 10:40:28,22483.6,2026-10-13,21900.0,CE,44568,612.0,96915,232700,611.05,613.15,65
2026-10-09 10:40:28,22483.6,2026-10-13,22350.0,PE,44601,71.05,9732190,80809495,70.95,71.0,65
2026-10-09 10:40:28,22483.6,2026-10-13,23050.0,PE,44645,556.25,75725,12805,550.45,554.3,65
2026-10-09 10:40:28,22483.6,2026-10-13,22350.0,CE,44600,222.25,2181725,75488270,221.9,222.45,65
2026-10-09 10:40:28,22483.6,2026-10-13,22450.0,CE,44608,156.1,6082310,109321940,155.7,156.05,65
2026-10-09 10:40:28,22483.6,2026-10-13,23100.0,PE,44647,608.85,311675,35555,600.9,603.3,65
2026-10-09 10:40:28,22483.6,2026-10-13,21900.0,PE,44569,11.5,6245330,26434980,11.45,11.5,65
2026-10-09 10:40:28,22483.6,2026-10-13,22400.0,CE,44602,187.65,6889220,141700780,187.4,187.85,65
2026-10-09 10:40:28,22483.6,2026-10-13,23100.0,CE,44646,3.8,6793345,29340220,3.8,3.85,65
2026-10-09 10:40:28,22483.6,2026-10-13,22400.0,PE,44604,86.3,17202770,122737680,85.95,86.2,65
2026-10-09 10:40:28,22483.6,2026-10-13,23000.0,CE,44632,7.1,15021890,58135025,7.1,7.15,65
2026-10-09 10:40:28,22483.6,2026-10-13,22300.0,PE,44599,58.0,17771715,122854615,58.05,58.2,65
2026-10-09 10:40:28,22483.6,2026-10-13,22300.0,CE,44598,259.3,4386395,71201130,258.8,259.5,65
2026-10-09 10:40:28,22483.6,2026-10-13,22950.0,PE,44631,463.45,254085,99125,456.15,458.55,65
2026-10-09 10:40:28,22483.6,2026-10-13,23000.0,PE,44633,503.1,928525,777400,504.1,505.8,65
2026-10-09 10:40:28,22483.6,2026-10-13,22200.0,PE,44595,38.65,12076805,75989420,38.55,38.65,65
2026-10-09 10:40:28,22483.6,2026-10-13,22950.0,CE,44630,9.45,3498300,23662015,9.45,9.5,65
2026-10-09 10:40:28,22483.6,2026-10-13,22250.0,PE,44597,47.5,6355310,44985135,47.5,47.6,65
2026-10-09 10:40:28,22483.6,2026-10-13,22250.0,CE,44596,298.8,1290575,17956770,297.9,298.45,65
2026-10-09 10:40:28,22483.6,2026-10-13,23050.0,CE,44636,5.15,3093090,20469215,5.1,5.15,65
2026-10-09 10:40:28,22483.6,2026-10-13,22150.0,PE,44591,31.6,3572985,27828385,31.35,31.4,65
2026-10-09 10:40:28,22483.6,2026-10-13,22200.0,CE,44592,339.95,1911065,19027125,340.0,340.45,65
2026-10-09 10:45:19,22497.7,2026-10-13,22700.0,PE,44621,234.75,3336840,7191080,234.65,235.25,65
2026-10-09 10:45:19,22497.7,2026-10-13,22700.0,CE,44620,49.4,11943750,85008885,49.25,49.4,65
2026-10-09 10:45:19,22497.7,2026-10-13,22750.0,PE,44623,272.8,523900,837980,272.15,272.85,65
2026-10-09 10:45:19,22497.7,2026-10-13,22750.0,CE,44622,36.55,5445245,45298760,36.6,36.75,65
2026-10-09 10:45:19,22497.7,2026-10-13,22100.0,CE,44584,438.1,439335,2973100,437.15,438.3,65
2026-10-09 10:45:19,22497.7,2026-10-13,22050.0,PE,44583,20.0,3446040,23486645,20.05,20.1,65
2026-10-09 10:45:19,22497.7,2026-10-13,22150.0,CE,44586,392.4,293475,2636530,392.75,393.8,65
2026-10-09 10:45:19,22497.7,2026-10-13,22100.0,PE,44585,24.5,7205900,45344390,24.55,24.65,65
2026-10-09 10:45:19,22497.7,2026-10-13,22900.0,PE,44629,397.55,595985,604240,398.75,399.9,65
2026-10-09 10:45:19,22497.7,2026-10-13,22900.0,CE,44628,13.65,7742735,42726060,13.6,13.65,65
2026-10-09 10:45:19,22497.7,2026-10-13,22800.0,PE,44625,313.0,1197170,2192450,312.2,312.9,65
2026-10-09 10:45:19,22497.7,2026-10-13,22800.0,CE,44624,26.55,10418525,68137550,26.6,26.7,65
2026-10-09 10:45:19,22497.7,2026-10-13,22850.0,PE,44627,350.0,188760,267020,354.45,355.4,65
2026-10-09 10:45:19,22497.7,2026-10-13,22850.0,CE,44626,19.15,5724290,40150500,19.15,19.25,65
2026-10-09 10:45:19,22497.7,2026-10-13,22050.0,CE,44582,480.75,145405,485095,482.8,484.15,65
2026-10-09 10:45:19,22497.7,2026-10-13,22000.0,PE,44581,16.4,13565760,66904565,16.45,16.5,65
2026-10-09 10:45:19,22497.7,2026-10-13,22500.0,CE,44612,133.65,14067950,175023030,133.6,133.9,65
2026-10-09 10:45:19,22497.7,2026-10-13,22450.0,PE,44611,99.35,9422335,68635125,98.9,99.15,65
2026-10-09 10:45:19,22497.7,2026-10-13,22000.0,CE,44572,528.8,891800,2703220,528.85,530.5,65
2026-10-09 10:45:19,22497.7,2026-10-13,22650.0,CE,44618,65.15,5247385,54383095,65.15,65.35,65
2026-10-09 10:45:19,22497.7,2026-10-13,22600.0,PE,44617,170.55,4527575,22914970,169.95,170.4,65
2026-10-09 10:45:19,22497.7,2026-10-13,22650.0,PE,44619,201.0,1292655,4121585,200.8,201.35,65
2026-10-09 10:45:19,22497.7,2026-10-13,22550.0,CE,44614,107.3,6366100,85154485,107.3,107.55,65
2026-10-09 10:45:19,22497.7,2026-10-13,22500.0,PE,44613,119.6,13829465,87970740,119.1,119.25,65
2026-10-09 10:45:19,22497.7,2026-10-13,22600.0,CE,44616,84.6,13527605,115162190,84.55,84.8,65
2026-10-09 10:45:19,22497.7,2026-10-13,22550.0,PE,44615,143.5,2823275,17727840,142.8,143.15,65
2026-10-09 10:45:19,22497.7,2026-10-13,21950.0,PE,44571,13.55,2859805,16798145,13.6,13.65,65
2026-10-09 10:45:19,22497.7,2026-10-13,21950.0,CE,44570,582.25,49010,102440,576.15,578.3,65
2026-10-09 10:45:19,22497.7,2026-10-13,21900.0,CE,44568,628.15,96915,233610,623.0,626.0,65
2026-10-09 10:45:19,22497.7,2026-10-13,22350.0,PE,44601,67.3,9681295,82467255,67.2,67.35,65
2026-10-09 10:45:19,22497.7,2026-10-13,23050.0,PE,44645,541.0,75790,13130,538.05,542.15,65
2026-10-09 10:45:19,22497.7,2026-10-13,22350.0,CE,44600,230.35,2193880,76222055,230.35,230.95,65
2026-10-09 10:45:19,22497.7,2026-10-13,22450.0,CE,44608,162.75,6216860,112534760,162.85,163.2,65
2026-10-09 10:45:19,22497.7,2026-10-13,23100.0,PE,44647,584.1,311090,36660,588.35,590.45,65
2026-10-09 10:45:19,22497.7,2026-10-13,21900.0,PE,44569,11.15,6489340,27164020,11.1,11.15,65
2026-10-09 10:45:19,22497.7,2026-10-13,22400.0,CE,44602,195.7,6920290,143850005,195.15,195.6,65
2026-10-09 10:45:19,22497.7,2026-10-13,23100.0,CE,44646,3.8,6994585,30203680,3.8,3.85,65
2026-10-09 10:45:19,22497.7,2026-10-13,22400.0,PE,44604,82.05,17216875,126411025,81.8,81.95,65
2026-10-09 10:45:19,22497.7,2026-10-13,23000.0,CE,44632,7.35,15074215,59058740,7.3,7.35,65
2026-10-09 10:45:19,22497.7,2026-10-13,22300.0,PE,44599,55.3,17494620,125246615,55.15,55.3,65
2026-10-09 10:45:19,22497.7,2026-10-13,22300.0,CE,44598,268.65,4368195,71914570,268.0,268.75,65
2026-10-09 10:45:19,22497.7,2026-10-13,22950.0,PE,44631,446.55,254995,102115,444.6,446.5,65
2026-10-09 10:45:19,22497.7,2026-10-13,23000.0,PE,44633,493.95,931190,793195,492.1,493.8,65
2026-10-09 10:45:19,22497.7,2026-10-13,22200.0,PE,44595,36.8,12041835,77679030,36.8,36.85,65
2026-10-09 10:45:19,22497.7,2026-10-13,22950.0,CE,44630,9.75,3523390,24012105,9.75,9.8,65
2026-10-09 10:45:19,22497.7,2026-10-13,22250.0,PE,44597,45.25,6300320,46035210,45.15,45.3,65
2026-10-09 10:45:19,22497.7,2026-10-13,22250.0,CE,44596,308.2,1293435,18086185,307.55,308.45,65
2026-10-09 10:45:19,22497.7,2026-10-13,23050.0,CE,44636,5.25,3099980,20976150,5.15,5.25,65
2026-10-09 10:45:19,22497.7,2026-10-13,22150.0,PE,44591,30.1,3602560,28513745,30.0,30.1,65
2026-10-09 10:45:19,22497.7,2026-10-13,22200.0,CE,44592,349.45,1926990,19275035,349.8,350.8,65
2026-10-09 10:50:24,22501.05,2026-10-13,22700.0,PE,44621,232.8,3388905,7565350,232.25,232.85,65
2026-10-09 10:50:24,22501.05,2026-10-13,22700.0,CE,44620,50.05,11881415,87245925,49.85,50.0,65
2026-10-09 10:50:24,22501.05,2026-10-13,22750.0,PE,44623,268.8,523055,868660,268.05,268.6,65
2026-10-09 10:50:24,22501.05,2026-10-13,22750.0,CE,44622,37.0,5384535,46621445,37.35,37.5,65
2026-10-09 10:50:24,22501.05,2026-10-13,22100.0,CE,44584,441.8,443690,3001440,440.55,441.85,65
2026-10-09 10:50:24,22501.05,2026-10-13,22050.0,PE,44583,20.1,3413995,24050715,19.8,19.9,65
2026-10-09 10:50:24,22501.05,2026-10-13,22150.0,CE,44586,398.1,293995,2653170,396.2,397.15,65
2026-10-09 10:50:24,22501.05,2026-10-13,22100.0,PE,44585,24.5,7284680,46362680,24.45,24.55,65
2026-10-09 10:50:24,22501.05,2026-10-13,22900.0,PE,44629,394.15,593840,621270,394.4,395.4,65
2026-10-09 10:50:24,22501.05,2026-10-13,22900.0,CE,44628,13.75,7757100,43635670,13.75,13.8,65
2026-10-09 10:50:24,22501.05,2026-10-13,22800.0,PE,44625,310.25,1212055,2285010,308.75,309.6,65
2026-10-09 10:50:24,22501.05,2026-10-13,22800.0,CE,44624,27.0,10431135,69759040,26.95,27.05,65
2026-10-09 10:50:24,22501.05,2026-10-13,22850.0,PE,44627,353.45,189150,277355,351.0,352.1,65
2026-10-09 10:50:24,22501.05,2026-10-13,22850.0,CE,44626,19.35,5698030,41035085,19.4,19.5,65
2026-10-09 10:50:24,22501.05,2026-10-13,22050.0,CE,44582,485.1,145665,493155,487.9,489.45,65
2026-10-09 10:50:24,22501.05,2026-10-13,22000.0,PE,44581,16.5,13636935,68011775,16.5,16.6,65
2026-10-09 10:50:24,22501.05,2026-10-13,22500.0,CE,44612,135.0,14105325,181218830,135.4,135.75,65
2026-10-09 10:50:24,22501.05,2026-10-13,22450.0,PE,44611,98.0,9651525,71613620,97.5,97.75,65
2026-10-09 10:50:24,22501.05,2026-10-13,22000.0,CE,44572,533.8,864305,2871700,532.3,534.05,65
2026-10-09 10:50:24,22501.05,2026-10-13,22650.0,CE,44618,65.95,5244590,56187495,65.95,66.1,65
2026-10-09 10:50:24,22501.05,2026-10-13,22600.0,PE,44617,167.95,4621175,23950420,167.1,167.5,65
2026-10-09 10:50:24,22501.05,2026-10-13,22650.0,PE,44619,198.75,1331330,4326140,198.6,199.1,65
2026-10-09 10:50:24,22501.05,2026-10-13,22550.0,CE,44614,108.75,6420765,88305945,108.65,108.7,65
2026-10-09 10:50:24,22501.05,2026-10-13,22500.0,PE,44613,118.05,14660490,93344095,117.5,117.75,65
2026-10-09 10:50:24,22501.05,2026-10-13,22600.0,CE,44616,85.9,13482690,119150460,86.25,86.45,65
2026-10-09 10:50:24,22501.05,2026-10-13,22550.0,PE,44615,141.65,2988245,18913375,141.2,141.55,65
2026-10-09 10:50:24,22501.05,2026-10-13,21950.0,PE,44571,13.65,2913820,17103060,13.5,13.6,65
2026-10-09 10:50:24,22501.05,2026-10-13,21950.0,CE,44570,571.75,48945,102765,577.3,584.0,65
2026-10-09 10:50:24,22501.05,2026-10-13,21900.0,CE,44568,627.65,96720,234585,627.6,629.95,65
2026-10-09 10:50:24,22501.05,2026-10-13,22350.0,PE,44601,66.7,9774245,84174415,66.55,66.7,65
2026-10-09 10:50:24,22501.05,2026-10-13,23050.0,PE,44645,543.1,75790,13195,533.05,538.2,65
2026-10-09 10:50:24,22501.05,2026-10-13,22350.0,CE,44600,232.9,2171325,76800100,232.75,233.35,65
2026-10-09 10:50:24,22501.05,2026-10-13,22450.0,CE,44608,165.1,6050785,115162320,165.0,165.45,65
2026-10-09 10:50:24,22501.05,2026-10-13,23100.0,PE,44647,583.15,310895,37115,583.25,586.35,65
2026-10-09 10:50:24,22501.05,2026-10-13,21900.0,PE,44569,11.2,6539325,27611415,11.15,11.2,65
2026-10-09 10:50:24,22501.05,2026-10-13,22400.0,CE,44602,197.15,6783270,145854930,198.4,198.95,65
2026-10-09 10:50:24,22501.05,2026-10-13,23100.0,CE,44646,3.9,7062380,30686045,3.85,3.9,65
2026-10-09 10:50:24,22501.05,2026-10-13,22400.0,PE,44604,81.1,17568200,129817415,80.2,80.45,65
2026-10-09 10:50:24,22501.05,2026-10-13,23000.0,CE,44632,7.45,15025335,60149115,7.4,7.45,65
2026-10-09 10:50:24,22501.05,2026-10-13,22300.0,PE,44599,54.7,17618965,127315175,54.55,54.75,65
2026-10-09 10:50:24,22501.05,2026-10-13,22300.0,CE,44598,271.45,4322955,72541365,270.55,271.3,65
2026-10-09 10:50:24,22501.05,2026-10-13,22950.0,PE,44631,444.0,254995,103545,439.1,443.45,65
2026-10-09 10:50:24,22501.05,2026-10-13,23000.0,PE,44633,489.85,930670,812760,486.8,488.35,65
2026-10-09 10:50:24,22501.05,2026-10-13,22200.0,PE,44595,36.6,12112750,78978640,36.2,36.3,65
2026-10-09 10:50:24,22501.05,2026-10-13,22950.0,CE,44630,10.0,3651830,25112230,9.9,9.95,65
2026-10-09 10:50:24,22501.05,2026-10-13,22250.0,PE,44597,44.4,6344455,47034585,44.35,44.5,65
2026-10-09 10:50:24,22501.05,2026-10-13,22250.0,CE,44596,312.05,1289210,18189990,312.45,313.3,65
2026-10-09 10:50:24,22501.05,2026-10-13,23050.0,CE,44636,5.25,3114215,21298160,5.25,5.3,65
2026-10-09 10:50:24,22501.05,2026-10-13,22150.0,PE,44591,30.05,3670225,29217825,29.85,29.95,65
2026-10-09 10:50:24,22501.05,2026-10-13,22200.0,CE,44592,353.85,2026375,19615245,353.8,354.8,65
2026-10-09 10:55:31,22486.75,2026-10-13,22700.0,PE,44621,244.05,3420105,7888920,244.05,244.65,65
2026-10-09 10:55:31,22486.75,2026-10-13,22700.0,CE,44620,45.85,11974040,89858275,45.7,45.85,65
2026-10-09 10:55:31,22486.75,2026-10-13,22750.0,PE,44623,282.0,530920,913900,282.15,282.8,65
2026-10-09 10:55:31,22486.75,2026-10-13,22750.0,CE,44622,33.8,5411380,47965060,33.85,33.9,65
2026-10-09 10:55:31,22486.75,2026-10-13,22100.0,CE,44584,427.0,442325,3036410,425.25,426.45,65
2026-10-09 10:55:31,22486.75,2026-10-13,22050.0,PE,44583,20.8,3453450,24642865,20.75,20.8,65
2026-10-09 10:55:31,22486.75,2026-10-13,22150.0,CE,44586,382.85,293930,2670330,381.3,382.25,65
2026-10-09 10:55:31,22486.75,2026-10-13,22100.0,PE,44585,25.5,7419360,47336965,25.5,25.55,65
2026-10-09 10:55:31,22486.75,2026-10-13,22900.0,PE,44629,410.0,595465,636480,410.65,411.7,65
2026-10-09 10:55:31,22486.75,2026-10-13,22900.0,CE,44628,12.45,7993700,45063070,12.45,12.55,65
2026-10-09 10:55:31,22486.75,2026-10-13,22800.0,PE,44625,323.55,1223820,2381405,322.5,323.4,65
2026-10-09 10:55:31,22486.75,2026-10-13,22800.0,CE,44624,24.65,10525970,71735820,24.5,24.6,65
2026-10-09 10:55:31,22486.75,2026-10-13,22850.0,PE,44627,364.35,189085,287430,365.3,366.35,65
2026-10-09 10:55:31,22486.75,2026-10-13,22850.0,CE,44626,17.65,5682365,42039140,17.7,17.75,65
2026-10-09 10:55:31,22486.75,2026-10-13,22050.0,CE,44582,473.2,143195,495755,471.05,472.55,65
2026-10-09 10:55:31,22486.75,2026-10-13,22000.0,PE,44581,17.05,13652340,69210180,17.05,17.15,65
2026-10-09 10:55:31,22486.75,2026-10-13,22500.0,CE,44612,126.2,14180725,187718895,126.1,126.4,65
2026-10-09 10:55:31,22486.75,2026-10-13,22450.0,PE,44611,103.75,9835410,74778080,103.55,103.75,65
2026-10-09 10:55:31,22486.75,2026-10-13,22000.0,CE,44572,520.95,833950,2949180,516.7,518.35,65
2026-10-09 10:55:31,22486.75,2026-10-13,22650.0,CE,44618,60.85,5307965,58166745,60.65,60.8,65
2026-10-09 10:55:31,22486.75,2026-10-13,22600.0,PE,44617,177.45,4758910,25160070,177.4,177.75,65
2026-10-09 10:55:31,22486.75,2026-10-13,22650.0,PE,44619,209.0,1335360,4557930,209.0,209.4,65
2026-10-09 10:55:31,22486.75,2026-10-13,22550.0,CE,44614,101.15,6504810,91915200,100.85,101.1,65
2026-10-09 10:55:31,22486.75,2026-10-13,22500.0,PE,44613,124.7,15425085,98884630,124.7,125.0,65
2026-10-09 10:55:31,22486.75,2026-10-13,22600.0,CE,44616,79.15,13598780,123461130,79.15,79.35,65
2026-10-09 10:55:31,22486.75,2026-10-13,22550.0,PE,44615,149.7,3128970,20282925,149.45,149.8,65
2026-10-09 10:55:31,22486.75,2026-10-13,21950.0,PE,44571,14.05,2943655,17388670,13.95,14.05,65
2026-10-09 10:55:31,22486.75,2026-10-13,21950.0,CE,44570,561.9,48945,102895,563.45,566.4,65
2026-10-09 10:55:31,22486.75,2026-10-13,21900.0,CE,44568,613.8,97565,236990,611.25,613.5,65
2026-10-09 10:55:31,22486.75,2026-10-13,22350.0,PE,44601,70.4,9781005,85668895,70.4,70.6,65
2026-10-09 10:55:31,22486.75,2026-10-13,23050.0,PE,44645,548.1,75725,13455,551.5,553.65,65
2026-10-09 10:55:31,22486.75,2026-10-13,22350.0,CE,44600,221.45,2128360,77484160,220.85,221.45,65
2026-10-09 10:55:31,22486.75,2026-10-13,22450.0,CE,44608,155.1,5853250,117890175,154.8,155.05,65
2026-10-09 10:55:31,22486.75,2026-10-13,23100.0,PE,44647,598.25,310830,37830,600.0,602.5,65
2026-10-09 10:55:31,22486.75,2026-10-13,21900.0,PE,44569,11.45,6472310,28106390,11.45,11.5,65
2026-10-09 10:55:31,22486.75,2026-10-13,22400.0,CE,44602,186.3,6730620,147980300,186.45,186.75,65
2026-10-09 10:55:31,22486.75,2026-10-13,23100.0,CE,44646,3.7,7161765,31243485,3.65,3.7,65
2026-10-09 10:55:31,22486.75,2026-10-13,22400.0,PE,44604,85.6,17905225,133922750,85.55,85.8,65
2026-10-09 10:55:31,22486.75,2026-10-13,23000.0,CE,44632,6.9,15162615,61380735,6.85,6.9,65
2026-10-09 10:55:31,22486.75,2026-10-13,22300.0,PE,44599,57.65,17801810,129935065,57.65,57.8,65
2026-10-09 10:55:31,22486.75,2026-10-13,22300.0,CE,44598,258.75,4249830,73169720,258.0,258.5,65
2026-10-09 10:55:31,22486.75,2026-10-13,22950.0,PE,44631,455.7,255190,107575,455.75,458.0,65
2026-10-09 10:55:31,22486.75,2026-10-13,23000.0,PE,44633,504.15,926835,837070,503.6,504.7,65
2026-10-09 10:55:31,22486.75,2026-10-13,22200.0,PE,44595,38.5,12215515,80766465,38.35,38.5,65
2026-10-09 10:55:31,22486.75,2026-10-13,22950.0,CE,44630,9.05,3629990,26038610,9.05,9.1,65
2026-10-09 10:55:31,22486.75,2026-10-13,22250.0,PE,44597,47.2,6404320,48008545,47.05,47.2,65
2026-10-09 10:55:31,22486.75,2026-10-13,22250.0,CE,44596,297.15,1286220,18308875,297.25,298.1,65
2026-10-09 10:55:31,22486.75,2026-10-13,23050.0,CE,44636,4.95,3154645,21719815,4.9,4.95,65
2026-10-09 10:55:31,22486.75,2026-10-13,22150.0,PE,44591,31.35,3763435,29817580,31.25,31.35,65
2026-10-09 10:55:31,22486.75,2026-10-13,22200.0,CE,44592,339.5,2028455,19812065,338.35,339.3,65
2026-10-09 11:00:17,22510.85,2026-10-13,22700.0,PE,44621,226.05,3410290,8262930,225.0,225.6,65
2026-10-09 11:00:17,22510.85,2026-10-13,22700.0,CE,44620,50.85,11997245,92432925,50.95,51.1,65
2026-10-09 11:00:17,22510.85,2026-10-13,22750.0,PE,44623,263.95,533910,957385,262.0,262.65,65
2026-10-09 11:00:17,22510.85,2026-10-13,22750.0,CE,44622,37.75,5397665,49423660,37.65,37.75,65
2026-10-09 11:00:17,22510.85,2026-10-13,22100.0,CE,44584,449.0,442520,3069040,446.15,447.3,65
2026-10-09 11:00:17,22510.85,2026-10-13,22050.0,PE,44583,18.9,3489590,25181390,18.9,19.0,65
2026-10-09 11:00:17,22510.85,2026-10-13,22150.0,CE,44586,402.35,292435,2689895,402.2,403.2,65
2026-10-09 11:00:17,22510.85,2026-10-13,22100.0,PE,44585,23.15,7468045,48326265,23.05,23.15,65
2026-10-09 11:00:17,22510.85,2026-10-13,22900.0,PE,44629,387.85,595335,672945,388.65,389.6,65
2026-10-09 11:00:17,22510.85,2026-10-13,22900.0,CE,44628,13.6,8145735,46394010,13.6,13.7,65
2026-10-09 11:00:17,22510.85,2026-10-13,22800.0,PE,44625,302.05,1228760,2492295,302.25,302.95,65
2026-10-09 11:00:17,22510.85,2026-10-13,22800.0,CE,44624,27.15,10499125,73676915,27.15,27.25,65
2026-10-09 11:00:17,22510.85,2026-10-13,22850.0,PE,44627,343.7,192725,306475,343.1,344.05,65
2026-10-09 11:00:17,22510.85,2026-10-13,22850.0,CE,44626,19.7,5685485,43064775,19.6,19.7,65
2026-10-09 11:00:17,22510.85,2026-10-13,22050.0,CE,44582,498.25,142155,499460,492.05,493.55,65
2026-10-09 11:00:17,22510.85,2026-10-13,22000.0,PE,44581,15.7,13736125,70490095,15.6,15.7,65
2026-10-09 11:00:17,22510.85,2026-10-13,22500.0,CE,44612,138.6,14375140,194652185,137.85,138.2,65
2026-10-09 11:00:17,22510.85,2026-10-13,22450.0,PE,44611,93.4,9795305,78731315,93.4,93.6,65
2026-10-09 11:00:17,22510.85,2026-10-13,22000.0,CE,44572,540.0,798005,3010930,540.05,541.65,65
2026-10-09 11:00:17,22510.85,2026-10-13,22650.0,CE,44618,67.2,5315765,60169980,67.1,67.3,65
2026-10-09 11:00:17,22510.85,2026-10-13,22600.0,PE,44617,162.05,4717635,26416325,162.05,162.35,65
2026-10-09 11:00:17,22510.85,2026-10-13,22650.0,PE,44619,192.0,1326650,4814095,192.45,192.8,65
2026-10-09 11:00:17,22510.85,2026-10-13,22550.0,CE,44614,111.25,6632665,95654455,111.0,111.25,65
2026-10-09 11:00:17,22510.85,2026-10-13,22500.0,PE,44613,112.25,15103790,105274130,112.45,112.6,65
2026-10-09 11:00:17,22510.85,2026-10-13,22600.0,CE,44616,87.8,13693745,128013470,87.35,87.6,65
2026-10-09 11:00:17,22510.85,2026-10-13,22550.0,PE,44615,135.65,3072030,21753030,135.55,135.8,65
2026-10-09 11:00:17,22510.85,2026-10-13,21950.0,PE,44571,12.9,2956005,17668950,12.85,12.9,65
2026-10-09 11:00:17,22510.85,2026-10-13,21950.0,CE,44570,570.3,48880,103480,586.2,590.2,65
2026-10-09 11:00:17,22510.85,2026-10-13,21900.0,CE,44568,634.0,97045,238355,634.55,637.3,65
2026-10-09 11:00:17,22510.85,2026-10-13,22350.0,PE,44601,63.15,9709505,87479535,62.85,63.05,65
2026-10-09 11:00:17,22510.85,2026-10-13,23050.0,PE,44645,522.3,75920,13715,528.0,532.1,65
2026-10-09 11:00:17,22510.85,2026-10-13,22350.0,CE,44600,238.0,2146170,78144040,237.65,238.3,65
2026-10-09 11:00:17,22510.85,2026-10-13,22450.0,CE,44608,168.3,6001320,120746210,168.25,168.55,65
2026-10-09 11:00:17,22510.85,2026-10-13,23100.0,PE,44647,578.35,311025,39195,577.1,579.45,65
2026-10-09 11:00:17,22510.85,2026-10-13,21900.0,PE,44569,10.6,6504095,28514265,10.55,10.65,65
2026-10-09 11:00:17,22510.85,2026-10-13,22400.0,CE,44602,200.35,6707285,150181590,201.45,201.8,65
2026-10-09 11:00:17,22510.85,2026-10-13,23100.0,CE,44646,3.8,7228585,31668520,3.8,3.85,65
2026-10-09 11:00:17,22510.85,2026-10-13,22400.0,PE,44604,76.8,18007860,138660860,76.65,76.85,65
2026-10-09 11:00:17,22510.85,2026-10-13,23000.0,CE,44632,7.35,15159170,62336560,7.3,7.4,65
2026-10-09 11:00:17,22510.85,2026-10-13,22300.0,PE,44599,51.8,17757090,132913560,51.65,51.8,65
2026-10-09 11:00:17,22510.85,2026-10-13,22300.0,CE,44598,275.45,4233125,73968440,275.5,276.3,65
2026-10-09 11:00:17,22510.85,2026-10-13,22950.0,PE,44631,431.7,255840,114920,433.3,434.9,65
2026-10-09 11:00:17,22510.85,2026-10-13,23000.0,PE,44633,479.9,927355,857155,480.75,482.8,65
2026-10-09 11:00:17,22510.85,2026-10-13,22200.0,PE,44595,34.3,12184575,83107115,34.45,34.55,65
2026-10-09 11:00:17,22510.85,2026-10-13,22950.0,CE,44630,9.85,3629470,26489775,9.8,9.85,65
2026-10-09 11:00:17,22510.85,2026-10-13,22250.0,PE,44597,42.25,6463925,49262200,42.0,42.15,65
2026-10-09 11:00:17,22510.85,2026-10-13,22250.0,CE,44596,317.1,1284465,18456555,316.1,316.95,65
2026-10-09 11:00:17,22510.85,2026-10-13,23050.0,CE,44636,5.2,3185000,22018165,5.15,5.2,65
2026-10-09 11:00:17,22510.85,2026-10-13,22150.0,PE,44591,28.0,3776630,30704700,28.0,28.1,65
2026-10-09 11:00:17,22510.85,2026-10-13,22200.0,CE,44592,358.3,2029820,20026695,358.5,359.45,65
2026-10-09 11:06:07,22495.05,2026-10-13,22700.0,PE,44621,234.85,3444610,8616465,234.75,235.45,65
2026-10-09 11:06:07,22495.05,2026-10-13,22700.0,CE,44620,47.8,12081940,94759015,47.7,47.8,65
2026-10-09 11:06:07,22495.05,2026-10-13,22750.0,PE,44623,272.8,532415,1004315,271.6,272.3,65
2026-10-09 11:06:07,22495.05,2026-10-13,22750.0,CE,44622,35.4,5642845,51043070,35.35,35.5,65
2026-10-09 11:06:07,22495.05,2026-10-13,22100.0,CE,44584,436.75,441805,3105180,435.45,436.55,65
2026-10-09 11:06:07,22495.05,2026-10-13,22050.0,PE,44583,19.75,3510975,25711790,19.7,19.75,65
2026-10-09 11:06:07,22495.05,2026-10-13,22150.0,CE,44586,391.0,293605,2705235,391.0,392.0,65
2026-10-09 11:06:07,22495.05,2026-10-13,22100.0,PE,44585,24.3,7409285,49120305,24.1,24.2,65
2026-10-09 11:06:07,22495.05,2026-10-13,22900.0,PE,44629,400.75,598910,698165,399.7,400.8,65
2026-10-09 11:06:07,22495.05,2026-10-13,22900.0,CE,44628,12.9,8422050,47937435,12.85,12.95,65
2026-10-09 11:06:07,22495.05,2026-10-13,22800.0,PE,44625,312.65,1233570,2610270,312.35,313.25,65
2026-10-09 11:06:07,22495.05,2026-10-13,22800.0,CE,44624,25.6,10550865,75642710,25.5,25.6,65
2026-10-09 11:06:07,22495.05,2026-10-13,22850.0,PE,44627,355.9,196885,322725,355.1,356.1,65
2026-10-09 11:06:07,22495.05,2026-10-13,22850.0,CE,44626,18.45,5798000,44254730,18.3,18.4,65
2026-10-09 11:06:07,22495.05,2026-10-13,22050.0,CE,44582,482.55,143325,502580,481.85,483.25,65
2026-10-09 11:06:07,22495.05,2026-10-13,22000.0,PE,44581,16.4,13706225,71637540,16.35,16.45,65
2026-10-09 11:06:07,22495.05,2026-10-13,22500.0,CE,44612,131.5,14543750,200326230,131.2,131.55,65
2026-10-09 11:06:07,22495.05,2026-10-13,22450.0,PE,44611,98.1,9819420,81718650,98.1,98.35,65
2026-10-09 11:06:07,22495.05,2026-10-13,22000.0,CE,44572,529.0,793975,3032510,527.5,529.3,65
2026-10-09 11:06:07,22495.05,2026-10-13,22650.0,CE,44618,63.35,5325450,61960210,63.45,63.6,65
2026-10-09 11:06:07,22495.05,2026-10-13,22600.0,PE,44617,169.7,4855630,27767545,169.7,170.0,65
2026-10-09 11:06:07,22495.05,2026-10-13,22650.0,PE,44619,201.6,1355965,5056935,199.85,200.35,65
2026-10-09 11:06:07,22495.05,2026-10-13,22550.0,CE,44614,105.25,6868160,99140600,105.15,105.3,65
2026-10-09 11:06:07,22495.05,2026-10-13,22500.0,PE,44613,118.35,15912910,110785415,118.35,118.65,65
2026-10-09 11:06:07,22495.05,2026-10-13,22600.0,CE,44616,82.7,13805350,132262715,82.55,82.7,65
2026-10-09 11:06:07,22495.05,2026-10-13,22550.0,PE,44615,142.4,3336320,23463960,142.35,142.65,65
2026-10-09 11:06:07,22495.05,2026-10-13,21950.0,PE,44571,13.5,2984800,17961320,13.4,13.5,65
2026-10-09 11:06:07,22495.05,2026-10-13,21950.0,CE,44570,573.15,48555,104130,574.85,576.95,65
2026-10-09 11:06:07,22495.05,2026-10-13,21900.0,CE,44568,623.45,96590,240305,622.1,624.35,65
2026-10-09 11:06:07,22495.05,2026-10-13,22350.0,PE,44601,66.45,9722960,89047595,66.5,66.65,65
2026-10-09 11:06:07,22495.05,2026-10-13,23050.0,PE,44645,541.35,75985,13910,539.3,542.5,65
2026-10-09 11:06:07,22495.05,2026-10-13,22350.0,CE,44600,228.25,2078570,78647530,228.3,228.95,65
2026-10-09 11:06:07,22495.05,2026-10-13,22450.0,CE,44608,160.85,5845190,122973305,160.5,160.9,65
2026-10-09 11:06:07,22495.05,2026-10-13,23100.0,PE,44647,590.8,310505,40040,588.65,590.55,65
2026-10-09 11:06:07,22495.05,2026-10-13,21900.0,PE,44569,11.1,6498570,28870140,11.05,11.1,65
2026-10-09 11:06:07,22495.05,2026-10-13,22400.0,CE,44602,193.55,6565780,151766225,193.5,193.85,65
2026-10-09 11:06:07,22495.05,2026-10-13,23100.0,CE,44646,3.65,7194590,32262035,3.65,3.7,65
2026-10-09 11:06:07,22495.05,2026-10-13,22400.0,PE,44604,81.0,17964960,142524265,80.55,80.8,65
2026-10-09 11:06:07,22495.05,2026-10-13,23000.0,CE,44632,7.0,15201160,63421800,6.95,7.05,65
2026-10-09 11:06:07,22495.05,2026-10-13,22300.0,PE,44599,54.7,18184335,136265805,54.3,54.4,65
2026-10-09 11:06:07,22495.05,2026-10-13,22300.0,CE,44598,266.75,4205370,74445670,266.55,267.25,65
2026-10-09 11:06:07,22495.05,2026-10-13,22950.0,PE,44631,448.7,253630,119340,445.45,447.15,65
2026-10-09 11:06:07,22495.05,2026-10-13,23000.0,PE,44633,494.55,927875,879450,492.0,493.9,65
2026-10-09 11:06:07,22495.05,2026-10-13,22200.0,PE,44595,36.25,12314835,84863155,36.25,36.35,65
2026-10-09 11:06:07,22495.05,2026-10-13,22950.0,CE,44630,9.3,3648905,26944840,9.25,9.3,65
2026-10-09 11:06:07,22495.05,2026-10-13,22250.0,PE,44597,44.55,6622200,50375065,44.5,44.65,65
2026-10-09 11:06:07,22495.05,2026-10-13,22250.0,CE,44596,306.1,1253915,18608850,306.0,306.75,65
2026-10-09 11:06:07,22495.05,2026-10-13,23050.0,CE,44636,5.0,3257085,22653670,4.95,5.0,65
2026-10-09 11:06:07,22495.05,2026-10-13,22150.0,PE,44591,29.8,3979625,31512845,29.65,29.8,65
2026-10-09 11:06:07,22495.05,2026-10-13,22200.0,CE,44592,348.0,2009670,20194135,348.0,348.5,65
2026-10-09 11:10:31,22486.55,2026-10-13,22700.0,PE,44621,240.25,3437590,8801260,240.3,240.95,65
2026-10-09 11:10:31,22486.55,2026-10-13,22700.0,CE,44620,46.75,12166375,96292430,46.6,46.75,65
2026-10-09 11:10:31,22486.55,2026-10-13,22750.0,PE,44623,277.95,536705,1027910,278.0,278.6,65
2026-10-09 11:10:31,22486.55,2026-10-13,22750.0,CE,44622,34.6,5689320,51888200,34.5,34.6,65
2026-10-09 11:10:31,22486.55,2026-10-13,22100.0,CE,44584,430.9,442195,3126240,429.7,430.85,65
2026-10-09 11:10:31,22486.55,2026-10-13,22050.0,PE,44583,20.55,3530345,25971855,20.45,20.55,65
2026-10-09 11:10:31,22486.55,2026-10-13,22150.0,CE,44586,386.0,291395,2717520,385.45,386.45,65
2026-10-09 11:10:31,22486.55,2026-10-13,22100.0,PE,44585,25.05,7466940,49697310,25.05,25.1,65
2026-10-09 11:10:31,22486.55,2026-10-13,22900.0,PE,44629,404.05,594035,712205,405.6,406.75,65
2026-10-09 11:10:31,22486.55,2026-10-13,22900.0,CE,44628,12.65,8507005,48670180,12.6,12.65,65
2026-10-09 11:10:31,22486.55,2026-10-13,22800.0,PE,44625,320.0,1224145,2675855,318.4,319.3,65
2026-10-09 11:10:31,22486.55,2026-10-13,22800.0,CE,44624,25.05,10540400,76835980,24.95,25.05,65
2026-10-09 11:10:31,22486.55,2026-10-13,22850.0,PE,44627,359.75,198315,337935,361.1,362.2,65
2026-10-09 11:10:31,22486.55,2026-10-13,22850.0,CE,44626,17.95,5856955,44723380,17.95,18.0,65
2026-10-09 11:10:31,22486.55,2026-10-13,22050.0,CE,44582,480.3,143130,505375,475.3,476.7,65
2026-10-09 11:10:31,22486.55,2026-10-13,22000.0,PE,44581,16.9,13756405,72440355,16.9,17.0,65
2026-10-09 11:10:31,22486.55,2026-10-13,22500.0,CE,44612,128.8,14810445,204190155,128.4,128.7,65
2026-10-09 11:10:31,22486.55,2026-10-13,22450.0,PE,44611,101.4,9907105,84299735,101.4,101.6,65
2026-10-09 11:10:31,22486.55,2026-10-13,22000.0,CE,44572,521.5,776490,3067740,521.5,523.15,65
2026-10-09 11:10:31,22486.55,2026-10-13,22650.0,CE,44618,62.05,5405530,63029200,61.85,62.05,65
2026-10-09 11:10:31,22486.55,2026-10-13,22600.0,PE,44617,174.75,4842565,28691260,174.55,174.75,65
2026-10-09 11:10:31,22486.55,2026-10-13,22650.0,PE,44619,205.9,1353690,5258695,205.45,205.9,65
2026-10-09 11:10:31,22486.55,2026-10-13,22550.0,CE,44614,103.0,6825715,101201945,102.95,103.0,65
2026-10-09 11:10:31,22486.55,2026-10-13,22500.0,PE,44613,122.45,15921425,115047855,122.15,122.4,65
2026-10-09 11:10:31,22486.55,2026-10-13,22600.0,CE,44616,80.85,13939575,135120635,80.75,80.85,65
2026-10-09 11:10:31,22486.55,2026-10-13,22550.0,PE,44615,146.55,3295695,24548290,146.5,146.85,65
2026-10-09 11:10:31,22486.55,2026-10-13,21950.0,PE,44571,13.95,2993315,18166265,13.9,13.95,65
2026-10-09 11:10:31,22486.55,2026-10-13,21950.0,CE,44570,573.15,48555,104130,568.05,570.6,65
2026-10-09 11:10:31,22486.55,2026-10-13,21900.0,CE,44568,625.6,96590,240500,615.9,618.15,65
2026-10-09 11:10:31,22486.55,2026-10-13,22350.0,PE,44601,68.75,9729720,90052235,68.75,68.85,65
2026-10-09 11:10:31,22486.55,2026-10-13,23050.0,PE,44645,546.55,76050,13975,546.15,548.45,65
2026-10-09 11:10:31,22486.55,2026-10-13,22350.0,CE,44600,224.15,2091440,79005940,224.15,224.7,65
2026-10-09 11:10:31,22486.55,2026-10-13,22450.0,CE,44608,157.75,6000735,124625475,157.35,157.75,65
2026-10-09 11:10:31,22486.55,2026-10-13,23100.0,PE,44647,591.25,310050,40755,595.5,598.1,65
2026-10-09 11:10:31,22486.55,2026-10-13,21900.0,PE,44569,11.5,6501495,29072485,11.45,11.5,65
2026-10-09 11:10:31,22486.55,2026-10-13,22400.0,CE,44602,189.2,6666205,152942400,189.2,189.65,65
2026-10-09 11:10:31,22486.55,2026-10-13,23100.0,CE,44646,3.6,7178535,32460870,3.55,3.6,65
2026-10-09 11:10:31,22486.55,2026-10-13,22400.0,PE,44604,83.85,18008380,145571465,83.65,83.8,65
2026-10-09 11:10:31,22486.55,2026-10-13,23000.0,CE,44632,6.85,15435940,64186525,6.85,6.9,65
2026-10-09 11:10:31,22486.55,2026-10-13,22300.0,PE,44599,56.4,18213260,137991490,56.35,56.5,65
2026-10-09 11:10:31,22486.55,2026-10-13,22300.0,CE,44598,261.45,4173195,74889425,261.5,262.0,65
2026-10-09 11:10:31,22486.55,2026-10-13,22950.0,PE,44631,450.0,253760,121160,451.65,453.25,65
2026-10-09 11:10:31,22486.55,2026-10-13,23000.0,PE,44633,499.95,920725,894985,499.45,501.0,65
2026-10-09 11:10:31,22486.55,2026-10-13,22200.0,PE,44595,37.65,12356955,86052590,37.5,37.6,65
2026-10-09 11:10:31,22486.55,2026-10-13,22950.0,CE,44630,9.15,3717155,27321255,9.05,9.15,65
2026-10-09 11:10:31,22486.55,2026-10-13,22250.0,PE,44597,46.2,6545240,51065495,46.1,46.2,65
2026-10-09 11:10:31,22486.55,2026-10-13,22250.0,CE,44596,301.8,1255540,18702775,301.05,301.8,65
2026-10-09 11:10:31,22486.55,2026-10-13,23050.0,CE,44636,4.9,3256240,22971325,4.85,4.9,65
2026-10-09 11:10:31,22486.55,2026-10-13,22150.0,PE,44591,30.8,3976570,31950490,30.7,30.8,65
2026-10-09 11:10:31,22486.55,2026-10-13,22200.0,CE,44592,343.4,2013895,20315165,342.55,343.4,65
2026-10-09 11:15:52,22492.4,2026-10-13,22700.0,PE,44621,234.45,3448900,9078030,233.8,234.35,65
2026-10-09 11:15:52,22492.4,2026-10-13,22700.0,CE,44620,47.45,12132640,98077200,47.45,47.55,65
2026-10-09 11:15:52,22492.4,2026-10-13,22750.0,PE,44623,271.4,537810,1066455,271.25,271.95,65
2026-10-09 11:15:52,22492.4,2026-10-13,22750.0,CE,44622,35.0,5674045,52784225,35.0,35.1,65
2026-10-09 11:15:52,22492.4,2026-10-13,22100.0,CE,44584,438.0,441935,3142685,435.65,436.75,65
2026-10-09 11:15:52,22492.4,2026-10-13,22050.0,PE,44583,19.35,3530085,26320710,19.4,19.45,65
2026-10-09 11:15:52,22492.4,2026-10-13,22150.0,CE,44586,392.0,291915,2732990,391.3,392.25,65
2026-10-09 11:15:52,22492.4,2026-10-13,22100.0,PE,44585,23.85,7453550,50436165,23.8,23.9,65
2026-10-09 11:15:52,22492.4,2026-10-13,22900.0,PE,44629,397.85,592540,722800,398.85,399.95,65
2026-10-09 11:15:52,22492.4,2026-10-13,22900.0,CE,44628,12.7,8792030,49630490,12.65,12.7,65
2026-10-09 11:15:52,22492.4,2026-10-13,22800.0,PE,44625,311.85,1234740,2761135,311.5,312.0,65
2026-10-09 11:15:52,22492.4,2026-10-13,22800.0,CE,44624,25.3,10471175,78012870,25.2,25.3,65
2026-10-09 11:15:52,22492.4,2026-10-13,22850.0,PE,44627,354.9,198705,346060,354.25,355.2,65
2026-10-09 11:15:52,22492.4,2026-10-13,22850.0,CE,44626,18.05,5885750,45387420,18.05,18.1,65
2026-10-09 11:15:52,22492.4,2026-10-13,22050.0,CE,44582,481.75,142025,507195,481.3,482.6,65
2026-10-09 11:15:52,22492.4,2026-10-13,22000.0,PE,44581,16.05,13654875,73826610,16.0,16.05,65
2026-10-09 11:15:52,22492.4,2026-10-13,22500.0,CE,44612,131.2,15087280,209220960,131.2,131.5,65
2026-10-09 11:15:52,22492.4,2026-10-13,22450.0,PE,44611,97.7,9783800,87167925,97.6,97.7,65
2026-10-09 11:15:52,22492.4,2026-10-13,22000.0,CE,44572,529.45,775645,3079050,527.65,529.4,65
2026-10-09 11:15:52,22492.4,2026-10-13,22650.0,CE,44618,63.2,5457270,64408370,63.05,63.2,65
2026-10-09 11:15:52,22492.4,2026-10-13,22600.0,PE,44617,169.15,4888845,29792100,168.85,169.2,65
2026-10-09 11:15:52,22492.4,2026-10-13,22650.0,PE,44619,199.35,1384565,5515510,199.35,199.75,65
2026-10-09 11:15:52,22492.4,2026-10-13,22550.0,CE,44614,105.2,7000955,103618190,104.85,105.1,65
2026-10-09 11:15:52,22492.4,2026-10-13,22500.0,PE,44613,117.85,15834715,119674100,117.6,117.85,65
2026-10-09 11:15:52,22492.4,2026-10-13,22600.0,CE,44616,82.25,14005875,138253050,82.25,82.4,65
2026-10-09 11:15:52,22492.4,2026-10-13,22550.0,PE,44615,141.7,3295435,25789595,141.5,141.8,65
2026-10-09 11:15:52,22492.4,2026-10-13,21950.0,PE,44571,13.2,3025165,18335785,13.1,13.2,65
2026-10-09 11:15:52,22492.4,2026-10-13,21950.0,CE,44570,583.0,48555,104195,574.8,577.0,65
2026-10-09 11:15:52,22492.4,2026-10-13,21900.0,CE,44568,630.0,96525,241020,622.45,624.75,65
2026-10-09 11:15:52,22492.4,2026-10-13,22350.0,PE,44601,65.85,9703850,91342680,65.85,66.05,65
2026-10-09 11:15:52,22492.4,2026-10-13,23050.0,PE,44645,536.85,76050,14040,539.3,541.85,65
2026-10-09 11:15:52,22492.4,2026-10-13,22350.0,CE,44600,228.55,2116400,79442350,228.55,229.05,65
2026-10-09 11:15:52,22492.4,2026-10-13,22450.0,CE,44608,160.5,6036160,126807655,160.5,160.85,65
2026-10-09 11:15:52,22492.4,2026-10-13,23100.0,PE,44647,583.0,309010,42835,588.4,590.8,65
2026-10-09 11:15:52,22492.4,2026-10-13,21900.0,PE,44569,10.8,6518330,29289520,10.8,10.9,65
2026-10-09 11:15:52,22492.4,2026-10-13,22400.0,CE,44602,193.15,6616415,154346140,193.1,193.55,65
2026-10-09 11:15:52,22492.4,2026-10-13,23100.0,CE,44646,3.55,7201220,32815055,3.55,3.6,65
2026-10-09 11:15:52,22492.4,2026-10-13,22400.0,PE,44604,80.45,17984395,148777005,80.25,80.45,65
2026-10-09 11:15:52,22492.4,2026-10-13,23000.0,CE,44632,6.85,15496910,64992785,6.85,6.9,65
2026-10-09 11:15:52,22492.4,2026-10-13,22300.0,PE,44599,54.0,18056025,139838660,53.8,54.0,65
2026-10-09 11:15:52,22492.4,2026-10-13,22300.0,CE,44598,266.25,4162405,75433215,266.3,266.75,65
2026-10-09 11:15:52,22492.4,2026-10-13,22950.0,PE,44631,445.8,253825,123825,444.85,446.45,65
2026-10-09 11:15:52,22492.4,2026-10-13,23000.0,PE,44633,491.95,922155,910975,492.05,493.55,65
2026-10-09 11:15:52,22492.4,2026-10-13,22200.0,PE,44595,35.7,12552345,87690005,35.75,35.85,65
2026-10-09 11:15:52,22492.4,2026-10-13,22950.0,CE,44630,9.05,3740295,27578395,9.05,9.1,65
2026-10-09 11:15:52,22492.4,2026-10-13,22250.0,PE,44597,44.1,6608485,51879490,44.0,44.15,65
2026-10-09 11:15:52,22492.4,2026-10-13,22250.0,CE,44596,306.55,1258270,18799625,306.05,306.8,65
2026-10-09 11:15:52,22492.4,2026-10-13,23050.0,CE,44636,4.85,3253445,23117055,4.85,4.9,65
2026-10-09 11:15:52,22492.4,2026-10-13,22150.0,PE,44591,29.3,4018560,32454045,29.2,29.25,65
2026-10-09 11:15:52,22492.4,2026-10-13,22200.0,CE,44592,347.75,2004600,20490340,347.7,348.65,65
2026-10-09 11:20:44,22529.0,2026-10-13,22700.0,PE,44621,205.05,3530670,9945455,205.0,205.5,65
2026-10-09 11:20:44,22529.0,2026-10-13,22700.0,CE,44620,57.9,12139335,104125515,57.95,58.05,65
2026-10-09 11:20:44,22529.0,2026-10-13,22750.0,PE,44623,240.0,557570,1151800,240.05,240.7,65
2026-10-09 11:20:44,22529.0,2026-10-13,22750.0,CE,44622,43.0,5358275,55988335,43.2,43.35,65
2026-10-09 11:20:44,22529.0,2026-10-13,22100.0,CE,44584,472.6,427895,3197870,471.55,472.8,65
2026-10-09 11:20:44,22529.0,2026-10-13,22050.0,PE,44583,16.8,3529110,27629485,16.65,16.75,65
2026-10-09 11:20:44,22529.0,2026-10-13,22150.0,CE,44586,426.9,287170,2764580,426.15,427.25,65
2026-10-09 11:20:44,22529.0,2026-10-13,22100.0,PE,44585,20.35,7407270,52304980,20.2,20.25,65
2026-10-09 11:20:44,22529.0,2026-10-13,22900.0,PE,44629,365.0,558025,810875,362.25,363.1,65
2026-10-09 11:20:44,22529.0,2026-10-13,22900.0,CE,44628,15.6,8618090,52401635,15.65,15.7,65
2026-10-09 11:20:44,22529.0,2026-10-13,22800.0,PE,44625,279.5,1260675,3004560,278.15,278.45,65
2026-10-09 11:20:44,22529.0,2026-10-13,22800.0,CE,44624,31.25,10352745,82102280,31.25,31.4,65
2026-10-09 11:20:44,22529.0,2026-10-13,22850.0,PE,44627,319.3,207220,370955,318.95,319.8,65
2026-10-09 11:20:44,22529.0,2026-10-13,22850.0,CE,44626,22.35,5695820,47605675,22.4,22.5,65
2026-10-09 11:20:44,22529.0,2026-10-13,22050.0,CE,44582,520.55,140725,513435,518.45,519.9,65
2026-10-09 11:20:44,22529.0,2026-10-13,22000.0,PE,44581,14.0,13807235,76533145,13.9,14.0,65
2026-10-09 11:20:44,22529.0,2026-10-13,22500.0,CE,44612,152.9,14003535,222155310,152.95,153.3,65
2026-10-09 11:20:44,22529.0,2026-10-13,22450.0,PE,44611,82.3,9291555,92647230,82.1,82.35,65
2026-10-09 11:20:44,22529.0,2026-10-13,22000.0,CE,44572,565.4,789685,3177200,565.2,566.85,65
2026-10-09 11:20:44,22529.0,2026-10-13,22650.0,CE,44618,76.4,5093725,68219060,76.45,76.65,65
2026-10-09 11:20:44,22529.0,2026-10-13,22600.0,PE,44617,146.0,5061095,32051110,145.4,145.75,65
2026-10-09 11:20:44,22529.0,2026-10-13,22650.0,PE,44619,173.6,1436305,6002880,173.2,173.6,65
2026-10-09 11:20:44,22529.0,2026-10-13,22550.0,CE,44614,123.75,6429995,111072975,123.8,124.15,65
2026-10-09 11:20:44,22529.0,2026-10-13,22500.0,PE,44613,100.0,16516175,129026040,99.6,99.8,65
2026-10-09 11:20:44,22529.0,2026-10-13,22600.0,CE,44616,98.65,13418860,147631965,98.7,98.75,65
2026-10-09 11:20:44,22529.0,2026-10-13,22550.0,PE,44615,121.6,3593525,28429050,120.7,120.95,65
2026-10-09 11:20:44,22529.0,2026-10-13,21950.0,PE,44571,11.7,2996370,19083545,11.55,11.6,65
2026-10-09 11:20:44,22529.0,2026-10-13,21950.0,CE,44570,609.8,48490,104910,612.5,615.4,65
2026-10-09 11:20:44,22529.0,2026-10-13,22350.0,PE,44601,55.45,9698845,94500575,55.25,55.45,65
2026-10-09 11:20:44,22529.0,2026-10-13,23050.0,PE,44645,500.15,76180,14755,500.45,503.4,65
2026-10-09 11:20:44,22529.0,2026-10-13,22350.0,CE,44600,257.8,1949415,80625870,257.25,257.85,65
2026-10-09 11:20:44,22529.0,2026-10-13,22450.0,CE,44608,184.85,5320640,132034695,184.5,184.95,65
2026-10-09 11:20:44,22529.0,2026-10-13,23100.0,PE,44647,549.6,306020,46670,549.3,551.0,65
2026-10-09 11:20:44,22529.0,2026-10-13,22400.0,CE,44602,219.15,6234215,158217800,219.75,220.3,65
2026-10-09 11:20:44,22529.0,2026-10-13,23100.0,CE,44646,4.0,7160205,33957755,3.95,4.0,65
2026-10-09 11:20:44,22529.0,2026-10-13,23150.0,PE,44649,625.0,32630,7345,598.05,601.7,65
2026-10-09 11:20:44,22529.0,2026-10-13,22400.0,PE,44604,67.5,17972955,155601420,67.2,67.35,65
2026-10-09 11:20:44,22529.0,2026-10-13,23150.0,CE,44648,2.95,3140410,22644180,2.95,3.0,65
2026-10-09 11:20:44,22529.0,2026-10-13,23000.0,CE,44632,8.05,15086630,67895360,8.05,8.1,65
2026-10-09 11:20:44,22529.0,2026-10-13,22300.0,PE,44599,45.3,17790045,145383745,45.1,45.25,65
2026-10-09 11:20:44,22529.0,2026-10-13,22300.0,CE,44598,296.85,4085900,76524305,296.95,297.75,65
2026-10-09 11:20:44,22529.0,2026-10-13,22950.0,PE,44631,406.8,257010,135200,407.45,408.9,65
2026-10-09 11:20:44,22529.0,2026-10-13,23000.0,PE,44633,455.15,943150,1022970,453.8,455.1,65
2026-10-09 11:20:44,22529.0,2026-10-13,22200.0,PE,44595,30.1,12640745,90927980,30.0,30.05,65
2026-10-09 11:20:44,22529.0,2026-10-13,22950.0,CE,44630,11.0,3631160,28956850,11.0,11.05,65
2026-10-09 11:20:44,22529.0,2026-10-13,22250.0,PE,44597,36.95,6463405,53915420,36.8,36.95,65
2026-10-09 11:20:44,22529.0,2026-10-13,22250.0,CE,44596,339.2,1232725,19032325,338.4,339.35,65
2026-10-09 11:20:44,22529.0,2026-10-13,23050.0,CE,44636,5.6,3125070,24240775,5.55,5.6,65
2026-10-09 11:20:44,22529.0,2026-10-13,22150.0,PE,44591,24.75,3838900,33844915,24.6,24.7,65
2026-10-09 11:20:44,22529.0,2026-10-13,22200.0,CE,44592,380.85,1975155,20838740,381.7,382.65,65
2026-10-09 11:25:32,22514.9,2026-10-13,22700.0,PE,44621,218.0,3590015,10390315,218.05,218.6,65
2026-10-09 11:25:32,22514.9,2026-10-13,22700.0,CE,44620,52.3,12251460,107932760,52.3,52.45,65
2026-10-09 11:25:32,22514.9,2026-10-13,22750.0,PE,44623,254.15,596570,1282190,254.0,254.7,65
2026-10-09 11:25:32,22514.9,2026-10-13,22750.0,CE,44622,38.75,5619315,58046105,38.75,38.9,65
2026-10-09 11:25:32,22514.9,2026-10-13,22100.0,CE,44584,453.6,427115,3222180,453.85,455.0,65
2026-10-09 11:25:32,22514.9,2026-10-13,22050.0,PE,44583,17.55,3577015,28190500,17.55,17.6,65
2026-10-09 11:25:32,22514.9,2026-10-13,22150.0,CE,44586,409.25,286780,2783690,409.05,410.05,65
2026-10-09 11:25:32,22514.9,2026-10-13,22100.0,PE,44585,21.5,7316920,53532830,21.4,21.45,65
2026-10-09 11:25:32,22514.9,2026-10-13,22900.0,PE,44629,379.35,552045,842400,379.7,380.6,65
2026-10-09 11:25:32,22514.9,2026-10-13,22900.0,CE,44628,14.0,8542235,54378285,13.9,13.95,65
2026-10-09 11:25:32,22514.9,2026-10-13,22800.0,PE,44625,294.0,1235780,3209830,293.65,294.45,65
2026-10-09 11:25:32,22514.9,2026-10-13,22800.0,CE,44624,27.9,10147085,85432880,27.95,28.1,65
2026-10-09 11:25:32,22514.9,2026-10-13,22850.0,PE,44627,335.2,207350,383825,335.45,336.35,65
2026-10-09 11:25:32,22514.9,2026-10-13,22850.0,CE,44626,20.0,5807815,49600525,19.95,20.05,65
2026-10-09 11:25:32,22514.9,2026-10-13,22050.0,CE,44582,500.15,141570,518180,500.3,501.8,65
2026-10-09 11:25:32,22514.9,2026-10-13,22000.0,PE,44581,14.6,13787475,78083590,14.55,14.6,65
2026-10-09 11:25:32,22514.9,2026-10-13,22500.0,CE,44612,142.05,14229930,228462130,141.4,141.75,65
2026-10-09 11:25:32,22514.9,2026-10-13,22450.0,PE,44611,88.95,9463025,95263350,88.55,88.8,65
2026-10-09 11:25:32,22514.9,2026-10-13,22000.0,CE,44572,548.95,769600,3239665,547.05,548.8,65
2026-10-09 11:25:32,22514.9,2026-10-13,22650.0,CE,44618,69.05,5356000,70938920,69.3,69.45,65
2026-10-09 11:25:32,22514.9,2026-10-13,22600.0,PE,44617,156.0,5185440,33614815,155.4,155.75,65
2026-10-09 11:25:32,22514.9,2026-10-13,22650.0,PE,44619,185.15,1430715,6334380,184.7,185.15,65
2026-10-09 11:25:32,22514.9,2026-10-13,22550.0,CE,44614,113.4,6831305,115756030,113.4,113.7,65
2026-10-09 11:25:32,22514.9,2026-10-13,22500.0,PE,44613,107.5,17390555,134919070,107.45,107.7,65
2026-10-09 11:25:32,22514.9,2026-10-13,22600.0,CE,44616,89.95,13619125,153288915,89.95,90.2,65
2026-10-09 11:25:32,22514.9,2026-10-13,22550.0,PE,44615,130.5,3869190,30692545,130.15,130.5,65
2026-10-09 11:25:32,22514.9,2026-10-13,21950.0,PE,44571,12.0,3025035,20041710,12.0,12.05,65
2026-10-09 11:25:32,22514.9,2026-10-13,21950.0,CE,44570,607.25,48945,105950,594.1,596.6,65
2026-10-09 11:25:32,22514.9,2026-10-13,21900.0,CE,44568,648.95,95355,243490,642.55,644.8,65
2026-10-09 11:25:32,22514.9,2026-10-13,22350.0,PE,44601,59.55,9754745,96223530,59.4,59.6,65
2026-10-09 11:25:32,22514.9,2026-10-13,23050.0,PE,44645,514.65,76115,15015,518.9,522.1,65
2026-10-09 11:25:32,22514.9,2026-10-13,22350.0,CE,44600,242.9,1933750,81129230,242.95,243.6,65
2026-10-09 11:25:32,22514.9,2026-10-13,22450.0,CE,44608,172.0,5374070,134292730,172.1,172.5,65
2026-10-09 11:25:32,22514.9,2026-10-13,23100.0,PE,44647,569.0,305565,50505,568.3,570.15,65
2026-10-09 11:25:32,22514.9,2026-10-13,21900.0,PE,44569,10.05,6073405,31041595,10.05,10.1,65
2026-10-09 11:25:32,22514.9,2026-10-13,22400.0,CE,44602,206.35,6261515,160035915,206.4,206.55,65
2026-10-09 11:25:32,22514.9,2026-10-13,23100.0,CE,44646,3.7,7155330,34621145,3.65,3.7,65
2026-10-09 11:25:32,22514.9,2026-10-13,22400.0,PE,44604,72.55,18444270,159346135,72.5,72.75,65
2026-10-09 11:25:32,22514.9,2026-10-13,23000.0,CE,44632,7.25,15116075,69631250,7.25,7.35,65
2026-10-09 11:25:32,22514.9,2026-10-13,22300.0,PE,44599,48.65,17742595,148413915,48.5,48.65,65
2026-10-09 11:25:32,22514.9,2026-10-13,22300.0,CE,44598,282.5,4088045,77233585,281.8,282.5,65
2026-10-09 11:25:32,22514.9,2026-10-13,22950.0,PE,44631,425.0,253500,145795,425.1,427.0,65
2026-10-09 11:25:32,22514.9,2026-10-13,23000.0,PE,44633,473.0,940615,1068665,471.7,473.25,65
2026-10-09 11:25:32,22514.9,2026-10-13,22200.0,PE,44595,32.4,12734540,92943240,32.3,32.35,65
2026-10-09 11:25:32,22514.9,2026-10-13,22950.0,CE,44630,9.9,3646370,29769740,9.9,9.95,65
2026-10-09 11:25:32,22514.9,2026-10-13,22250.0,PE,44597,39.7,6496100,55062020,39.5,39.65,65
2026-10-09 11:25:32,22514.9,2026-10-13,22250.0,CE,44596,323.15,1227395,19143280,322.6,323.5,65
2026-10-09 11:25:32,22514.9,2026-10-13,23050.0,CE,44636,5.1,3206060,24978980,5.1,5.15,65
2026-10-09 11:25:32,22514.9,2026-10-13,22150.0,PE,44591,26.25,3874975,34582600,26.25,26.35,65
2026-10-09 11:25:32,22514.9,2026-10-13,22200.0,CE,44592,364.6,1966445,21005010,364.25,365.2,65
2026-10-09 11:30:17,22514.8,2026-10-13,22700.0,PE,44621,221.6,3550820,10735335,220.75,221.4,65
2026-10-09 11:30:17,22514.8,2026-10-13,22700.0,CE,44620,50.95,12428520,110428695,51.1,51.25,65
2026-10-09 11:30:17,22514.8,2026-10-13,22750.0,PE,44623,258.95,573170,1379495,258.35,258.9,65
2026-10-09 11:30:17,22514.8,2026-10-13,22750.0,CE,44622,37.8,6147050,59601945,37.65,37.75,65
2026-10-09 11:30:17,22514.8,2026-10-13,22100.0,CE,44584,450.5,427115,3240705,451.15,452.4,65
2026-10-09 11:30:17,22514.8,2026-10-13,22050.0,PE,44583,17.65,3557645,28537210,17.6,17.7,65
2026-10-09 11:30:17,22514.8,2026-10-13,22150.0,CE,44586,407.05,286650,2792660,405.9,406.95,65
2026-10-09 11:30:17,22514.8,2026-10-13,22100.0,PE,44585,21.5,7406230,54302040,21.4,21.5,65
2026-10-09 11:30:17,22514.8,2026-10-13,22900.0,PE,44629,381.4,550485,862940,382.45,383.4,65
2026-10-09 11:30:17,22514.8,2026-10-13,22900.0,CE,44628,13.75,8726510,55492320,13.8,13.9,65
2026-10-09 11:30:17,22514.8,2026-10-13,22800.0,PE,44625,297.3,1224275,3351855,296.3,297.0,65
2026-10-09 11:30:17,22514.8,2026-10-13,22800.0,CE,44624,27.4,10154105,87243325,27.55,27.65,65
2026-10-09 11:30:17,22514.8,2026-10-13,22850.0,PE,44627,338.0,210015,397670,338.15,339.1,65
2026-10-09 11:30:17,22514.8,2026-10-13,22850.0,CE,44626,19.8,5995080,50801660,19.75,19.8,65
2026-10-09 11:30:17,22514.8,2026-10-13,22050.0,CE,44582,495.3,140205,520260,495.4,496.95,65
2026-10-09 11:30:17,22514.8,2026-10-13,22000.0,PE,44581,14.55,13770770,79406015,14.5,14.55,65
2026-10-09 11:30:17,22514.8,2026-10-13,22500.0,CE,44612,139.2,14311765,233234430,139.4,139.75,65
2026-10-09 11:30:17,22514.8,2026-10-13,22450.0,PE,44611,90.0,9479600,97229860,89.85,90.05,65
2026-10-09 11:30:17,22514.8,2026-10-13,22000.0,CE,44572,546.35,768300,3255980,543.2,544.95,65
2026-10-09 11:30:17,22514.8,2026-10-13,22650.0,CE,44618,67.75,5489055,72681635,67.75,67.9,65
2026-10-09 11:30:17,22514.8,2026-10-13,22600.0,PE,44617,158.0,5187845,34621925,157.25,157.55,65
2026-10-09 11:30:17,22514.8,2026-10-13,22650.0,PE,44619,187.75,1419535,6592950,187.25,187.55,65
2026-10-09 11:30:17,22514.8,2026-10-13,22550.0,CE,44614,111.1,7261410,119420665,111.05,111.35,65
2026-10-09 11:30:17,22514.8,2026-10-13,22500.0,PE,44613,108.65,17849650,139368580,108.35,108.65,65
2026-10-09 11:30:17,22514.8,2026-10-13,22600.0,CE,44616,88.2,13781495,157249365,88.35,88.55,65
2026-10-09 11:30:17,22514.8,2026-10-13,22550.0,PE,44615,132.2,3988530,32387680,131.85,132.0,65
2026-10-09 11:30:17,22514.8,2026-10-13,21950.0,PE,44571,11.95,3253445,20596875,11.9,11.95,65
2026-10-09 11:30:17,22514.8,2026-10-13,21950.0,CE,44570,598.2,48685,107120,589.8,592.6,65
2026-10-09 11:30:17,22514.8,2026-10-13,21900.0,CE,44568,640.1,95355,243815,638.9,641.45,65
2026-10-09 11:30:17,22514.8,2026-10-13,22350.0,PE,44601,60.3,9875255,97552000,60.15,60.3,65
2026-10-09 11:30:17,22514.8,2026-10-13,23050.0,PE,44645,522.9,76180,15405,522.75,525.75,65
2026-10-09 11:30:17,22514.8,2026-10-13,22350.0,CE,44600,239.25,1970085,81476525,240.0,240.15,65
2026-10-09 11:30:17,22514.8,2026-10-13,22450.0,CE,44608,169.05,5390515,135874115,168.7,169.15,65
2026-10-09 11:30:17,22514.8,2026-10-13,23100.0,PE,44647,575.3,305110,51480,572.75,575.1,65
2026-10-09 11:30:17,22514.8,2026-10-13,21900.0,PE,44569,10.05,5864235,31740930,10.0,10.05,65
2026-10-09 11:30:17,22514.8,2026-10-13,22400.0,CE,44602,203.7,6131970,161318690,203.05,203.55,65
2026-10-09 11:30:17,22514.8,2026-10-13,23100.0,CE,44646,3.7,7142330,34952255,3.7,3.75,65
2026-10-09 11:30:17,22514.8,2026-10-13,22400.0,PE,44604,73.45,18378100,161887375,73.45,73.55,65
2026-10-09 11:30:17,22514.8,2026-10-13,23000.0,CE,44632,7.3,15153905,70517720,7.25,7.3,65
2026-10-09 11:30:17,22514.8,2026-10-13,22300.0,PE,44599,49.05,17646850,150127055,49.0,49.15,65
2026-10-09 11:30:17,22514.8,2026-10-13,22300.0,CE,44598,278.95,4010240,77675455,278.25,278.95,65
2026-10-09 11:30:17,22514.8,2026-10-13,22950.0,PE,44631,425.5,253110,150800,428.8,430.3,65
2026-10-09 11:30:17,22514.8,2026-10-13,23000.0,PE,44633,473.9,936065,1083485,475.65,477.25,65
2026-10-09 11:30:17,22514.8,2026-10-13,22200.0,PE,44595,32.35,12669215,94389555,32.25,32.35,65
2026-10-09 11:30:17,22514.8,2026-10-13,22950.0,CE,44630,9.85,3693300,30369820,9.8,9.85,65
2026-10-09 11:30:17,22514.8,2026-10-13,22250.0,PE,44597,39.95,6460935,55840850,39.8,39.9,65
2026-10-09 11:30:17,22514.8,2026-10-13,22250.0,CE,44596,318.85,1217255,19235580,319.45,320.35,65
2026-10-09 11:30:17,22514.8,2026-10-13,23050.0,CE,44636,5.15,3230760,25295920,5.1,5.15,65
2026-10-09 11:30:17,22514.8,2026-10-13,22150.0,PE,44591,26.3,3909165,34979295,26.35,26.45,65
2026-10-09 11:30:17,22514.8,2026-10-13,22200.0,CE,44592,362.0,1957865,21104135,362.1,363.0,65
2026-10-09 11:35:55,22494.15,2026-10-13,22700.0,PE,44621,233.6,3488485,11171355,233.2,233.85,65
2026-10-09 11:35:55,22494.15,2026-10-13,22700.0,CE,44620,48.0,12474605,113349470,47.8,47.9,65
2026-10-09 11:35:55,22494.15,2026-10-13,22750.0,PE,44623,269.5,571740,1448655,270.65,271.3,65
2026-10-09 11:35:55,22494.15,2026-10-13,22750.0,CE,44622,35.45,6051695,61515025,35.45,35.55,65
2026-10-09 11:35:55,22494.15,2026-10-13,22100.0,CE,44584,438.0,424060,3257345,436.05,437.25,65
2026-10-09 11:35:55,22494.15,2026-10-13,22050.0,PE,44583,18.6,3593590,29011125,18.5,18.6,65
2026-10-09 11:35:55,22494.15,2026-10-13,22150.0,CE,44586,391.65,289185,2812485,391.4,392.4,65
2026-10-09 11:35:55,22494.15,2026-10-13,22100.0,PE,44585,22.85,7355465,55255980,22.75,22.85,65
2026-10-09 11:35:55,22494.15,2026-10-13,22900.0,PE,44629,398.05,543920,883870,397.8,398.85,65
2026-10-09 11:35:55,22494.15,2026-10-13,22900.0,CE,44628,13.05,8785400,56690660,12.95,13.05,65
2026-10-09 11:35:55,22494.15,2026-10-13,22800.0,PE,44625,310.55,1202175,3519360,310.5,311.35,65
2026-10-09 11:35:55,22494.15,2026-10-13,22800.0,CE,44624,25.8,10141560,89201645,25.7,25.8,65
2026-10-09 11:35:55,22494.15,2026-10-13,22850.0,PE,44627,353.0,208585,416975,353.55,354.4,65
2026-10-09 11:35:55,22494.15,2026-10-13,22850.0,CE,44626,18.55,5950100,51707370,18.45,18.55,65
2026-10-09 11:35:55,22494.15,2026-10-13,22050.0,CE,44582,483.4,140010,525460,481.65,483.1,65
2026-10-09 11:35:55,22494.15,2026-10-13,22000.0,PE,44581,15.25,13793130,80790840,15.2,15.25,65
2026-10-09 11:35:55,22494.15,2026-10-13,22500.0,CE,44612,131.15,14417585,239252065,131.1,131.4,65
2026-10-09 11:35:55,22494.15,2026-10-13,22450.0,PE,44611,96.4,9624940,100589255,96.15,96.4,65
2026-10-09 11:35:55,22494.15,2026-10-13,22000.0,CE,44572,530.15,763490,3278405,527.6,529.3,65
2026-10-09 11:35:55,22494.15,2026-10-13,22650.0,CE,44618,63.7,5618925,74699885,63.5,63.65,65
2026-10-09 11:35:55,22494.15,2026-10-13,22600.0,PE,44617,167.75,5146310,36204805,167.75,168.2,65
2026-10-09 11:35:55,22494.15,2026-10-13,22650.0,PE,44619,199.05,1407055,6948695,198.55,199.05,65
2026-10-09 11:35:55,22494.15,2026-10-13,22550.0,CE,44614,105.0,7411300,123496750,105.05,105.25,65
2026-10-09 11:35:55,22494.15,2026-10-13,22500.0,PE,44613,116.55,17834115,146692845,116.55,116.8,65
2026-10-09 11:35:55,22494.15,2026-10-13,22600.0,CE,44616,82.8,13956670,161738590,82.6,82.85,65
2026-10-09 11:35:55,22494.15,2026-10-13,22550.0,PE,44615,140.7,3958500,34789300,140.35,140.65,65
2026-10-09 11:35:55,22494.15,2026-10-13,21950.0,PE,44571,12.45,3258645,21054865,12.4,12.45,65
2026-10-09 11:35:55,22494.15,2026-10-13,21950.0,CE,44570,587.5,48685,107575,573.45,577.1,65
2026-10-09 11:35:55,22494.15,2026-10-13,21900.0,CE,44568,620.8,95485,244920,622.8,625.7,65
2026-10-09 11:35:55,22494.15,2026-10-13,22350.0,PE,44601,64.55,9659000,99379410,64.7,64.8,65
2026-10-09 11:35:55,22494.15,2026-10-13,23050.0,PE,44645,540.05,75790,16250,537.85,541.5,65
2026-10-09 11:35:55,22494.15,2026-10-13,22350.0,CE,44600,228.4,1961765,82089605,228.4,228.8,65
2026-10-09 11:35:55,22494.15,2026-10-13,22450.0,CE,44608,160.7,5374070,137927855,160.4,160.85,65
2026-10-09 11:35:55,22494.15,2026-10-13,23100.0,PE,44647,591.4,304525,53495,587.3,589.5,65
2026-10-09 11:35:55,22494.15,2026-10-13,21900.0,PE,44569,10.3,5914480,32210035,10.3,10.35,65
2026-10-09 11:35:55,22494.15,2026-10-13,22400.0,CE,44602,193.2,6010810,162895590,193.1,193.45,65
2026-10-09 11:35:55,22494.15,2026-10-13,23100.0,CE,44646,3.65,7045155,35565660,3.65,3.7,65
2026-10-09 11:35:55,22494.15,2026-10-13,22400.0,PE,44604,78.85,18447650,165415445,79.05,79.1,65
2026-10-09 11:35:55,22494.15,2026-10-13,23000.0,CE,44632,6.9,15195440,71933745,6.95,7.0,65
2026-10-09 11:35:55,22494.15,2026-10-13,22300.0,PE,44599,52.8,18006235,153313680,52.6,52.8,65
2026-10-09 11:35:55,22494.15,2026-10-13,22300.0,CE,44598,266.1,3884205,78260130,266.35,267.05,65
2026-10-09 11:35:55,22494.15,2026-10-13,22950.0,PE,44631,442.1,251030,156650,442.8,445.25,65
2026-10-09 11:35:55,22494.15,2026-10-13,23000.0,PE,44633,492.4,927940,1114100,490.85,492.6,65
2026-10-09 11:35:55,22494.15,2026-10-13,22200.0,PE,44595,34.7,12581725,95968340,34.55,34.7,65
2026-10-09 11:35:55,22494.15,2026-10-13,22950.0,CE,44630,9.4,3680755,31016895,9.35,9.4,65
2026-10-09 11:35:55,22494.15,2026-10-13,22250.0,PE,44597,42.95,6498245,57115240,42.8,42.95,65
2026-10-09 11:35:55,22494.15,2026-10-13,22250.0,CE,44596,306.25,1213420,19334055,306.15,306.95,65
2026-10-09 11:35:55,22494.15,2026-10-13,23050.0,CE,44636,4.95,3193645,25812605,4.95,5.0,65
2026-10-09 11:35:55,22494.15,2026-10-13,22150.0,PE,44591,28.2,3903575,35670960,28.1,28.2,65
2026-10-09 11:35:55,22494.15,2026-10-13,22200.0,CE,44592,348.05,1958580,21261890,348.1,349.05,65
2026-10-09 11:40:17,22492.9,2026-10-13,22700.0,PE,44621,235.0,3495570,11525150,234.85,235.45,65
2026-10-09 11:40:17,22492.9,2026-10-13,22700.0,CE,44620,48.0,12616695,115300835,47.95,48.1,65
2026-10-09 11:40:17,22492.9,2026-10-13,22750.0,PE,44623,272.0,576680,1504750,271.25,271.9,65
2026-10-09 11:40:17,22492.9,2026-10-13,22750.0,CE,44622,35.75,6129825,62503285,35.75,35.85,65
2026-10-09 11:40:17,22492.9,2026-10-13,22100.0,CE,44584,435.0,426140,3273270,434.85,435.95,65
2026-10-09 11:40:17,22492.9,2026-10-13,22050.0,PE,44583,18.45,3557320,29469635,18.35,18.45,65
2026-10-09 11:40:17,22492.9,2026-10-13,22150.0,CE,44586,391.1,291850,2820350,390.35,391.45,65
2026-10-09 11:40:17,22492.9,2026-10-13,22100.0,PE,44585,22.85,7408115,56150770,22.8,22.9,65
2026-10-09 11:40:17,22492.9,2026-10-13,22900.0,PE,44629,401.55,542425,894595,398.45,399.6,65
2026-10-09 11:40:17,22492.9,2026-10-13,22900.0,CE,44628,13.1,8943545,57590845,13.05,13.1,65
2026-10-09 11:40:17,22492.9,2026-10-13,22800.0,PE,44625,313.3,1192360,3646175,312.4,313.15,65
2026-10-09 11:40:17,22492.9,2026-10-13,22800.0,CE,44624,25.9,10235095,90588095,25.85,25.9,65
2026-10-09 11:40:17,22492.9,2026-10-13,22850.0,PE,44627,355.1,209105,429845,354.55,355.5,65
2026-10-09 11:40:17,22492.9,2026-10-13,22850.0,CE,44626,18.7,6009640,52354900,18.55,18.65,65
2026-10-09 11:40:17,22492.9,2026-10-13,22050.0,CE,44582,475.4,140335,527475,481.2,482.55,65
2026-10-09 11:40:17,22492.9,2026-10-13,22000.0,PE,44581,15.2,13706420,82062695,15.1,15.2,65
2026-10-09 11:40:17,22492.9,2026-10-13,22500.0,CE,44612,131.1,14867970,243531795,131.1,131.3,65
2026-10-09 11:40:17,22492.9,2026-10-13,22450.0,PE,44611,97.5,9759620,104208130,97.3,97.5,65
2026-10-09 11:40:17,22492.9,2026-10-13,22000.0,CE,44572,525.95,759720,3295565,526.25,528.15,65
2026-10-09 11:40:17,22492.9,2026-10-13,22650.0,CE,44618,63.5,5701540,76087765,63.3,63.45,65
2026-10-09 11:40:17,22492.9,2026-10-13,22600.0,PE,44617,169.25,5137015,37445330,169.25,169.65,65
2026-10-09 11:40:17,22492.9,2026-10-13,22650.0,PE,44619,199.9,1413490,7221500,200.35,200.85,65
2026-10-09 11:40:17,22492.9,2026-10-13,22550.0,CE,44614,104.95,7552285,125869770,105.15,105.4,65
2026-10-09 11:40:17,22492.9,2026-10-13,22500.0,PE,44613,117.45,17857515,152907950,117.45,117.65,65
2026-10-09 11:40:17,22492.9,2026-10-13,22600.0,CE,44616,82.75,14065935,164806915,82.5,82.75,65
2026-10-09 11:40:17,22492.9,2026-10-13,22550.0,PE,44615,141.8,3928600,36488725,141.1,141.45,65
2026-10-09 11:40:17,22492.9,2026-10-13,21950.0,PE,44571,12.25,3246425,21376810,12.25,12.3,65
2026-10-09 11:40:17,22492.9,2026-10-13,21950.0,CE,44570,566.8,48815,108225,574.05,576.55,65
2026-10-09 11:40:17,22492.9,2026-10-13,21900.0,CE,44568,625.65,95290,245505,621.3,623.75,65
2026-10-09 11:40:17,22492.9,2026-10-13,22350.0,PE,44601,65.25,9580285,101151635,65.1,65.3,65
2026-10-09 11:40:17,22492.9,2026-10-13,23050.0,PE,44645,546.75,75790,16575,538.65,541.9,65
2026-10-09 11:40:17,22492.9,2026-10-13,22350.0,CE,44600,227.8,1950325,82432805,227.7,228.3,65
2026-10-09 11:40:17,22492.9,2026-10-13,22450.0,CE,44608,159.65,5650970,139699040,159.7,160.05,65
2026-10-09 11:40:17,22492.9,2026-10-13,23100.0,PE,44647,591.35,304590,54080,587.65,590.8,65
2026-10-09 11:40:17,22492.9,2026-10-13,21900.0,PE,44569,10.15,5851430,32693700,10.15,10.2,65
2026-10-09 11:40:17,22492.9,2026-10-13,22400.0,CE,44602,192.75,6080750,164162570,192.25,192.75,65
2026-10-09 11:40:17,22492.9,2026-10-13,23100.0,CE,44646,3.65,7024030,35941685,3.65,3.7,65
2026-10-09 11:40:17,22492.9,2026-10-13,22400.0,PE,44604,79.75,18510895,168812345,79.7,79.9,65
2026-10-09 11:40:17,22492.9,2026-10-13,23000.0,CE,44632,7.05,15250365,72647770,7.0,7.05,65
2026-10-09 11:40:17,22492.9,2026-10-13,22300.0,PE,44599,53.2,17997135,156091585,53.2,53.35,65
2026-10-09 11:40:17,22492.9,2026-10-13,22300.0,CE,44598,265.3,3881345,78583505,265.05,265.65,65
2026-10-09 11:40:17,22492.9,2026-10-13,22950.0,PE,44631,445.3,250705,158795,445.5,447.1,65
2026-10-09 11:40:17,22492.9,2026-10-13,23000.0,PE,44633,494.75,919620,1139060,492.85,494.45,65
2026-10-09 11:40:17,22492.9,2026-10-13,22200.0,PE,44595,34.85,12523095,97431750,34.65,34.75,65
2026-10-09 11:40:17,22492.9,2026-10-13,22950.0,CE,44630,9.5,3656705,31357560,9.4,9.45,65
2026-10-09 11:40:17,22492.9,2026-10-13,22250.0,PE,44597,43.15,6413810,58161870,43.05,43.2,65
2026-10-09 11:40:17,22492.9,2026-10-13,22250.0,CE,44596,305.65,1210625,19423495,305.0,305.8,65
2026-10-09 11:40:17,22492.9,2026-10-13,23050.0,CE,44636,5.0,3187990,26079040,4.95,5.0,65
2026-10-09 11:40:17,22492.9,2026-10-13,22150.0,PE,44591,28.15,3947515,36335000,28.15,28.25,65
2026-10-09 11:40:17,22492.9,2026-10-13,22200.0,CE,44592,346.3,1970280,21398910,347.35,348.3,65
2026-10-09 11:45:31,22487.9,2026-10-13,22700.0,PE,44621,239.6,3367520,12122760,238.95,239.6,65
2026-10-09 11:45:31,22487.9,2026-10-13,22700.0,CE,44620,46.4,12356695,118407315,46.35,46.4,65
2026-10-09 11:45:31,22487.9,2026-10-13,22750.0,PE,44623,277.55,568035,1586195,277.0,277.7,65
2026-10-09 11:45:31,22487.9,2026-10-13,22750.0,CE,44622,34.35,6073340,64112555,34.25,34.4,65
2026-10-09 11:45:31,22487.9,2026-10-13,22100.0,CE,44584,426.45,420810,3296085,428.75,429.75,65
2026-10-09 11:45:31,22487.9,2026-10-13,22050.0,PE,44583,18.8,3547115,30274855,18.8,18.85,65
2026-10-09 11:45:31,22487.9,2026-10-13,22150.0,CE,44586,385.0,285025,2845245,384.7,385.7,65
2026-10-09 11:45:31,22487.9,2026-10-13,22100.0,PE,44585,23.25,7511010,57483140,23.3,23.35,65
2026-10-09 11:45:31,22487.9,2026-10-13,22900.0,PE,44629,405.1,546455,921115,404.95,406.35,65
2026-10-09 11:45:31,22487.9,2026-10-13,22900.0,CE,44628,12.6,8926840,58759610,12.55,12.6,65
2026-10-09 11:45:31,22487.9,2026-10-13,22800.0,PE,44625,317.25,1168245,3850665,317.35,318.3,65
2026-10-09 11:45:31,22487.9,2026-10-13,22800.0,CE,44624,24.8,10252190,92954225,24.8,24.9,65
2026-10-09 11:45:31,22487.9,2026-10-13,22850.0,PE,44627,361.3,208390,445445,359.75,360.75,65
2026-10-09 11:45:31,22487.9,2026-10-13,22850.0,CE,44626,17.9,5925920,53583140,17.85,17.95,65
2026-10-09 11:45:31,22487.9,2026-10-13,22050.0,CE,44582,473.7,140270,530400,474.3,475.65,65
2026-10-09 11:45:31,22487.9,2026-10-13,22000.0,PE,44581,15.4,14109485,84635330,15.4,15.45,65
2026-10-09 11:45:31,22487.9,2026-10-13,22500.0,CE,44612,127.45,15013960,251039425,127.45,127.75,65
2026-10-09 11:45:31,22487.9,2026-10-13,22450.0,PE,44611,99.75,9702615,110565130,99.5,99.8,65
2026-10-09 11:45:31,22487.9,2026-10-13,22000.0,CE,44572,521.45,717145,3435835,521.45,522.55,65
2026-10-09 11:45:31,22487.9,2026-10-13,22650.0,CE,44618,61.5,5564260,78463450,61.35,61.5,65
2026-10-09 11:45:31,22487.9,2026-10-13,22600.0,PE,44617,173.4,4903600,39648180,172.95,173.25,65
2026-10-09 11:45:31,22487.9,2026-10-13,22650.0,PE,44619,204.85,1394055,7674615,204.4,204.9,65
2026-10-09 11:45:31,22487.9,2026-10-13,22550.0,CE,44614,101.95,7860580,130633685,102.0,102.1,65
2026-10-09 11:45:31,22487.9,2026-10-13,22500.0,PE,44613,120.35,17417725,163113015,120.05,120.3,65
2026-10-09 11:45:31,22487.9,2026-10-13,22600.0,CE,44616,80.1,14172795,169822380,79.9,80.15,65
2026-10-09 11:45:31,22487.9,2026-10-13,22550.0,PE,44615,145.3,3667820,39519675,145.0,145.25,65
2026-10-09 11:45:31,22487.9,2026-10-13,21950.0,PE,44571,12.45,3284905,21926645,12.45,12.5,65
2026-10-09 11:45:31,22487.9,2026-10-13,21950.0,CE,44570,559.15,48750,108290,567.15,569.75,65
2026-10-09 11:45:31,22487.9,2026-10-13,21900.0,CE,44568,614.75,95550,246350,615.4,617.9,65
2026-10-09 11:45:31,22487.9,2026-10-13,22350.0,PE,44601,66.85,9564945,104108680,66.6,66.8,65
2026-10-09 11:45:31,22487.9,2026-10-13,23050.0,PE,44645,549.0,75660,17095,545.85,548.4,65
2026-10-09 11:45:31,22487.9,2026-10-13,22350.0,CE,44600,223.2,1953445,82997915,222.9,223.35,65
2026-10-09 11:45:31,22487.9,2026-10-13,22450.0,CE,44608,156.2,5622565,142376130,155.85,156.2,65
2026-10-09 11:45:31,22487.9,2026-10-13,23100.0,PE,44647,599.3,304330,55770,595.2,597.1,65
2026-10-09 11:45:31,22487.9,2026-10-13,21900.0,PE,44569,10.35,5805865,33392970,10.3,10.4,65
2026-10-09 11:45:31,22487.9,2026-10-13,22400.0,CE,44602,188.3,6179615,166413845,188.05,188.4,65
2026-10-09 11:45:31,22487.9,2026-10-13,23100.0,CE,44646,3.5,7066280,36423790,3.5,3.55,65
2026-10-09 11:45:31,22487.9,2026-10-13,22400.0,PE,44604,81.5,18506410,174878860,81.45,81.7,65
2026-10-09 11:45:31,22487.9,2026-10-13,23000.0,CE,44632,6.75,15308280,74150115,6.7,6.75,65
2026-10-09 11:45:31,22487.9,2026-10-13,22300.0,PE,44599,54.3,18010850,160344925,54.35,54.5,65
2026-10-09 11:45:31,22487.9,2026-10-13,22300.0,CE,44598,260.75,3871595,79174355,260.1,260.75,65
2026-10-09 11:45:31,22487.9,2026-10-13,22950.0,PE,44631,452.65,250510,161395,451.0,452.6,65
2026-10-09 11:45:31,22487.9,2026-10-13,23000.0,PE,44633,499.95,892060,1202370,498.35,499.95,65
2026-10-09 11:45:31,22487.9,2026-10-13,22200.0,PE,44595,35.65,12506780,100095320,35.5,35.65,65
2026-10-09 11:45:31,22487.9,2026-10-13,22950.0,CE,44630,9.0,3635320,32055725,9.0,9.05,65
2026-10-09 11:45:31,22487.9,2026-10-13,22250.0,PE,44597,44.05,6447025,60173880,44.05,44.15,65
2026-10-09 11:45:31,22487.9,2026-10-13,22250.0,CE,44596,300.4,1243970,19574100,299.65,300.3,65
2026-10-09 11:45:31,22487.9,2026-10-13,23050.0,CE,44636,4.85,3200730,26549445,4.8,4.85,65
2026-10-09 11:45:31,22487.9,2026-10-13,22150.0,PE,44591,28.8,3982030,37757265,28.65,28.8,65
2026-10-09 11:45:31,22487.9,2026-10-13,22200.0,CE,44592,342.15,1970605,21624135,341.35,342.2,65
2026-10-09 11:50:23,22483.3,2026-10-13,22700.0,PE,44621,243.0,3409965,12410255,242.0,242.6,65
2026-10-09 11:50:23,22483.3,2026-10-13,22700.0,CE,44620,45.45,12504310,120084315,45.55,45.7,65
2026-10-09 11:50:23,22483.3,2026-10-13,22750.0,PE,44623,280.95,574600,1628900,279.8,280.45,65
2026-10-09 11:50:23,22483.3,2026-10-13,22750.0,CE,44622,33.7,6194175,65156585,33.85,33.95,65
2026-10-09 11:50:23,22483.3,2026-10-13,22100.0,CE,44584,424.45,423540,3312660,425.0,426.1,65
2026-10-09 11:50:23,22483.3,2026-10-13,22050.0,PE,44583,19.15,3558035,30747145,19.1,19.15,65
2026-10-09 11:50:23,22483.3,2026-10-13,22150.0,CE,44586,382.15,286910,2855840,380.85,381.8,65
2026-10-09 11:50:23,22483.3,2026-10-13,22100.0,PE,44585,23.85,7599150,58521125,23.7,23.8,65
2026-10-09 11:50:23,22483.3,2026-10-13,22900.0,PE,44629,409.1,539240,936520,409.35,410.65,65
2026-10-09 11:50:23,22483.3,2026-10-13,22900.0,CE,44628,12.35,9017450,59546175,12.3,12.4,65
2026-10-09 11:50:23,22483.3,2026-10-13,22800.0,PE,44625,322.3,1175785,3940105,321.25,322.05,65
2026-10-09 11:50:23,22483.3,2026-10-13,22800.0,CE,44624,24.4,10283650,94270150,24.35,24.45,65
2026-10-09 11:50:23,22483.3,2026-10-13,22850.0,PE,44627,364.35,208455,459810,364.2,365.15,65
2026-10-09 11:50:23,22483.3,2026-10-13,22850.0,CE,44626,17.6,5981430,54436590,17.6,17.65,65
2026-10-09 11:50:23,22483.3,2026-10-13,22050.0,CE,44582,478.75,139620,533325,471.2,472.65,65
2026-10-09 11:50:23,22483.3,2026-10-13,22000.0,PE,44581,15.65,13947895,86015670,15.6,15.7,65
2026-10-09 11:50:23,22483.3,2026-10-13,22500.0,CE,44612,125.25,15352415,256213165,125.15,125.45,65
2026-10-09 11:50:23,22483.3,2026-10-13,22450.0,PE,44611,101.65,9766770,113804535,101.25,101.5,65
2026-10-09 11:50:23,22483.3,2026-10-13,22000.0,CE,44572,515.95,715585,3448835,517.0,518.75,65
2026-10-09 11:50:23,22483.3,2026-10-13,22650.0,CE,44618,60.1,5731180,79988220,60.1,60.25,65
2026-10-09 11:50:23,22483.3,2026-10-13,22600.0,PE,44617,175.7,5000580,40853085,175.85,176.25,65
2026-10-09 11:50:23,22483.3,2026-10-13,22650.0,PE,44619,207.9,1366885,7879755,207.8,208.0,65
2026-10-09 11:50:23,22483.3,2026-10-13,22550.0,CE,44614,99.85,7703020,133189030,99.9,100.15,65
2026-10-09 11:50:23,22483.3,2026-10-13,22500.0,PE,44613,122.9,17310085,168116715,122.4,122.7,65
2026-10-09 11:50:23,22483.3,2026-10-13,22600.0,CE,44616,78.65,14588730,173655885,78.45,78.7,65
2026-10-09 11:50:23,22483.3,2026-10-13,22550.0,PE,44615,147.45,3653000,41080650,147.55,147.85,65
2026-10-09 11:50:23,22483.3,2026-10-13,21950.0,PE,44571,12.8,3272555,22235070,12.65,12.7,65
2026-10-09 11:50:23,22483.3,2026-10-13,21950.0,CE,44570,570.3,49530,109785,563.3,565.85,65
2026-10-09 11:50:23,22483.3,2026-10-13,21900.0,CE,44568,609.8,95745,247000,610.5,613.35,65
2026-10-09 11:50:23,22483.3,2026-10-13,22350.0,PE,44601,68.15,9426300,105776190,67.7,67.85,65
2026-10-09 11:50:23,22483.3,2026-10-13,23050.0,PE,44645,549.45,75725,17550,549.45,552.75,65
2026-10-09 11:50:23,22483.3,2026-10-13,22350.0,CE,44600,220.0,1982045,83394545,220.3,220.85,65
2026-10-09 11:50:23,22483.3,2026-10-13,22450.0,CE,44608,153.8,5868590,144403545,153.5,153.85,65
2026-10-09 11:50:23,22483.3,2026-10-13,23100.0,PE,44647,601.5,304330,56355,598.7,601.9,65
2026-10-09 11:50:23,22483.3,2026-10-13,21900.0,PE,44569,10.55,5803525,34045245,10.5,10.6,65
2026-10-09 11:50:23,22483.3,2026-10-13,22400.0,CE,44602,185.55,6362850,167738285,185.05,185.4,65
2026-10-09 11:50:23,22483.3,2026-10-13,23100.0,CE,44646,3.6,7080645,36707710,3.55,3.6,65
2026-10-09 11:50:23,22483.3,2026-10-13,22400.0,PE,44604,83.45,18474495,178239165,83.25,83.45,65
2026-10-09 11:50:23,22483.3,2026-10-13,23000.0,CE,44632,6.75,15422160,74893195,6.7,6.75,65
2026-10-09 11:50:23,22483.3,2026-10-13,22300.0,PE,44599,55.7,18081375,162724575,55.5,55.7,65
2026-10-09 11:50:23,22483.3,2026-10-13,22300.0,CE,44598,257.4,3893370,79750450,256.45,257.15,65
2026-10-09 11:50:23,22483.3,2026-10-13,22950.0,PE,44631,447.75,250900,162110,455.35,457.15,65
2026-10-09 11:50:23,22483.3,2026-10-13,23000.0,PE,44633,502.6,892385,1218490,502.6,503.15,65
2026-10-09 11:50:23,22483.3,2026-10-13,22200.0,PE,44595,36.25,12532910,101749115,36.25,36.3,65
2026-10-09 11:50:23,22483.3,2026-10-13,22950.0,CE,44630,8.95,3636750,32446635,8.9,9.0,65
2026-10-09 11:50:23,22483.3,2026-10-13,22250.0,PE,44597,44.85,6494215,61166690,44.9,45.0,65
2026-10-09 11:50:23,22483.3,2026-10-13,22250.0,CE,44596,296.7,1255930,19671535,296.0,296.75,65
2026-10-09 11:50:23,22483.3,2026-10-13,23050.0,CE,44636,4.8,3191045,26783965,4.8,4.85,65
2026-10-09 11:50:23,22483.3,2026-10-13,22150.0,PE,44591,29.45,3947190,38709190,29.3,29.4,65
2026-10-09 11:50:23,22483.3,2026-10-13,22200.0,CE,44592,337.5,1983540,21789495,337.35,338.2,65
2026-10-09 11:55:23,22477.4,2026-10-13,22700.0,PE,44621,248.3,3367845,12894505,247.45,248.05,65
2026-10-09 11:55:23,22477.4,2026-10-13,22700.0,CE,44620,43.35,12324780,122956080,43.25,43.35,65
2026-10-09 11:55:23,22477.4,2026-10-13,22750.0,PE,44623,287.5,558415,1710670,286.3,287.0,65
2026-10-09 11:55:23,22477.4,2026-10-13,22750.0,CE,44622,31.95,6129695,66595620,31.85,31.9,65
2026-10-09 11:55:23,22477.4,2026-10-13,22100.0,CE,44584,417.6,416910,3345355,417.6,418.7,65
2026-10-09 11:55:23,22477.4,2026-10-13,22050.0,PE,44583,19.4,3535220,31424965,19.35,19.45,65
2026-10-09 11:55:23,22477.4,2026-10-13,22150.0,CE,44586,372.9,285805,2875990,373.55,374.4,65
2026-10-09 11:55:23,22477.4,2026-10-13,22100.0,PE,44585,24.05,7655765,60151065,24.1,24.2,65
2026-10-09 11:55:23,22477.4,2026-10-13,22900.0,PE,44629,416.1,538915,954135,416.1,416.9,65
2026-10-09 11:55:23,22477.4,2026-10-13,22900.0,CE,44628,11.6,9074975,60881535,11.5,11.55,65
2026-10-09 11:55:23,22477.4,2026-10-13,22800.0,PE,44625,327.75,1162980,4076540,327.15,328.05,65
2026-10-09 11:55:23,22477.4,2026-10-13,22800.0,CE,44624,23.0,10407670,96487885,22.9,23.0,65
2026-10-09 11:55:23,22477.4,2026-10-13,22850.0,PE,44627,376.2,208195,468780,370.6,371.7,65
2026-10-09 11:55:23,22477.4,2026-10-13,22850.0,CE,44626,16.45,6020365,55891940,16.45,16.55,65
2026-10-09 11:55:23,22477.4,2026-10-13,22050.0,CE,44582,464.0,140335,537420,463.15,464.6,65
2026-10-09 11:55:23,22477.4,2026-10-13,22000.0,PE,44581,15.7,13975130,87675705,15.75,15.8,65
2026-10-09 11:55:23,22477.4,2026-10-13,22500.0,CE,44612,121.2,15155790,262564575,120.7,121.0,65
2026-10-09 11:55:23,22477.4,2026-10-13,22450.0,PE,44611,103.95,9897615,119847065,104.0,104.15,65
2026-10-09 11:55:23,22477.4,2026-10-13,22000.0,CE,44572,509.0,716105,3477760,509.4,509.95,65
2026-10-09 11:55:23,22477.4,2026-10-13,22650.0,CE,44618,57.8,5586620,82000295,57.65,57.8,65
2026-10-09 11:55:23,22477.4,2026-10-13,22600.0,PE,44617,180.0,4772430,43027855,180.0,180.2,65
2026-10-09 11:55:23,22477.4,2026-10-13,22650.0,PE,44619,211.85,1353885,8279115,211.85,212.35,65
2026-10-09 11:55:23,22477.4,2026-10-13,22550.0,CE,44614,96.7,7588230,136357845,96.3,96.55,65
2026-10-09 11:55:23,22477.4,2026-10-13,22500.0,PE,44613,125.75,17429100,177673860,125.95,126.05,65
2026-10-09 11:55:23,22477.4,2026-10-13,22600.0,CE,44616,75.7,14707810,178245080,75.4,75.55,65
2026-10-09 11:55:23,22477.4,2026-10-13,22550.0,PE,44615,151.1,3588780,43678895,151.0,151.35,65
2026-10-09 11:55:23,22477.4,2026-10-13,21950.0,PE,44571,12.75,3292770,22755720,12.75,12.8,65
2026-10-09 11:55:23,22477.4,2026-10-13,21950.0,CE,44570,563.05,49725,109850,556.0,558.6,65
2026-10-09 11:55:23,22477.4,2026-10-13,21900.0,CE,44568,600.0,95485,248885,603.65,605.9,65
2026-10-09 11:55:23,22477.4,2026-10-13,22350.0,PE,44601,69.4,9421360,108514315,69.4,69.6,65
2026-10-09 11:55:23,22477.4,2026-10-13,23050.0,PE,44645,558.85,75920,18395,556.95,559.8,65
2026-10-09 11:55:23,22477.4,2026-10-13,22350.0,CE,44600,214.2,1994525,83938790,214.2,214.35,65
2026-10-09 11:55:23,22477.4,2026-10-13,22450.0,CE,44608,149.2,5676775,146750500,148.6,148.75,65
2026-10-09 11:55:23,22477.4,2026-10-13,23100.0,PE,44647,615.85,304200,59670,605.6,608.3,65
2026-10-09 11:55:23,22477.4,2026-10-13,21900.0,PE,44569,10.5,5797545,34691215,10.55,10.6,65
2026-10-09 11:55:23,22477.4,2026-10-13,22400.0,CE,44602,180.55,6228430,169552955,179.9,180.3,65
2026-10-09 11:55:23,22477.4,2026-10-13,23100.0,CE,44646,3.3,7081035,37240645,3.3,3.35,65
2026-10-09 11:55:23,22477.4,2026-10-13,22400.0,PE,44604,85.15,18652205,184783690,85.1,85.3,65
2026-10-09 11:55:23,22477.4,2026-10-13,23000.0,CE,44632,6.25,15186860,76438505,6.2,6.25,65
2026-10-09 11:55:23,22477.4,2026-10-13,22300.0,PE,44599,56.55,17424485,167810630,56.45,56.6,65
2026-10-09 11:55:23,22477.4,2026-10-13,22300.0,CE,44598,251.0,3835065,80388620,251.0,251.45,65
2026-10-09 11:55:23,22477.4,2026-10-13,22950.0,PE,44631,467.45,250770,164580,462.0,463.55,65
2026-10-09 11:55:23,22477.4,2026-10-13,23000.0,PE,44633,509.25,882440,1252615,508.8,510.7,65
2026-10-09 11:55:23,22477.4,2026-10-13,22200.0,PE,44595,37.0,12640160,104284505,36.9,37.0,65
2026-10-09 11:55:23,22477.4,2026-10-13,22950.0,CE,44630,8.35,3600350,32981260,8.3,8.35,65
2026-10-09 11:55:23,22477.4,2026-10-13,22250.0,PE,44597,45.65,6521775,62972455,45.8,45.95,65
2026-10-09 11:55:23,22477.4,2026-10-13,22250.0,CE,44596,290.7,1254110,19787495,289.6,290.35,65
2026-10-09 11:55:23,22477.4,2026-10-13,23050.0,CE,44636,4.5,3262675,27285115,4.5,4.55,65
2026-10-09 11:55:23,22477.4,2026-10-13,22150.0,PE,44591,29.75,3906435,39811655,29.85,30.0,65
2026-10-09 11:55:23,22477.4,2026-10-13,22200.0,CE,44592,331.9,1967095,21970780,330.85,331.7,65
2026-10-09 12:00:57,22454.55,2026-10-13,22700.0,PE,44621,265.55,3316105,13471900,265.0,265.55,65
2026-10-09 12:00:57,22454.55,2026-10-13,22700.0,CE,44620,37.95,12622350,126685455,37.8,37.9,65
2026-10-09 12:00:57,22454.55,2026-10-13,22750.0,PE,44623,305.0,545155,1795365,304.55,305.35,65
2026-10-09 12:00:57,22454.55,2026-10-13,22750.0,CE,44622,27.9,6144580,68169270,27.75,27.9,65
2026-10-09 12:00:57,22454.55,2026-10-13,22100.0,CE,44584,397.75,416910,3380260,397.25,398.3,65
2026-10-09 12:00:57,22454.55,2026-10-13,22050.0,PE,44583,21.1,3561155,32631170,21.05,21.1,65
2026-10-09 12:00:57,22454.55,2026-10-13,22150.0,CE,44586,354.55,281905,2897765,353.25,354.15,65
2026-10-09 12:00:57,22454.55,2026-10-13,22100.0,PE,44585,26.25,7651800,62842975,26.3,26.4,65
2026-10-09 12:00:57,22454.55,2026-10-13,22900.0,PE,44629,438.6,548470,1005095,437.05,438.3,65
2026-10-09 12:00:57,22454.55,2026-10-13,22900.0,CE,44628,10.3,9108320,62218845,10.25,10.35,65
2026-10-09 12:00:57,22454.55,2026-10-13,22800.0,PE,44625,347.5,1144130,4226690,346.7,347.65,65
2026-10-09 12:00:57,22454.55,2026-10-13,22800.0,CE,44624,20.15,10710570,99609900,20.0,20.05,65
2026-10-09 12:00:57,22454.55,2026-10-13,22850.0,PE,44627,395.0,206635,482950,391.95,393.05,65
2026-10-09 12:00:57,22454.55,2026-10-13,22850.0,CE,44626,14.5,5901415,57880745,14.5,14.6,65
2026-10-09 12:00:57,22454.55,2026-10-13,22050.0,CE,44582,439.15,139750,549575,442.2,443.4,65
2026-10-09 12:00:57,22454.55,2026-10-13,22000.0,PE,44581,17.1,14066715,90399465,17.1,17.15,65
2026-10-09 12:00:57,22454.55,2026-10-13,22500.0,CE,44612,108.85,15731105,270599030,108.7,109.0,65
2026-10-09 12:00:57,22454.55,2026-10-13,22450.0,PE,44611,113.3,9886695,128180455,113.45,113.55,65
2026-10-09 12:00:57,22454.55,2026-10-13,22000.0,CE,44572,489.35,710385,3519165,488.4,489.75,65
2026-10-09 12:00:57,22454.55,2026-10-13,22650.0,CE,44618,50.95,5587530,84297070,50.8,50.95,65
2026-10-09 12:00:57,22454.55,2026-10-13,22600.0,PE,44617,194.0,4581395,45317545,194.2,194.7,65
2026-10-09 12:00:57,22454.55,2026-10-13,22650.0,PE,44619,228.55,1286415,8735155,228.0,228.35,65
2026-10-09 12:00:57,22454.55,2026-10-13,22550.0,CE,44614,86.25,7584395,140241010,86.1,86.35,65
2026-10-09 12:00:57,22454.55,2026-10-13,22500.0,PE,44613,136.8,16361605,188978725,136.95,137.3,65
2026-10-09 12:00:57,22454.55,2026-10-13,22600.0,CE,44616,67.2,14584960,183389115,66.85,67.0,65
2026-10-09 12:00:57,22454.55,2026-10-13,22550.0,PE,44615,163.85,3463005,46416760,163.7,164.1,65
2026-10-09 12:00:57,22454.55,2026-10-13,21950.0,PE,44571,13.8,3302715,23752690,13.8,13.85,65
2026-10-09 12:00:57,22454.55,2026-10-13,21950.0,CE,44570,531.4,49790,110500,534.3,536.75,65
2026-10-09 12:00:57,22454.55,2026-10-13,21850.0,CE,44566,627.0,28275,39975,629.45,632.55,65
2026-10-09 12:00:57,22454.55,2026-10-13,21900.0,CE,44568,587.25,94965,250445,581.6,584.15,65
2026-10-09 12:00:57,22454.55,2026-10-13,22350.0,PE,44601,76.1,9271795,112436415,76.1,76.3,65
2026-10-09 12:00:57,22454.55,2026-10-13,23050.0,PE,44645,583.55,75855,18655,578.85,582.2,65
2026-10-09 12:00:57,22454.55,2026-10-13,22350.0,CE,44600,198.6,2006745,84557720,197.75,198.25,65
2026-10-09 12:00:57,22454.55,2026-10-13,21850.0,PE,44567,9.2,3639675,22128990,9.2,9.3,65
2026-10-09 12:00:57,22454.55,2026-10-13,22450.0,CE,44608,135.7,5942105,150076810,135.35,135.6,65
2026-10-09 12:00:57,22454.55,2026-10-13,21900.0,PE,44569,11.35,5762835,35665955,11.3,11.4,65
2026-10-09 12:00:57,22454.55,2026-10-13,22400.0,CE,44602,165.55,6442735,171808195,165.3,165.6,65
2026-10-09 12:00:57,22454.55,2026-10-13,22400.0,PE,44604,93.4,17716660,195087165,93.05,93.3,65
2026-10-09 12:00:57,22454.55,2026-10-13,23000.0,CE,44632,5.85,15192060,77874290,5.8,5.85,65
2026-10-09 12:00:57,22454.55,2026-10-13,22300.0,PE,44599,61.75,17297735,175092775,61.7,61.85,65
2026-10-09 12:00:57,22454.55,2026-10-13,22300.0,CE,44598,233.8,3831815,81237715,233.2,233.85,65
2026-10-09 12:00:57,22454.55,2026-10-13,22950.0,PE,44631,486.85,250445,169065,483.8,485.5,65
2026-10-09 12:00:57,22454.55,2026-10-13,23000.0,PE,44633,532.05,880100,1288690,531.2,532.9,65
2026-10-09 12:00:57,22454.55,2026-10-13,22200.0,PE,44595,40.4,12612925,107721705,40.25,40.4,65
2026-10-09 12:00:57,22454.55,2026-10-13,22950.0,CE,44630,7.6,3635385,33749495,7.55,7.6,65
2026-10-09 12:00:57,22454.55,2026-10-13,22250.0,PE,44597,50.2,6624995,65610740,50.05,50.2,65
2026-10-09 12:00:57,22454.55,2026-10-13,22250.0,CE,44596,270.6,1254760,19940050,271.4,272.05,65
2026-10-09 12:00:57,22454.55,2026-10-13,23050.0,CE,44636,4.3,3229395,27975285,4.3,4.35,65
2026-10-09 12:00:57,22454.55,2026-10-13,22150.0,PE,44591,32.65,3958760,41446600,32.65,32.75,65
2026-10-09 12:00:57,22454.55,2026-10-13,22200.0,CE,44592,312.0,1965600,22166040,311.9,312.75,65
2026-10-09 12:05:19,22472.95,2026-10-13,22700.0,PE,44621,251.85,3283150,13804440,251.65,252.3,65
2026-10-09 12:05:19,22472.95,2026-10-13,22700.0,CE,44620,41.7,12832950,129602070,41.8,41.9,65
2026-10-09 12:05:19,22472.95,2026-10-13,22750.0,PE,44623,290.55,545480,1864070,291.0,291.8,65
2026-10-09 12:05:19,22472.95,2026-10-13,22750.0,CE,44622,31.0,6135935,69587310,30.85,30.95,65
2026-10-09 12:05:19,22472.95,2026-10-13,22100.0,CE,44584,413.65,417690,3422640,411.65,412.9,65
2026-10-09 12:05:19,22472.95,2026-10-13,22050.0,PE,44583,19.05,3514810,33588490,19.05,19.15,65
2026-10-09 12:05:19,22472.95,2026-10-13,22150.0,CE,44586,368.7,283010,2920255,367.8,368.9,65
2026-10-09 12:05:19,22472.95,2026-10-13,22100.0,PE,44585,23.8,7748585,64859145,23.85,23.95,65
2026-10-09 12:05:19,22472.95,2026-10-13,22900.0,PE,44629,422.3,553150,1029470,421.1,422.55,65
2026-10-09 12:05:19,22472.95,2026-10-13,22900.0,CE,44628,11.4,9003085,63359465,11.4,11.45,65
2026-10-09 12:05:19,22472.95,2026-10-13,22800.0,PE,44625,333.5,1134250,4334525,332.35,333.25,65
2026-10-09 12:05:19,22472.95,2026-10-13,22800.0,CE,44624,22.4,10793380,101858380,22.3,22.4,65
2026-10-09 12:05:19,22472.95,2026-10-13,22850.0,PE,44627,376.9,203580,495885,376.3,377.25,65
2026-10-09 12:05:19,22472.95,2026-10-13,22850.0,CE,44626,16.25,5853120,59116850,16.15,16.25,65
2026-10-09 12:05:19,22472.95,2026-10-13,22050.0,CE,44582,457.6,139880,559065,457.15,458.5,65
2026-10-09 12:05:19,22472.95,2026-10-13,22000.0,PE,44581,15.4,14241500,92830335,15.4,15.45,65
2026-10-09 12:05:19,22472.95,2026-10-13,22500.0,CE,44612,117.6,15923440,276897205,117.3,117.6,65
2026-10-09 12:05:19,22472.95,2026-10-13,22450.0,PE,44611,105.55,9723350,134216550,105.4,105.7,65
2026-10-09 12:05:19,22472.95,2026-10-13,22000.0,CE,44572,505.0,699920,3613025,503.3,505.0,65
2026-10-09 12:05:19,22472.95,2026-10-13,22650.0,CE,44618,55.8,5725135,85953530,55.65,55.8,65
2026-10-09 12:05:19,22472.95,2026-10-13,22600.0,PE,44617,183.5,4519710,46825025,182.35,182.8,65
2026-10-09 12:05:19,22472.95,2026-10-13,22650.0,PE,44619,216.5,1253980,9014070,215.75,216.35,65
2026-10-09 12:05:19,22472.95,2026-10-13,22550.0,CE,44614,93.0,7661225,143259610,93.0,93.3,65
2026-10-09 12:05:19,22472.95,2026-10-13,22500.0,PE,44613,127.75,15467920,196757795,127.75,128.1,65
2026-10-09 12:05:19,22472.95,2026-10-13,22600.0,CE,44616,73.2,14677260,187406310,73.2,73.3,65
2026-10-09 12:05:19,22472.95,2026-10-13,22550.0,PE,44615,153.9,3273920,48374170,153.5,153.9,65
2026-10-09 12:05:19,22472.95,2026-10-13,21950.0,PE,44571,12.5,3261830,24456965,12.35,12.4,65
2026-10-09 12:05:19,22472.95,2026-10-13,21950.0,CE,44570,552.8,49140,110825,549.8,553.15,65
2026-10-09 12:05:19,22472.95,2026-10-13,21850.0,CE,44566,644.5,28470,40690,646.05,649.35,65
2026-10-09 12:05:19,22472.95,2026-10-13,21900.0,CE,44568,600.1,94640,251420,597.2,599.5,65
2026-10-09 12:05:19,22472.95,2026-10-13,22350.0,PE,44601,70.4,9072375,115626550,70.15,70.35,65
2026-10-09 12:05:19,22472.95,2026-10-13,23050.0,PE,44645,567.9,75660,19500,561.6,565.3,65
2026-10-09 12:05:19,22472.95,2026-10-13,22350.0,CE,44600,209.8,2054390,85096050,209.3,209.8,65
2026-10-09 12:05:19,22472.95,2026-10-13,21850.0,PE,44567,8.35,3661840,22619480,8.35,8.4,65
2026-10-09 12:05:19,22472.95,2026-10-13,22450.0,CE,44608,144.8,6238635,153242830,144.55,144.9,65
2026-10-09 12:05:19,22472.95,2026-10-13,21900.0,PE,44569,10.2,5741125,36635300,10.2,10.25,65
2026-10-09 12:05:19,22472.95,2026-10-13,22400.0,CE,44602,175.9,6584695,173852120,175.5,175.9,65
2026-10-09 12:05:19,22472.95,2026-10-13,22400.0,PE,44604,86.3,17523805,202675525,86.3,86.5,65
2026-10-09 12:05:19,22472.95,2026-10-13,23000.0,CE,44632,6.35,15125695,79069250,6.3,6.35,65
2026-10-09 12:05:19,22472.95,2026-10-13,22300.0,PE,44599,56.65,17488835,180052990,56.65,56.85,65
2026-10-09 12:05:19,22472.95,2026-10-13,22300.0,CE,44598,245.6,3813550,81961555,245.4,246.05,65
2026-10-09 12:05:19,22472.95,2026-10-13,22950.0,PE,44631,469.5,249860,171925,467.9,469.85,65
2026-10-09 12:05:19,22472.95,2026-10-13,23000.0,PE,44633,517.35,880035,1313325,515.1,517.0,65
2026-10-09 12:05:19,22472.95,2026-10-13,22200.0,PE,44595,36.8,12606425,110649630,36.75,36.8,65
2026-10-09 12:05:19,22472.95,2026-10-13,22950.0,CE,44630,8.35,3663140,34359130,8.25,8.35,65
2026-10-09 12:05:19,22472.95,2026-10-13,22250.0,PE,44597,45.9,6401980,67875080,45.5,45.6,65
2026-10-09 12:05:19,22472.95,2026-10-13,22250.0,CE,44596,284.35,1248455,20074730,283.65,284.4,65
2026-10-09 12:05:19,22472.95,2026-10-13,23050.0,CE,44636,4.6,3155815,28328690,4.6,4.65,65
2026-10-09 12:05:19,22472.95,2026-10-13,22150.0,PE,44591,29.6,4020250,42732365,29.65,29.75,65
2026-10-09 12:05:19,22472.95,2026-10-13,22200.0,CE,44592,325.45,1980680,22365785,325.35,325.8,65
2026-10-09 12:11:03,22484.8,2026-10-13,22700.0,PE,44621,241.35,3343145,14259700,240.8,241.35,65
2026-10-09 12:11:03,22484.8,2026-10-13,22700.0,CE,44620,44.75,12804155,134450030,44.65,44.75,65
2026-10-09 12:11:03,22484.8,2026-10-13,22750.0,PE,44623,280.55,554385,1932515,279.0,279.65,65
2026-10-09 12:11:03,22484.8,2026-10-13,22750.0,CE,44622,33.0,6126835,72094750,33.0,33.15,65
2026-10-09 12:11:03,22484.8,2026-10-13,22100.0,CE,44584,425.0,422045,3465475,423.95,425.2,65
2026-10-09 12:11:03,22484.8,2026-10-13,22050.0,PE,44583,17.95,3512210,34500895,17.9,17.95,65
2026-10-09 12:11:03,22484.8,2026-10-13,22150.0,CE,44586,380.0,286325,2954640,380.0,380.45,65
2026-10-09 12:11:03,22484.8,2026-10-13,22100.0,PE,44585,22.45,7756450,66676025,22.4,22.5,65
2026-10-09 12:11:03,22484.8,2026-10-13,22900.0,PE,44629,409.0,549185,1062555,408.15,409.0,65
2026-10-09 12:11:03,22484.8,2026-10-13,22900.0,CE,44628,12.1,9005165,65204360,12.1,12.15,65
2026-10-09 12:11:03,22484.8,2026-10-13,22800.0,PE,44625,320.7,1129700,4493385,320.4,321.0,65
2026-10-09 12:11:03,22484.8,2026-10-13,22800.0,CE,44624,23.85,10754315,105529580,23.8,23.85,65
2026-10-09 12:11:03,22484.8,2026-10-13,22850.0,PE,44627,363.8,206050,507715,363.5,364.7,65
2026-10-09 12:11:03,22484.8,2026-10-13,22850.0,CE,44626,17.25,5854030,61004385,17.15,17.25,65
2026-10-09 12:11:03,22484.8,2026-10-13,22050.0,CE,44582,472.5,139490,567905,469.95,471.15,65
2026-10-09 12:11:03,22484.8,2026-10-13,22000.0,PE,44581,14.6,14164215,95225065,14.5,14.6,65
2026-10-09 12:11:03,22484.8,2026-10-13,22500.0,CE,44612,124.0,15717260,289382925,123.6,123.95,65
2026-10-09 12:11:03,22484.8,2026-10-13,22450.0,PE,44611,99.65,9335560,140254595,99.25,99.5,65
2026-10-09 12:11:03,22484.8,2026-10-13,22000.0,CE,44572,515.5,689780,3673085,515.25,516.6,65
2026-10-09 12:11:03,22484.8,2026-10-13,22650.0,CE,44618,59.45,5788315,89401195,59.5,59.6,65
2026-10-09 12:11:03,22484.8,2026-10-13,22600.0,PE,44617,174.6,4525170,48462375,173.95,174.2,65
2026-10-09 12:11:03,22484.8,2026-10-13,22650.0,PE,44619,206.15,1271140,9356490,205.65,206.15,65
2026-10-09 12:11:03,22484.8,2026-10-13,22550.0,CE,44614,99.0,7583615,149386120,98.8,98.9,65
2026-10-09 12:11:03,22484.8,2026-10-13,22500.0,PE,44613,120.9,15154620,204913800,120.8,121.0,65
2026-10-09 12:11:03,22484.8,2026-10-13,22600.0,CE,44616,77.45,14393535,195235885,77.6,77.8,65
2026-10-09 12:11:03,22484.8,2026-10-13,22550.0,PE,44615,145.8,3146455,50586900,145.75,146.0,65
2026-10-09 12:11:03,22484.8,2026-10-13,21950.0,PE,44571,11.8,3200665,25272455,11.75,11.8,65
2026-10-09 12:11:03,22484.8,2026-10-13,21950.0,CE,44570,572.15,49075,111020,562.65,565.3,65
2026-10-09 12:11:03,22484.8,2026-10-13,21900.0,CE,44568,621.5,93145,254865,611.45,613.75,65
2026-10-09 12:11:03,22484.8,2026-10-13,22350.0,PE,44601,66.1,8790210,118492920,65.9,66.05,65
2026-10-09 12:11:03,22484.8,2026-10-13,23050.0,PE,44645,542.2,75270,19695,549.3,552.4,65
2026-10-09 12:11:03,22484.8,2026-10-13,22350.0,CE,44600,218.65,2016950,86159255,218.7,219.25,65
2026-10-09 12:11:03,22484.8,2026-10-13,22450.0,CE,44608,152.35,6139900,158855710,152.0,152.4,65
2026-10-09 12:11:03,22484.8,2026-10-13,23100.0,PE,44647,588.35,303550,64935,598.65,601.55,65
2026-10-09 12:11:03,22484.8,2026-10-13,21900.0,PE,44569,9.7,5707780,37582805,9.7,9.75,65
2026-10-09 12:11:03,22484.8,2026-10-13,22400.0,CE,44602,184.2,6368375,177523320,184.2,184.7,65
2026-10-09 12:11:03,22484.8,2026-10-13,23100.0,CE,44646,3.7,6699095,39504010,3.65,3.7,65
2026-10-09 12:11:03,22484.8,2026-10-13,22400.0,PE,44604,81.05,17189250,209578135,81.05,81.25,65
2026-10-09 12:11:03,22484.8,2026-10-13,23000.0,CE,44632,6.75,15165410,81033225,6.7,6.75,65
2026-10-09 12:11:03,22484.8,2026-10-13,22300.0,PE,44599,53.5,17234555,184990975,53.2,53.35,65
2026-10-09 12:11:03,22484.8,2026-10-13,22300.0,CE,44598,255.7,3775525,83156255,255.65,256.3,65
2026-10-09 12:11:03,22484.8,2026-10-13,22950.0,PE,44631,448.5,250185,175370,454.8,456.45,65
2026-10-09 12:11:03,22484.8,2026-10-13,23000.0,PE,44633,504.15,882895,1362660,502.05,503.75,65
2026-10-09 12:11:03,22484.8,2026-10-13,22200.0,PE,44595,34.55,12590110,113700990,34.5,34.65,65
2026-10-09 12:11:03,22484.8,2026-10-13,22950.0,CE,44630,8.85,3656380,35262305,8.8,8.85,65
2026-10-09 12:11:03,22484.8,2026-10-13,22250.0,PE,44597,43.0,6239740,70057910,42.9,43.05,65
2026-10-09 12:11:03,22484.8,2026-10-13,22250.0,CE,44596,295.35,1246570,20288255,295.25,296.0,65
2026-10-09 12:11:03,22484.8,2026-10-13,23050.0,CE,44636,4.85,3135340,29044730,4.85,4.9,65
2026-10-09 12:11:03,22484.8,2026-10-13,22150.0,PE,44591,27.9,3851185,43936425,27.8,27.9,65
2026-10-09 12:11:03,22484.8,2026-10-13,22200.0,CE,44592,337.65,1910545,22836125,336.2,337.1,65
2026-10-09 12:15:31,22474.85,2026-10-13,22700.0,PE,44621,248.1,3313700,14748435,248.25,248.85,65
2026-10-09 12:15:31,22474.85,2026-10-13,22700.0,CE,44620,42.05,12785110,136918405,42.0,42.15,65
2026-10-09 12:15:31,22474.85,2026-10-13,22750.0,PE,44623,286.95,551395,1989845,286.35,287.1,65
2026-10-09 12:15:31,22474.85,2026-10-13,22750.0,CE,44622,31.05,6098755,73418475,31.0,31.15,65
2026-10-09 12:15:31,22474.85,2026-10-13,22100.0,CE,44584,417.45,429000,3496935,416.05,417.05,65
2026-10-09 12:15:31,22474.85,2026-10-13,22050.0,PE,44583,18.8,3502460,34936720,18.7,18.8,65
2026-10-09 12:15:31,22474.85,2026-10-13,22150.0,CE,44586,371.4,288730,2973100,371.75,372.65,65
2026-10-09 12:15:31,22474.85,2026-10-13,22100.0,PE,44585,23.4,7828470,67808975,23.4,23.5,65
2026-10-09 12:15:31,22474.85,2026-10-13,22900.0,PE,44629,416.25,548080,1077375,417.2,418.4,65
2026-10-09 12:15:31,22474.85,2026-10-13,22900.0,CE,44628,11.3,9025575,66126710,11.25,11.3,65
2026-10-09 12:15:31,22474.85,2026-10-13,22800.0,PE,44625,329.0,1136330,4630080,327.6,328.35,65
2026-10-09 12:15:31,22474.85,2026-10-13,22800.0,CE,44624,22.35,10824385,107540875,22.25,22.35,65
2026-10-09 12:15:31,22474.85,2026-10-13,22850.0,PE,44627,374.0,205725,514085,370.85,371.9,65
2026-10-09 12:15:31,22474.85,2026-10-13,22850.0,CE,44626,16.1,5889065,62116275,16.1,16.2,65
2026-10-09 12:15:31,22474.85,2026-10-13,22050.0,CE,44582,460.0,140270,570310,461.8,463.1,65
2026-10-09 12:15:31,22474.85,2026-10-13,22000.0,PE,44581,15.25,14245010,96539820,15.25,15.3,65
2026-10-09 12:15:31,22474.85,2026-10-13,22500.0,CE,44612,119.1,15540460,294909225,119.25,119.55,65
2026-10-09 12:15:31,22474.85,2026-10-13,22450.0,PE,44611,103.3,9826700,145017535,103.3,103.55,65
2026-10-09 12:15:31,22474.85,2026-10-13,22000.0,CE,44572,504.25,684970,3696550,506.7,508.0,65
2026-10-09 12:15:31,22474.85,2026-10-13,22650.0,CE,44618,56.4,5707390,91053885,56.4,56.55,65
2026-10-09 12:15:31,22474.85,2026-10-13,22600.0,PE,44617,179.55,4476355,49682165,179.9,180.35,65
2026-10-09 12:15:31,22474.85,2026-10-13,22650.0,PE,44619,212.0,1290640,9631245,212.15,212.65,65
2026-10-09 12:15:31,22474.85,2026-10-13,22550.0,CE,44614,94.9,7432815,152135945,94.75,94.9,65
2026-10-09 12:15:31,22474.85,2026-10-13,22500.0,PE,44613,125.35,15826980,211409185,125.2,125.55,65
2026-10-09 12:15:31,22474.85,2026-10-13,22600.0,CE,44616,74.1,14285245,198877900,73.9,74.1,65
2026-10-09 12:15:31,22474.85,2026-10-13,22550.0,PE,44615,150.9,3217045,52261885,150.9,151.15,65
2026-10-09 12:15:31,22474.85,2026-10-13,21950.0,PE,44571,12.3,3194425,25592060,12.3,12.35,65
2026-10-09 12:15:31,22474.85,2026-10-13,21950.0,CE,44570,551.45,49205,111345,554.7,556.7,65
2026-10-09 12:15:31,22474.85,2026-10-13,21850.0,CE,44566,673.3,28015,40820,650.0,653.3,65
2026-10-09 12:15:31,22474.85,2026-10-13,21900.0,CE,44568,601.05,93015,255580,602.15,604.25,65
2026-10-09 12:15:31,22474.85,2026-10-13,22350.0,PE,44601,69.15,8998470,120587935,68.95,69.15,65
2026-10-09 12:15:31,22474.85,2026-10-13,23050.0,PE,44645,560.0,75205,20605,558.45,560.75,65
2026-10-09 12:15:31,22474.85,2026-10-13,22350.0,CE,44600,212.3,1980095,86607235,212.0,212.4,65
2026-10-09 12:15:31,22474.85,2026-10-13,21850.0,PE,44567,8.3,3585985,23498150,8.3,8.35,65
2026-10-09 12:15:31,22474.85,2026-10-13,22450.0,CE,44608,146.95,5937945,161131230,146.95,147.3,65
2026-10-09 12:15:31,22474.85,2026-10-13,21900.0,PE,44569,10.1,5736055,38057175,10.15,10.2,65
2026-10-09 12:15:31,22474.85,2026-10-13,22400.0,CE,44602,178.25,6284850,179290930,178.25,178.65,65
2026-10-09 12:15:31,22474.85,2026-10-13,22400.0,PE,44604,85.0,17539795,214370455,84.65,84.75,65
2026-10-09 12:15:31,22474.85,2026-10-13,23000.0,CE,44632,6.25,15295930,82206345,6.2,6.25,65
2026-10-09 12:15:31,22474.85,2026-10-13,22300.0,PE,44599,55.65,17495205,188327685,55.65,55.7,65
2026-10-09 12:15:31,22474.85,2026-10-13,22300.0,CE,44598,249.3,3764215,83657730,248.75,249.25,65
2026-10-09 12:15:31,22474.85,2026-10-13,22950.0,PE,44631,462.8,249470,178360,463.55,465.15,65
2026-10-09 12:15:31,22474.85,2026-10-13,23000.0,PE,44633,510.75,882310,1386515,510.85,512.6,65
2026-10-09 12:15:31,22474.85,2026-10-13,22200.0,PE,44595,36.15,12631710,115520470,36.15,36.3,65
2026-10-09 12:15:31,22474.85,2026-10-13,22950.0,CE,44630,8.25,3670940,35748375,8.15,8.25,65
2026-10-09 12:15:31,22474.85,2026-10-13,22250.0,PE,44597,45.0,6267885,71458855,44.95,45.1,65
2026-10-09 12:15:31,22474.85,2026-10-13,22250.0,CE,44596,288.9,1244100,20385950,287.7,288.3,65
2026-10-09 12:15:31,22474.85,2026-10-13,23050.0,CE,44636,4.6,3121300,29391440,4.55,4.6,65
2026-10-09 12:15:31,22474.85,2026-10-13,22150.0,PE,44591,29.15,3908905,44710900,29.05,29.15,65
2026-10-09 12:15:31,22474.85,2026-10-13,22200.0,CE,44592,329.35,1912820,23018970,328.45,329.35,65
2026-10-09 12:20:25,22467.4,2026-10-13,22700.0,PE,44621,254.35,3312075,14976715,253.25,253.95,65
2026-10-09 12:20:25,22467.4,2026-10-13,22700.0,CE,44620,40.7,12805260,138690045,40.7,40.85,65
2026-10-09 12:20:25,22467.4,2026-10-13,22750.0,PE,44623,293.8,554905,2037295,293.05,293.85,65
2026-10-09 12:20:25,22467.4,2026-10-13,22750.0,CE,44622,29.9,6157125,74559355,29.8,29.9,65
2026-10-09 12:20:25,22467.4,2026-10-13,22100.0,CE,44584,407.0,432770,3508635,409.6,410.7,65
2026-10-09 12:20:25,22467.4,2026-10-13,22050.0,PE,44583,19.9,3514095,35406605,19.9,20.0,65
2026-10-09 12:20:25,22467.4,2026-10-13,22150.0,CE,44586,366.5,288860,2979080,365.75,366.7,65
2026-10-09 12:20:25,22467.4,2026-10-13,22100.0,PE,44585,24.9,7852910,68794440,24.8,24.9,65
2026-10-09 12:20:25,22467.4,2026-10-13,22900.0,PE,44629,425.5,559780,1097590,423.7,425.05,65
2026-10-09 12:20:25,22467.4,2026-10-13,22900.0,CE,44628,10.9,9126650,66716520,10.85,10.9,65
2026-10-09 12:20:25,22467.4,2026-10-13,22800.0,PE,44625,335.0,1131585,4744415,334.6,335.4,65
2026-10-09 12:20:25,22467.4,2026-10-13,22800.0,CE,44624,21.4,10917075,108734015,21.4,21.5,65
2026-10-09 12:20:25,22467.4,2026-10-13,22850.0,PE,44627,381.85,205335,517140,378.15,379.2,65
2026-10-09 12:20:25,22467.4,2026-10-13,22850.0,CE,44626,15.55,6027060,62985195,15.45,15.5,65
2026-10-09 12:20:25,22467.4,2026-10-13,22050.0,CE,44582,456.15,140075,572715,454.85,456.05,65
2026-10-09 12:20:25,22467.4,2026-10-13,22000.0,PE,44581,16.3,14233895,97607835,16.15,16.25,65
2026-10-09 12:20:25,22467.4,2026-10-13,22500.0,CE,44612,116.2,15824250,298884365,115.85,116.15,65
2026-10-09 12:20:25,22467.4,2026-10-13,22450.0,PE,44611,107.0,10341175,149258785,107.05,107.35,65
2026-10-09 12:20:25,22467.4,2026-10-13,22000.0,CE,44572,502.0,686920,3716700,501.2,502.55,65
2026-10-09 12:20:25,22467.4,2026-10-13,22650.0,CE,44618,54.6,5781425,92171820,54.5,54.7,65
2026-10-09 12:20:25,22467.4,2026-10-13,22600.0,PE,44617,185.35,4545320,50796655,184.35,184.75,65
2026-10-09 12:20:25,22467.4,2026-10-13,22650.0,PE,44619,218.45,1341015,9895210,218.0,218.3,65
2026-10-09 12:20:25,22467.4,2026-10-13,22550.0,CE,44614,92.1,7533370,154235770,91.85,92.05,65
2026-10-09 12:20:25,22467.4,2026-10-13,22500.0,PE,44613,129.7,16106285,216724300,129.35,129.65,65
2026-10-09 12:20:25,22467.4,2026-10-13,22600.0,CE,44616,71.65,14307865,201374355,71.9,72.0,65
2026-10-09 12:20:25,22467.4,2026-10-13,22550.0,PE,44615,155.8,3408275,53695070,155.4,155.8,65
2026-10-09 12:20:25,22467.4,2026-10-13,21950.0,PE,44571,13.15,3257345,26127530,13.1,13.15,65
2026-10-09 12:20:25,22467.4,2026-10-13,21950.0,CE,44570,551.45,49205,111345,547.75,551.05,65
2026-10-09 12:20:25,22467.4,2026-10-13,21850.0,CE,44566,641.75,28015,40885,643.35,646.95,65
2026-10-09 12:20:25,22467.4,2026-10-13,21900.0,CE,44568,591.7,94315,257595,595.65,597.75,65
2026-10-09 12:20:25,22467.4,2026-10-13,22350.0,PE,44601,71.9,9017320,122469165,71.35,71.5,65
2026-10-09 12:20:25,22467.4,2026-10-13,23050.0,PE,44645,568.45,75660,21385,565.7,568.8,65
2026-10-09 12:20:25,22467.4,2026-10-13,22350.0,CE,44600,207.75,2003495,86905195,208.0,208.5,65
2026-10-09 12:20:25,22467.4,2026-10-13,21850.0,PE,44567,8.9,3580265,23737545,8.9,8.95,65
2026-10-09 12:20:25,22467.4,2026-10-13,22450.0,CE,44608,143.4,6107660,162932770,143.0,143.3,65
2026-10-09 12:20:25,22467.4,2026-10-13,21900.0,PE,44569,10.8,5723575,38523875,10.8,10.85,65
2026-10-09 12:20:25,22467.4,2026-10-13,22400.0,CE,44602,173.95,6287450,180449685,173.8,174.15,65
2026-10-09 12:20:25,22467.4,2026-10-13,22400.0,PE,44604,87.85,17750135,218526360,87.9,88.0,65
2026-10-09 12:20:25,22467.4,2026-10-13,23000.0,CE,44632,6.1,15382770,83376605,6.05,6.1,65
2026-10-09 12:20:25,22467.4,2026-10-13,22300.0,PE,44599,58.15,17531865,191107670,58.15,58.35,65
2026-10-09 12:20:25,22467.4,2026-10-13,22300.0,CE,44598,244.05,3751280,84008145,243.6,244.2,65
2026-10-09 12:20:25,22467.4,2026-10-13,22950.0,PE,44631,471.65,248170,182910,470.3,471.65,65
2026-10-09 12:20:25,22467.4,2026-10-13,23000.0,PE,44633,520.85,881335,1398670,517.65,519.55,65
2026-10-09 12:20:25,22467.4,2026-10-13,22200.0,PE,44595,38.0,12552280,117193180,38.0,38.1,65
2026-10-09 12:20:25,22467.4,2026-10-13,22950.0,CE,44630,8.0,3669510,36138050,7.95,8.0,65
2026-10-09 12:20:25,22467.4,2026-10-13,22250.0,PE,44597,47.0,6287710,72696130,46.85,47.0,65
2026-10-09 12:20:25,22467.4,2026-10-13,22250.0,CE,44596,281.75,1245400,20453485,282.75,283.45,65
2026-10-09 12:20:25,22467.4,2026-10-13,23050.0,CE,44636,4.45,3137485,29632785,4.45,4.5,65
2026-10-09 12:20:25,22467.4,2026-10-13,22150.0,PE,44591,30.85,3945110,45367530,30.65,30.75,65
2026-10-09 12:20:25,22467.4,2026-10-13,22200.0,CE,44592,324.3,1905150,23122450,323.1,324.05,65
2026-10-09 12:25:23,22472.6,2026-10-13,22700.0,PE,44621,253.2,3295305,15182830,252.05,252.65,65
2026-10-09 12:25:23,22472.6,2026-10-13,22700.0,CE,44620,41.1,12814165,140208315,40.95,41.1,65
2026-10-09 12:25:23,22472.6,2026-10-13,22750.0,PE,44623,291.8,552825,2061670,291.8,292.4,65
2026-10-09 12:25:23,22472.6,2026-10-13,22750.0,CE,44622,30.1,6181370,75193820,30.0,30.1,65
2026-10-09 12:25:23,22472.6,2026-10-13,22100.0,CE,44584,411.1,430105,3519035,411.5,412.7,65
2026-10-09 12:25:23,22472.6,2026-10-13,22050.0,PE,44583,19.75,3533595,35813115,19.65,19.75,65
2026-10-09 12:25:23,22472.6,2026-10-13,22150.0,CE,44586,367.25,288925,2984735,367.75,368.8,65
2026-10-09 12:25:23,22472.6,2026-10-13,22100.0,PE,44585,24.5,7848100,69421950,24.45,24.55,65
2026-10-09 12:25:23,22472.6,2026-10-13,22900.0,PE,44629,423.65,562705,1110005,421.65,422.75,65
2026-10-09 12:25:23,22472.6,2026-10-13,22900.0,CE,44628,10.95,9121255,67202785,10.9,11.0,65
2026-10-09 12:25:23,22472.6,2026-10-13,22800.0,PE,44625,333.9,1133925,4806230,332.45,333.45,65
2026-10-09 12:25:23,22472.6,2026-10-13,22800.0,CE,44624,21.75,11115325,110182670,21.6,21.7,65
2026-10-09 12:25:23,22472.6,2026-10-13,22850.0,PE,44627,378.05,205075,521235,375.75,376.9,65
2026-10-09 12:25:23,22472.6,2026-10-13,22850.0,CE,44626,15.55,6085430,63598405,15.55,15.65,65
2026-10-09 12:25:23,22472.6,2026-10-13,22050.0,CE,44582,456.65,140270,573430,456.1,457.5,65
2026-10-09 12:25:23,22472.6,2026-10-13,22000.0,PE,44581,16.1,14222650,98590310,16.0,16.1,65
2026-10-09 12:25:23,22472.6,2026-10-13,22500.0,CE,44612,116.75,16010215,301817230,116.75,117.0,65
2026-10-09 12:25:23,22472.6,2026-10-13,22450.0,PE,44611,105.75,10030280,152342645,106.1,106.4,65
2026-10-09 12:25:23,22472.6,2026-10-13,22000.0,CE,44572,503.95,684125,3727425,502.9,504.45,65
2026-10-09 12:25:23,22472.6,2026-10-13,22650.0,CE,44618,54.95,5803330,93142985,54.7,54.9,65
2026-10-09 12:25:23,22472.6,2026-10-13,22600.0,PE,44617,183.75,4558905,51538240,183.4,183.8,65
2026-10-09 12:25:23,22472.6,2026-10-13,22650.0,PE,44619,216.65,1328860,10055500,216.65,217.2,65
2026-10-09 12:25:23,22472.6,2026-10-13,22550.0,CE,44614,92.95,7673770,155911535,92.75,92.95,65
2026-10-09 12:25:23,22472.6,2026-10-13,22500.0,PE,44613,128.2,15916680,220344345,127.85,128.15,65
2026-10-09 12:25:23,22472.6,2026-10-13,22600.0,CE,44616,72.4,14380210,203271510,72.1,72.3,65
2026-10-09 12:25:23,22472.6,2026-10-13,22550.0,PE,44615,153.8,3406520,54617940,153.75,154.05,65
2026-10-09 12:25:23,22472.6,2026-10-13,21950.0,PE,44571,13.1,3319615,26445055,13.1,13.2,65
2026-10-09 12:25:23,22472.6,2026-10-13,21950.0,CE,44570,551.45,49205,111345,549.2,552.3,65
2026-10-09 12:25:23,22472.6,2026-10-13,21850.0,CE,44566,641.75,28015,40885,644.6,647.9,65
2026-10-09 12:25:23,22472.6,2026-10-13,21900.0,CE,44568,600.0,94055,258375,597.5,599.85,65
2026-10-09 12:25:23,22472.6,2026-10-13,22350.0,PE,44601,70.8,9080695,124005635,70.7,70.85,65
2026-10-09 12:25:23,22472.6,2026-10-13,23050.0,PE,44645,566.95,75530,21645,563.7,566.0,65
2026-10-09 12:25:23,22472.6,2026-10-13,22350.0,CE,44600,209.15,2024620,87130615,208.55,209.05,65
2026-10-09 12:25:23,22472.6,2026-10-13,21850.0,PE,44567,8.95,3618355,24003850,8.9,9.0,65
2026-10-09 12:25:23,22472.6,2026-10-13,22450.0,CE,44608,144.05,6313320,164431215,143.6,143.9,65
2026-10-09 12:25:23,22472.6,2026-10-13,21900.0,PE,44569,10.8,5752760,38939290,10.75,10.85,65
2026-10-09 12:25:23,22472.6,2026-10-13,22400.0,CE,44602,175.2,6395350,181386855,174.4,174.8,65
2026-10-09 12:25:23,22472.6,2026-10-13,22400.0,PE,44604,86.8,17732845,221850655,87.0,87.1,65
2026-10-09 12:25:23,22472.6,2026-10-13,23000.0,CE,44632,6.05,15336100,84236685,6.0,6.05,65
2026-10-09 12:25:23,22472.6,2026-10-13,22300.0,PE,44599,57.3,17369885,193123450,57.4,57.6,65
2026-10-09 12:25:23,22472.6,2026-10-13,22300.0,CE,44598,245.55,3769350,84309160,244.3,244.85,65
2026-10-09 12:25:23,22472.6,2026-10-13,22950.0,PE,44631,470.6,247195,185055,468.55,470.2,65
2026-10-09 12:25:23,22472.6,2026-10-13,23000.0,PE,44633,517.75,880880,1404455,516.9,518.6,65
2026-10-09 12:25:23,22472.6,2026-10-13,22200.0,PE,44595,37.5,12594855,118761370,37.35,37.45,65
2026-10-09 12:25:23,22472.6,2026-10-13,22950.0,CE,44630,7.95,3736655,36638810,7.95,8.0,65
2026-10-09 12:25:23,22472.6,2026-10-13,22250.0,PE,44597,46.2,6217705,73513895,46.3,46.4,65
2026-10-09 12:25:23,22472.6,2026-10-13,22250.0,CE,44596,283.5,1248715,20499245,283.75,284.45,65
2026-10-09 12:25:23,22472.6,2026-10-13,23050.0,CE,44636,4.45,3126760,29810040,4.4,4.45,65
2026-10-09 12:25:23,22472.6,2026-10-13,22150.0,PE,44591,30.2,4013880,46019415,30.15,30.25,65
2026-10-09 12:25:23,22472.6,2026-10-13,22200.0,CE,44592,325.55,1903785,23202530,325.05,325.8,65
2026-10-09 12:30:22,22468.05,2026-10-13,22700.0,PE,44621,255.85,3304860,15331225,255.4,256.15,65
2026-10-09 12:30:22,22468.05,2026-10-13,22700.0,CE,44620,39.2,12910430,141735945,39.4,39.5,65
2026-10-09 12:30:22,22468.05,2026-10-13,22750.0,PE,44623,295.8,553865,2086435,296.15,297.0,65
2026-10-09 12:30:22,22468.05,2026-10-13,22750.0,CE,44622,28.7,6225635,75921560,28.7,28.8,65
2026-10-09 12:30:22,22468.05,2026-10-13,22100.0,CE,44584,405.85,430105,3530020,406.55,407.55,65
2026-10-09 12:30:22,22468.05,2026-10-13,22050.0,PE,44583,20.05,3538600,36112375,20.2,20.3,65
2026-10-09 12:30:22,22468.05,2026-10-13,22150.0,CE,44586,364.4,286780,2990715,361.4,362.4,65
2026-10-09 12:30:22,22468.05,2026-10-13,22100.0,PE,44585,25.25,7893340,70283265,25.0,25.1,65
2026-10-09 12:30:22,22468.05,2026-10-13,22900.0,PE,44629,427.6,561795,1117415,426.4,427.7,65
2026-10-09 12:30:22,22468.05,2026-10-13,22900.0,CE,44628,10.45,9130030,67730325,10.5,10.55,65
2026-10-09 12:30:22,22468.05,2026-10-13,22800.0,PE,44625,339.3,1138345,4875130,337.25,338.15,65
2026-10-09 12:30:22,22468.05,2026-10-13,22800.0,CE,44624,20.65,11098815,111312435,20.7,20.8,65
2026-10-09 12:30:22,22468.05,2026-10-13,22850.0,PE,44627,380.45,205660,524940,382.6,383.6,65
2026-10-09 12:30:22,22468.05,2026-10-13,22850.0,CE,44626,14.85,6082830,64139595,14.8,14.85,65
2026-10-09 12:30:22,22468.05,2026-10-13,22050.0,CE,44582,451.2,139750,575835,450.85,452.1,65
2026-10-09 12:30:22,22468.05,2026-10-13,22000.0,PE,44581,16.4,14212055,99297705,16.25,16.35,65
2026-10-09 12:30:22,22468.05,2026-10-13,22500.0,CE,44612,113.0,15956265,304754125,113.0,113.2,65
2026-10-09 12:30:22,22468.05,2026-10-13,22450.0,PE,44611,108.7,10089950,155213435,107.8,108.05,65
2026-10-09 12:30:22,22468.05,2026-10-13,22000.0,CE,44572,500.8,685490,3740295,498.15,499.35,65
2026-10-09 12:30:22,22468.05,2026-10-13,22650.0,CE,44618,52.7,5796700,94185455,52.8,52.95,65
2026-10-09 12:30:22,22468.05,2026-10-13,22600.0,PE,44617,187.55,4502095,52241345,186.7,187.2,65
2026-10-09 12:30:22,22468.05,2026-10-13,22650.0,PE,44619,218.75,1297335,10252645,219.65,220.3,65
2026-10-09 12:30:22,22468.05,2026-10-13,22550.0,CE,44614,89.45,7747545,157494610,89.3,89.5,65
2026-10-09 12:30:22,22468.05,2026-10-13,22500.0,PE,44613,131.65,15793960,223914535,131.35,131.65,65
2026-10-09 12:30:22,22468.05,2026-10-13,22600.0,CE,44616,69.45,14398280,205133370,69.7,69.85,65
2026-10-09 12:30:22,22468.05,2026-10-13,22550.0,PE,44615,157.6,3438630,55539445,157.5,157.9,65
2026-10-09 12:30:22,22468.05,2026-10-13,21950.0,PE,44571,13.35,3295825,26825045,13.2,13.3,65
2026-10-09 12:30:22,22468.05,2026-10-13,21950.0,CE,44570,551.45,49205,111345,543.65,545.95,65
2026-10-09 12:30:22,22468.05,2026-10-13,21850.0,CE,44566,641.75,28015,40885,638.95,642.85,65
2026-10-09 12:30:22,22468.05,2026-10-13,21900.0,CE,44568,600.05,94250,259350,590.8,593.35,65
2026-10-09 12:30:22,22468.05,2026-10-13,22350.0,PE,44601,72.95,9093110,125686470,72.8,72.95,65
2026-10-09 12:30:22,22468.05,2026-10-13,23050.0,PE,44645,566.95,75530,21645,569.3,572.1,65
2026-10-09 12:30:22,22468.05,2026-10-13,22350.0,CE,44600,205.0,2026440,87398025,205.0,205.35,65
2026-10-09 12:30:22,22468.05,2026-10-13,21850.0,PE,44567,8.9,3636555,24232195,8.9,8.95,65
2026-10-09 12:30:22,22468.05,2026-10-13,22450.0,CE,44608,140.3,6367270,165966385,140.45,140.8,65
2026-10-09 12:30:22,22468.05,2026-10-13,21900.0,PE,44569,10.95,5795660,39417430,10.9,11.0,65
2026-10-09 12:30:22,22468.05,2026-10-13,22400.0,CE,44602,170.85,6424795,182444405,170.55,170.9,65
2026-10-09 12:30:22,22468.05,2026-10-13,22400.0,PE,44604,89.2,17940195,224989570,88.75,88.85,65
2026-10-09 12:30:22,22468.05,2026-10-13,23000.0,CE,44632,5.9,15355925,84744465,5.85,5.9,65
2026-10-09 12:30:22,22468.05,2026-10-13,22300.0,PE,44599,59.0,17287140,195034905,58.45,58.6,65
2026-10-09 12:30:22,22468.05,2026-10-13,22300.0,CE,44598,240.5,3741335,84587945,240.5,241.1,65
2026-10-09 12:30:22,22468.05,2026-10-13,22950.0,PE,44631,472.0,246610,187915,474.8,476.45,65
2026-10-09 12:30:22,22468.05,2026-10-13,23000.0,PE,44633,521.0,878930,1411410,521.6,523.45,65
2026-10-09 12:30:22,22468.05,2026-10-13,22200.0,PE,44595,38.7,12486955,120288155,38.6,38.7,65
2026-10-09 12:30:22,22468.05,2026-10-13,22950.0,CE,44630,7.65,3728010,36957635,7.65,7.7,65
2026-10-09 12:30:22,22468.05,2026-10-13,22250.0,PE,44597,47.7,6239935,74389640,47.5,47.65,65
2026-10-09 12:30:22,22468.05,2026-10-13,22250.0,CE,44596,278.8,1243775,20553000,279.15,279.9,65
2026-10-09 12:30:22,22468.05,2026-10-13,23050.0,CE,44636,4.35,3171220,29990415,4.3,4.35,65
2026-10-09 12:30:22,22468.05,2026-10-13,22150.0,PE,44591,31.15,4002765,46598175,31.2,31.3,65
2026-10-09 12:30:22,22468.05,2026-10-13,22200.0,CE,44592,319.75,1898975,23294960,319.0,319.85,65
2026-10-09 12:35:46,22478.35,2026-10-13,22700.0,PE,44621,244.15,3310970,15571855,244.0,244.65,65
2026-10-09 12:35:46,22478.35,2026-10-13,22700.0,CE,44620,42.6,13044850,143757835,42.45,42.6,65
2026-10-09 12:35:46,22478.35,2026-10-13,22750.0,PE,44623,282.75,549250,2133235,282.05,282.8,65
2026-10-09 12:35:46,22478.35,2026-10-13,22750.0,CE,44622,31.4,6255795,77158250,31.25,31.35,65
2026-10-09 12:35:46,22478.35,2026-10-13,22100.0,CE,44584,419.65,431080,3554850,420.55,421.7,65
2026-10-09 12:35:46,22478.35,2026-10-13,22050.0,PE,44583,18.55,3526055,36575955,18.6,18.65,65
2026-10-09 12:35:46,22478.35,2026-10-13,22150.0,CE,44586,371.4,288795,3002025,376.15,377.05,65
2026-10-09 12:35:46,22478.35,2026-10-13,22100.0,PE,44585,23.15,7823530,71300255,23.05,23.15,65
2026-10-09 12:35:46,22478.35,2026-10-13,22900.0,PE,44629,416.35,561405,1125670,411.8,413.15,65
2026-10-09 12:35:46,22478.35,2026-10-13,22900.0,CE,44628,11.25,9156940,68427970,11.25,11.3,65
2026-10-09 12:35:46,22478.35,2026-10-13,22800.0,PE,44625,324.0,1136265,4951050,323.2,324.1,65
2026-10-09 12:35:46,22478.35,2026-10-13,22800.0,CE,44624,22.45,11211850,112809645,22.45,22.5,65
2026-10-09 12:35:46,22478.35,2026-10-13,22850.0,PE,44627,370.0,207285,533845,366.75,367.8,65
2026-10-09 12:35:46,22478.35,2026-10-13,22850.0,CE,44626,16.1,6057090,64865255,16.05,16.15,65
2026-10-09 12:35:46,22478.35,2026-10-13,22050.0,CE,44582,460.75,138385,579605,465.85,467.15,65
2026-10-09 12:35:46,22478.35,2026-10-13,22000.0,PE,44581,15.2,14218750,100465755,15.2,15.25,65
2026-10-09 12:35:46,22478.35,2026-10-13,22500.0,CE,44612,121.3,16091920,309851230,121.0,121.3,65
2026-10-09 12:35:46,22478.35,2026-10-13,22450.0,PE,44611,101.05,9834825,159165565,100.6,100.9,65
2026-10-09 12:35:46,22478.35,2026-10-13,22000.0,CE,44572,512.25,682305,3768310,511.65,513.2,65
2026-10-09 12:35:46,22478.35,2026-10-13,22650.0,CE,44618,56.95,5877170,95473105,57.2,57.35,65
2026-10-09 12:35:46,22478.35,2026-10-13,22600.0,PE,44617,176.9,4481555,53260610,176.4,176.55,65
2026-10-09 12:35:46,22478.35,2026-10-13,22650.0,PE,44619,208.45,1278095,10448165,208.0,208.45,65
2026-10-09 12:35:46,22478.35,2026-10-13,22550.0,CE,44614,95.9,8048105,160248920,96.35,96.5,65
2026-10-09 12:35:46,22478.35,2026-10-13,22500.0,PE,44613,122.25,15302690,229360365,122.25,122.55,65
2026-10-09 12:35:46,22478.35,2026-10-13,22600.0,CE,44616,74.9,14535040,208103740,75.05,75.2,65
2026-10-09 12:35:46,22478.35,2026-10-13,22550.0,PE,44615,147.65,3291015,57027295,147.25,147.55,65
2026-10-09 12:35:46,22478.35,2026-10-13,21950.0,PE,44571,12.4,3284255,27255800,12.35,12.4,65
2026-10-09 12:35:46,22478.35,2026-10-13,21950.0,CE,44570,553.3,49140,111475,558.55,561.95,65
2026-10-09 12:35:46,22478.35,2026-10-13,21900.0,CE,44568,601.05,93925,259805,606.1,609.05,65
2026-10-09 12:35:46,22478.35,2026-10-13,22350.0,PE,44601,67.05,9021090,127606960,67.05,67.2,65
2026-10-09 12:35:46,22478.35,2026-10-13,23050.0,PE,44645,561.65,75530,22035,553.4,557.1,65
2026-10-09 12:35:46,22478.35,2026-10-13,22350.0,CE,44600,215.05,2039375,87802520,215.05,215.6,65
2026-10-09 12:35:46,22478.35,2026-10-13,22450.0,CE,44608,148.8,6476405,168343110,149.1,149.5,65
2026-10-09 12:35:46,22478.35,2026-10-13,23100.0,PE,44647,610.35,303355,66820,602.55,605.4,65
2026-10-09 12:35:46,22478.35,2026-10-13,21900.0,PE,44569,10.3,5789420,39870415,10.25,10.3,65
2026-10-09 12:35:46,22478.35,2026-10-13,22400.0,CE,44602,181.1,6483100,184091765,180.7,181.0,65
2026-10-09 12:35:46,22478.35,2026-10-13,23100.0,CE,44646,3.35,6823635,41671890,3.35,3.4,65
2026-10-09 12:35:46,22478.35,2026-10-13,22400.0,PE,44604,82.55,17530175,229442460,82.55,82.75,65
2026-10-09 12:35:46,22478.35,2026-10-13,23000.0,CE,44632,6.2,15380495,85448350,6.15,6.2,65
2026-10-09 12:35:46,22478.35,2026-10-13,22300.0,PE,44599,54.5,17114500,197955225,54.15,54.3,65
2026-10-09 12:35:46,22478.35,2026-10-13,22300.0,CE,44598,252.05,3733015,85077915,252.25,252.9,65
2026-10-09 12:35:46,22478.35,2026-10-13,22950.0,PE,44631,467.0,246090,190970,459.45,460.9,65
2026-10-09 12:35:46,22478.35,2026-10-13,23000.0,PE,44633,508.9,875225,1423240,505.85,507.55,65
2026-10-09 12:35:46,22478.35,2026-10-13,22200.0,PE,44595,35.45,12319970,122638750,35.4,35.45,65
2026-10-09 12:35:46,22478.35,2026-10-13,22950.0,CE,44630,8.15,3722745,37447735,8.1,8.2,65
2026-10-09 12:35:46,22478.35,2026-10-13,22250.0,PE,44597,44.05,6242275,75575760,43.8,43.95,65
2026-10-09 12:35:46,22478.35,2026-10-13,22250.0,CE,44596,291.65,1241825,20641660,291.7,292.0,65
2026-10-09 12:35:46,22478.35,2026-10-13,23050.0,CE,44636,4.55,3178955,30137900,4.5,4.55,65
2026-10-09 12:35:46,22478.35,2026-10-13,22150.0,PE,44591,28.5,3886545,47358155,28.5,28.6,65
2026-10-09 12:35:46,22478.35,2026-10-13,22200.0,CE,44592,333.15,1898975,23429900,333.2,334.0,65
2026-10-09 12:40:26,22480.75,2026-10-13,22700.0,PE,44621,240.6,3326245,15734485,240.0,240.65,65
2026-10-09 12:40:26,22480.75,2026-10-13,22700.0,CE,44620,43.45,13209755,145784730,43.35,43.5,65
2026-10-09 12:40:26,22480.75,2026-10-13,22750.0,PE,44623,279.4,551525,2152540,278.15,278.85,65
2026-10-09 12:40:26,22480.75,2026-10-13,22750.0,CE,44622,31.85,6250985,78071630,31.9,31.95,65
2026-10-09 12:40:26,22480.75,2026-10-13,22100.0,CE,44584,421.65,431665,3569215,424.35,425.45,65
2026-10-09 12:40:26,22480.75,2026-10-13,22050.0,PE,44583,18.05,3531775,36881260,18.1,18.15,65
2026-10-09 12:40:26,22480.75,2026-10-13,22150.0,CE,44586,377.85,290615,3013010,379.8,380.8,65
2026-10-09 12:40:26,22480.75,2026-10-13,22100.0,PE,44585,22.6,7879950,71952920,22.5,22.6,65
2026-10-09 12:40:26,22480.75,2026-10-13,22900.0,PE,44629,409.1,566085,1137045,408.2,409.3,65
2026-10-09 12:40:26,22480.75,2026-10-13,22900.0,CE,44628,11.4,9135100,69061005,11.35,11.45,65
2026-10-09 12:40:26,22480.75,2026-10-13,22800.0,PE,44625,322.8,1134120,5009030,319.4,320.25,65
2026-10-09 12:40:26,22480.75,2026-10-13,22800.0,CE,44624,22.9,11195860,114145070,22.85,22.95,65
2026-10-09 12:40:26,22480.75,2026-10-13,22850.0,PE,44627,362.1,207805,538135,362.55,363.5,65
2026-10-09 12:40:26,22480.75,2026-10-13,22850.0,CE,44626,16.45,5974995,65532675,16.35,16.45,65
2026-10-09 12:40:26,22480.75,2026-10-13,22050.0,CE,44582,467.05,138515,580775,469.8,471.15,65
2026-10-09 12:40:26,22480.75,2026-10-13,22000.0,PE,44581,14.65,14228110,101368345,14.65,14.7,65
2026-10-09 12:40:26,22480.75,2026-10-13,22500.0,CE,44612,123.4,16293030,314746900,123.1,123.35,65
2026-10-09 12:40:26,22480.75,2026-10-13,22450.0,PE,44611,99.05,9942075,161537220,99.0,99.2,65
2026-10-09 12:40:26,22480.75,2026-10-13,22000.0,CE,44572,516.25,684255,3782675,516.3,517.9,65
2026-10-09 12:40:26,22480.75,2026-10-13,22650.0,CE,44618,58.05,5933980,96709795,58.1,58.2,65
2026-10-09 12:40:26,22480.75,2026-10-13,22600.0,PE,44617,173.45,4577755,53868685,173.05,173.45,65
2026-10-09 12:40:26,22480.75,2026-10-13,22650.0,PE,44619,205.0,1299350,10588890,205.0,205.5,65
2026-10-09 12:40:26,22480.75,2026-10-13,22550.0,CE,44614,98.1,8211060,162832735,97.9,98.15,65
2026-10-09 12:40:26,22480.75,2026-10-13,22500.0,PE,44613,120.1,15384915,232308830,119.9,120.1,65
2026-10-09 12:40:26,22480.75,2026-10-13,22600.0,CE,44616,76.55,14683760,210911675,76.4,76.65,65
2026-10-09 12:40:26,22480.75,2026-10-13,22550.0,PE,44615,144.65,3328650,57829460,144.75,145.1,65
2026-10-09 12:40:26,22480.75,2026-10-13,21950.0,PE,44571,12.0,3277495,27492205,11.95,12.0,65
2026-10-09 12:40:26,22480.75,2026-10-13,21950.0,CE,44570,553.3,49140,111475,562.7,565.95,65
2026-10-09 12:40:26,22480.75,2026-10-13,21900.0,CE,44568,606.75,93860,261820,611.15,613.4,65
2026-10-09 12:40:26,22480.75,2026-10-13,22350.0,PE,44601,65.85,8844355,128832470,65.6,65.8,65
2026-10-09 12:40:26,22480.75,2026-10-13,23050.0,PE,44645,546.65,75530,22100,549.5,552.2,65
2026-10-09 12:40:26,22480.75,2026-10-13,22350.0,CE,44600,218.7,2022280,88161840,217.9,218.45,65
2026-10-09 12:40:26,22480.75,2026-10-13,22450.0,CE,44608,151.35,6584565,170609595,151.55,151.9,65
2026-10-09 12:40:26,22480.75,2026-10-13,23100.0,PE,44647,605.0,303355,67275,598.2,601.4,65
2026-10-09 12:40:26,22480.75,2026-10-13,21900.0,PE,44569,9.9,5783895,40292395,9.85,9.9,65
2026-10-09 12:40:26,22480.75,2026-10-13,22400.0,CE,44602,183.15,6557395,185696875,183.45,183.95,65
2026-10-09 12:40:26,22480.75,2026-10-13,23100.0,CE,44646,3.4,6783725,42142360,3.4,3.45,65
2026-10-09 12:40:26,22480.75,2026-10-13,22400.0,PE,44604,80.85,17442750,232340485,80.65,80.85,65
2026-10-09 12:40:26,22480.75,2026-10-13,23000.0,CE,44632,6.25,15466035,86072870,6.25,6.3,65
2026-10-09 12:40:26,22480.75,2026-10-13,22300.0,PE,44599,53.15,17059510,199838145,53.2,53.4,65
2026-10-09 12:40:26,22480.75,2026-10-13,22300.0,CE,44598,255.75,3723460,85470125,255.15,255.8,65
2026-10-09 12:40:26,22480.75,2026-10-13,22950.0,PE,44631,455.65,246155,192010,454.9,456.6,65
2026-10-09 12:40:26,22480.75,2026-10-13,23000.0,PE,44633,506.25,876915,1430520,502.25,504.0,65
2026-10-09 12:40:26,22480.75,2026-10-13,22200.0,PE,44595,34.65,12263485,123923735,34.55,34.7,65
2026-10-09 12:40:26,22480.75,2026-10-13,22950.0,CE,44630,8.3,3740425,37759540,8.25,8.3,65
2026-10-09 12:40:26,22480.75,2026-10-13,22250.0,PE,44597,43.0,6233695,76372660,42.9,43.0,65
2026-10-09 12:40:26,22480.75,2026-10-13,22250.0,CE,44596,295.9,1241630,20713745,295.0,295.75,65
2026-10-09 12:40:26,22480.75,2026-10-13,23050.0,CE,44636,4.6,3169790,30361370,4.55,4.6,65
2026-10-09 12:40:26,22480.75,2026-10-13,22150.0,PE,44591,27.9,3934125,47811920,27.85,27.95,65
2026-10-09 12:40:26,22480.75,2026-10-13,22200.0,CE,44592,336.95,1886820,23539295,336.35,337.0,65
2026-10-09 12:45:21,22475.9,2026-10-13,22700.0,PE,44621,244.1,3316235,15928705,243.2,243.85,65
2026-10-09 12:45:21,22475.9,2026-10-13,22700.0,CE,44620,42.15,13082940,147398290,41.95,42.1,65
2026-10-09 12:45:21,22475.9,2026-10-13,22750.0,PE,44623,283.0,552175,2177890,281.9,282.6,65
2026-10-09 12:45:21,22475.9,2026-10-13,22750.0,CE,44622,30.9,6236685,79096680,30.8,30.85,65
2026-10-09 12:45:21,22475.9,2026-10-13,22100.0,CE,44584,419.95,431015,3587285,418.65,419.8,65
2026-10-09 12:45:21,22475.9,2026-10-13,22050.0,PE,44583,18.1,3546205,37169340,18.1,18.2,65
2026-10-09 12:45:21,22475.9,2026-10-13,22150.0,CE,44586,373.1,287950,3021460,375.0,376.0,65
2026-10-09 12:45:21,22475.9,2026-10-13,22100.0,PE,44585,22.65,7901465,72853820,22.6,22.7,65
2026-10-09 12:45:21,22475.9,2026-10-13,22900.0,PE,44629,413.5,563810,1143935,413.3,414.55,65
2026-10-09 12:45:21,22475.9,2026-10-13,22900.0,CE,44628,11.15,9101040,69615000,11.0,11.05,65
2026-10-09 12:45:21,22475.9,2026-10-13,22800.0,PE,44625,325.45,1132560,5078905,323.75,324.65,65
2026-10-09 12:45:21,22475.9,2026-10-13,22800.0,CE,44624,22.1,11176815,115564540,22.05,22.15,65
2026-10-09 12:45:21,22475.9,2026-10-13,22850.0,PE,44627,369.4,208000,546325,366.75,367.75,65
2026-10-09 12:45:21,22475.9,2026-10-13,22850.0,CE,44626,15.9,5985200,66209650,15.85,15.9,65
2026-10-09 12:45:21,22475.9,2026-10-13,22050.0,CE,44582,463.5,137605,582465,464.9,466.15,65
2026-10-09 12:45:21,22475.9,2026-10-13,22000.0,PE,44581,14.75,14299220,102438895,14.7,14.75,65
2026-10-09 12:45:21,22475.9,2026-10-13,22500.0,CE,44612,120.35,16037060,319608770,120.25,120.45,65
2026-10-09 12:45:21,22475.9,2026-10-13,22450.0,PE,44611,100.35,10160085,164236865,100.65,100.85,65
2026-10-09 12:45:21,22475.9,2026-10-13,22000.0,CE,44572,508.4,679055,3799120,510.95,512.75,65
2026-10-09 12:45:21,22475.9,2026-10-13,22650.0,CE,44618,56.35,5908955,98088705,56.1,56.25,65
2026-10-09 12:45:21,22475.9,2026-10-13,22600.0,PE,44617,175.75,4510285,54670135,175.75,175.95,65
2026-10-09 12:45:21,22475.9,2026-10-13,22650.0,PE,44619,208.15,1297465,10755875,208.3,208.8,65
2026-10-09 12:45:21,22475.9,2026-10-13,22550.0,CE,44614,95.35,8015735,165563710,95.35,95.55,65
2026-10-09 12:45:21,22475.9,2026-10-13,22500.0,PE,44613,122.15,15738190,236012530,122.0,122.15,65
2026-10-09 12:45:21,22475.9,2026-10-13,22600.0,CE,44616,74.2,14497470,213837195,74.2,74.3,65
2026-10-09 12:45:21,22475.9,2026-10-13,22550.0,PE,44615,147.0,3383705,58657365,146.95,147.3,65
2026-10-09 12:45:21,22475.9,2026-10-13,21950.0,PE,44571,11.9,3293030,27683435,12.0,12.05,65
2026-10-09 12:45:21,22475.9,2026-10-13,21950.0,CE,44570,551.3,49205,111605,558.15,561.8,65
2026-10-09 12:45:21,22475.9,2026-10-13,21900.0,CE,44568,605.25,93470,262275,606.3,608.65,65
2026-10-09 12:45:21,22475.9,2026-10-13,22350.0,PE,44601,66.85,8840455,130067275,66.7,66.9,65
2026-10-09 12:45:21,22475.9,2026-10-13,23050.0,PE,44645,546.65,75530,22100,552.95,556.8,65
2026-10-09 12:45:21,22475.9,2026-10-13,22350.0,CE,44600,214.2,1994720,88517910,214.35,214.5,65
2026-10-09 12:45:21,22475.9,2026-10-13,22450.0,CE,44608,148.3,6336330,172767400,147.85,148.2,65
2026-10-09 12:45:21,22475.9,2026-10-13,23100.0,PE,44647,611.8,303355,67730,604.25,606.85,65
2026-10-09 12:45:21,22475.9,2026-10-13,21900.0,PE,44569,9.85,5733195,40634295,9.85,9.9,65
2026-10-09 12:45:21,22475.9,2026-10-13,22400.0,CE,44602,179.8,6375265,187407090,179.9,180.3,65
2026-10-09 12:45:21,22475.9,2026-10-13,23100.0,CE,44646,3.45,6785610,42314740,3.4,3.45,65
2026-10-09 12:45:21,22475.9,2026-10-13,22400.0,PE,44604,82.0,17814680,235602965,82.0,82.15,65
2026-10-09 12:45:21,22475.9,2026-10-13,23000.0,CE,44632,6.15,15424565,86644805,6.1,6.15,65
2026-10-09 12:45:21,22475.9,2026-10-13,22300.0,PE,44599,54.0,17103645,201792305,54.1,54.25,65
2026-10-09 12:45:21,22475.9,2026-10-13,22300.0,CE,44598,250.85,3705650,85889505,250.3,250.85,65
2026-10-09 12:45:21,22475.9,2026-10-13,22950.0,PE,44631,459.75,245505,193700,458.6,460.15,65
2026-10-09 12:45:21,22475.9,2026-10-13,23000.0,PE,44633,508.85,875290,1435460,507.2,509.1,65
2026-10-09 12:45:21,22475.9,2026-10-13,22200.0,PE,44595,34.9,12261015,125230885,34.9,35.0,65
2026-10-09 12:45:21,22475.9,2026-10-13,22950.0,CE,44630,8.05,3735225,38115155,8.05,8.1,65
2026-10-09 12:45:21,22475.9,2026-10-13,22250.0,PE,44597,43.45,6252870,77178985,43.45,43.55,65
2026-10-09 12:45:21,22475.9,2026-10-13,22250.0,CE,44596,291.15,1235715,20799285,290.5,291.25,65
2026-10-09 12:45:21,22475.9,2026-10-13,23050.0,CE,44636,4.45,3253900,30689425,4.45,4.5,65
2026-10-09 12:45:21,22475.9,2026-10-13,22150.0,PE,44591,28.05,3994380,48477390,28.05,28.15,65
2026-10-09 12:45:21,22475.9,2026-10-13,22200.0,CE,44592,331.85,1883310,23648170,331.75,332.65,65
2026-10-09 12:50:19,22494.25,2026-10-13,22700.0,PE,44621,231.1,3332680,16129295,230.35,230.9,65
2026-10-09 12:50:19,22494.25,2026-10-13,22700.0,CE,44620,45.65,13192010,149554405,45.7,45.8,65
2026-10-09 12:50:19,22494.25,2026-10-13,22750.0,PE,44623,266.85,556270,2222675,268.35,269.1,65
2026-10-09 12:50:19,22494.25,2026-10-13,22750.0,CE,44622,33.75,6274580,80393625,33.6,33.7,65
2026-10-09 12:50:19,22494.25,2026-10-13,22100.0,CE,44584,435.95,429650,3609905,434.15,435.35,65
2026-10-09 12:50:19,22494.25,2026-10-13,22050.0,PE,44583,16.65,3587610,37571430,16.65,16.7,65
2026-10-09 12:50:19,22494.25,2026-10-13,22150.0,CE,44586,391.9,286715,3031015,389.6,390.55,65
2026-10-09 12:50:19,22494.25,2026-10-13,22100.0,PE,44585,20.65,7954245,73829600,20.7,20.8,65
2026-10-09 12:50:19,22494.25,2026-10-13,22900.0,PE,44629,395.85,569335,1168960,396.25,397.35,65
2026-10-09 12:50:19,22494.25,2026-10-13,22900.0,CE,44628,12.05,9137505,70424965,12.05,12.1,65
2026-10-09 12:50:19,22494.25,2026-10-13,22800.0,PE,44625,309.05,1235195,5361070,308.9,309.7,65
2026-10-09 12:50:19,22494.25,2026-10-13,22800.0,CE,44624,24.1,11123125,117276510,24.05,24.15,65
2026-10-09 12:50:19,22494.25,2026-10-13,22850.0,PE,44627,350.75,209040,554255,351.25,352.2,65
2026-10-09 12:50:19,22494.25,2026-10-13,22850.0,CE,44626,17.25,5945095,66823185,17.25,17.35,65
2026-10-09 12:50:19,22494.25,2026-10-13,22050.0,CE,44582,478.8,137930,584415,480.2,481.6,65
2026-10-09 12:50:19,22494.25,2026-10-13,22000.0,PE,44581,13.55,14416740,103509445,13.55,13.65,65
2026-10-09 12:50:19,22494.25,2026-10-13,22500.0,CE,44612,128.45,16163550,325194870,128.2,128.5,65
2026-10-09 12:50:19,22494.25,2026-10-13,22450.0,PE,44611,92.75,9945650,167368890,92.4,92.6,65
2026-10-09 12:50:19,22494.25,2026-10-13,22000.0,CE,44572,526.95,677040,3813485,526.35,528.25,65
2026-10-09 12:50:19,22494.25,2026-10-13,22650.0,CE,44618,60.95,5919940,99797945,60.95,61.1,65
2026-10-09 12:50:19,22494.25,2026-10-13,22600.0,PE,44617,165.05,4472000,55606330,164.6,164.95,65
2026-10-09 12:50:19,22494.25,2026-10-13,22650.0,PE,44619,195.9,1308060,10944115,195.4,195.9,65
2026-10-09 12:50:19,22494.25,2026-10-13,22550.0,CE,44614,102.6,8038810,168803765,102.4,102.55,65
2026-10-09 12:50:19,22494.25,2026-10-13,22500.0,PE,44613,113.25,15663245,240297005,112.9,113.2,65
2026-10-09 12:50:19,22494.25,2026-10-13,22600.0,CE,44616,79.95,14569360,217251840,79.85,80.0,65
2026-10-09 12:50:19,22494.25,2026-10-13,22550.0,PE,44615,137.1,3390790,59649330,137.0,137.3,65
2026-10-09 12:50:19,22494.25,2026-10-13,21950.0,PE,44571,11.05,3290040,27990300,10.95,11.05,65
2026-10-09 12:50:19,22494.25,2026-10-13,21950.0,CE,44570,551.3,49205,111605,574.25,577.3,65
2026-10-09 12:50:19,22494.25,2026-10-13,21900.0,CE,44568,614.1,93535,262470,621.45,624.85,65
2026-10-09 12:50:19,22494.25,2026-10-13,22350.0,PE,44601,61.1,8779030,131634945,61.1,61.25,65
2026-10-09 12:50:19,22494.25,2026-10-13,23050.0,PE,44645,546.65,75530,22100,537.05,540.9,65
2026-10-09 12:50:19,22494.25,2026-10-13,22350.0,CE,44600,226.3,1963910,88993255,225.75,226.25,65
2026-10-09 12:50:19,22494.25,2026-10-13,22450.0,CE,44608,157.75,6381700,175273735,157.25,157.55,65
2026-10-09 12:50:19,22494.25,2026-10-13,23100.0,PE,44647,590.0,303095,68575,586.7,589.9,65
2026-10-09 12:50:19,22494.25,2026-10-13,21900.0,PE,44569,9.15,5776485,41036255,9.1,9.15,65
2026-10-09 12:50:19,22494.25,2026-10-13,22400.0,CE,44602,190.55,6449755,189262125,190.0,190.2,65
2026-10-09 12:50:19,22494.25,2026-10-13,23100.0,CE,44646,3.55,6842875,42761420,3.5,3.55,65
2026-10-09 12:50:19,22494.25,2026-10-13,22400.0,PE,44604,75.5,17664465,239340335,75.45,75.65,65
2026-10-09 12:50:19,22494.25,2026-10-13,23000.0,CE,44632,6.5,15537600,87519705,6.45,6.5,65
2026-10-09 12:50:19,22494.25,2026-10-13,22300.0,PE,44599,49.3,16972800,204195420,49.15,49.3,65
2026-10-09 12:50:19,22494.25,2026-10-13,22300.0,CE,44598,264.35,3703635,86337875,263.6,264.3,65
2026-10-09 12:50:19,22494.25,2026-10-13,22950.0,PE,44631,440.85,245960,195130,443.35,445.05,65
2026-10-09 12:50:19,22494.25,2026-10-13,23000.0,PE,44633,490.0,874185,1447810,489.8,491.4,65
2026-10-09 12:50:19,22494.25,2026-10-13,22200.0,PE,44595,32.0,12454325,126838205,31.8,31.9,65
2026-10-09 12:50:19,22494.25,2026-10-13,22950.0,CE,44630,8.65,3721445,38550460,8.65,8.7,65
2026-10-09 12:50:19,22494.25,2026-10-13,22250.0,PE,44597,39.75,6302985,78331305,39.6,39.75,65
2026-10-09 12:50:19,22494.25,2026-10-13,22250.0,CE,44596,303.0,1234675,20897695,303.6,304.5,65
2026-10-09 12:50:19,22494.25,2026-10-13,23050.0,CE,44636,4.7,3239145,30916535,4.65,4.7,65
2026-10-09 12:50:19,22494.25,2026-10-13,22150.0,PE,44591,25.6,4012645,49128560,25.55,25.7,65
2026-10-09 12:50:19,22494.25,2026-10-13,22200.0,CE,44592,346.65,1878175,23779015,345.9,346.85,65
2026-10-09 12:55:19,22501.2,2026-10-13,22700.0,PE,44621,220.6,3382015,16411915,220.8,221.35,65
2026-10-09 12:55:19,22501.2,2026-10-13,22700.0,CE,44620,47.9,12973350,152517625,47.85,47.95,65
2026-10-09 12:55:19,22501.2,2026-10-13,22750.0,PE,44623,257.9,561210,2291640,257.9,258.55,65
2026-10-09 12:55:19,22501.2,2026-10-13,22750.0,CE,44622,35.35,6169735,82012515,35.25,35.35,65
2026-10-09 12:55:19,22501.2,2026-10-13,22100.0,CE,44584,444.65,425750,3632460,444.95,446.0,65
2026-10-09 12:55:19,22501.2,2026-10-13,22050.0,PE,44583,15.75,3650595,38043005,15.75,15.8,65
2026-10-09 12:55:19,22501.2,2026-10-13,22150.0,CE,44586,398.55,285090,3050385,399.65,400.6,65
2026-10-09 12:55:19,22501.2,2026-10-13,22100.0,PE,44585,19.55,7835035,75265125,19.5,19.55,65
2026-10-09 12:55:19,22501.2,2026-10-13,22900.0,PE,44629,386.2,578760,1194310,385.25,386.35,65
2026-10-09 12:55:19,22501.2,2026-10-13,22900.0,CE,44628,12.6,9153690,71422260,12.6,12.65,65
2026-10-09 12:55:19,22501.2,2026-10-13,22800.0,PE,44625,299.25,1287585,5524155,298.25,299.05,65
2026-10-09 12:55:19,22501.2,2026-10-13,22800.0,CE,44624,25.4,10997090,119412475,25.35,25.4,65
2026-10-09 12:55:19,22501.2,2026-10-13,22850.0,PE,44627,342.0,209495,563680,340.7,341.65,65
2026-10-09 12:55:19,22501.2,2026-10-13,22850.0,CE,44626,18.05,5993065,67990520,17.95,18.05,65
2026-10-09 12:55:19,22501.2,2026-10-13,22050.0,CE,44582,490.5,138385,586040,491.45,493.15,65
2026-10-09 12:55:19,22501.2,2026-10-13,22000.0,PE,44581,13.0,14409265,105080690,12.9,12.95,65
2026-10-09 12:55:19,22501.2,2026-10-13,22500.0,CE,44612,133.65,16091985,332423715,133.65,133.95,65
2026-10-09 12:55:19,22501.2,2026-10-13,22450.0,PE,44611,87.35,10049195,170833260,87.35,87.55,65
2026-10-09 12:55:19,22501.2,2026-10-13,22000.0,CE,44572,538.8,672880,3866720,538.2,539.7,65
2026-10-09 12:55:19,22501.2,2026-10-13,22650.0,CE,44618,64.0,5931575,102030630,64.0,64.15,65
2026-10-09 12:55:19,22501.2,2026-10-13,22600.0,PE,44617,157.1,4550715,56703920,156.9,157.25,65
2026-10-09 12:55:19,22501.2,2026-10-13,22650.0,PE,44619,187.35,1336270,11176880,187.0,187.45,65
2026-10-09 12:55:19,22501.2,2026-10-13,22550.0,CE,44614,106.9,7869420,172601585,106.8,106.95,65
2026-10-09 12:55:19,22501.2,2026-10-13,22500.0,PE,44613,106.95,16067740,245349910,106.75,107.05,65
2026-10-09 12:55:19,22501.2,2026-10-13,22600.0,CE,44616,83.6,14437800,221087360,83.55,83.7,65
2026-10-09 12:55:19,22501.2,2026-10-13,22550.0,PE,44615,130.15,3514290,61073025,129.95,130.15,65
2026-10-09 12:55:19,22501.2,2026-10-13,21950.0,PE,44571,10.65,3298295,28402985,10.55,10.6,65
2026-10-09 12:55:19,22501.2,2026-10-13,21950.0,CE,44570,551.3,49205,111605,585.4,588.2,65
2026-10-09 12:55:19,22501.2,2026-10-13,21900.0,CE,44568,635.0,93535,262925,633.65,635.95,65
2026-10-09 12:55:19,22501.2,2026-10-13,22350.0,PE,44601,57.35,8869835,133378245,57.4,57.55,65
2026-10-09 12:55:19,22501.2,2026-10-13,23050.0,PE,44645,528.65,75595,22295,526.25,528.4,65
2026-10-09 12:55:19,22501.2,2026-10-13,22350.0,CE,44600,233.8,1964105,89519365,233.3,233.85,65
2026-10-09 12:55:19,22501.2,2026-10-13,22450.0,CE,44608,163.75,6245850,178305400,163.75,164.15,65
2026-10-09 12:55:19,22501.2,2026-10-13,23100.0,PE,44647,577.3,302835,69485,574.8,577.15,65
2026-10-09 12:55:19,22501.2,2026-10-13,21900.0,PE,44569,8.9,5845255,41726620,8.85,8.9,65
2026-10-09 12:55:19,22501.2,2026-10-13,22400.0,CE,44602,197.75,6440655,191337900,197.2,197.6,65
2026-10-09 12:55:19,22501.2,2026-10-13,23100.0,CE,44646,3.55,6901505,43035915,3.55,3.6,65
2026-10-09 12:55:19,22501.2,2026-10-13,22400.0,PE,44604,71.05,17838405,243334520,71.0,71.1,65
2026-10-09 12:55:19,22501.2,2026-10-13,23000.0,CE,44632,6.75,15546960,88437635,6.7,6.75,65
2026-10-09 12:55:19,22501.2,2026-10-13,22300.0,PE,44599,46.4,16846180,207280645,46.2,46.35,65
2026-10-09 12:55:19,22501.2,2026-10-13,22300.0,CE,44598,272.65,3713190,86897720,271.95,272.65,65
2026-10-09 12:55:19,22501.2,2026-10-13,22950.0,PE,44631,432.65,245960,198575,431.05,432.55,65
2026-10-09 12:55:19,22501.2,2026-10-13,23000.0,PE,44633,480.35,874640,1468220,478.55,480.1,65
2026-10-09 12:55:19,22501.2,2026-10-13,22200.0,PE,44595,30.0,12489685,128929840,29.95,30.1,65
2026-10-09 12:55:19,22501.2,2026-10-13,22950.0,CE,44630,9.0,3741270,39126035,8.95,9.0,65
2026-10-09 12:55:19,22501.2,2026-10-13,22250.0,PE,44597,37.35,6384820,79772680,37.2,37.35,65
2026-10-09 12:55:19,22501.2,2026-10-13,22250.0,CE,44596,312.65,1206790,21041085,312.85,313.6,65
2026-10-09 12:55:19,22501.2,2026-10-13,23050.0,CE,44636,4.75,3209830,31126160,4.75,4.8,65
2026-10-09 12:55:19,22501.2,2026-10-13,22150.0,PE,44591,24.15,4049955,49871705,24.15,24.2,65
2026-10-09 12:55:19,22501.2,2026-10-13,22200.0,CE,44592,356.4,1870635,23916100,355.6,356.5,65
2026-10-09 13:01:16,22502.45,2026-10-13,22700.0,PE,44621,218.9,3440320,16908515,218.35,218.6,65
2026-10-09 13:01:16,22502.45,2026-10-13,22700.0,CE,44620,48.2,12904125,157507740,48.0,48.15,65
2026-10-09 13:01:16,22502.45,2026-10-13,22750.0,PE,44623,255.25,568815,2391090,254.65,255.45,65
2026-10-09 13:01:16,22502.45,2026-10-13,22750.0,CE,44622,35.25,6163105,84798740,35.3,35.4,65
2026-10-09 13:01:16,22502.45,2026-10-13,22100.0,CE,44584,449.55,419965,3674580,447.35,448.6,65
2026-10-09 13:01:16,22502.45,2026-10-13,22050.0,PE,44583,15.85,3601780,38847575,15.8,15.85,65
2026-10-09 13:01:16,22502.45,2026-10-13,22150.0,CE,44586,404.55,280475,3075215,402.1,403.2,65
2026-10-09 13:01:16,22502.45,2026-10-13,22100.0,PE,44585,19.6,7755345,76901565,19.55,19.6,65
2026-10-09 13:01:16,22502.45,2026-10-13,22900.0,PE,44629,382.55,581750,1229215,382.9,384.0,65
2026-10-09 13:01:16,22502.45,2026-10-13,22900.0,CE,44628,12.4,9160580,73612825,12.35,12.45,65
2026-10-09 13:01:16,22502.45,2026-10-13,22800.0,PE,44625,295.75,1286025,5709600,295.5,296.3,65
2026-10-09 13:01:16,22502.45,2026-10-13,22800.0,CE,44624,25.3,10751195,123070610,25.2,25.3,65
2026-10-09 13:01:16,22502.45,2026-10-13,22850.0,PE,44627,339.55,209300,579215,337.95,338.9,65
2026-10-09 13:01:16,22502.45,2026-10-13,22850.0,CE,44626,17.9,6001515,69905745,17.85,17.95,65
2026-10-09 13:01:16,22502.45,2026-10-13,22050.0,CE,44582,496.75,136565,589420,494.45,496.15,65
2026-10-09 13:01:16,22502.45,2026-10-13,22000.0,PE,44581,13.0,14230450,107200015,13.0,13.05,65
2026-10-09 13:01:16,22502.45,2026-10-13,22500.0,CE,44612,134.7,15524730,344034080,134.75,135.0,65
2026-10-09 13:01:16,22502.45,2026-10-13,22450.0,PE,44611,86.45,10089040,174929430,86.2,86.4,65
2026-10-09 13:01:16,22502.45,2026-10-13,22000.0,CE,44572,541.15,664170,3945565,540.65,542.2,65
2026-10-09 13:01:16,22502.45,2026-10-13,22650.0,CE,44618,64.6,5779475,106195505,64.3,64.5,65
2026-10-09 13:01:16,22502.45,2026-10-13,22600.0,PE,44617,154.4,4707495,58478810,154.3,154.6,65
2026-10-09 13:01:16,22502.45,2026-10-13,22650.0,PE,44619,185.25,1390155,11591645,184.7,185.05,65
2026-10-09 13:01:16,22502.45,2026-10-13,22550.0,CE,44614,108.15,7688850,180330150,108.1,108.4,65
2026-10-09 13:01:16,22502.45,2026-10-13,22500.0,PE,44613,105.7,17382820,253598150,105.25,105.55,65
2026-10-09 13:01:16,22502.45,2026-10-13,22600.0,CE,44616,84.7,14447225,229394425,84.7,84.95,65
2026-10-09 13:01:16,22502.45,2026-10-13,22550.0,PE,44615,127.8,3804580,63494600,127.85,128.2,65
2026-10-09 13:01:16,22502.45,2026-10-13,21950.0,PE,44571,10.75,3273790,29019705,10.7,10.75,65
2026-10-09 13:01:16,22502.45,2026-10-13,21950.0,CE,44570,602.7,49140,112255,588.25,590.5,65
2026-10-09 13:01:16,22502.45,2026-10-13,21900.0,CE,44568,646.2,92950,264160,635.95,638.45,65
2026-10-09 13:01:16,22502.45,2026-10-13,22350.0,PE,44601,56.8,8862815,135662930,56.75,56.95,65
2026-10-09 13:01:16,22502.45,2026-10-13,23050.0,PE,44645,522.6,75595,22490,523.5,525.85,65
2026-10-09 13:01:16,22502.45,2026-10-13,22350.0,CE,44600,235.85,1940965,90395435,235.2,235.8,65
2026-10-09 13:01:16,22502.45,2026-10-13,22450.0,CE,44608,165.75,5836350,182512785,165.1,165.5,65
2026-10-09 13:01:16,22502.45,2026-10-13,23100.0,PE,44647,570.0,303030,70590,572.8,575.05,65
2026-10-09 13:01:16,22502.45,2026-10-13,21900.0,PE,44569,8.95,5859035,42496675,8.95,9.0,65
2026-10-09 13:01:16,22502.45,2026-10-13,22400.0,CE,44602,199.55,6117475,194630540,199.05,199.55,65
2026-10-09 13:01:16,22502.45,2026-10-13,23100.0,CE,44646,3.55,6835270,43667715,3.55,3.6,65
2026-10-09 13:01:16,22502.45,2026-10-13,22400.0,PE,44604,70.25,18712265,250540355,70.0,70.15,65
2026-10-09 13:01:16,22502.45,2026-10-13,23000.0,CE,44632,6.65,15532140,90619425,6.55,6.6,65
2026-10-09 13:01:16,22502.45,2026-10-13,22300.0,PE,44599,46.1,17006535,213470855,45.9,46.0,65
2026-10-09 13:01:16,22502.45,2026-10-13,22300.0,CE,44598,274.05,3671135,87905675,274.15,274.9,65
2026-10-09 13:01:16,22502.45,2026-10-13,22950.0,PE,44631,427.3,245375,204295,428.75,430.45,65
2026-10-09 13:01:16,22502.45,2026-10-13,23000.0,PE,44633,478.1,896675,1534325,476.05,477.45,65
2026-10-09 13:01:16,22502.45,2026-10-13,22200.0,PE,44595,29.85,12371970,131766505,29.9,30.0,65
2026-10-09 13:01:16,22502.45,2026-10-13,22950.0,CE,44630,8.95,3754595,40172145,8.95,9.0,65
2026-10-09 13:01:16,22502.45,2026-10-13,22250.0,PE,44597,36.9,6402565,81732105,36.85,36.95,65
2026-10-09 13:01:16,22502.45,2026-10-13,22250.0,CE,44596,316.0,1210105,21303165,315.8,316.7,65
2026-10-09 13:01:16,22502.45,2026-10-13,23050.0,CE,44636,4.75,3148015,31926895,4.75,4.8,65
2026-10-09 13:01:16,22502.45,2026-10-13,22150.0,PE,44591,24.2,3982615,51000560,24.1,24.15,65
2026-10-09 13:01:16,22502.45,2026-10-13,22200.0,CE,44592,358.65,1864850,24190790,358.65,359.45,65
2026-10-09 13:05:30,22491.65,2026-10-13,22700.0,PE,44621,231.55,3421340,17293250,231.35,231.85,65
2026-10-09 13:05:30,22491.65,2026-10-13,22700.0,CE,44620,42.65,13068900,161064475,42.6,42.7,65
2026-10-09 13:05:30,22491.65,2026-10-13,22750.0,PE,44623,270.85,573430,2501590,269.45,270.0,65
2026-10-09 13:05:30,22491.65,2026-10-13,22750.0,CE,44622,31.1,6132685,86433555,31.0,31.1,65
2026-10-09 13:05:30,22491.65,2026-10-13,22100.0,CE,44584,431.15,423540,3692780,430.05,431.2,65
2026-10-09 13:05:30,22491.65,2026-10-13,22050.0,PE,44583,16.6,3605355,39319995,16.6,16.7,65
2026-10-09 13:05:30,22491.65,2026-10-13,22150.0,CE,44586,384.95,276900,3091920,385.35,386.5,65
2026-10-09 13:05:30,22491.65,2026-10-13,22100.0,PE,44585,20.75,7577570,78533780,20.65,20.75,65
2026-10-09 13:05:30,22491.65,2026-10-13,22900.0,PE,44629,399.85,579215,1251640,398.7,399.85,65
2026-10-09 13:05:30,22491.65,2026-10-13,22900.0,CE,44628,11.0,9300135,75072530,10.95,11.0,65
2026-10-09 13:05:30,22491.65,2026-10-13,22800.0,PE,44625,312.0,1192620,5910060,310.7,311.5,65
2026-10-09 13:05:30,22491.65,2026-10-13,22800.0,CE,44624,22.15,10856235,125285290,22.1,22.2,65
2026-10-09 13:05:30,22491.65,2026-10-13,22850.0,PE,44627,355.0,209300,596635,353.75,354.7,65
2026-10-09 13:05:30,22491.65,2026-10-13,22850.0,CE,44626,15.75,5957185,71051240,15.7,15.75,65
2026-10-09 13:05:30,22491.65,2026-10-13,22050.0,CE,44582,476.95,137020,591565,476.55,478.0,65
2026-10-09 13:05:30,22491.65,2026-10-13,22000.0,PE,44581,13.6,14280890,108500015,13.55,13.6,65
2026-10-09 13:05:30,22491.65,2026-10-13,22500.0,CE,44612,123.9,15124525,349799840,123.85,124.15,65
2026-10-09 13:05:30,22491.65,2026-10-13,22450.0,PE,44611,92.25,10597015,179573940,92.55,92.7,65
2026-10-09 13:05:30,22491.65,2026-10-13,22000.0,CE,44572,524.1,629460,4032860,523.1,524.85,65
2026-10-09 13:05:30,22491.65,2026-10-13,22650.0,CE,44618,57.75,5780385,108302935,57.6,57.75,65
2026-10-09 13:05:30,22491.65,2026-10-13,22600.0,PE,44617,164.5,4631510,59942415,164.7,165.1,65
2026-10-09 13:05:30,22491.65,2026-10-13,22650.0,PE,44619,196.0,1358110,11915735,196.0,196.3,65
2026-10-09 13:05:30,22491.65,2026-10-13,22550.0,CE,44614,98.35,7394855,183983995,98.15,98.4,65
2026-10-09 13:05:30,22491.65,2026-10-13,22500.0,PE,44613,112.75,17608565,260975650,112.7,112.95,65
2026-10-09 13:05:30,22491.65,2026-10-13,22600.0,CE,44616,76.15,14177670,233523355,76.1,76.3,65
2026-10-09 13:05:30,22491.65,2026-10-13,22550.0,PE,44615,137.05,3720665,65645255,136.75,137.05,65
2026-10-09 13:05:30,22491.65,2026-10-13,21950.0,PE,44571,11.05,3301155,29344640,11.0,11.1,65
2026-10-09 13:05:30,22491.65,2026-10-13,21950.0,CE,44570,564.15,49270,112580,570.65,572.65,65
2026-10-09 13:05:30,22491.65,2026-10-13,21900.0,CE,44568,618.8,93470,265330,618.25,620.7,65
2026-10-09 13:05:30,22491.65,2026-10-13,22350.0,PE,44601,60.7,8884005,137601685,60.9,61.05,65
2026-10-09 13:05:30,22491.65,2026-10-13,23050.0,PE,44645,543.95,75855,23920,541.2,543.15,65
2026-10-09 13:05:30,22491.65,2026-10-13,22350.0,CE,44600,221.45,1924130,90867855,221.05,221.45,65
2026-10-09 13:05:30,22491.65,2026-10-13,22450.0,CE,44608,153.6,5624320,184750475,152.85,153.25,65
2026-10-09 13:05:30,22491.65,2026-10-13,23100.0,PE,44647,597.0,302705,72670,590.3,592.6,65
2026-10-09 13:05:30,22491.65,2026-10-13,21900.0,PE,44569,9.2,5809505,42873285,9.15,9.2,65
2026-10-09 13:05:30,22491.65,2026-10-13,22400.0,CE,44602,186.0,6289920,196340300,185.9,186.3,65
2026-10-09 13:05:30,22491.65,2026-10-13,23100.0,CE,44646,3.3,6887790,44030675,3.3,3.35,65
2026-10-09 13:05:30,22491.65,2026-10-13,22400.0,PE,44604,75.2,19000475,254845565,75.0,75.2,65
2026-10-09 13:05:30,22491.65,2026-10-13,23000.0,CE,44632,5.95,15511470,91901680,5.95,6.0,65
2026-10-09 13:05:30,22491.65,2026-10-13,22300.0,PE,44599,49.0,16972215,216344830,49.0,49.15,65
2026-10-09 13:05:30,22491.65,2026-10-13,22300.0,CE,44598,259.4,3630965,88401365,259.55,260.2,65
2026-10-09 13:05:30,22491.65,2026-10-13,22950.0,PE,44631,446.8,244140,208390,445.6,447.0,65
2026-10-09 13:05:30,22491.65,2026-10-13,23000.0,PE,44633,495.0,894205,1561625,493.25,494.55,65
2026-10-09 13:05:30,22491.65,2026-10-13,22200.0,PE,44595,31.85,12473305,134039620,31.75,31.85,65
2026-10-09 13:05:30,22491.65,2026-10-13,22950.0,CE,44630,7.95,3765580,40919125,7.9,7.95,65
2026-10-09 13:05:30,22491.65,2026-10-13,22250.0,PE,44597,39.45,6424405,83223855,39.5,39.65,65
2026-10-09 13:05:30,22491.65,2026-10-13,22250.0,CE,44596,300.65,1182415,21444800,299.55,300.3,65
2026-10-09 13:05:30,22491.65,2026-10-13,23050.0,CE,44636,4.3,3165370,32377930,4.3,4.35,65
2026-10-09 13:05:30,22491.65,2026-10-13,22150.0,PE,44591,25.7,3997890,51715885,25.55,25.65,65
2026-10-09 13:05:30,22491.65,2026-10-13,22200.0,CE,44592,342.45,1883765,24366745,341.95,342.9,65
2026-10-09 13:10:35,22501.75,2026-10-13,22700.0,PE,44621,222.25,3440255,17564560,221.55,222.15,65
2026-10-09 13:10:35,22501.75,2026-10-13,22700.0,CE,44620,46.25,12902565,164003255,46.05,46.2,65
2026-10-09 13:10:35,22501.75,2026-10-13,22750.0,PE,44623,258.4,575250,2531230,259.0,259.4,65
2026-10-09 13:10:35,22501.75,2026-10-13,22750.0,CE,44622,33.85,6170515,87661665,33.55,33.65,65
2026-10-09 13:10:35,22501.75,2026-10-13,22100.0,CE,44584,440.9,422175,3705390,441.95,442.95,65
2026-10-09 13:10:35,22501.75,2026-10-13,22050.0,PE,44583,15.45,3606655,39644345,15.45,15.55,65
2026-10-09 13:10:35,22501.75,2026-10-13,22150.0,CE,44586,395.0,277810,3100890,396.9,397.95,65
2026-10-09 13:10:35,22501.75,2026-10-13,22100.0,PE,44585,19.15,7710170,79710670,19.15,19.25,65
2026-10-09 13:10:35,22501.75,2026-10-13,22900.0,PE,44629,386.6,577720,1262365,386.35,387.45,65
2026-10-09 13:10:35,22501.75,2026-10-13,22900.0,CE,44628,11.85,9320935,75985000,11.85,11.95,65
2026-10-09 13:10:35,22501.75,2026-10-13,22800.0,PE,44625,298.75,1197170,5990140,299.0,299.75,65
2026-10-09 13:10:35,22501.75,2026-10-13,22800.0,CE,44624,24.1,10920975,127031190,24.0,24.05,65
2026-10-09 13:10:35,22501.75,2026-10-13,22850.0,PE,44627,344.15,210405,605345,342.05,343.05,65
2026-10-09 13:10:35,22501.75,2026-10-13,22850.0,CE,44626,17.15,5959395,71832150,17.0,17.05,65
2026-10-09 13:10:35,22501.75,2026-10-13,22050.0,CE,44582,488.95,136435,593125,488.6,490.2,65
2026-10-09 13:10:35,22501.75,2026-10-13,22000.0,PE,44581,12.65,14247740,109411510,12.65,12.7,65
2026-10-09 13:10:35,22501.75,2026-10-13,22500.0,CE,44612,131.5,15525965,355210505,130.95,131.25,65
2026-10-09 13:10:35,22501.75,2026-10-13,22450.0,PE,44611,86.85,10420215,182375050,86.75,87.0,65
2026-10-09 13:10:35,22501.75,2026-10-13,22000.0,CE,44572,537.25,627770,4048590,535.9,537.2,65
2026-10-09 13:10:35,22501.75,2026-10-13,22650.0,CE,44618,62.15,5923320,109953155,61.8,61.95,65
2026-10-09 13:10:35,22501.75,2026-10-13,22600.0,PE,44617,156.9,4658160,60991775,156.7,157.05,65
2026-10-09 13:10:35,22501.75,2026-10-13,22650.0,PE,44619,187.35,1359020,12142715,186.8,187.3,65
2026-10-09 13:10:35,22501.75,2026-10-13,22550.0,CE,44614,104.65,7768085,187267665,104.5,104.65,65
2026-10-09 13:10:35,22501.75,2026-10-13,22500.0,PE,44613,106.25,17241185,265240755,106.55,106.8,65
2026-10-09 13:10:35,22501.75,2026-10-13,22600.0,CE,44616,81.5,14391520,237074760,81.3,81.5,65
2026-10-09 13:10:35,22501.75,2026-10-13,22550.0,PE,44615,129.65,3650335,66865760,129.4,129.7,65
2026-10-09 13:10:35,22501.75,2026-10-13,21950.0,PE,44571,10.4,3290885,29560895,10.3,10.4,65
2026-10-09 13:10:35,22501.75,2026-10-13,21950.0,CE,44570,574.3,49335,112710,583.55,585.65,65
2026-10-09 13:10:35,22501.75,2026-10-13,21900.0,CE,44568,623.0,93470,265460,631.2,634.45,65
2026-10-09 13:10:35,22501.75,2026-10-13,22350.0,PE,44601,56.85,8792095,138796320,56.8,56.9,65
2026-10-09 13:10:35,22501.75,2026-10-13,23050.0,PE,44645,523.9,76115,24700,527.75,530.15,65
2026-10-09 13:10:35,22501.75,2026-10-13,22350.0,CE,44600,230.95,1962805,91239330,230.8,231.4,65
2026-10-09 13:10:35,22501.75,2026-10-13,22450.0,CE,44608,161.25,5846425,187122975,161.05,161.45,65
2026-10-09 13:10:35,22501.75,2026-10-13,23100.0,PE,44647,580.0,302965,73125,576.3,578.75,65
2026-10-09 13:10:35,22501.75,2026-10-13,21900.0,PE,44569,8.6,5870085,43206995,8.65,8.7,65
2026-10-09 13:10:35,22501.75,2026-10-13,22400.0,CE,44602,194.95,6437210,197995980,194.15,194.6,65
2026-10-09 13:10:35,22501.75,2026-10-13,23100.0,CE,44646,3.4,6867055,44312515,3.4,3.45,65
2026-10-09 13:10:35,22501.75,2026-10-13,22400.0,PE,44604,70.1,18886530,257897575,70.55,70.6,65
2026-10-09 13:10:35,22501.75,2026-10-13,23000.0,CE,44632,6.35,15603445,92727700,6.3,6.35,65
2026-10-09 13:10:35,22501.75,2026-10-13,22300.0,PE,44599,45.65,16884530,218552230,45.75,45.85,65
2026-10-09 13:10:35,22501.75,2026-10-13,22300.0,CE,44598,270.0,3645330,88837970,269.65,270.0,65
2026-10-09 13:10:35,22501.75,2026-10-13,22950.0,PE,44631,433.95,245310,209690,432.75,434.35,65
2026-10-09 13:10:35,22501.75,2026-10-13,23000.0,PE,44633,479.9,894010,1573910,480.5,482.0,65
2026-10-09 13:10:35,22501.75,2026-10-13,22200.0,PE,44595,29.45,12652120,135222685,29.45,29.55,65
2026-10-09 13:10:35,22501.75,2026-10-13,22950.0,CE,44630,8.5,3777930,41387645,8.5,8.55,65
2026-10-09 13:10:35,22501.75,2026-10-13,22250.0,PE,44597,36.9,6405555,84081660,36.8,36.95,65
2026-10-09 13:10:35,22501.75,2026-10-13,22250.0,CE,44596,311.45,1181115,21514805,310.1,310.9,65
2026-10-09 13:10:35,22501.75,2026-10-13,23050.0,CE,44636,4.55,3183115,32650865,4.5,4.55,65
2026-10-09 13:10:35,22501.75,2026-10-13,22150.0,PE,44591,23.85,3968120,52248690,23.75,23.85,65
2026-10-09 13:10:35,22501.75,2026-10-13,22200.0,CE,44592,354.0,1882400,24508445,353.25,354.2,65
2026-10-09 13:15:15,22501.9,2026-10-13,22700.0,PE,44621,222.35,3467035,17830410,222.1,222.6,65
2026-10-09 13:15:15,22501.9,2026-10-13,22700.0,CE,44620,46.0,12819560,165870250,46.0,46.1,65
2026-10-09 13:15:15,22501.9,2026-10-13,22750.0,PE,44623,259.85,589420,2576795,259.45,260.15,65
2026-10-09 13:15:15,22501.9,2026-10-13,22750.0,CE,44622,33.65,6150365,88827375,33.6,33.75,65
2026-10-09 13:15:15,22501.9,2026-10-13,22100.0,CE,44584,442.15,420680,3714945,441.8,443.0,65
2026-10-09 13:15:15,22501.9,2026-10-13,22050.0,PE,44583,15.7,3605030,39975065,15.6,15.7,65
2026-10-09 13:15:15,22501.9,2026-10-13,22150.0,CE,44586,397.65,276380,3107585,396.35,397.4,65
2026-10-09 13:15:15,22501.9,2026-10-13,22100.0,PE,44585,19.4,7675395,80543255,19.3,19.4,65
2026-10-09 13:15:15,22501.9,2026-10-13,22900.0,PE,44629,386.45,578630,1306435,387.7,388.75,65
2026-10-09 13:15:15,22501.9,2026-10-13,22900.0,CE,44628,11.75,9336990,76601005,11.75,11.85,65
2026-10-09 13:15:15,22501.9,2026-10-13,22800.0,PE,44625,300.9,1201005,6037850,300.0,300.7,65
2026-10-09 13:15:15,22501.9,2026-10-13,22800.0,CE,44624,24.1,10951525,128501230,24.05,24.15,65
2026-10-09 13:15:15,22501.9,2026-10-13,22850.0,PE,44627,341.65,211185,608920,342.65,343.65,65
2026-10-09 13:15:15,22501.9,2026-10-13,22850.0,CE,44626,17.0,5938985,72426315,16.95,17.05,65
2026-10-09 13:15:15,22501.9,2026-10-13,22050.0,CE,44582,492.1,137930,597935,488.25,489.75,65
2026-10-09 13:15:15,22501.9,2026-10-13,22000.0,PE,44581,12.8,14170715,110237010,12.75,12.85,65
2026-10-09 13:15:15,22501.9,2026-10-13,22500.0,CE,44612,130.9,15634905,359615295,130.8,131.1,65
2026-10-09 13:15:15,22501.9,2026-10-13,22450.0,PE,44611,87.75,10426650,184176200,87.4,87.5,65
2026-10-09 13:15:15,22501.9,2026-10-13,22000.0,CE,44572,535.8,626600,4057235,535.05,536.75,65
2026-10-09 13:15:15,22501.9,2026-10-13,22650.0,CE,44618,61.9,6001710,111794865,61.75,61.9,65
2026-10-09 13:15:15,22501.9,2026-10-13,22600.0,PE,44617,157.9,4726475,61653215,157.35,157.75,65
2026-10-09 13:15:15,22501.9,2026-10-13,22650.0,PE,44619,188.6,1374360,12297090,187.85,188.35,65
2026-10-09 13:15:15,22501.9,2026-10-13,22550.0,CE,44614,104.2,7903220,190159255,104.05,104.2,65
2026-10-09 13:15:15,22501.9,2026-10-13,22500.0,PE,44613,107.0,17301115,268572655,107.0,107.25,65
2026-10-09 13:15:15,22501.9,2026-10-13,22600.0,CE,44616,81.35,14620060,240170515,81.2,81.4,65
2026-10-09 13:15:15,22501.9,2026-10-13,22550.0,PE,44615,130.8,3696095,67794155,130.45,130.8,65
2026-10-09 13:15:15,22501.9,2026-10-13,21950.0,PE,44571,10.5,3323450,29856970,10.45,10.5,65
2026-10-09 13:15:15,22501.9,2026-10-13,21950.0,CE,44570,580.7,49270,112840,582.3,584.8,65
2026-10-09 13:15:15,22501.9,2026-10-13,21900.0,CE,44568,634.45,93535,265850,630.65,633.05,65
2026-10-09 13:15:15,22501.9,2026-10-13,22350.0,PE,44601,57.3,8804445,139731995,57.2,57.3,65
2026-10-09 13:15:15,22501.9,2026-10-13,23050.0,PE,44645,523.7,76115,25090,528.05,531.15,65
2026-10-09 13:15:15,22501.9,2026-10-13,22350.0,CE,44600,230.55,1940315,91608920,230.2,230.7,65
2026-10-09 13:15:15,22501.9,2026-10-13,22450.0,CE,44608,160.65,5814315,188818825,160.7,160.9,65
2026-10-09 13:15:15,22501.9,2026-10-13,23100.0,PE,44647,577.0,302835,74230,577.55,579.85,65
2026-10-09 13:15:15,22501.9,2026-10-13,21900.0,PE,44569,8.85,5841680,43525690,8.75,8.85,65
2026-10-09 13:15:15,22501.9,2026-10-13,22400.0,CE,44602,194.7,6119165,199175210,194.2,194.65,65
2026-10-09 13:15:15,22501.9,2026-10-13,23100.0,CE,44646,3.45,6800820,44675085,3.35,3.4,65
2026-10-09 13:15:15,22501.9,2026-10-13,22400.0,PE,44604,70.65,18909670,259918880,70.65,70.85,65
2026-10-09 13:15:15,22501.9,2026-10-13,23000.0,CE,44632,6.25,15677935,93585245,6.25,6.3,65
2026-10-09 13:15:15,22501.9,2026-10-13,22300.0,PE,44599,46.25,16968640,219957725,46.05,46.2,65
2026-10-09 13:15:15,22501.9,2026-10-13,22300.0,CE,44598,269.25,3660345,89214515,268.8,269.5,65
2026-10-09 13:15:15,22501.9,2026-10-13,22950.0,PE,44631,434.7,245440,211640,433.65,435.9,65
2026-10-09 13:15:15,22501.9,2026-10-13,23000.0,PE,44633,483.1,877370,1604005,481.35,482.85,65
2026-10-09 13:15:15,22501.9,2026-10-13,22200.0,PE,44595,29.75,12617995,136248450,29.75,29.85,65
2026-10-09 13:15:15,22501.9,2026-10-13,22950.0,CE,44630,8.55,3718130,41835950,8.45,8.55,65
2026-10-09 13:15:15,22501.9,2026-10-13,22250.0,PE,44597,37.15,6364995,84821815,36.95,37.1,65
2026-10-09 13:15:15,22501.9,2026-10-13,22250.0,CE,44596,309.65,1167855,21585265,309.65,310.4,65
2026-10-09 13:15:15,22501.9,2026-10-13,23050.0,CE,44636,4.45,3173755,32824350,4.45,4.5,65
2026-10-09 13:15:15,22501.9,2026-10-13,22150.0,PE,44591,23.9,4081155,52971555,23.85,23.95,65
2026-10-09 13:15:15,22501.9,2026-10-13,22200.0,CE,44592,353.2,1850160,24632205,352.05,353.05,65
2026-10-09 13:20:21,22498.4,2026-10-13,22700.0,PE,44621,226.4,3528525,18122455,226.05,226.35,65
2026-10-09 13:20:21,22498.4,2026-10-13,22700.0,CE,44620,44.45,12864085,167569415,44.3,44.45,65
2026-10-09 13:20:21,22498.4,2026-10-13,22750.0,PE,44623,265.1,585780,2620995,263.9,264.55,65
2026-10-09 13:20:21,22498.4,2026-10-13,22750.0,CE,44622,32.3,6177535,89869520,32.25,32.35,65
2026-10-09 13:20:21,22498.4,2026-10-13,22100.0,CE,44584,435.55,421070,3722095,436.55,437.75,65
2026-10-09 13:20:21,22498.4,2026-10-13,22050.0,PE,44583,16.0,3642210,40305655,15.9,16.0,65
2026-10-09 13:20:21,22498.4,2026-10-13,22150.0,CE,44586,390.0,278460,3119415,391.55,392.6,65
2026-10-09 13:20:21,22498.4,2026-10-13,22100.0,PE,44585,19.8,7677540,81412110,19.7,19.8,65
2026-10-09 13:20:21,22498.4,2026-10-13,22900.0,PE,44629,393.35,548860,1312870,392.55,393.55,65
2026-10-09 13:20:21,22498.4,2026-10-13,22900.0,CE,44628,11.35,9374820,77297285,11.35,11.4,65
2026-10-09 13:20:21,22498.4,2026-10-13,22800.0,PE,44625,304.6,1202955,6109025,304.5,305.2,65
2026-10-09 13:20:21,22498.4,2026-10-13,22800.0,CE,44624,23.1,10978175,129902695,23.0,23.1,65
2026-10-09 13:20:21,22498.4,2026-10-13,22850.0,PE,44627,348.75,210275,614380,347.6,348.6,65
2026-10-09 13:20:21,22498.4,2026-10-13,22850.0,CE,44626,16.4,5891990,73346780,16.25,16.35,65
2026-10-09 13:20:21,22498.4,2026-10-13,22050.0,CE,44582,482.4,137345,598910,483.0,484.55,65
2026-10-09 13:20:21,22498.4,2026-10-13,22000.0,PE,44581,13.0,14183195,110983600,13.0,13.05,65
2026-10-09 13:20:21,22498.4,2026-10-13,22500.0,CE,44612,127.85,15628535,363583740,127.7,127.95,65
2026-10-09 13:20:21,22498.4,2026-10-13,22450.0,PE,44611,89.55,10518950,186147585,89.35,89.55,65
2026-10-09 13:20:21,22498.4,2026-10-13,22000.0,CE,44572,529.4,647270,4135885,530.45,531.9,65
2026-10-09 13:20:21,22498.4,2026-10-13,22650.0,CE,44618,59.7,5934695,113273745,59.7,59.85,65
2026-10-09 13:20:21,22498.4,2026-10-13,22600.0,PE,44617,160.75,4780425,62426325,160.45,160.75,65
2026-10-09 13:20:21,22498.4,2026-10-13,22650.0,PE,44619,191.1,1371565,12473565,191.1,191.5,65
2026-10-09 13:20:21,22498.4,2026-10-13,22550.0,CE,44614,101.55,7887425,192693930,101.25,101.45,65
2026-10-09 13:20:21,22498.4,2026-10-13,22500.0,PE,44613,109.6,17806230,272322570,109.3,109.55,65
2026-10-09 13:20:21,22498.4,2026-10-13,22600.0,CE,44616,78.6,14617720,242963695,78.6,78.85,65
2026-10-09 13:20:21,22498.4,2026-10-13,22550.0,PE,44615,133.0,3782870,69001790,133.05,133.25,65
2026-10-09 13:20:21,22498.4,2026-10-13,21950.0,PE,44571,10.6,3334240,30125550,10.6,10.65,65
2026-10-09 13:20:21,22498.4,2026-10-13,21950.0,CE,44570,577.15,49270,113035,577.45,579.6,65
2026-10-09 13:20:21,22498.4,2026-10-13,21900.0,CE,44568,624.85,93405,266110,625.45,628.0,65
2026-10-09 13:20:21,22498.4,2026-10-13,22350.0,PE,44601,58.55,8839870,140673195,58.45,58.6,65
2026-10-09 13:20:21,22498.4,2026-10-13,23050.0,PE,44645,536.45,75985,25155,534.1,536.25,65
2026-10-09 13:20:21,22498.4,2026-10-13,22350.0,CE,44600,226.7,1949675,91860405,226.25,226.8,65
2026-10-09 13:20:21,22498.4,2026-10-13,22450.0,CE,44608,157.05,5751915,190316880,157.05,157.45,65
2026-10-09 13:20:21,22498.4,2026-10-13,23100.0,PE,44647,585.9,302770,76635,583.15,585.3,65
2026-10-09 13:20:21,22498.4,2026-10-13,21900.0,PE,44569,8.85,5829395,43876495,8.85,8.9,65
2026-10-09 13:20:21,22498.4,2026-10-13,22400.0,CE,44602,190.25,6023095,200151640,190.2,190.7,65
2026-10-09 13:20:21,22498.4,2026-10-13,23100.0,CE,44646,3.3,6825455,45263335,3.3,3.35,65
2026-10-09 13:20:21,22498.4,2026-10-13,22400.0,PE,44604,72.6,19154395,262086110,72.35,72.6,65
2026-10-09 13:20:21,22498.4,2026-10-13,23000.0,CE,44632,6.1,15896660,94639805,6.1,6.15,65
2026-10-09 13:20:21,22498.4,2026-10-13,22300.0,PE,44599,47.2,17028180,221417755,47.05,47.2,65
2026-10-09 13:20:21,22498.4,2026-10-13,22300.0,CE,44598,264.5,3615495,89586185,264.45,265.0,65
2026-10-09 13:20:21,22498.4,2026-10-13,22950.0,PE,44631,440.95,245375,213330,438.7,440.25,65
2026-10-09 13:20:21,22498.4,2026-10-13,23000.0,PE,44633,490.3,878085,1621360,486.5,488.05,65
2026-10-09 13:20:21,22498.4,2026-10-13,22200.0,PE,44595,30.55,12689365,137244575,30.45,30.55,65
2026-10-09 13:20:21,22498.4,2026-10-13,22950.0,CE,44630,8.2,3727360,42248115,8.15,8.2,65
2026-10-09 13:20:21,22498.4,2026-10-13,22250.0,PE,44597,38.0,6406725,85627750,37.9,38.05,65
2026-10-09 13:20:21,22498.4,2026-10-13,22250.0,CE,44596,305.6,1167530,21640580,305.15,305.6,65
2026-10-09 13:20:21,22498.4,2026-10-13,23050.0,CE,44636,4.35,3160235,33175545,4.35,4.4,65
2026-10-09 13:20:21,22498.4,2026-10-13,22150.0,PE,44591,24.5,4149470,53624480,24.5,24.55,65
2026-10-09 13:20:21,22498.4,2026-10-13,22200.0,CE,44592,348.25,1882075,24760255,347.25,348.2,65
2026-10-09 13:25:46,22504.55,2026-10-13,22700.0,PE,44621,219.7,3552510,18413070,219.5,220.0,65
2026-10-09 13:25:46,22504.55,2026-10-13,22700.0,CE,44620,45.8,12952615,169817765,45.8,45.95,65
2026-10-09 13:25:46,22504.55,2026-10-13,22750.0,PE,44623,258.0,594100,2659995,256.5,257.2,65
2026-10-09 13:25:46,22504.55,2026-10-13,22750.0,CE,44622,33.6,6173700,90976275,33.6,33.7,65
2026-10-09 13:25:46,22504.55,2026-10-13,22100.0,CE,44584,444.55,421915,3737175,443.3,444.6,65
2026-10-09 13:25:46,22504.55,2026-10-13,22050.0,PE,44583,14.9,3632655,40709045,14.95,15.0,65
2026-10-09 13:25:46,22504.55,2026-10-13,22150.0,CE,44586,398.85,278980,3129100,397.8,398.85,65
2026-10-09 13:25:46,22504.55,2026-10-13,22100.0,PE,44585,18.55,7608770,82259060,18.45,18.55,65
2026-10-09 13:25:46,22504.55,2026-10-13,22900.0,PE,44629,386.65,549445,1341405,385.05,386.1,65
2026-10-09 13:25:46,22504.55,2026-10-13,22900.0,CE,44628,11.7,9379045,78016770,11.65,11.7,65
2026-10-09 13:25:46,22504.55,2026-10-13,22800.0,PE,44625,298.2,1157260,6278805,297.2,297.9,65
2026-10-09 13:25:46,22504.55,2026-10-13,22800.0,CE,44624,23.85,10973950,131492270,23.85,23.95,65
2026-10-09 13:25:46,22504.55,2026-10-13,22850.0,PE,44627,341.5,210080,622115,340.05,341.1,65
2026-10-09 13:25:46,22504.55,2026-10-13,22850.0,CE,44626,16.85,5830045,74229610,16.85,16.9,65
2026-10-09 13:25:46,22504.55,2026-10-13,22050.0,CE,44582,491.55,137410,600275,490.0,491.6,65
2026-10-09 13:25:46,22504.55,2026-10-13,22000.0,PE,44581,12.25,14105390,112129615,12.2,12.25,65
2026-10-09 13:25:46,22504.55,2026-10-13,22500.0,CE,44612,131.5,15716935,368702555,131.15,131.5,65
2026-10-09 13:25:46,22504.55,2026-10-13,22450.0,PE,44611,85.6,10484955,188564675,85.45,85.7,65
2026-10-09 13:25:46,22504.55,2026-10-13,22000.0,CE,44572,537.15,633100,4172740,537.15,538.7,65
2026-10-09 13:25:46,22504.55,2026-10-13,22650.0,CE,44618,61.8,6102915,115236745,61.6,61.8,65
2026-10-09 13:25:46,22504.55,2026-10-13,22600.0,PE,44617,155.25,4776655,63498500,155.05,155.4,65
2026-10-09 13:25:46,22504.55,2026-10-13,22650.0,PE,44619,185.5,1377805,12692030,185.35,185.8,65
2026-10-09 13:25:46,22504.55,2026-10-13,22550.0,CE,44614,104.5,7962305,196136070,104.15,104.35,65
2026-10-09 13:25:46,22504.55,2026-10-13,22500.0,PE,44613,105.2,17803890,277299295,105.0,105.25,65
2026-10-09 13:25:46,22504.55,2026-10-13,22600.0,CE,44616,81.35,14670175,246692485,81.15,81.35,65
2026-10-09 13:25:46,22504.55,2026-10-13,22550.0,PE,44615,128.35,3844425,70344690,128.2,128.45,65
2026-10-09 13:25:46,22504.55,2026-10-13,21950.0,PE,44571,9.95,3344185,30414085,9.95,10.0,65
2026-10-09 13:25:46,22504.55,2026-10-13,21950.0,CE,44570,577.15,49270,113035,584.7,586.75,65
2026-10-09 13:25:46,22504.55,2026-10-13,21900.0,CE,44568,635.15,93405,266305,632.95,635.3,65
2026-10-09 13:25:46,22504.55,2026-10-13,22350.0,PE,44601,55.6,8859955,141957205,55.6,55.75,65
2026-10-09 13:25:46,22504.55,2026-10-13,23050.0,PE,44645,533.6,75985,25285,526.45,528.65,65
2026-10-09 13:25:46,22504.55,2026-10-13,22350.0,CE,44600,231.85,1944735,92147380,231.0,231.6,65
2026-10-09 13:25:46,22504.55,2026-10-13,22450.0,CE,44608,161.35,5750420,192042565,161.4,161.75,65
2026-10-09 13:25:46,22504.55,2026-10-13,23100.0,PE,44647,569.4,302705,77805,575.9,577.8,65
2026-10-09 13:25:46,22504.55,2026-10-13,21900.0,PE,44569,8.4,5696925,44515705,8.35,8.45,65
2026-10-09 13:25:46,22504.55,2026-10-13,22400.0,CE,44602,195.0,6089395,201419140,195.2,195.75,65
2026-10-09 13:25:46,22504.55,2026-10-13,23100.0,CE,44646,3.35,6855355,45743555,3.35,3.4,65
2026-10-09 13:25:46,22504.55,2026-10-13,22400.0,PE,44604,69.1,19067165,264985760,68.8,68.85,65
2026-10-09 13:25:46,22504.55,2026-10-13,23000.0,CE,44632,6.2,15866435,95400695,6.2,6.25,65
2026-10-09 13:25:46,22504.55,2026-10-13,22300.0,PE,44599,44.7,16983395,223713555,44.6,44.75,65
2026-10-09 13:25:46,22504.55,2026-10-13,22300.0,CE,44598,269.85,3613220,90020515,269.6,270.1,65
2026-10-09 13:25:46,22504.55,2026-10-13,22950.0,PE,44631,428.4,245440,215020,431.15,432.8,65
2026-10-09 13:25:46,22504.55,2026-10-13,23000.0,PE,44633,479.9,879060,1645020,478.85,480.1,65
2026-10-09 13:25:46,22504.55,2026-10-13,22200.0,PE,44595,28.65,12789140,138603855,28.6,28.75,65
2026-10-09 13:25:46,22504.55,2026-10-13,22950.0,CE,44630,8.4,3629405,42816085,8.4,8.45,65
2026-10-09 13:25:46,22504.55,2026-10-13,22250.0,PE,44597,35.75,6468475,86605350,35.75,35.9,65
2026-10-09 13:25:46,22504.55,2026-10-13,22250.0,CE,44596,311.5,1166360,21704410,310.55,311.4,65
2026-10-09 13:25:46,22504.55,2026-10-13,23050.0,CE,44636,4.4,3151980,33376395,4.4,4.45,65
2026-10-09 13:25:46,22504.55,2026-10-13,22150.0,PE,44591,22.95,4128800,54293005,22.9,23.0,65
2026-10-09 13:25:46,22504.55,2026-10-13,22200.0,CE,44592,354.25,1887535,24894285,353.5,354.4,65
2026-10-09 13:30:19,22503.4,2026-10-13,22700.0,PE,44621,223.0,3570450,18534685,222.9,223.5,65
2026-10-09 13:30:19,22503.4,2026-10-13,22700.0,CE,44620,44.85,12978615,171208050,44.85,44.95,65
2026-10-09 13:30:19,22503.4,2026-10-13,22750.0,PE,44623,261.15,594945,2675465,260.9,261.55,65
2026-10-09 13:30:19,22503.4,2026-10-13,22750.0,CE,44622,32.7,6208085,91744770,32.7,32.85,65
2026-10-09 13:30:19,22503.4,2026-10-13,22100.0,CE,44584,439.1,420420,3740685,440.0,441.2,65
2026-10-09 13:30:19,22503.4,2026-10-13,22050.0,PE,44583,15.2,3647280,41000895,15.2,15.25,65
2026-10-09 13:30:19,22503.4,2026-10-13,22150.0,CE,44586,394.3,278980,3132090,394.0,395.0,65
2026-10-09 13:30:19,22503.4,2026-10-13,22100.0,PE,44585,18.85,7553650,82758455,18.75,18.85,65
2026-10-09 13:30:19,22503.4,2026-10-13,22900.0,PE,44629,390.0,578630,1356095,389.65,390.65,65
2026-10-09 13:30:19,22503.4,2026-10-13,22900.0,CE,44628,11.5,9374950,78576745,11.5,11.6,65
2026-10-09 13:30:19,22503.4,2026-10-13,22800.0,PE,44625,301.8,1160445,6479590,300.65,301.45,65
2026-10-09 13:30:19,22503.4,2026-10-13,22800.0,CE,44624,23.4,10994815,132511665,23.45,23.55,65
2026-10-09 13:30:19,22503.4,2026-10-13,22850.0,PE,44627,341.35,210600,625040,344.3,345.0,65
2026-10-09 13:30:19,22503.4,2026-10-13,22850.0,CE,44626,16.6,5872945,74626370,16.55,16.65,65
2026-10-09 13:30:19,22503.4,2026-10-13,22050.0,CE,44582,484.85,137085,600600,486.0,487.65,65
2026-10-09 13:30:19,22503.4,2026-10-13,22000.0,PE,44581,12.5,14243905,112947965,12.45,12.5,65
2026-10-09 13:30:19,22503.4,2026-10-13,22500.0,CE,44612,129.15,15691390,371281170,128.8,129.1,65
2026-10-09 13:30:19,22503.4,2026-10-13,22450.0,PE,44611,87.25,10554570,189878780,87.05,87.3,65
2026-10-09 13:30:19,22503.4,2026-10-13,22000.0,CE,44572,535.25,634335,4188535,533.65,535.4,65
2026-10-09 13:30:19,22503.4,2026-10-13,22650.0,CE,44618,60.3,6198920,116355460,60.35,60.5,65
2026-10-09 13:30:19,22503.4,2026-10-13,22600.0,PE,44617,157.9,4810390,63981775,157.4,157.8,65
2026-10-09 13:30:19,22503.4,2026-10-13,22650.0,PE,44619,188.5,1435915,12908675,188.45,188.9,65
2026-10-09 13:30:19,22503.4,2026-10-13,22550.0,CE,44614,102.6,8027500,197979665,102.15,102.45,65
2026-10-09 13:30:19,22503.4,2026-10-13,22500.0,PE,44613,107.15,18097950,279905405,106.9,107.2,65
2026-10-09 13:30:19,22503.4,2026-10-13,22600.0,CE,44616,80.0,14796405,248826500,80.0,80.15,65
2026-10-09 13:30:19,22503.4,2026-10-13,22550.0,PE,44615,130.35,3931720,71240390,130.65,130.9,65
2026-10-09 13:30:19,22503.4,2026-10-13,21950.0,PE,44571,10.1,3504345,30812535,10.1,10.15,65
2026-10-09 13:30:19,22503.4,2026-10-13,21950.0,CE,44570,577.15,49270,113035,581.05,583.5,65
2026-10-09 13:30:19,22503.4,2026-10-13,21900.0,CE,44568,635.15,93405,266305,628.45,630.85,65
2026-10-09 13:30:19,22503.4,2026-10-13,22350.0,PE,44601,56.9,8792225,142675325,56.45,56.6,65
2026-10-09 13:30:19,22503.4,2026-10-13,23050.0,PE,44645,531.2,75920,26000,530.4,532.45,65
2026-10-09 13:30:19,22503.4,2026-10-13,22350.0,CE,44600,227.85,1945840,92292525,227.75,228.3,65
2026-10-09 13:30:19,22503.4,2026-10-13,22450.0,CE,44608,158.65,5738460,192888605,158.35,158.8,65
2026-10-09 13:30:19,22503.4,2026-10-13,23100.0,PE,44647,571.6,302705,78065,579.5,581.65,65
2026-10-09 13:30:19,22503.4,2026-10-13,21900.0,PE,44569,8.5,5664685,44749510,8.5,8.55,65
2026-10-09 13:30:19,22503.4,2026-10-13,22400.0,CE,44602,192.1,6049745,202054515,192.0,192.1,65
2026-10-09 13:30:19,22503.4,2026-10-13,23100.0,CE,44646,3.35,6866990,45930690,3.35,3.4,65
2026-10-09 13:30:19,22503.4,2026-10-13,22400.0,PE,44604,70.35,19134895,266457295,70.35,70.45,65
2026-10-09 13:30:19,22503.4,2026-10-13,23000.0,CE,44632,6.2,15949245,95842500,6.15,6.25,65
2026-10-09 13:30:19,22503.4,2026-10-13,22300.0,PE,44599,45.6,17082910,224936985,45.45,45.55,65
2026-10-09 13:30:19,22503.4,2026-10-13,22300.0,CE,44598,267.15,3598790,90242555,266.15,266.85,65
2026-10-09 13:30:19,22503.4,2026-10-13,22950.0,PE,44631,434.75,245830,215865,435.25,437.3,65
2026-10-09 13:30:19,22503.4,2026-10-13,23000.0,PE,44633,482.7,879840,1658605,482.85,483.9,65
2026-10-09 13:30:19,22503.4,2026-10-13,22200.0,PE,44595,29.2,12716665,139622145,29.2,29.25,65
2026-10-09 13:30:19,22503.4,2026-10-13,22950.0,CE,44630,8.3,3608410,43113135,8.25,8.35,65
2026-10-09 13:30:19,22503.4,2026-10-13,22250.0,PE,44597,36.35,6393400,87303060,36.35,36.4,65
2026-10-09 13:30:19,22503.4,2026-10-13,22250.0,CE,44596,307.25,1163955,21737430,307.4,308.25,65
2026-10-09 13:30:19,22503.4,2026-10-13,23050.0,CE,44636,4.45,3166670,33492550,4.35,4.4,65
2026-10-09 13:30:19,22503.4,2026-10-13,22150.0,PE,44591,23.45,4133870,54613195,23.35,23.45,65
2026-10-09 13:30:19,22503.4,2026-10-13,22200.0,CE,44592,350.0,1882855,24936080,349.85,350.25,65
2026-10-09 13:35:14,22505.05,2026-10-13,22700.0,PE,44621,223.9,3524625,18825950,221.85,222.4,65
2026-10-09 13:35:14,22505.05,2026-10-13,22700.0,CE,44620,44.35,13042900,172958760,44.95,45.1,65
2026-10-09 13:35:14,22505.05,2026-10-13,22750.0,PE,44623,258.95,591955,2707835,259.6,260.25,65
2026-10-09 13:35:14,22505.05,2026-10-13,22750.0,CE,44622,32.45,6277505,92816880,32.85,32.95,65
2026-10-09 13:35:14,22505.05,2026-10-13,22100.0,CE,44584,439.0,424190,3756610,439.05,440.05,65
2026-10-09 13:35:14,22505.05,2026-10-13,22050.0,PE,44583,15.3,3662880,41387645,15.1,15.15,65
2026-10-09 13:35:14,22505.05,2026-10-13,22150.0,CE,44586,397.55,279695,3137225,392.15,393.1,65
2026-10-09 13:35:14,22505.05,2026-10-13,22100.0,PE,44585,18.8,7502235,83416515,18.7,18.75,65
2026-10-09 13:35:14,22505.05,2026-10-13,22900.0,PE,44629,388.0,578955,1362920,388.85,390.1,65
2026-10-09 13:35:14,22505.05,2026-10-13,22900.0,CE,44628,11.55,9470435,79704170,11.55,11.6,65
2026-10-09 13:35:14,22505.05,2026-10-13,22800.0,PE,44625,300.3,1243515,6559540,301.45,302.3,65
2026-10-09 13:35:14,22505.05,2026-10-13,22800.0,CE,44624,23.15,10979150,133728985,23.3,23.4,65
2026-10-09 13:35:14,22505.05,2026-10-13,22850.0,PE,44627,342.2,210145,628550,345.7,346.85,65
2026-10-09 13:35:14,22505.05,2026-10-13,22850.0,CE,44626,16.45,5839340,75328045,16.4,16.5,65
2026-10-09 13:35:14,22505.05,2026-10-13,22050.0,CE,44582,490.95,135200,603135,485.15,486.95,65
2026-10-09 13:35:14,22505.05,2026-10-13,22000.0,PE,44581,12.55,14284335,113665240,12.35,12.45,65
2026-10-09 13:35:14,22505.05,2026-10-13,22500.0,CE,44612,127.8,15757300,376032020,127.4,127.7,65
2026-10-09 13:35:14,22505.05,2026-10-13,22450.0,PE,44611,87.4,10532405,192066095,86.75,86.9,65
2026-10-09 13:35:14,22505.05,2026-10-13,22000.0,CE,44572,532.95,632125,4205630,533.3,535.2,65
2026-10-09 13:35:14,22505.05,2026-10-13,22650.0,CE,44618,60.15,6190795,117655005,60.1,60.25,65
2026-10-09 13:35:14,22505.05,2026-10-13,22600.0,PE,44617,158.15,4803175,64820405,156.6,156.95,65
2026-10-09 13:35:14,22505.05,2026-10-13,22650.0,PE,44619,189.6,1392170,13142285,189.7,190.0,65
2026-10-09 13:35:14,22505.05,2026-10-13,22550.0,CE,44614,101.25,8118370,200804955,101.25,101.45,65
2026-10-09 13:35:14,22505.05,2026-10-13,22500.0,PE,44613,107.75,18122195,284346205,107.5,107.75,65
2026-10-09 13:35:14,22505.05,2026-10-13,22600.0,CE,44616,79.05,14787110,251751760,79.75,79.95,65
2026-10-09 13:35:14,22505.05,2026-10-13,22550.0,PE,44615,130.9,3938545,72565740,131.0,131.25,65
2026-10-09 13:35:14,22505.05,2026-10-13,21950.0,PE,44571,10.2,3485040,31054920,10.1,10.2,65
2026-10-09 13:35:14,22505.05,2026-10-13,21950.0,CE,44570,577.15,49270,113035,581.3,583.75,65
2026-10-09 13:35:14,22505.05,2026-10-13,21900.0,CE,44568,635.15,93405,266305,628.45,631.3,65
2026-10-09 13:35:14,22505.05,2026-10-13,22350.0,PE,44601,56.7,8840715,143878410,56.3,56.45,65
2026-10-09 13:35:14,22505.05,2026-10-13,23050.0,PE,44645,534.5,75790,26650,530.2,532.75,65
2026-10-09 13:35:14,22505.05,2026-10-13,22350.0,CE,44600,226.25,1945060,92554995,227.4,228.0,65
2026-10-09 13:35:14,22505.05,2026-10-13,22450.0,CE,44608,157.6,5783310,194232870,158.1,158.45,65
2026-10-09 13:35:14,22505.05,2026-10-13,23100.0,PE,44647,575.7,302770,78780,579.05,582.0,65
2026-10-09 13:35:14,22505.05,2026-10-13,21900.0,PE,44569,8.5,5707780,45090890,8.45,8.5,65
2026-10-09 13:35:14,22505.05,2026-10-13,22400.0,CE,44602,190.25,6029985,203126495,192.25,192.55,65
2026-10-09 13:35:14,22505.05,2026-10-13,23100.0,CE,44646,3.3,6971055,46285005,3.3,3.35,65
2026-10-09 13:35:14,22505.05,2026-10-13,22400.0,PE,44604,70.45,19211205,268910915,69.5,69.7,65
2026-10-09 13:35:14,22505.05,2026-10-13,23000.0,CE,44632,6.15,15955355,96392205,6.1,6.15,65
2026-10-09 13:35:14,22505.05,2026-10-13,22300.0,PE,44599,45.6,17038450,226847595,45.6,45.7,65
2026-10-09 13:35:14,22505.05,2026-10-13,22300.0,CE,44598,265.0,3600675,90564955,264.8,264.9,65
2026-10-09 13:35:14,22505.05,2026-10-13,22950.0,PE,44631,432.85,245635,216840,435.15,436.9,65
2026-10-09 13:35:14,22505.05,2026-10-13,23000.0,PE,44633,485.0,879255,1677390,484.7,486.45,65
2026-10-09 13:35:14,22505.05,2026-10-13,22200.0,PE,44595,29.1,12816050,140799620,28.8,28.9,65
2026-10-09 13:35:14,22505.05,2026-10-13,22950.0,CE,44630,8.25,3619525,43479085,8.3,8.35,65
2026-10-09 13:35:14,22505.05,2026-10-13,22250.0,PE,44597,36.4,6436560,88085335,35.9,36.05,65
2026-10-09 13:35:14,22505.05,2026-10-13,22250.0,CE,44596,306.95,1161290,21809060,307.0,307.6,65
2026-10-09 13:35:14,22505.05,2026-10-13,23050.0,CE,44636,4.35,3181750,33639125,4.35,4.4,65
2026-10-09 13:35:14,22505.05,2026-10-13,22150.0,PE,44591,23.45,4133935,55293420,23.35,23.45,65
2026-10-09 13:35:14,22505.05,2026-10-13,22200.0,CE,44592,349.25,1876160,25017590,350.4,351.4,65
2026-10-09 13:40:18,22511.0,2026-10-13,22700.0,PE,44621,214.7,3529175,18988645,214.2,214.65,65
2026-10-09 13:40:18,22511.0,2026-10-13,22700.0,CE,44620,47.45,13116675,174353660,47.35,47.5,65
2026-10-09 13:40:18,22511.0,2026-10-13,22750.0,PE,44623,251.5,593775,2735785,251.2,251.95,65
2026-10-09 13:40:18,22511.0,2026-10-13,22750.0,CE,44622,34.7,6368765,93740530,34.65,34.8,65
2026-10-09 13:40:18,22511.0,2026-10-13,22100.0,CE,44584,449.0,423475,3760770,449.2,450.4,65
2026-10-09 13:40:18,22511.0,2026-10-13,22050.0,PE,44583,14.5,3646890,41683980,14.5,14.55,65
2026-10-09 13:40:18,22511.0,2026-10-13,22150.0,CE,44586,403.0,279890,3139630,403.8,404.85,65
2026-10-09 13:40:18,22511.0,2026-10-13,22100.0,PE,44585,17.8,7505030,83902000,17.8,17.9,65
2026-10-09 13:40:18,22511.0,2026-10-13,22900.0,PE,44629,380.0,582140,1378130,378.55,379.7,65
2026-10-09 13:40:18,22511.0,2026-10-13,22900.0,CE,44628,12.25,9385545,80492880,12.2,12.25,65
2026-10-09 13:40:18,22511.0,2026-10-13,22800.0,PE,44625,291.35,1182415,6699095,291.6,292.35,65
2026-10-09 13:40:18,22511.0,2026-10-13,22800.0,CE,44624,24.8,10995465,134812405,24.75,24.85,65
2026-10-09 13:40:18,22511.0,2026-10-13,22850.0,PE,44627,336.05,210665,630175,333.8,334.75,65
2026-10-09 13:40:18,22511.0,2026-10-13,22850.0,CE,44626,17.6,5803525,75775440,17.55,17.6,65
2026-10-09 13:40:18,22511.0,2026-10-13,22050.0,CE,44582,496.1,134290,604955,496.25,497.8,65
2026-10-09 13:40:18,22511.0,2026-10-13,22000.0,PE,44581,11.95,14326845,114547810,11.95,12.0,65
2026-10-09 13:40:18,22511.0,2026-10-13,22500.0,CE,44612,134.45,15747290,379573805,134.1,134.45,65
2026-10-09 13:40:18,22511.0,2026-10-13,22450.0,PE,44611,82.0,10608910,193659115,82.1,82.3,65
2026-10-09 13:40:18,22511.0,2026-10-13,22000.0,CE,44572,544.7,625495,4215445,543.3,544.7,65
2026-10-09 13:40:18,22511.0,2026-10-13,22650.0,CE,44618,63.6,6184555,118817725,62.85,63.0,65
2026-10-09 13:40:18,22511.0,2026-10-13,22600.0,PE,44617,150.25,4798105,65677625,150.0,150.25,65
2026-10-09 13:40:18,22511.0,2026-10-13,22650.0,PE,44619,180.1,1422720,13332735,180.2,180.7,65
2026-10-09 13:40:18,22511.0,2026-10-13,22550.0,CE,44614,107.3,8029385,203179990,106.95,107.2,65
2026-10-09 13:40:18,22511.0,2026-10-13,22500.0,PE,44613,101.35,18047380,287926405,101.1,101.35,65
2026-10-09 13:40:18,22511.0,2026-10-13,22600.0,CE,44616,83.85,14779570,254383805,83.7,83.85,65
2026-10-09 13:40:18,22511.0,2026-10-13,22550.0,PE,44615,123.5,3998475,73640905,123.8,124.05,65
2026-10-09 13:40:18,22511.0,2026-10-13,21950.0,PE,44571,9.75,3472885,31279105,9.75,9.8,65
2026-10-09 13:40:18,22511.0,2026-10-13,21950.0,CE,44570,585.6,49205,113165,590.9,594.5,65
2026-10-09 13:40:18,22511.0,2026-10-13,21900.0,CE,44568,639.3,93405,266370,639.45,642.25,65
2026-10-09 13:40:18,22511.0,2026-10-13,22350.0,PE,44601,53.3,8804705,144769300,53.15,53.35,65
2026-10-09 13:40:18,22511.0,2026-10-13,23050.0,PE,44645,531.1,75855,26715,518.85,521.85,65
2026-10-09 13:40:18,22511.0,2026-10-13,22350.0,CE,44600,235.3,1936610,92801020,235.3,235.85,65
2026-10-09 13:40:18,22511.0,2026-10-13,22450.0,CE,44608,164.75,5757245,195414375,164.45,164.85,65
2026-10-09 13:40:18,22511.0,2026-10-13,23100.0,PE,44647,569.55,302770,79040,568.05,570.5,65
2026-10-09 13:40:18,22511.0,2026-10-13,21900.0,PE,44569,8.2,5565040,45578520,8.25,8.3,65
2026-10-09 13:40:18,22511.0,2026-10-13,22400.0,CE,44602,199.25,6115655,204125935,198.6,198.65,65
2026-10-09 13:40:18,22511.0,2026-10-13,23100.0,CE,44646,3.35,6999005,46576010,3.35,3.4,65
2026-10-09 13:40:18,22511.0,2026-10-13,22400.0,PE,44604,66.2,19135350,271075675,66.05,66.25,65
2026-10-09 13:40:18,22511.0,2026-10-13,23000.0,CE,44632,6.45,15895555,96938140,6.4,6.45,65
2026-10-09 13:40:18,22511.0,2026-10-13,22300.0,PE,44599,42.55,16911440,228199140,42.55,42.65,65
2026-10-09 13:40:18,22511.0,2026-10-13,22300.0,CE,44598,274.65,3608345,90859405,274.75,275.0,65
2026-10-09 13:40:18,22511.0,2026-10-13,22950.0,PE,44631,433.25,245505,217815,425.0,426.45,65
2026-10-09 13:40:18,22511.0,2026-10-13,23000.0,PE,44633,473.0,877760,1689285,472.05,473.45,65
2026-10-09 13:40:18,22511.0,2026-10-13,22200.0,PE,44595,27.3,12765350,142101765,27.4,27.45,65
2026-10-09 13:40:18,22511.0,2026-10-13,22950.0,CE,44630,8.7,3619525,43838795,8.7,8.75,65
2026-10-09 13:40:18,22511.0,2026-10-13,22250.0,PE,44597,34.0,6461650,88797605,34.0,34.1,65
2026-10-09 13:40:18,22511.0,2026-10-13,22250.0,CE,44596,316.6,1160900,21885305,316.45,317.0,65
2026-10-09 13:40:18,22511.0,2026-10-13,23050.0,CE,44636,4.55,3182400,33788950,4.5,4.55,65
2026-10-09 13:40:18,22511.0,2026-10-13,22150.0,PE,44591,22.05,4137120,55655275,22.0,22.05,65
2026-10-09 13:40:18,22511.0,2026-10-13,22200.0,CE,44592,360.0,1875835,25092210,359.25,359.9,65
2026-10-09 13:45:19,22525.35,2026-10-13,22700.0,PE,44621,205.6,3505515,19553105,204.25,204.85,65
2026-10-09 13:45:19,22525.35,2026-10-13,22700.0,CE,44620,50.35,13015730,178248915,50.25,50.35,65
2026-10-09 13:45:19,22525.35,2026-10-13,22750.0,PE,44623,241.85,598585,2847780,241.8,242.5,65
2026-10-09 13:45:19,22525.35,2026-10-13,22750.0,CE,44622,36.75,6288360,95699045,36.75,36.9,65
2026-10-09 13:45:19,22525.35,2026-10-13,22100.0,CE,44584,462.2,483990,3848195,461.1,462.3,65
2026-10-09 13:45:19,22525.35,2026-10-13,22050.0,PE,44583,14.1,3310190,43333745,14.05,14.1,65
2026-10-09 13:45:19,22525.35,2026-10-13,22150.0,CE,44586,416.05,278980,3156855,414.15,415.1,65
2026-10-09 13:45:19,22525.35,2026-10-13,22100.0,PE,44585,17.1,7171125,86146645,17.05,17.1,65
2026-10-09 13:45:19,22525.35,2026-10-13,22900.0,PE,44629,366.65,593970,1404065,367.7,368.7,65
2026-10-09 13:45:19,22525.35,2026-10-13,22900.0,CE,44628,13.1,9288695,81925545,13.1,13.2,65
2026-10-09 13:45:19,22525.35,2026-10-13,22800.0,PE,44625,280.75,1194245,6915220,281.0,281.35,65
2026-10-09 13:45:19,22525.35,2026-10-13,22800.0,CE,44624,26.45,10929035,137945405,26.5,26.6,65
2026-10-09 13:45:19,22525.35,2026-10-13,22850.0,PE,44627,323.4,212030,644085,323.45,324.3,65
2026-10-09 13:45:19,22525.35,2026-10-13,22850.0,CE,44626,18.75,5738330,77224290,18.75,18.8,65
2026-10-09 13:45:19,22525.35,2026-10-13,22050.0,CE,44582,508.5,132145,609830,507.15,508.6,65
2026-10-09 13:45:19,22525.35,2026-10-13,22000.0,PE,44581,11.75,14352455,116923105,11.65,11.7,65
2026-10-09 13:45:19,22525.35,2026-10-13,22500.0,CE,44612,140.5,15486510,389308985,140.2,140.6,65
2026-10-09 13:45:19,22525.35,2026-10-13,22450.0,PE,44611,77.45,10216440,197641080,77.15,77.35,65
2026-10-09 13:45:19,22525.35,2026-10-13,22000.0,CE,44572,556.85,615225,4277065,556.25,557.85,65
2026-10-09 13:45:19,22525.35,2026-10-13,22650.0,CE,44618,67.25,6046430,122267665,67.15,67.35,65
2026-10-09 13:45:19,22525.35,2026-10-13,22600.0,PE,44617,143.45,4905225,67420405,143.15,143.45,65
2026-10-09 13:45:19,22525.35,2026-10-13,22650.0,PE,44619,172.25,1418755,13741845,172.1,172.6,65
2026-10-09 13:45:19,22525.35,2026-10-13,22550.0,CE,44614,112.2,8078720,210001350,112.2,112.5,65
2026-10-09 13:45:19,22525.35,2026-10-13,22500.0,PE,44613,95.85,18001490,296258625,95.8,96.0,65
2026-10-09 13:45:19,22525.35,2026-10-13,22600.0,CE,44616,88.3,14555255,261372670,88.0,88.15,65
2026-10-09 13:45:19,22525.35,2026-10-13,22550.0,PE,44615,117.45,4076150,76219195,117.45,117.75,65
2026-10-09 13:45:19,22525.35,2026-10-13,21950.0,PE,44571,9.6,3431740,32007560,9.6,9.65,65
2026-10-09 13:45:19,22525.35,2026-10-13,21950.0,CE,44570,604.85,49140,113945,602.95,605.2,65
2026-10-09 13:45:19,22525.35,2026-10-13,22350.0,PE,44601,50.1,8825115,147717830,49.8,49.95,65
2026-10-09 13:45:19,22525.35,2026-10-13,23050.0,PE,44645,508.35,75920,27105,508.35,510.65,65
2026-10-09 13:45:19,22525.35,2026-10-13,22350.0,CE,44600,244.6,1915355,93398175,244.05,244.65,65
2026-10-09 13:45:19,22525.35,2026-10-13,22450.0,CE,44608,171.65,5548530,198257345,172.5,172.95,65
2026-10-09 13:45:19,22525.35,2026-10-13,23100.0,PE,44647,557.3,301600,81510,557.3,559.15,65
2026-10-09 13:45:19,22525.35,2026-10-13,22400.0,CE,44602,207.05,5825365,206296870,206.45,206.85,65
2026-10-09 13:45:19,22525.35,2026-10-13,23100.0,CE,44646,3.55,6964230,47170110,3.55,3.6,65
2026-10-09 13:45:19,22525.35,2026-10-13,23150.0,PE,44649,600.1,32435,10270,606.3,610.2,65
2026-10-09 13:45:19,22525.35,2026-10-13,22400.0,PE,44604,62.4,18760170,276199560,62.25,62.4,65
2026-10-09 13:45:19,22525.35,2026-10-13,23150.0,CE,44648,2.7,3132025,28742220,2.65,2.7,65
2026-10-09 13:45:19,22525.35,2026-10-13,23000.0,CE,44632,6.9,15851550,99015670,6.9,6.95,65
2026-10-09 13:45:19,22525.35,2026-10-13,22300.0,PE,44599,40.2,16854565,232034660,40.15,40.25,65
2026-10-09 13:45:19,22525.35,2026-10-13,22300.0,CE,44598,284.15,3573375,91617500,283.8,284.45,65
2026-10-09 13:45:19,22525.35,2026-10-13,22950.0,PE,44631,413.7,246545,220935,413.5,414.95,65
2026-10-09 13:45:19,22525.35,2026-10-13,23000.0,PE,44633,461.1,875745,1721525,460.65,462.1,65
2026-10-09 13:45:19,22525.35,2026-10-13,22200.0,PE,44595,26.05,12643410,144880710,25.95,26.05,65
2026-10-09 13:45:19,22525.35,2026-10-13,22950.0,CE,44630,9.35,3583385,44705700,9.3,9.35,65
2026-10-09 13:45:19,22525.35,2026-10-13,22250.0,PE,44597,32.35,6398470,90449905,32.3,32.4,65
2026-10-09 13:45:19,22525.35,2026-10-13,22250.0,CE,44596,326.5,1141595,22050015,325.6,326.5,65
2026-10-09 13:45:19,22525.35,2026-10-13,23050.0,CE,44636,4.8,3179280,34283470,4.75,4.8,65
2026-10-09 13:45:19,22525.35,2026-10-13,22150.0,PE,44591,21.05,4521920,58052540,20.95,21.0,65
2026-10-09 13:45:19,22525.35,2026-10-13,22200.0,CE,44592,370.15,1901120,25336935,369.2,370.2,65
2026-10-09 13:50:24,22531.75,2026-10-13,22700.0,PE,44621,197.75,3618940,20064655,197.65,198.1,65
2026-10-09 13:50:24,22531.75,2026-10-13,22700.0,CE,44620,52.35,12645945,182728780,52.2,52.35,65
2026-10-09 13:50:24,22531.75,2026-10-13,22750.0,PE,44623,234.25,615290,2972580,234.05,234.6,65
2026-10-09 13:50:24,22531.75,2026-10-13,22750.0,CE,44622,38.45,6185855,98049770,38.15,38.3,65
2026-10-09 13:50:24,22531.75,2026-10-13,22100.0,CE,44584,470.4,478985,3874455,468.5,469.75,65
2026-10-09 13:50:24,22531.75,2026-10-13,22050.0,PE,44583,13.05,3303625,44282550,13.05,13.1,65
2026-10-09 13:50:24,22531.75,2026-10-13,22150.0,CE,44586,422.85,276250,3182140,422.1,423.2,65
2026-10-09 13:50:24,22531.75,2026-10-13,22100.0,PE,44585,15.95,7187440,87704890,15.9,15.95,65
2026-10-09 13:50:24,22531.75,2026-10-13,22900.0,PE,44629,360.0,593970,1436565,359.45,360.4,65
2026-10-09 13:50:24,22531.75,2026-10-13,22900.0,CE,44628,13.55,9086415,84103630,13.55,13.6,65
2026-10-09 13:50:24,22531.75,2026-10-13,22800.0,PE,44625,273.8,1350310,7281235,273.3,273.9,65
2026-10-09 13:50:24,22531.75,2026-10-13,22800.0,CE,44624,27.55,10884640,141137360,27.4,27.5,65
2026-10-09 13:50:24,22531.75,2026-10-13,22850.0,PE,44627,316.0,211900,660920,315.1,315.95,65
2026-10-09 13:50:24,22531.75,2026-10-13,22850.0,CE,44626,19.5,5557695,79330615,19.4,19.5,65
2026-10-09 13:50:24,22531.75,2026-10-13,22050.0,CE,44582,515.5,131625,612820,515.8,517.45,65
2026-10-09 13:50:24,22531.75,2026-10-13,22000.0,PE,44581,10.95,14238510,119415985,10.9,10.95,65
2026-10-09 13:50:24,22531.75,2026-10-13,22500.0,CE,44612,145.45,14888900,398883680,145.05,145.45,65
2026-10-09 13:50:24,22531.75,2026-10-13,22450.0,PE,44611,73.4,10148320,200540925,73.25,73.35,65
2026-10-09 13:50:24,22531.75,2026-10-13,22000.0,CE,44572,562.2,627380,4313855,563.55,565.3,65
2026-10-09 13:50:24,22531.75,2026-10-13,22650.0,CE,44618,69.85,5975255,126015565,69.5,69.65,65
2026-10-09 13:50:24,22531.75,2026-10-13,22600.0,PE,44617,137.15,5201885,69451265,136.75,137.05,65
2026-10-09 13:50:24,22531.75,2026-10-13,22650.0,PE,44619,165.6,1572155,14382355,165.45,165.9,65
2026-10-09 13:50:24,22531.75,2026-10-13,22550.0,CE,44614,116.5,7901075,216857810,115.9,116.15,65
2026-10-09 13:50:24,22531.75,2026-10-13,22500.0,PE,44613,91.0,18522725,303828655,90.85,91.0,65
2026-10-09 13:50:24,22531.75,2026-10-13,22600.0,CE,44616,91.5,14286935,269101885,91.0,91.25,65
2026-10-09 13:50:24,22531.75,2026-10-13,22550.0,PE,44615,111.95,4587895,79284920,112.1,112.35,65
2026-10-09 13:50:24,22531.75,2026-10-13,21950.0,PE,44571,9.0,3402750,32499935,9.0,9.05,65
2026-10-09 13:50:24,22531.75,2026-10-13,21950.0,CE,44570,618.35,49335,115115,611.35,613.8,65
2026-10-09 13:50:24,22531.75,2026-10-13,22350.0,PE,44601,47.0,8797880,150102420,47.05,47.15,65
2026-10-09 13:50:24,22531.75,2026-10-13,23050.0,PE,44645,499.0,75855,27625,498.7,501.55,65
2026-10-09 13:50:24,22531.75,2026-10-13,22350.0,CE,44600,251.15,1791660,93992210,250.5,251.15,65
2026-10-09 13:50:24,22531.75,2026-10-13,22450.0,CE,44608,177.1,5318300,201086210,177.1,177.6,65
2026-10-09 13:50:24,22531.75,2026-10-13,23100.0,PE,44647,551.2,299325,84760,547.7,549.6,65
2026-10-09 13:50:24,22531.75,2026-10-13,22400.0,CE,44602,213.0,5552105,208523705,212.25,212.8,65
2026-10-09 13:50:24,22531.75,2026-10-13,23100.0,CE,44646,3.65,7010575,47955440,3.65,3.7,65
2026-10-09 13:50:24,22531.75,2026-10-13,23150.0,PE,44649,591.1,32305,10335,596.85,600.3,65
2026-10-09 13:50:24,22531.75,2026-10-13,22400.0,PE,44604,58.75,18889975,280522125,58.7,58.85,65
2026-10-09 13:50:24,22531.75,2026-10-13,23150.0,CE,44648,2.75,3152045,29388320,2.75,2.8,65
2026-10-09 13:50:24,22531.75,2026-10-13,23000.0,CE,44632,7.15,16168360,101268765,7.15,7.2,65
2026-10-09 13:50:24,22531.75,2026-10-13,22300.0,PE,44599,37.8,16706755,235531530,37.75,37.85,65
2026-10-09 13:50:24,22531.75,2026-10-13,22300.0,CE,44598,290.6,3402880,92467310,290.45,291.2,65
2026-10-09 13:50:24,22531.75,2026-10-13,22950.0,PE,44631,407.25,245635,227435,404.45,405.8,65
2026-10-09 13:50:24,22531.75,2026-10-13,23000.0,PE,44633,451.8,878475,1757665,452.35,453.45,65
2026-10-09 13:50:24,22531.75,2026-10-13,22200.0,PE,44595,24.3,12605840,146849300,24.25,24.35,65
2026-10-09 13:50:24,22531.75,2026-10-13,22950.0,CE,44630,9.65,3617185,45756230,9.65,9.7,65
2026-10-09 13:50:24,22531.75,2026-10-13,22250.0,PE,44597,30.2,6378580,91977405,30.1,30.2,65
2026-10-09 13:50:24,22531.75,2026-10-13,22250.0,CE,44596,333.05,1115595,22238385,333.1,333.95,65
2026-10-09 13:50:24,22531.75,2026-10-13,23050.0,CE,44636,4.95,3289325,35003670,4.9,4.95,65
2026-10-09 13:50:24,22531.75,2026-10-13,22150.0,PE,44591,19.55,4668495,59224880,19.5,19.6,65
2026-10-09 13:50:24,22531.75,2026-10-13,22200.0,CE,44592,378.05,1890720,25534145,376.6,377.5,65
2026-10-09 13:56:54,22532.7,2026-10-13,22700.0,PE,44621,200.95,3629470,20677995,200.2,200.75,65
2026-10-09 13:56:54,22532.7,2026-10-13,22700.0,CE,44620,50.1,12693265,187215600,50.0,50.1,65
2026-10-09 13:56:54,22532.7,2026-10-13,22750.0,PE,44623,237.3,608075,3076450,236.85,237.45,65
2026-10-09 13:56:54,22532.7,2026-10-13,22750.0,CE,44622,36.75,6156540,100648015,36.6,36.75,65
2026-10-09 13:56:54,22532.7,2026-10-13,22100.0,CE,44584,464.45,473655,3907475,464.05,465.3,65
2026-10-09 13:56:54,22532.7,2026-10-13,22050.0,PE,44583,13.25,3343860,45028685,13.2,13.25,65
2026-10-09 13:56:54,22532.7,2026-10-13,22150.0,CE,44586,421.3,277160,3203200,417.7,418.75,65
2026-10-09 13:56:54,22532.7,2026-10-13,22100.0,PE,44585,16.1,7251920,88782070,16.15,16.2,65
2026-10-09 13:56:54,22532.7,2026-10-13,22900.0,PE,44629,363.7,594295,1480635,362.8,363.95,65
2026-10-09 13:56:54,22532.7,2026-10-13,22900.0,CE,44628,12.8,9142575,86175635,12.8,12.9,65
2026-10-09 13:56:54,22532.7,2026-10-13,22800.0,PE,44625,276.25,1195610,7631650,276.5,277.2,65
2026-10-09 13:56:54,22532.7,2026-10-13,22800.0,CE,44624,26.1,10929425,144685580,26.1,26.2,65
2026-10-09 13:56:54,22532.7,2026-10-13,22850.0,PE,44627,319.3,211120,679250,318.5,319.45,65
2026-10-09 13:56:54,22532.7,2026-10-13,22850.0,CE,44626,18.45,5715905,81286010,18.45,18.5,65
2026-10-09 13:56:54,22532.7,2026-10-13,22050.0,CE,44582,511.4,131755,613340,511.4,512.95,65
2026-10-09 13:56:54,22532.7,2026-10-13,22000.0,PE,44581,11.0,14243255,121068090,11.0,11.05,65
2026-10-09 13:56:54,22532.7,2026-10-13,22500.0,CE,44612,141.65,14895400,406839745,141.35,141.65,65
2026-10-09 13:56:54,22532.7,2026-10-13,22450.0,PE,44611,74.6,10307895,203746920,74.45,74.6,65
2026-10-09 13:56:54,22532.7,2026-10-13,22000.0,CE,44572,561.3,627770,4340180,559.65,561.25,65
2026-10-09 13:56:54,22532.7,2026-10-13,22650.0,CE,44618,67.25,6009835,129510810,67.25,67.45,65
2026-10-09 13:56:54,22532.7,2026-10-13,22600.0,PE,44617,138.85,5295550,71492135,138.5,138.8,65
2026-10-09 13:56:54,22532.7,2026-10-13,22650.0,PE,44619,167.55,1572025,14967355,167.55,168.0,65
2026-10-09 13:56:54,22532.7,2026-10-13,22550.0,CE,44614,113.1,8162115,223750735,113.05,113.35,65
2026-10-09 13:56:54,22532.7,2026-10-13,22500.0,PE,44613,92.25,19518720,312778700,92.2,92.4,65
2026-10-09 13:56:54,22532.7,2026-10-13,22600.0,CE,44616,88.3,14282385,276297905,88.45,88.7,65
2026-10-09 13:56:54,22532.7,2026-10-13,22550.0,PE,44615,113.85,4820205,83305105,113.5,113.8,65
2026-10-09 13:56:54,22532.7,2026-10-13,21950.0,PE,44571,9.05,3433040,32818240,9.05,9.1,65
2026-10-09 13:56:54,22532.7,2026-10-13,21950.0,CE,44570,596.7,49400,115765,607.05,609.65,65
2026-10-09 13:56:54,22532.7,2026-10-13,22350.0,PE,44601,47.65,8768955,151973640,47.6,47.75,65
2026-10-09 13:56:54,22532.7,2026-10-13,23050.0,PE,44645,505.5,75790,28210,503.25,505.6,65
2026-10-09 13:56:54,22532.7,2026-10-13,22350.0,CE,44600,246.85,1780610,94445390,246.7,247.25,65
2026-10-09 13:56:54,22532.7,2026-10-13,22450.0,CE,44608,173.65,5314985,203644935,173.3,173.75,65
2026-10-09 13:56:54,22532.7,2026-10-13,23100.0,PE,44647,554.25,298220,87945,552.4,554.3,65
2026-10-09 13:56:54,22532.7,2026-10-13,22400.0,CE,44602,209.05,5519345,210729220,208.8,209.2,65
2026-10-09 13:56:54,22532.7,2026-10-13,23100.0,CE,44646,3.5,6997510,48465755,3.45,3.5,65
2026-10-09 13:56:54,22532.7,2026-10-13,23150.0,PE,44649,591.1,32305,10335,600.9,604.55,65
2026-10-09 13:56:54,22532.7,2026-10-13,22400.0,PE,44604,59.55,19064825,284886030,59.55,59.7,65
2026-10-09 13:56:54,22532.7,2026-10-13,23150.0,CE,44648,2.6,3141645,29787745,2.6,2.65,65
2026-10-09 13:56:54,22532.7,2026-10-13,23000.0,CE,44632,6.8,16166865,103851800,6.75,6.8,65
2026-10-09 13:56:54,22532.7,2026-10-13,22300.0,PE,44599,38.35,16850340,238460105,38.2,38.35,65
2026-10-09 13:56:54,22532.7,2026-10-13,22300.0,CE,44598,287.15,3259230,93337985,287.0,287.25,65
2026-10-09 13:56:54,22532.7,2026-10-13,22950.0,PE,44631,409.95,246090,231790,408.5,410.2,65
2026-10-09 13:56:54,22532.7,2026-10-13,23000.0,PE,44633,457.35,878735,1786850,455.85,457.45,65
2026-10-09 13:56:54,22532.7,2026-10-13,22200.0,PE,44595,24.6,12604150,149297525,24.55,24.65,65
2026-10-09 13:56:54,22532.7,2026-10-13,22950.0,CE,44630,9.15,3612245,46694440,9.1,9.2,65
2026-10-09 13:56:54,22532.7,2026-10-13,22250.0,PE,44597,30.65,6414915,93482610,30.6,30.75,65
2026-10-09 13:56:54,22532.7,2026-10-13,22250.0,CE,44596,329.15,1098890,22382880,329.15,330.0,65
2026-10-09 13:56:54,22532.7,2026-10-13,23050.0,CE,44636,4.7,3298165,35539075,4.65,4.7,65
2026-10-09 13:56:54,22532.7,2026-10-13,22150.0,PE,44591,19.8,4612920,60158605,19.85,19.95,65
2026-10-09 13:56:54,22532.7,2026-10-13,22200.0,CE,44592,374.3,1888705,25718745,372.7,373.65,65
2026-10-09 14:00:26,22543.2,2026-10-13,22700.0,PE,44621,189.7,3679910,21307585,189.05,189.55,65
2026-10-09 14:00:26,22543.2,2026-10-13,22700.0,CE,44620,53.2,12646205,191345115,53.35,53.45,65
2026-10-09 14:00:26,22543.2,2026-10-13,22750.0,PE,44623,225.2,625560,3184155,224.85,225.35,65
2026-10-09 14:00:26,22543.2,2026-10-13,22750.0,CE,44622,39.0,6074965,103084215,38.9,38.95,65
2026-10-09 14:00:26,22543.2,2026-10-13,22100.0,CE,44584,478.45,459680,3945500,477.8,479.1,65
2026-10-09 14:00:26,22543.2,2026-10-13,22050.0,PE,44583,12.55,3283670,45601075,12.55,12.65,65
2026-10-09 14:00:26,22543.2,2026-10-13,22150.0,CE,44586,431.6,275145,3219060,430.45,431.6,65
2026-10-09 14:00:26,22543.2,2026-10-13,22100.0,PE,44585,15.25,7065240,89981905,15.25,15.3,65
2026-10-09 14:00:26,22543.2,2026-10-13,22900.0,PE,44629,350.0,597870,1505010,349.3,350.2,65
2026-10-09 14:00:26,22543.2,2026-10-13,22900.0,CE,44628,13.5,9218690,87976265,13.55,13.6,65
2026-10-09 14:00:26,22543.2,2026-10-13,22800.0,PE,44625,264.35,1232855,7858760,263.6,264.35,65
2026-10-09 14:00:26,22543.2,2026-10-13,22800.0,CE,44624,27.8,10811710,147663230,27.8,27.9,65
2026-10-09 14:00:26,22543.2,2026-10-13,22850.0,PE,44627,305.15,214240,701480,305.65,306.6,65
2026-10-09 14:00:26,22543.2,2026-10-13,22850.0,CE,44626,19.55,5682950,82729530,19.5,19.55,65
2026-10-09 14:00:26,22543.2,2026-10-13,22050.0,CE,44582,526.05,131235,616070,524.2,525.85,65
2026-10-09 14:00:26,22543.2,2026-10-13,22000.0,PE,44581,10.6,14178580,122503160,10.55,10.6,65
2026-10-09 14:00:26,22543.2,2026-10-13,22500.0,CE,44612,149.5,14080950,414598405,148.75,149.15,65
2026-10-09 14:00:26,22543.2,2026-10-13,22450.0,PE,44611,68.85,10066160,206334245,68.7,68.8,65
2026-10-09 14:00:26,22543.2,2026-10-13,22000.0,CE,44572,573.85,624065,4371575,573.25,575.0,65
2026-10-09 14:00:26,22543.2,2026-10-13,22650.0,CE,44618,71.55,5654155,132788955,71.4,71.55,65
2026-10-09 14:00:26,22543.2,2026-10-13,22600.0,PE,44617,130.2,5595005,73656050,129.8,130.0,65
2026-10-09 14:00:26,22543.2,2026-10-13,22650.0,PE,44619,157.95,1615185,15524795,158.0,158.25,65
2026-10-09 14:00:26,22543.2,2026-10-13,22550.0,CE,44614,120.0,7562685,230345245,119.75,119.9,65
2026-10-09 14:00:26,22543.2,2026-10-13,22500.0,PE,44613,85.65,19478095,320485750,85.75,85.85,65
2026-10-09 14:00:26,22543.2,2026-10-13,22600.0,CE,44616,93.95,14090375,283134865,93.85,94.0,65
2026-10-09 14:00:26,22543.2,2026-10-13,22550.0,PE,44615,105.9,5163600,86730930,105.75,106.0,65
2026-10-09 14:00:26,22543.2,2026-10-13,21950.0,PE,44571,8.8,3400020,33254715,8.75,8.85,65
2026-10-09 14:00:26,22543.2,2026-10-13,21950.0,CE,44570,622.8,49335,117130,621.55,623.7,65
2026-10-09 14:00:26,22543.2,2026-10-13,22350.0,PE,44601,43.95,8702070,153760555,43.85,44.0,65
2026-10-09 14:00:26,22543.2,2026-10-13,23050.0,PE,44645,490.5,75920,31200,489.55,491.6,65
2026-10-09 14:00:26,22543.2,2026-10-13,22350.0,CE,44600,256.85,1759095,95018235,257.1,257.8,65
2026-10-09 14:00:26,22543.2,2026-10-13,22450.0,CE,44608,182.55,4899180,206148995,182.15,182.5,65
2026-10-09 14:00:26,22543.2,2026-10-13,23100.0,PE,44647,538.95,296985,92300,538.75,540.7,65
2026-10-09 14:00:26,22543.2,2026-10-13,22400.0,CE,44602,218.8,5435560,213050175,218.2,218.8,65
2026-10-09 14:00:26,22543.2,2026-10-13,23100.0,CE,44646,3.6,7018245,48867390,3.6,3.65,65
2026-10-09 14:00:26,22543.2,2026-10-13,23150.0,PE,44649,591.1,32305,10335,587.25,590.55,65
2026-10-09 14:00:26,22543.2,2026-10-13,22400.0,PE,44604,55.0,18460650,290003935,54.9,55.0,65
2026-10-09 14:00:26,22543.2,2026-10-13,23150.0,CE,44648,2.75,3141060,30261920,2.75,2.8,65
2026-10-09 14:00:26,22543.2,2026-10-13,23000.0,CE,44632,7.0,16114540,106116855,7.0,7.05,65
2026-10-09 14:00:26,22543.2,2026-10-13,22300.0,PE,44599,35.25,16274700,241716670,35.25,35.35,65
2026-10-09 14:00:26,22543.2,2026-10-13,22300.0,CE,44598,298.85,3064165,94256500,298.1,298.85,65
2026-10-09 14:00:26,22543.2,2026-10-13,22950.0,PE,44631,395.55,248430,238550,394.8,396.2,65
2026-10-09 14:00:26,22543.2,2026-10-13,23000.0,PE,44633,444.05,881010,1819285,442.1,443.5,65
2026-10-09 14:00:26,22543.2,2026-10-13,22200.0,PE,44595,22.9,12486955,151406190,22.85,22.9,65
2026-10-09 14:00:26,22543.2,2026-10-13,22950.0,CE,44630,9.55,3665090,47427315,9.55,9.6,65
2026-10-09 14:00:26,22543.2,2026-10-13,22250.0,PE,44597,28.35,6333210,94853785,28.3,28.4,65
2026-10-09 14:00:26,22543.2,2026-10-13,22250.0,CE,44596,342.0,1054690,22522825,341.25,341.9,65
2026-10-09 14:00:26,22543.2,2026-10-13,23050.0,CE,44636,4.9,3275740,36050755,4.85,4.9,65
2026-10-09 14:00:26,22543.2,2026-10-13,22150.0,PE,44591,18.6,4570670,61005165,18.55,18.65,65
2026-10-09 14:00:26,22543.2,2026-10-13,22200.0,CE,44592,386.4,1788410,26017030,385.65,386.4,65
2026-10-09 14:05:26,22540.2,2026-10-13,22700.0,PE,44621,189.05,3662880,21775585,188.65,189.1,65
2026-10-09 14:05:26,22540.2,2026-10-13,22700.0,CE,44620,52.85,12696320,194350715,52.7,52.85,65
2026-10-09 14:05:26,22540.2,2026-10-13,22750.0,PE,44623,224.1,641355,3278275,224.15,224.65,65
2026-10-09 14:05:26,22540.2,2026-10-13,22750.0,CE,44622,38.45,6156150,104816855,38.3,38.45,65
2026-10-09 14:05:26,22540.2,2026-10-13,22100.0,CE,44584,477.0,453375,3965650,477.2,478.3,65
2026-10-09 14:05:26,22540.2,2026-10-13,22050.0,PE,44583,12.4,3330600,45980350,12.4,12.45,65
2026-10-09 14:05:26,22540.2,2026-10-13,22150.0,CE,44586,431.25,274365,3231605,431.3,432.2,65
2026-10-09 14:05:26,22540.2,2026-10-13,22100.0,PE,44585,15.05,7104695,90869610,15.1,15.15,65
2026-10-09 14:05:26,22540.2,2026-10-13,22900.0,PE,44629,350.0,606255,1535885,349.0,349.8,65
2026-10-09 14:05:26,22540.2,2026-10-13,22900.0,CE,44628,13.0,9735440,90029550,13.05,13.1,65
2026-10-09 14:05:26,22540.2,2026-10-13,22800.0,PE,44625,263.25,1301755,8111480,264.0,264.4,65
2026-10-09 14:05:26,22540.2,2026-10-13,22800.0,CE,44624,27.3,10837190,150306065,27.05,27.15,65
2026-10-09 14:05:26,22540.2,2026-10-13,22850.0,PE,44627,306.5,214240,716365,305.0,305.5,65
2026-10-09 14:05:26,22540.2,2026-10-13,22850.0,CE,44626,19.1,5802875,84128720,19.0,19.05,65
2026-10-09 14:05:26,22540.2,2026-10-13,22050.0,CE,44582,521.3,131235,616720,525.0,526.7,65
2026-10-09 14:05:26,22540.2,2026-10-13,22000.0,PE,44581,10.5,14192165,123699680,10.45,10.5,65
2026-10-09 14:05:26,22540.2,2026-10-13,22500.0,CE,44612,149.0,14079910,420206865,148.35,148.75,65
2026-10-09 14:05:26,22540.2,2026-10-13,22450.0,PE,44611,68.2,10149230,208332735,68.4,68.6,65
2026-10-09 14:05:26,22540.2,2026-10-13,22000.0,CE,44572,572.85,619450,4387110,572.95,574.9,65
2026-10-09 14:05:26,22540.2,2026-10-13,22650.0,CE,44618,71.2,5797610,135349435,70.95,71.15,65
2026-10-09 14:05:26,22540.2,2026-10-13,22600.0,PE,44617,129.3,5704920,75597990,128.95,129.3,65
2026-10-09 14:05:26,22540.2,2026-10-13,22650.0,PE,44619,157.2,1687400,15981680,157.0,157.25,65
2026-10-09 14:05:26,22540.2,2026-10-13,22550.0,CE,44614,119.15,7928895,235026285,118.85,119.0,65
2026-10-09 14:05:26,22540.2,2026-10-13,22500.0,PE,44613,85.0,20100730,326197040,85.05,85.25,65
2026-10-09 14:05:26,22540.2,2026-10-13,22600.0,CE,44616,93.3,14355185,288513550,93.05,93.25,65
2026-10-09 14:05:26,22540.2,2026-10-13,22550.0,PE,44615,105.2,5529420,90227800,105.2,105.25,65
2026-10-09 14:05:26,22540.2,2026-10-13,21950.0,PE,44571,8.75,3362320,33473505,8.7,8.75,65
2026-10-09 14:05:26,22540.2,2026-10-13,21950.0,CE,44570,615.8,50505,117195,621.3,623.45,65
2026-10-09 14:05:26,22540.2,2026-10-13,22350.0,PE,44601,43.7,8749585,155082590,43.6,43.75,65
2026-10-09 14:05:26,22540.2,2026-10-13,23050.0,PE,44645,498.0,74425,34775,489.65,491.2,65
2026-10-09 14:05:26,22540.2,2026-10-13,22350.0,CE,44600,256.9,1819545,95423965,256.85,257.5,65
2026-10-09 14:05:26,22540.2,2026-10-13,22450.0,CE,44608,181.65,4732455,207578475,181.7,182.15,65
2026-10-09 14:05:26,22540.2,2026-10-13,23100.0,PE,44647,540.0,296075,94900,539.0,540.0,65
2026-10-09 14:05:26,22540.2,2026-10-13,22400.0,CE,44602,218.5,5548335,214597565,218.0,218.5,65
2026-10-09 14:05:26,22540.2,2026-10-13,23100.0,CE,44646,3.5,7041710,49274615,3.45,3.5,65
2026-10-09 14:05:26,22540.2,2026-10-13,23150.0,PE,44649,591.1,32305,10335,586.5,590.4,65
2026-10-09 14:05:26,22540.2,2026-10-13,22400.0,PE,44604,54.6,18495555,292843655,54.4,54.55,65
2026-10-09 14:05:26,22540.2,2026-10-13,23150.0,CE,44648,2.7,3139305,30495205,2.65,2.7,65
2026-10-09 14:05:26,22540.2,2026-10-13,23000.0,CE,44632,6.8,16158025,107807050,6.8,6.85,65
2026-10-09 14:05:26,22540.2,2026-10-13,22300.0,PE,44599,35.1,16554655,243957935,35.0,35.1,65
2026-10-09 14:05:26,22540.2,2026-10-13,22300.0,CE,44598,298.05,2874560,94965065,298.05,298.75,65
2026-10-09 14:05:26,22540.2,2026-10-13,22950.0,PE,44631,402.95,248040,245245,394.5,395.8,65
2026-10-09 14:05:26,22540.2,2026-10-13,23000.0,PE,44633,444.0,877370,1850550,441.95,443.25,65
2026-10-09 14:05:26,22540.2,2026-10-13,22200.0,PE,44595,22.55,12682150,152945000,22.55,22.65,65
2026-10-09 14:05:26,22540.2,2026-10-13,22950.0,CE,44630,9.25,3699150,48099025,9.25,9.3,65
2026-10-09 14:05:26,22540.2,2026-10-13,22250.0,PE,44597,28.1,6316180,95688060,28.1,28.15,65
2026-10-09 14:05:26,22540.2,2026-10-13,22250.0,CE,44596,341.1,1031030,22613695,341.2,341.9,65
2026-10-09 14:05:26,22540.2,2026-10-13,23050.0,CE,44636,4.7,3244345,36390120,4.65,4.7,65
2026-10-09 14:05:26,22540.2,2026-10-13,22150.0,PE,44591,18.35,4509505,61716915,18.35,18.4,65
2026-10-09 14:05:26,22540.2,2026-10-13,22200.0,CE,44592,385.25,1687985,26214890,385.45,386.5,65
2026-10-09 14:10:52,22548.55,2026-10-13,22700.0,PE,44621,182.85,3802565,22640345,182.35,182.7,65
2026-10-09 14:10:52,22548.55,2026-10-13,22700.0,CE,44620,53.05,12736295,200732480,53.0,53.1,65
2026-10-09 14:10:52,22548.55,2026-10-13,22750.0,PE,44623,218.0,690495,3509415,217.6,218.0,65
2026-10-09 14:10:52,22548.55,2026-10-13,22750.0,CE,44622,38.35,5796310,108152980,38.25,38.35,65
2026-10-09 14:10:52,22548.55,2026-10-13,22100.0,CE,44584,484.0,436995,4017325,483.35,484.1,65
2026-10-09 14:10:52,22548.55,2026-10-13,22050.0,PE,44583,11.9,3268915,47118955,11.9,11.95,65
2026-10-09 14:10:52,22548.55,2026-10-13,22150.0,CE,44586,439.05,269750,3254875,436.6,437.75,65
2026-10-09 14:10:52,22548.55,2026-10-13,22100.0,PE,44585,14.5,7002450,92834690,14.4,14.45,65
2026-10-09 14:10:52,22548.55,2026-10-13,22900.0,PE,44629,342.25,612690,1604200,342.4,343.25,65
2026-10-09 14:10:52,22548.55,2026-10-13,22900.0,CE,44628,12.85,9909575,92353690,12.8,12.85,65
2026-10-09 14:10:52,22548.55,2026-10-13,22800.0,PE,44625,257.0,1415180,8475805,256.65,257.0,65
2026-10-09 14:10:52,22548.55,2026-10-13,22800.0,CE,44624,26.95,10718630,154951680,27.0,27.05,65
2026-10-09 14:10:52,22548.55,2026-10-13,22850.0,PE,44627,297.5,221260,750555,297.95,298.8,65
2026-10-09 14:10:52,22548.55,2026-10-13,22850.0,CE,44626,18.65,5651035,87932780,18.65,18.75,65
2026-10-09 14:10:52,22548.55,2026-10-13,22050.0,CE,44582,531.0,131170,619840,530.55,532.3,65
2026-10-09 14:10:52,22548.55,2026-10-13,22000.0,PE,44581,10.05,14027000,126086285,10.05,10.1,65
2026-10-09 14:10:52,22548.55,2026-10-13,22500.0,CE,44612,151.0,13092690,430294735,151.0,151.35,65
2026-10-09 14:10:52,22548.55,2026-10-13,22450.0,PE,44611,65.0,10007205,211695185,64.85,65.0,65
2026-10-09 14:10:52,22548.55,2026-10-13,22000.0,CE,44572,578.8,608205,4440735,580.0,580.5,65
2026-10-09 14:10:52,22548.55,2026-10-13,22650.0,CE,44618,71.55,5378295,140501140,71.55,71.75,65
2026-10-09 14:10:52,22548.55,2026-10-13,22600.0,PE,44617,124.0,6590155,79505595,124.0,124.25,65
2026-10-09 14:10:52,22548.55,2026-10-13,22650.0,PE,44619,151.55,1811355,16942120,151.0,151.35,65
2026-10-09 14:10:52,22548.55,2026-10-13,22550.0,CE,44614,121.0,6877910,243930050,120.75,121.0,65
2026-10-09 14:10:52,22548.55,2026-10-13,22500.0,PE,44613,81.3,20082270,334918545,81.0,81.25,65
2026-10-09 14:10:52,22548.55,2026-10-13,22600.0,CE,44616,94.25,13613145,300038830,94.35,94.55,65
2026-10-09 14:10:52,22548.55,2026-10-13,22550.0,PE,44615,100.8,6333860,96312645,100.55,100.8,65
2026-10-09 14:10:52,22548.55,2026-10-13,21950.0,PE,44571,8.5,3405870,34125065,8.45,8.5,65
2026-10-09 14:10:52,22548.55,2026-10-13,21950.0,CE,44570,632.45,50115,118170,627.05,629.55,65
2026-10-09 14:10:52,22548.55,2026-10-13,22350.0,PE,44601,41.25,8676980,157592240,41.25,41.3,65
2026-10-09 14:10:52,22548.55,2026-10-13,23050.0,PE,44645,479.75,74425,37245,482.5,484.6,65
2026-10-09 14:10:52,22548.55,2026-10-13,22350.0,CE,44600,260.8,1711255,96008640,260.95,261.6,65
2026-10-09 14:10:52,22548.55,2026-10-13,22450.0,CE,44608,185.2,3773185,211878355,185.0,185.25,65
2026-10-09 14:10:52,22548.55,2026-10-13,23100.0,PE,44647,528.55,295230,98670,531.8,533.75,65
2026-10-09 14:10:52,22548.55,2026-10-13,22400.0,CE,44602,221.15,5331820,217062040,221.2,221.75,65
2026-10-09 14:10:52,22548.55,2026-10-13,23100.0,CE,44646,3.5,6984510,50150750,3.5,3.55,65
2026-10-09 14:10:52,22548.55,2026-10-13,23150.0,PE,44649,569.6,32305,10530,580.5,583.35,65
2026-10-09 14:10:52,22548.55,2026-10-13,22400.0,PE,44604,51.55,18557435,298479480,51.5,51.7,65
2026-10-09 14:10:52,22548.55,2026-10-13,23150.0,CE,44648,2.75,3182075,31147870,2.7,2.75,65
2026-10-09 14:10:52,22548.55,2026-10-13,23000.0,CE,44632,6.7,16103425,110729450,6.65,6.7,65
2026-10-09 14:10:52,22548.55,2026-10-13,22300.0,PE,44599,33.15,16325400,247907205,33.2,33.25,65
2026-10-09 14:10:52,22548.55,2026-10-13,22300.0,CE,44598,303.4,2641600,95999150,302.6,303.4,65
2026-10-09 14:10:52,22548.55,2026-10-13,22950.0,PE,44631,388.35,249275,254735,388.1,389.35,65
2026-10-09 14:10:52,22548.55,2026-10-13,23000.0,PE,44633,435.45,887770,1909570,435.35,436.8,65
2026-10-09 14:10:52,22548.55,2026-10-13,22200.0,PE,44595,21.6,12652575,155278305,21.5,21.55,65
2026-10-09 14:10:52,22548.55,2026-10-13,22950.0,CE,44630,9.0,3737695,49292425,9.0,9.1,65
2026-10-09 14:10:52,22548.55,2026-10-13,22250.0,PE,44597,26.7,6320145,97585735,26.6,26.7,65
2026-10-09 14:10:52,22548.55,2026-10-13,22250.0,CE,44596,347.0,982800,22761245,346.0,346.7,65
2026-10-09 14:10:52,22548.55,2026-10-13,23050.0,CE,44636,4.65,3247075,36937095,4.6,4.65,65
2026-10-09 14:10:52,22548.55,2026-10-13,22150.0,PE,44591,17.6,4206735,63834160,17.6,17.65,65
2026-10-09 14:10:52,22548.55,2026-10-13,22200.0,CE,44592,390.15,1622855,26444535,390.6,391.6,65
2026-10-09 14:15:16,22543.4,2026-10-13,22700.0,PE,44621,184.3,3848195,23004020,184.3,184.75,65
2026-10-09 14:15:16,22543.4,2026-10-13,22700.0,CE,44620,52.15,12974975,203508890,52.2,52.3,65
2026-10-09 14:15:16,22543.4,2026-10-13,22750.0,PE,44623,220.35,705705,3593200,219.7,220.3,65
2026-10-09 14:15:16,22543.4,2026-10-13,22750.0,CE,44622,37.7,5880420,109337540,37.75,37.85,65
2026-10-09 14:15:16,22543.4,2026-10-13,22100.0,CE,44584,481.0,432575,4106700,480.85,481.9,65
2026-10-09 14:15:16,22543.4,2026-10-13,22050.0,PE,44583,11.65,3281200,47365825,11.6,11.65,65
2026-10-09 14:15:16,22543.4,2026-10-13,22150.0,CE,44586,435.65,272480,3267030,434.2,435.35,65
2026-10-09 14:15:16,22543.4,2026-10-13,22100.0,PE,44585,14.1,6965790,93399280,14.1,14.15,65
2026-10-09 14:15:16,22543.4,2026-10-13,22900.0,PE,44629,344.7,606645,1632020,344.5,344.7,65
2026-10-09 14:15:16,22543.4,2026-10-13,22900.0,CE,44628,12.85,9766315,93499380,12.75,12.85,65
2026-10-09 14:15:16,22543.4,2026-10-13,22800.0,PE,44625,258.75,1370395,8607950,258.7,259.35,65
2026-10-09 14:15:16,22543.4,2026-10-13,22800.0,CE,44624,26.8,10865400,156843765,26.7,26.75,65
2026-10-09 14:15:16,22543.4,2026-10-13,22850.0,PE,44627,301.1,220935,768105,300.3,301.1,65
2026-10-09 14:15:16,22543.4,2026-10-13,22850.0,CE,44626,18.55,5940870,88948210,18.45,18.55,65
2026-10-09 14:15:16,22543.4,2026-10-13,22050.0,CE,44582,530.4,130975,620880,528.2,529.9,65
2026-10-09 14:15:16,22543.4,2026-10-13,22000.0,PE,44581,9.75,14132300,127152285,9.75,9.8,65
2026-10-09 14:15:16,22543.4,2026-10-13,22500.0,CE,44612,149.3,13335465,433746950,149.25,149.6,65
2026-10-09 14:15:16,22543.4,2026-10-13,22450.0,PE,44611,65.2,10186670,213081570,65.2,65.4,65
2026-10-09 14:15:16,22543.4,2026-10-13,22000.0,CE,44572,578.05,588835,4497025,576.55,578.25,65
2026-10-09 14:15:16,22543.4,2026-10-13,22650.0,CE,44618,70.65,5487365,142413635,70.5,70.7,65
2026-10-09 14:15:16,22543.4,2026-10-13,22600.0,PE,44617,125.6,6727240,81421145,125.35,125.6,65
2026-10-09 14:15:16,22543.4,2026-10-13,22650.0,PE,44619,152.65,1844310,17316975,152.65,153.0,65
2026-10-09 14:15:16,22543.4,2026-10-13,22550.0,CE,44614,119.9,7315230,247222755,119.3,119.6,65
2026-10-09 14:15:16,22543.4,2026-10-13,22500.0,PE,44613,82.0,20364630,339014910,81.75,81.95,65
2026-10-09 14:15:16,22543.4,2026-10-13,22600.0,CE,44616,93.35,13711685,304206240,93.05,93.2,65
2026-10-09 14:15:16,22543.4,2026-10-13,22550.0,PE,44615,101.5,6646250,99075405,101.45,101.65,65
2026-10-09 14:15:16,22543.4,2026-10-13,21950.0,PE,44571,8.2,3414515,34389355,8.15,8.2,65
2026-10-09 14:15:16,22543.4,2026-10-13,21950.0,CE,44570,627.65,50310,118495,624.65,626.65,65
2026-10-09 14:15:16,22543.4,2026-10-13,22350.0,PE,44601,41.25,8813675,158680990,41.25,41.35,65
2026-10-09 14:15:16,22543.4,2026-10-13,23050.0,PE,44645,486.5,74165,39000,485.3,487.1,65
2026-10-09 14:15:16,22543.4,2026-10-13,22350.0,CE,44600,259.15,1730495,96177250,259.15,259.35,65
2026-10-09 14:15:16,22543.4,2026-10-13,22450.0,CE,44608,183.1,3814655,212671095,182.95,183.35,65
2026-10-09 14:15:16,22543.4,2026-10-13,23100.0,PE,44647,535.7,294905,100165,534.05,536.05,65
2026-10-09 14:15:16,22543.4,2026-10-13,22400.0,CE,44602,219.45,5281770,217901645,219.45,220.0,65
2026-10-09 14:15:16,22543.4,2026-10-13,23100.0,CE,44646,3.5,7048730,50577410,3.5,3.55,65
2026-10-09 14:15:16,22543.4,2026-10-13,23150.0,PE,44649,581.0,32240,10595,583.45,585.6,65
2026-10-09 14:15:16,22543.4,2026-10-13,22400.0,PE,44604,51.75,18803070,300651390,51.75,51.9,65
2026-10-09 14:15:16,22543.4,2026-10-13,23150.0,CE,44648,2.7,3166800,31230940,2.7,2.75,65
2026-10-09 14:15:16,22543.4,2026-10-13,23000.0,CE,44632,6.7,16144765,111719790,6.65,6.7,65
2026-10-09 14:15:16,22543.4,2026-10-13,22300.0,PE,44599,33.15,16356730,249649595,33.1,33.2,65
2026-10-09 14:15:16,22543.4,2026-10-13,22300.0,CE,44598,301.05,2642250,96310695,300.5,300.95,65
2026-10-09 14:15:16,22543.4,2026-10-13,22950.0,PE,44631,390.8,249665,259805,390.35,391.55,65
2026-10-09 14:15:16,22543.4,2026-10-13,23000.0,PE,44633,438.3,894205,1943240,437.85,439.05,65
2026-10-09 14:15:16,22543.4,2026-10-13,22200.0,PE,44595,21.3,12693135,156494650,21.25,21.35,65
2026-10-09 14:15:16,22543.4,2026-10-13,22950.0,CE,44630,9.0,3806530,50066250,8.95,9.05,65
2026-10-09 14:15:16,22543.4,2026-10-13,22250.0,PE,44597,26.4,6272760,98264465,26.4,26.5,65
2026-10-09 14:15:16,22543.4,2026-10-13,22250.0,CE,44596,344.5,991770,22812075,343.65,344.55,65
2026-10-09 14:15:16,22543.4,2026-10-13,23050.0,CE,44636,4.6,3264495,37226995,4.6,4.7,65
2026-10-09 14:15:16,22543.4,2026-10-13,22150.0,PE,44591,17.3,4354545,64314575,17.2,17.3,65
2026-10-09 14:15:16,22543.4,2026-10-13,22200.0,CE,44592,390.35,1627275,26525330,388.65,389.3,65
2026-10-09 14:20:22,22571.2,2026-10-13,22700.0,PE,44621,164.0,3999320,24340680,163.65,164.1,65
2026-10-09 14:20:22,22571.2,2026-10-13,22700.0,CE,44620,62.4,12705355,212279860,62.2,62.3,65
2026-10-09 14:20:22,22571.2,2026-10-13,22750.0,PE,44623,196.75,735410,3889535,196.8,197.3,65
2026-10-09 14:20:22,22571.2,2026-10-13,22750.0,CE,44622,45.25,5629845,113753380,45.25,45.4,65
2026-10-09 14:20:22,22571.2,2026-10-13,22100.0,CE,44584,509.95,413140,4156295,509.85,511.45,65
2026-10-09 14:20:22,22571.2,2026-10-13,22050.0,PE,44583,10.65,3242005,48774245,10.6,10.65,65
2026-10-09 14:20:22,22571.2,2026-10-13,22150.0,CE,44586,463.45,266630,3289455,462.45,463.65,65
2026-10-09 14:20:22,22571.2,2026-10-13,22100.0,PE,44585,12.75,6762405,95354610,12.7,12.75,65
2026-10-09 14:20:22,22571.2,2026-10-13,22900.0,PE,44629,317.25,578565,1732575,316.3,317.2,65
2026-10-09 14:20:22,22571.2,2026-10-13,22900.0,CE,44628,15.25,9810970,97281990,15.15,15.25,65
2026-10-09 14:20:22,22571.2,2026-10-13,22800.0,PE,44625,234.05,1437995,9061065,234.0,234.25,65
2026-10-09 14:20:22,22571.2,2026-10-13,22800.0,CE,44624,32.25,10347220,163017400,32.15,32.3,65
2026-10-09 14:20:22,22571.2,2026-10-13,22850.0,PE,44627,274.05,224965,815035,273.7,274.5,65
2026-10-09 14:20:22,22571.2,2026-10-13,22850.0,CE,44626,22.2,5754905,91884065,22.2,22.3,65
2026-10-09 14:20:22,22571.2,2026-10-13,22050.0,CE,44582,559.4,129870,623675,557.35,559.05,65
2026-10-09 14:20:22,22571.2,2026-10-13,22000.0,PE,44581,9.05,14152775,129500865,9.0,9.05,65
2026-10-09 14:20:22,22571.2,2026-10-13,22500.0,CE,44612,169.4,11694345,443840475,169.2,169.4,65
2026-10-09 14:20:22,22571.2,2026-10-13,22450.0,PE,44611,56.8,9660755,217467770,56.6,56.75,65
2026-10-09 14:20:22,22571.2,2026-10-13,22000.0,CE,44572,606.15,581295,4556825,605.75,607.45,65
2026-10-09 14:20:22,22571.2,2026-10-13,22650.0,CE,44618,83.45,4879420,148596760,83.2,83.45,65
2026-10-09 14:20:22,22571.2,2026-10-13,22600.0,PE,44617,110.05,7104045,87028045,109.95,110.2,65
2026-10-09 14:20:22,22571.2,2026-10-13,22650.0,PE,44619,135.1,1950260,18768945,134.8,135.1,65
2026-10-09 14:20:22,22571.2,2026-10-13,22550.0,CE,44614,137.0,6255600,257015135,136.95,137.0,65
2026-10-09 14:20:22,22571.2,2026-10-13,22500.0,PE,44613,71.15,19641050,350125490,71.15,71.3,65
2026-10-09 14:20:22,22571.2,2026-10-13,22600.0,CE,44616,108.65,12496510,317975125,108.15,108.45,65
2026-10-09 14:20:22,22571.2,2026-10-13,22550.0,PE,44615,88.7,6617260,106024945,88.5,88.7,65
2026-10-09 14:20:22,22571.2,2026-10-13,21950.0,PE,44571,7.65,3160365,35369815,7.65,7.7,65
2026-10-09 14:20:22,22571.2,2026-10-13,21950.0,CE,44570,669.55,50375,119535,654.35,657.15,65
2026-10-09 14:20:22,22571.2,2026-10-13,22350.0,PE,44601,36.0,8594690,161620160,35.9,36.0,65
2026-10-09 14:20:22,22571.2,2026-10-13,23050.0,PE,44645,456.25,74815,43485,455.4,457.0,65
2026-10-09 14:20:22,22571.2,2026-10-13,22350.0,CE,44600,283.6,1624155,96757895,283.8,284.45,65
2026-10-09 14:20:22,22571.2,2026-10-13,22450.0,CE,44608,205.1,3413215,215322510,204.85,205.2,65
2026-10-09 14:20:22,22571.2,2026-10-13,23100.0,PE,44647,504.85,292370,107055,503.75,505.45,65
2026-10-09 14:20:22,22571.2,2026-10-13,22400.0,CE,44602,242.7,4948450,220187760,242.7,243.3,65
2026-10-09 14:20:22,22571.2,2026-10-13,23100.0,CE,44646,3.8,7108075,52053365,3.8,3.85,65
2026-10-09 14:20:22,22571.2,2026-10-13,23150.0,PE,44649,544.25,32175,11115,553.0,555.65,65
2026-10-09 14:20:22,22571.2,2026-10-13,22400.0,PE,44604,45.05,18256875,307218340,45.05,45.2,65
2026-10-09 14:20:22,22571.2,2026-10-13,23150.0,CE,44648,2.85,3106415,32778265,2.85,2.9,65
2026-10-09 14:20:22,22571.2,2026-10-13,23000.0,CE,44632,7.6,15890680,116040470,7.55,7.6,65
2026-10-09 14:20:22,22571.2,2026-10-13,22300.0,PE,44599,28.85,15407145,254787325,28.85,28.9,65
2026-10-09 14:20:22,22571.2,2026-10-13,22300.0,CE,44598,327.35,2538705,97161480,326.15,326.95,65
2026-10-09 14:20:22,22571.2,2026-10-13,22950.0,PE,44631,362.3,244920,278915,361.55,362.65,65
2026-10-09 14:20:22,22571.2,2026-10-13,23000.0,PE,44633,409.45,913575,2036190,409.05,409.4,65
2026-10-09 14:20:22,22571.2,2026-10-13,22200.0,PE,44595,18.8,12221495,160007575,18.8,18.85,65
2026-10-09 14:20:22,22571.2,2026-10-13,22950.0,CE,44630,10.5,3761680,51759825,10.45,10.55,65
2026-10-09 14:20:22,22571.2,2026-10-13,22250.0,PE,44597,23.2,6026280,100332375,23.25,23.3,65
2026-10-09 14:20:22,22571.2,2026-10-13,22250.0,CE,44596,371.5,900770,22941555,370.35,371.35,65
2026-10-09 14:20:22,22571.2,2026-10-13,23050.0,CE,44636,5.15,3261830,38530765,5.15,5.2,65
2026-10-09 14:20:22,22571.2,2026-10-13,22150.0,PE,44591,15.35,4322825,65910520,15.35,15.4,65
2026-10-09 14:20:22,22571.2,2026-10-13,22200.0,CE,44592,416.45,1556555,26733655,416.15,417.3,65
2026-10-09 14:25:23,22558.0,2026-10-13,22700.0,PE,44621,168.3,4090710,25376845,167.8,167.9,65
2026-10-09 14:25:23,22558.0,2026-10-13,22700.0,CE,44620,59.15,12865190,219219715,59.35,59.5,65
2026-10-09 14:25:23,22558.0,2026-10-13,22750.0,PE,44623,202.35,782275,4110860,201.7,202.3,65
2026-10-09 14:25:23,22558.0,2026-10-13,22750.0,CE,44622,43.2,5712915,117426140,42.95,43.05,65
2026-10-09 14:25:23,22558.0,2026-10-13,22100.0,CE,44584,503.35,408785,4221360,502.15,503.4,65
2026-10-09 14:25:23,22558.0,2026-10-13,22050.0,PE,44583,11.0,3283345,49441925,10.95,11.0,65
2026-10-09 14:25:23,22558.0,2026-10-13,22150.0,CE,44586,457.2,264355,3298035,456.4,457.55,65
2026-10-09 14:25:23,22558.0,2026-10-13,22100.0,PE,44585,13.15,6564480,96640505,13.1,13.2,65
2026-10-09 14:25:23,22558.0,2026-10-13,22900.0,PE,44629,323.3,592800,1817985,322.5,323.3,65
2026-10-09 14:25:23,22558.0,2026-10-13,22900.0,CE,44628,14.0,10636080,101375105,13.95,14.0,65
2026-10-09 14:25:23,22558.0,2026-10-13,22800.0,PE,44625,239.55,1492725,9463220,240.1,240.7,65
2026-10-09 14:25:23,22558.0,2026-10-13,22800.0,CE,44624,30.55,9992775,168104170,30.0,30.1,65
2026-10-09 14:25:23,22558.0,2026-10-13,22850.0,PE,44627,280.0,229320,858195,279.1,279.95,65
2026-10-09 14:25:23,22558.0,2026-10-13,22850.0,CE,44626,21.05,5195710,95708860,21.0,21.05,65
2026-10-09 14:25:23,22558.0,2026-10-13,22050.0,CE,44582,552.75,129675,625105,550.85,552.75,65
2026-10-09 14:25:23,22558.0,2026-10-13,22000.0,PE,44581,9.35,14044745,130870415,9.3,9.35,65
2026-10-09 14:25:23,22558.0,2026-10-13,22500.0,CE,44612,164.25,11463595,449489495,164.05,164.45,65
2026-10-09 14:25:23,22558.0,2026-10-13,22450.0,PE,44611,58.5,9664330,219710985,58.7,58.85,65
2026-10-09 14:25:23,22558.0,2026-10-13,22000.0,CE,44572,599.9,573300,4590430,599.15,601.25,65
2026-10-09 14:25:23,22558.0,2026-10-13,22650.0,CE,44618,80.0,5138055,153782330,79.7,79.9,65
2026-10-09 14:25:23,22558.0,2026-10-13,22600.0,PE,44617,113.05,8021715,91805285,113.0,113.3,65
2026-10-09 14:25:23,22558.0,2026-10-13,22650.0,PE,44619,138.35,1988935,19653530,138.45,138.65,65
2026-10-09 14:25:23,22558.0,2026-10-13,22550.0,CE,44614,132.4,6112860,263389880,132.1,132.4,65
2026-10-09 14:25:23,22558.0,2026-10-13,22500.0,PE,44613,73.15,19941870,355797780,73.25,73.4,65
2026-10-09 14:25:23,22558.0,2026-10-13,22600.0,CE,44616,104.4,12375805,328246100,104.2,104.45,65
2026-10-09 14:25:23,22558.0,2026-10-13,22550.0,PE,44615,91.15,7173335,110443580,91.1,91.35,65
2026-10-09 14:25:23,22558.0,2026-10-13,21950.0,PE,44571,7.9,3105375,35787765,7.9,7.95,65
2026-10-09 14:25:23,22558.0,2026-10-13,21950.0,CE,44570,656.25,49790,119795,647.1,650.35,65
2026-10-09 14:25:23,22558.0,2026-10-13,22350.0,PE,44601,36.95,8604310,163282665,36.9,37.0,65
2026-10-09 14:25:23,22558.0,2026-10-13,23050.0,PE,44645,462.55,74165,47060,462.4,463.95,65
2026-10-09 14:25:23,22558.0,2026-10-13,22350.0,CE,44600,278.0,1583985,97049615,278.2,279.0,65
2026-10-09 14:25:23,22558.0,2026-10-13,22450.0,CE,44608,200.0,3272035,216754005,199.55,200.05,65
2026-10-09 14:25:23,22558.0,2026-10-13,23100.0,PE,44647,513.25,292825,111800,510.5,512.45,65
2026-10-09 14:25:23,22558.0,2026-10-13,22400.0,CE,44602,237.85,4906590,221628940,236.95,237.35,65
2026-10-09 14:25:23,22558.0,2026-10-13,23100.0,CE,44646,3.6,7118995,53429285,3.55,3.6,65
2026-10-09 14:25:23,22558.0,2026-10-13,23150.0,PE,44649,561.25,32500,11310,558.15,563.75,65
2026-10-09 14:25:23,22558.0,2026-10-13,22400.0,PE,44604,46.4,18386940,310599055,46.35,46.5,65
2026-10-09 14:25:23,22558.0,2026-10-13,23150.0,CE,44648,2.7,3121820,33644585,2.7,2.75,65
2026-10-09 14:25:23,22558.0,2026-10-13,23000.0,CE,44632,7.05,15845830,120054675,7.0,7.05,65
2026-10-09 14:25:23,22558.0,2026-10-13,22300.0,PE,44599,29.75,15271685,257050235,29.7,29.8,65
2026-10-09 14:25:23,22558.0,2026-10-13,22300.0,CE,44598,321.9,2449135,97805825,320.2,320.9,65
2026-10-09 14:25:23,22558.0,2026-10-13,22950.0,PE,44631,369.2,246025,287430,367.35,368.55,65
2026-10-09 14:25:23,22558.0,2026-10-13,23000.0,PE,44633,415.0,932490,2127255,415.0,415.65,65
2026-10-09 14:25:23,22558.0,2026-10-13,22200.0,PE,44595,19.5,12156755,161585905,19.45,19.5,65
2026-10-09 14:25:23,22558.0,2026-10-13,22950.0,CE,44630,9.8,3762915,53323205,9.8,9.85,65
2026-10-09 14:25:23,22558.0,2026-10-13,22250.0,PE,44597,23.95,6126315,101467990,23.9,23.95,65
2026-10-09 14:25:23,22558.0,2026-10-13,22250.0,CE,44596,365.25,906555,23019035,364.55,365.45,65
2026-10-09 14:25:23,22558.0,2026-10-13,23050.0,CE,44636,4.8,3253900,39442325,4.8,4.85,65
2026-10-09 14:25:23,22558.0,2026-10-13,22150.0,PE,44591,15.85,4320745,66604785,15.85,15.9,65
2026-10-09 14:25:23,22558.0,2026-10-13,22200.0,CE,44592,410.35,1546415,26828230,409.75,410.8,65
2026-10-09 14:30:53,22544.05,2026-10-13,22700.0,PE,44621,182.05,4037930,26370630,181.95,182.4,65
2026-10-09 14:30:53,22544.05,2026-10-13,22700.0,CE,44620,52.8,13144105,224278795,52.6,52.8,65
2026-10-09 14:30:53,22544.05,2026-10-13,22750.0,PE,44623,217.85,789035,4346225,217.0,217.6,65
2026-10-09 14:30:53,22544.05,2026-10-13,22750.0,CE,44622,37.95,5666895,119918695,37.85,38.0,65
2026-10-09 14:30:53,22544.05,2026-10-13,22100.0,CE,44584,484.2,399555,4238195,484.15,485.3,65
2026-10-09 14:30:53,22544.05,2026-10-13,22050.0,PE,44583,11.7,3242980,50147565,11.7,11.75,65
2026-10-09 14:30:53,22544.05,2026-10-13,22150.0,CE,44586,438.65,261105,3309085,437.35,438.45,65
2026-10-09 14:30:53,22544.05,2026-10-13,22100.0,PE,44585,14.15,6762990,98110870,14.1,14.15,65
2026-10-09 14:30:53,22544.05,2026-10-13,22900.0,PE,44629,341.2,576030,1865240,341.1,342.0,65
2026-10-09 14:30:53,22544.05,2026-10-13,22900.0,CE,44628,12.05,11282115,103909065,12.05,12.1,65
2026-10-09 14:30:53,22544.05,2026-10-13,22800.0,PE,44625,255.55,1468480,9803690,255.6,256.3,65
2026-10-09 14:30:53,22544.05,2026-10-13,22800.0,CE,44624,26.6,9962420,171567045,26.65,26.75,65
2026-10-09 14:30:53,22544.05,2026-10-13,22850.0,PE,44627,296.75,224120,889395,296.8,297.6,65
2026-10-09 14:30:53,22544.05,2026-10-13,22850.0,CE,44626,18.35,4507750,98004530,18.25,18.3,65
2026-10-09 14:30:53,22544.05,2026-10-13,22050.0,CE,44582,532.9,129545,626405,530.9,532.65,65
2026-10-09 14:30:53,22544.05,2026-10-13,22000.0,PE,44581,9.95,14001520,132347475,9.9,9.95,65
2026-10-09 14:30:53,22544.05,2026-10-13,22500.0,CE,44612,151.55,11241100,453511045,151.4,151.75,65
2026-10-09 14:30:53,22544.05,2026-10-13,22450.0,PE,44611,64.75,9838660,222269840,64.6,64.8,65
2026-10-09 14:30:53,22544.05,2026-10-13,22000.0,CE,44572,580.7,573560,4616625,578.7,580.45,65
2026-10-09 14:30:53,22544.05,2026-10-13,22650.0,CE,44618,71.75,5522270,157838915,71.6,71.75,65
2026-10-09 14:30:53,22544.05,2026-10-13,22600.0,PE,44617,123.75,7991230,96367505,123.7,123.95,65
2026-10-09 14:30:53,22544.05,2026-10-13,22650.0,PE,44619,151.15,2089490,20802990,150.65,151.0,65
2026-10-09 14:30:53,22544.05,2026-10-13,22550.0,CE,44614,121.25,6275295,268131955,120.95,121.25,65
2026-10-09 14:30:53,22544.05,2026-10-13,22500.0,PE,44613,81.15,20363590,362241100,80.75,81.0,65
2026-10-09 14:30:53,22544.05,2026-10-13,22600.0,CE,44616,94.6,12823655,335547745,94.65,94.75,65
2026-10-09 14:30:53,22544.05,2026-10-13,22550.0,PE,44615,100.55,7351045,115585080,100.3,100.55,65
2026-10-09 14:30:53,22544.05,2026-10-13,21950.0,PE,44571,8.35,3091790,36113480,8.3,8.35,65
2026-10-09 14:30:53,22544.05,2026-10-13,21950.0,CE,44570,647.6,49855,120055,626.85,629.65,65
2026-10-09 14:30:53,22544.05,2026-10-13,22350.0,PE,44601,41.05,8564205,164771425,41.0,41.15,65
2026-10-09 14:30:53,22544.05,2026-10-13,23050.0,PE,44645,481.25,74035,48750,481.9,483.65,65
2026-10-09 14:30:53,22544.05,2026-10-13,22350.0,CE,44600,262.1,1571960,97303180,261.35,262.0,65
2026-10-09 14:30:53,22544.05,2026-10-13,22450.0,CE,44608,185.1,3232255,217799205,185.4,185.85,65
2026-10-09 14:30:53,22544.05,2026-10-13,23100.0,PE,44647,529.15,292045,114725,530.65,533.05,65
2026-10-09 14:30:53,22544.05,2026-10-13,22400.0,CE,44602,222.25,4848415,222629095,221.75,222.3,65
2026-10-09 14:30:53,22544.05,2026-10-13,23100.0,CE,44646,3.25,7143695,54171065,3.2,3.25,65
2026-10-09 14:30:53,22544.05,2026-10-13,23150.0,PE,44649,565.15,32370,11375,579.8,583.35,65
2026-10-09 14:30:53,22544.05,2026-10-13,22400.0,PE,44604,51.35,18391100,314323230,51.3,51.45,65
2026-10-09 14:30:53,22544.05,2026-10-13,23150.0,CE,44648,2.55,3076645,34034390,2.5,2.55,65
2026-10-09 14:30:53,22544.05,2026-10-13,23000.0,CE,44632,6.1,15957500,122594745,6.1,6.15,65
2026-10-09 14:30:53,22544.05,2026-10-13,22300.0,PE,44599,33.0,15531685,259739480,32.9,33.05,65
2026-10-09 14:30:53,22544.05,2026-10-13,22300.0,CE,44598,303.8,2385565,98200765,302.9,303.7,65
2026-10-09 14:30:53,22544.05,2026-10-13,22950.0,PE,44631,386.05,244465,294710,386.95,388.1,65
2026-10-09 14:30:53,22544.05,2026-10-13,23000.0,PE,44633,435.25,908440,2215980,434.0,434.9,65
2026-10-09 14:30:53,22544.05,2026-10-13,22200.0,PE,44595,21.4,12228645,163088120,21.3,21.4,65
2026-10-09 14:30:53,22544.05,2026-10-13,22950.0,CE,44630,8.5,3829995,54662985,8.5,8.55,65
2026-10-09 14:30:53,22544.05,2026-10-13,22250.0,PE,44597,26.4,6083220,102553230,26.3,26.4,65
2026-10-09 14:30:53,22544.05,2026-10-13,22250.0,CE,44596,346.0,891150,23071035,346.55,347.4,65
2026-10-09 14:30:53,22544.05,2026-10-13,23050.0,CE,44636,4.25,3326180,39957450,4.25,4.3,65
2026-10-09 14:30:53,22544.05,2026-10-13,22150.0,PE,44591,17.35,4332185,67197910,17.25,17.35,65
2026-10-09 14:30:53,22544.05,2026-10-13,22200.0,CE,44592,391.5,1542450,26907595,391.15,392.15,65
2026-10-09 14:35:18,22543.3,2026-10-13,22700.0,PE,44621,182.05,4012840,27029665,181.9,182.1,65
2026-10-09 14:35:18,22543.3,2026-10-13,22700.0,CE,44620,51.85,13477425,227630260,51.7,51.85,65
2026-10-09 14:35:18,22543.3,2026-10-13,22750.0,PE,44623,217.6,787150,4484285,217.1,217.65,65
2026-10-09 14:35:18,22543.3,2026-10-13,22750.0,CE,44622,37.25,5738265,121821180,37.25,37.3,65
2026-10-09 14:35:18,22543.3,2026-10-13,22100.0,CE,44584,482.6,395005,4245670,483.5,484.45,65
2026-10-09 14:35:18,22543.3,2026-10-13,22050.0,PE,44583,11.45,3311035,50609000,11.45,11.5,65
2026-10-09 14:35:18,22543.3,2026-10-13,22150.0,CE,44586,435.95,257530,3319095,436.1,437.2,65
2026-10-09 14:35:18,22543.3,2026-10-13,22100.0,PE,44585,13.95,6880120,99392280,13.85,13.9,65
2026-10-09 14:35:18,22543.3,2026-10-13,22900.0,PE,44629,342.5,587470,1908855,341.2,342.25,65
2026-10-09 14:35:18,22543.3,2026-10-13,22900.0,CE,44628,12.0,11395930,105556360,11.95,12.0,65
2026-10-09 14:35:18,22543.3,2026-10-13,22800.0,PE,44625,256.0,1440205,10052250,256.0,256.2,65
2026-10-09 14:35:18,22543.3,2026-10-13,22800.0,CE,44624,26.1,10073830,173767425,26.15,26.25,65
2026-10-09 14:35:18,22543.3,2026-10-13,22850.0,PE,44627,297.65,212875,922675,297.35,298.25,65
2026-10-09 14:35:18,22543.3,2026-10-13,22850.0,CE,44626,18.0,4354740,99191170,17.95,18.05,65
2026-10-09 14:35:18,22543.3,2026-10-13,22050.0,CE,44582,534.0,130065,627575,530.7,532.45,65
2026-10-09 14:35:18,22543.3,2026-10-13,22000.0,PE,44581,9.85,14279005,133660215,9.8,9.85,65
2026-10-09 14:35:18,22543.3,2026-10-13,22500.0,CE,44612,150.25,11564475,456917695,150.0,150.35,65
2026-10-09 14:35:18,22543.3,2026-10-13,22450.0,PE,44611,64.1,9883640,224741660,63.85,64.05,65
2026-10-09 14:35:18,22543.3,2026-10-13,22000.0,CE,44572,578.75,567775,4633720,578.8,580.6,65
2026-10-09 14:35:18,22543.3,2026-10-13,22650.0,CE,44618,70.65,5610475,160395170,70.5,70.65,65
2026-10-09 14:35:18,22543.3,2026-10-13,22600.0,PE,44617,123.25,7701850,99625370,123.1,123.4,65
2026-10-09 14:35:18,22543.3,2026-10-13,22650.0,PE,44619,150.55,2053740,21590855,150.25,150.55,65
2026-10-09 14:35:18,22543.3,2026-10-13,22550.0,CE,44614,119.75,6729970,271700845,119.75,120.0,65
2026-10-09 14:35:18,22543.3,2026-10-13,22500.0,PE,44613,80.45,20544290,368273620,80.35,80.55,65
2026-10-09 14:35:18,22543.3,2026-10-13,22600.0,CE,44616,93.6,13196560,340099045,93.4,93.5,65
2026-10-09 14:35:18,22543.3,2026-10-13,22550.0,PE,44615,99.65,7506655,120079635,99.65,99.95,65
2026-10-09 14:35:18,22543.3,2026-10-13,21950.0,PE,44571,8.2,3163160,36463180,8.2,8.3,65
2026-10-09 14:35:18,22543.3,2026-10-13,21950.0,CE,44570,631.1,49790,120185,625.8,629.95,65
2026-10-09 14:35:18,22543.3,2026-10-13,22350.0,PE,44601,40.3,8595470,166213060,40.45,40.6,65
2026-10-09 14:35:18,22543.3,2026-10-13,23050.0,PE,44645,482.4,73840,50115,482.35,484.55,65
2026-10-09 14:35:18,22543.3,2026-10-13,22350.0,CE,44600,260.2,1586065,97494020,260.2,260.75,65
2026-10-09 14:35:18,22543.3,2026-10-13,22450.0,CE,44608,184.35,3296540,218729940,184.35,184.55,65
2026-10-09 14:35:18,22543.3,2026-10-13,23100.0,PE,44647,534.0,291915,117455,531.35,533.15,65
2026-10-09 14:35:18,22543.3,2026-10-13,22400.0,CE,44602,221.4,4911140,223545790,220.8,221.35,65
2026-10-09 14:35:18,22543.3,2026-10-13,23100.0,CE,44646,3.25,7128095,54690675,3.2,3.25,65
2026-10-09 14:35:18,22543.3,2026-10-13,23150.0,PE,44649,581.1,32370,11635,579.85,584.3,65
2026-10-09 14:35:18,22543.3,2026-10-13,22400.0,PE,44604,50.85,18641285,317703750,50.75,50.9,65
2026-10-09 14:35:18,22543.3,2026-10-13,23150.0,CE,44648,2.5,3046355,34279115,2.5,2.55,65
2026-10-09 14:35:18,22543.3,2026-10-13,23000.0,CE,44632,6.05,15825355,124213375,6.05,6.1,65
2026-10-09 14:35:18,22543.3,2026-10-13,22300.0,PE,44599,32.55,15478255,262378415,32.4,32.55,65
2026-10-09 14:35:18,22543.3,2026-10-13,22300.0,CE,44598,302.05,2380885,98467200,301.8,302.55,65
2026-10-09 14:35:18,22543.3,2026-10-13,22950.0,PE,44631,386.05,245765,300820,387.55,388.85,65
2026-10-09 14:35:18,22543.3,2026-10-13,23000.0,PE,44633,437.4,904865,2259270,435.0,436.2,65
2026-10-09 14:35:18,22543.3,2026-10-13,22200.0,PE,44595,21.05,12296245,164491535,20.95,21.05,65
2026-10-09 14:35:18,22543.3,2026-10-13,22950.0,CE,44630,8.45,3958825,55390530,8.45,8.5,65
2026-10-09 14:35:18,22543.3,2026-10-13,22250.0,PE,44597,25.9,5946915,103870650,25.8,25.9,65
2026-10-09 14:35:18,22543.3,2026-10-13,22250.0,CE,44596,346.05,889590,23127975,345.6,346.4,65
2026-10-09 14:35:18,22543.3,2026-10-13,23050.0,CE,44636,4.2,3337945,40301300,4.2,4.25,65
2026-10-09 14:35:18,22543.3,2026-10-13,22150.0,PE,44591,17.05,4377230,67738905,17.0,17.05,65
2026-10-09 14:35:18,22543.3,2026-10-13,22200.0,CE,44592,390.55,1521585,27058460,390.0,390.9,65
2026-10-09 14:40:52,22543.6,2026-10-13,22700.0,PE,44621,185.95,4020575,27583660,185.55,186.0,65
2026-10-09 14:40:52,22543.6,2026-10-13,22700.0,CE,44620,49.6,13747240,230365915,49.65,49.75,65
2026-10-09 14:40:52,22543.6,2026-10-13,22750.0,PE,44623,222.0,783965,4606030,221.5,222.0,65
2026-10-09 14:40:52,22543.6,2026-10-13,22750.0,CE,44622,35.5,5960825,123483425,35.5,35.65,65
2026-10-09 14:40:52,22543.6,2026-10-13,22100.0,CE,44584,479.6,393835,4251585,477.2,478.4,65
2026-10-09 14:40:52,22543.6,2026-10-13,22050.0,PE,44583,11.6,3250715,51058800,11.55,11.65,65
2026-10-09 14:40:52,22543.6,2026-10-13,22150.0,CE,44586,430.35,257205,3326310,430.5,431.6,65
2026-10-09 14:40:52,22543.6,2026-10-13,22100.0,PE,44585,14.1,6968650,100167600,14.0,14.1,65
2026-10-09 14:40:52,22543.6,2026-10-13,22900.0,PE,44629,346.0,581360,1927120,347.05,347.9,65
2026-10-09 14:40:52,22543.6,2026-10-13,22900.0,CE,44628,11.35,11371100,106873455,11.4,11.45,65
2026-10-09 14:40:52,22543.6,2026-10-13,22800.0,PE,44625,260.7,1410890,10204935,260.6,261.0,65
2026-10-09 14:40:52,22543.6,2026-10-13,22800.0,CE,44624,24.9,10224760,175561685,24.9,24.95,65
2026-10-09 14:40:52,22543.6,2026-10-13,22850.0,PE,44627,302.15,205530,948610,302.3,302.9,65
2026-10-09 14:40:52,22543.6,2026-10-13,22850.0,CE,44626,17.1,4420390,100107800,17.15,17.2,65
2026-10-09 14:40:52,22543.6,2026-10-13,22050.0,CE,44582,532.4,130130,632060,524.4,526.0,65
2026-10-09 14:40:52,22543.6,2026-10-13,22000.0,PE,44581,9.85,14278160,134588935,9.85,9.9,65
2026-10-09 14:40:52,22543.6,2026-10-13,22500.0,CE,44612,145.8,11369215,460229575,146.05,146.3,65
2026-10-09 14:40:52,22543.6,2026-10-13,22450.0,PE,44611,65.35,9882860,226514860,65.4,65.6,65
2026-10-09 14:40:52,22543.6,2026-10-13,22000.0,CE,44572,572.9,566280,4645810,573.2,574.6,65
2026-10-09 14:40:52,22543.6,2026-10-13,22650.0,CE,44618,67.65,5768035,162405035,67.75,67.85,65
2026-10-09 14:40:52,22543.6,2026-10-13,22600.0,PE,44617,126.4,7582575,101996960,126.15,126.45,65
2026-10-09 14:40:52,22543.6,2026-10-13,22650.0,PE,44619,153.95,2073045,22106305,153.75,154.15,65
2026-10-09 14:40:52,22543.6,2026-10-13,22550.0,CE,44614,115.45,7149220,274699555,115.95,116.25,65
2026-10-09 14:40:52,22543.6,2026-10-13,22500.0,PE,44613,82.3,20714720,372864635,82.15,82.3,65
2026-10-09 14:40:52,22543.6,2026-10-13,22600.0,CE,44616,90.0,13274300,343932940,90.0,90.2,65
2026-10-09 14:40:52,22543.6,2026-10-13,22550.0,PE,44615,102.5,7579260,123559605,102.2,102.4,65
2026-10-09 14:40:52,22543.6,2026-10-13,21950.0,PE,44571,8.25,3173170,36696920,8.2,8.25,65
2026-10-09 14:40:52,22543.6,2026-10-13,21950.0,CE,44570,629.3,49855,120315,620.6,623.75,65
2026-10-09 14:40:52,22543.6,2026-10-13,22350.0,PE,44601,41.2,8545030,167391510,41.2,41.3,65
2026-10-09 14:40:52,22543.6,2026-10-13,23050.0,PE,44645,485.5,73840,50310,488.0,490.35,65
2026-10-09 14:40:52,22543.6,2026-10-13,22350.0,CE,44600,254.7,1585805,97642480,254.75,255.45,65
2026-10-09 14:40:52,22543.6,2026-10-13,22450.0,CE,44608,179.55,3376100,219370190,179.45,179.85,65
2026-10-09 14:40:52,22543.6,2026-10-13,23100.0,PE,44647,530.0,291850,117975,537.0,539.35,65
2026-10-09 14:40:52,22543.6,2026-10-13,22400.0,CE,44602,216.15,4982640,224097055,215.6,216.2,65
2026-10-09 14:40:52,22543.6,2026-10-13,23100.0,CE,44646,3.2,7135050,55008395,3.15,3.2,65
2026-10-09 14:40:52,22543.6,2026-10-13,23150.0,PE,44649,581.5,32175,11830,585.8,588.95,65
2026-10-09 14:40:52,22543.6,2026-10-13,22400.0,PE,44604,51.9,18741515,319901335,51.9,51.95,65
2026-10-09 14:40:52,22543.6,2026-10-13,23150.0,CE,44648,2.55,3014505,34606065,2.5,2.55,65
2026-10-09 14:40:52,22543.6,2026-10-13,23000.0,CE,44632,5.9,15972255,125795930,5.85,5.9,65
2026-10-09 14:40:52,22543.6,2026-10-13,22300.0,PE,44599,33.05,15648555,264378985,33.05,33.2,65
2026-10-09 14:40:52,22543.6,2026-10-13,22300.0,CE,44598,296.45,2382835,98679360,296.2,296.9,65
2026-10-09 14:40:52,22543.6,2026-10-13,22950.0,PE,44631,388.2,244465,304655,393.15,394.35,65
2026-10-09 14:40:52,22543.6,2026-10-13,23000.0,PE,44633,441.0,904085,2290730,440.65,441.85,65
2026-10-09 14:40:52,22543.6,2026-10-13,22200.0,PE,44595,21.4,12419550,165629685,21.25,21.35,65
2026-10-09 14:40:52,22543.6,2026-10-13,22950.0,CE,44630,8.05,4006080,56035785,8.05,8.1,65
2026-10-09 14:40:52,22543.6,2026-10-13,22250.0,PE,44597,26.35,5919095,104631215,26.25,26.35,65
2026-10-09 14:40:52,22543.6,2026-10-13,22250.0,CE,44596,340.0,885560,23174905,340.0,340.45,65
2026-10-09 14:40:52,22543.6,2026-10-13,23050.0,CE,44636,4.1,3348215,40682135,4.1,4.15,65
2026-10-09 14:40:52,22543.6,2026-10-13,22150.0,PE,44591,17.25,4364555,68246360,17.15,17.25,65
2026-10-09 14:40:52,22543.6,2026-10-13,22200.0,CE,44592,384.2,1526265,27109355,384.0,385.05,65
2026-10-09 14:45:15,22561.7,2026-10-13,22700.0,PE,44621,169.5,3993145,28514850,168.95,169.35,65
2026-10-09 14:45:15,22561.7,2026-10-13,22700.0,CE,44620,55.75,13739245,235270295,56.0,56.1,65
2026-10-09 14:45:15,22561.7,2026-10-13,22750.0,PE,44623,203.6,761605,4821570,204.0,204.5,65
2026-10-09 14:45:15,22561.7,2026-10-13,22750.0,CE,44622,40.5,6080360,126091875,40.25,40.4,65
2026-10-09 14:45:15,22561.7,2026-10-13,22100.0,CE,44584,498.2,392795,4262765,497.6,499.1,65
2026-10-09 14:45:15,22561.7,2026-10-13,22050.0,PE,44583,10.1,3197350,51635870,10.1,10.15,65
2026-10-09 14:45:15,22561.7,2026-10-13,22150.0,CE,44586,450.8,251225,3351790,450.65,451.6,65
2026-10-09 14:45:15,22561.7,2026-10-13,22100.0,PE,44585,12.2,6898320,101206560,12.15,12.2,65
2026-10-09 14:45:15,22561.7,2026-10-13,22900.0,PE,44629,327.0,583115,1972490,326.05,327.0,65
2026-10-09 14:45:15,22561.7,2026-10-13,22900.0,CE,44628,13.2,11255725,108877730,13.2,13.3,65
2026-10-09 14:45:15,22561.7,2026-10-13,22800.0,PE,44625,241.8,1421355,10520510,242.05,242.65,65
2026-10-09 14:45:15,22561.7,2026-10-13,22800.0,CE,44624,28.45,10348715,179011235,28.45,28.55,65
2026-10-09 14:45:15,22561.7,2026-10-13,22850.0,PE,44627,282.85,200785,986310,282.6,283.45,65
2026-10-09 14:45:15,22561.7,2026-10-13,22850.0,CE,44626,19.75,4424810,101882950,19.7,19.75,65
2026-10-09 14:45:15,22561.7,2026-10-13,22050.0,CE,44582,546.5,130195,633035,545.4,547.05,65
2026-10-09 14:45:15,22561.7,2026-10-13,22000.0,PE,44581,8.7,14129895,136420700,8.65,8.7,65
2026-10-09 14:45:15,22561.7,2026-10-13,22500.0,CE,44612,159.0,11275030,466051495,158.5,158.55,65
2026-10-09 14:45:15,22561.7,2026-10-13,22450.0,PE,44611,56.9,9529000,229794890,56.8,56.95,65
2026-10-09 14:45:15,22561.7,2026-10-13,22000.0,CE,44572,595.1,562900,4681495,594.35,596.4,65
2026-10-09 14:45:15,22561.7,2026-10-13,22650.0,CE,44618,75.65,5753800,166590190,75.7,75.9,65
2026-10-09 14:45:15,22561.7,2026-10-13,22600.0,PE,44617,113.05,7116850,106468180,112.55,112.85,65
2026-10-09 14:45:15,22561.7,2026-10-13,22650.0,PE,44619,138.75,1960400,23142210,138.65,138.95,65
2026-10-09 14:45:15,22561.7,2026-10-13,22550.0,CE,44614,127.0,7413575,281642660,127.15,127.5,65
2026-10-09 14:45:15,22561.7,2026-10-13,22500.0,PE,44613,71.7,19629805,381445025,72.15,72.2,65
2026-10-09 14:45:15,22561.7,2026-10-13,22600.0,CE,44616,99.7,13725595,352249170,99.65,99.8,65
2026-10-09 14:45:15,22561.7,2026-10-13,22550.0,PE,44615,90.5,7037420,129406095,90.15,90.4,65
2026-10-09 14:45:15,22561.7,2026-10-13,21950.0,PE,44571,7.3,3196635,37122475,7.3,7.35,65
2026-10-09 14:45:15,22561.7,2026-10-13,21950.0,CE,44570,643.6,49855,120770,642.75,645.75,65
2026-10-09 14:45:15,22561.7,2026-10-13,22350.0,PE,44601,35.4,8368230,169497705,35.3,35.4,65
2026-10-09 14:45:15,22561.7,2026-10-13,23050.0,PE,44645,469.7,73710,51285,466.3,468.5,65
2026-10-09 14:45:15,22561.7,2026-10-13,22350.0,CE,44600,272.45,1580085,97919055,272.05,272.7,65
2026-10-09 14:45:15,22561.7,2026-10-13,22450.0,CE,44608,193.9,3329235,220689625,193.45,193.9,65
2026-10-09 14:45:15,22561.7,2026-10-13,23100.0,PE,44647,519.0,291070,120445,515.6,517.2,65
2026-10-09 14:45:15,22561.7,2026-10-13,22400.0,CE,44602,231.6,5025280,225449185,230.75,231.45,65
2026-10-09 14:45:15,22561.7,2026-10-13,23100.0,CE,44646,3.7,7127250,55684980,3.7,3.75,65
2026-10-09 14:45:15,22561.7,2026-10-13,23150.0,PE,44649,568.45,31980,11895,564.05,566.9,65
2026-10-09 14:45:15,22561.7,2026-10-13,22400.0,PE,44604,44.55,18400850,324264980,44.85,45.0,65
2026-10-09 14:45:15,22561.7,2026-10-13,23150.0,CE,44648,3.0,2638415,36204415,2.95,3.0,65
2026-10-09 14:45:15,22561.7,2026-10-13,23000.0,CE,44632,6.9,15852655,127987470,6.85,6.9,65
2026-10-09 14:45:15,22561.7,2026-10-13,22300.0,PE,44599,28.15,15070575,267614295,28.2,28.3,65
2026-10-09 14:45:15,22561.7,2026-10-13,22300.0,CE,44598,315.65,2379650,99164780,314.75,315.5,65
2026-10-09 14:45:15,22561.7,2026-10-13,22950.0,PE,44631,373.1,244985,314015,371.75,372.95,65
2026-10-09 14:45:15,22561.7,2026-10-13,23000.0,PE,44633,420.5,899665,2363400,418.85,420.15,65
2026-10-09 14:45:15,22561.7,2026-10-13,22200.0,PE,44595,18.15,12332905,167821745,18.15,18.25,65
2026-10-09 14:45:15,22561.7,2026-10-13,22950.0,CE,44630,9.4,3997435,57122325,9.4,9.45,65
2026-10-09 14:45:15,22561.7,2026-10-13,22250.0,PE,44597,22.4,5864625,106121145,22.4,22.5,65
2026-10-09 14:45:15,22561.7,2026-10-13,22250.0,CE,44596,358.9,882050,23238670,358.95,359.85,65
2026-10-09 14:45:15,22561.7,2026-10-13,23050.0,CE,44636,4.85,3270020,41459080,4.8,4.85,65
2026-10-09 14:45:15,22561.7,2026-10-13,22150.0,PE,44591,14.75,4265430,69034030,14.75,14.8,65
2026-10-09 14:45:15,22561.7,2026-10-13,22200.0,CE,44592,403.8,1507415,27235585,404.05,405.1,65
2026-10-09 14:50:24,22559.2,2026-10-13,22700.0,PE,44621,172.0,4016935,29197805,172.3,172.75,65
2026-10-09 14:50:24,22559.2,2026-10-13,22700.0,CE,44620,53.2,13784810,239468710,53.05,53.2,65
2026-10-09 14:50:24,22559.2,2026-10-13,22750.0,PE,44623,207.1,793195,5003960,207.2,207.75,65
2026-10-09 14:50:24,22559.2,2026-10-13,22750.0,CE,44622,38.25,5884775,128023220,38.2,38.3,65
2026-10-09 14:50:24,22559.2,2026-10-13,22100.0,CE,44584,491.35,390000,4298060,492.75,493.9,65
2026-10-09 14:50:24,22559.2,2026-10-13,22050.0,PE,44583,10.2,3208855,52228995,10.15,10.2,65
2026-10-09 14:50:24,22559.2,2026-10-13,22150.0,CE,44586,444.95,244335,3360370,444.9,445.85,65
2026-10-09 14:50:24,22559.2,2026-10-13,22100.0,PE,44585,12.3,6858215,102127545,12.25,12.3,65
2026-10-09 14:50:24,22559.2,2026-10-13,22900.0,PE,44629,332.6,586235,2003560,331.45,332.4,65
2026-10-09 14:50:24,22559.2,2026-10-13,22900.0,CE,44628,12.5,10999755,110966895,12.55,12.6,65
2026-10-09 14:50:24,22559.2,2026-10-13,22800.0,PE,44625,245.75,1460810,10744695,245.6,246.2,65
2026-10-09 14:50:24,22559.2,2026-10-13,22800.0,CE,44624,26.9,10574980,182109135,26.95,27.0,65
2026-10-09 14:50:24,22559.2,2026-10-13,22850.0,PE,44627,286.8,201175,1003535,287.25,288.05,65
2026-10-09 14:50:24,22559.2,2026-10-13,22850.0,CE,44626,18.6,4359160,103077715,18.55,18.65,65
2026-10-09 14:50:24,22559.2,2026-10-13,22050.0,CE,44582,537.0,130390,633425,539.55,541.2,65
2026-10-09 14:50:24,22559.2,2026-10-13,22000.0,PE,44581,8.7,14146210,137831785,8.7,8.75,65
2026-10-09 14:50:24,22559.2,2026-10-13,22500.0,CE,44612,154.2,11019060,469573325,153.6,154.0,65
2026-10-09 14:50:24,22559.2,2026-10-13,22450.0,PE,44611,58.0,9376575,231532145,58.0,58.05,65
2026-10-09 14:50:24,22559.2,2026-10-13,22000.0,CE,44572,588.7,564850,4696250,587.9,589.75,65
2026-10-09 14:50:24,22559.2,2026-10-13,22650.0,CE,44618,72.45,5550805,169655720,72.3,72.5,65
2026-10-09 14:50:24,22559.2,2026-10-13,22600.0,PE,44617,114.75,7507500,109440110,115.0,115.2,65
2026-10-09 14:50:24,22559.2,2026-10-13,22650.0,PE,44619,141.4,2004860,23881065,141.4,141.7,65
2026-10-09 14:50:24,22559.2,2026-10-13,22550.0,CE,44614,123.1,7188415,286034775,122.75,123.1,65
2026-10-09 14:50:24,22559.2,2026-10-13,22500.0,PE,44613,73.2,20075315,386766315,73.25,73.4,65
2026-10-09 14:50:24,22559.2,2026-10-13,22600.0,CE,44616,95.65,13490490,358550075,95.5,95.7,65
2026-10-09 14:50:24,22559.2,2026-10-13,22550.0,PE,44615,92.25,7508020,133126305,92.15,92.25,65
2026-10-09 14:50:24,22559.2,2026-10-13,21950.0,PE,44571,7.35,3181035,37505585,7.35,7.4,65
2026-10-09 14:50:24,22559.2,2026-10-13,21950.0,CE,44570,638.45,49790,121160,636.6,639.65,65
2026-10-09 14:50:24,22559.2,2026-10-13,22350.0,PE,44601,36.05,8326370,170901380,36.2,36.3,65
2026-10-09 14:50:24,22559.2,2026-10-13,23050.0,PE,44645,477.5,73580,53300,472.5,474.55,65
2026-10-09 14:50:24,22559.2,2026-10-13,22350.0,CE,44600,266.3,1568775,98125885,266.25,266.95,65
2026-10-09 14:50:24,22559.2,2026-10-13,22450.0,CE,44608,189.05,3279575,221563810,188.8,189.05,65
2026-10-09 14:50:24,22559.2,2026-10-13,23100.0,PE,44647,526.05,290030,122525,521.5,523.45,65
2026-10-09 14:50:24,22559.2,2026-10-13,22400.0,CE,44602,226.8,4927585,226217615,226.05,226.6,65
2026-10-09 14:50:24,22559.2,2026-10-13,23100.0,CE,44646,3.65,7107685,56276285,3.6,3.65,65
2026-10-09 14:50:24,22559.2,2026-10-13,23150.0,PE,44649,573.45,31980,12675,570.1,573.35,65
2026-10-09 14:50:24,22559.2,2026-10-13,22400.0,PE,44604,45.7,18384080,327807415,45.6,45.75,65
2026-10-09 14:50:24,22559.2,2026-10-13,23150.0,CE,44648,2.9,2611765,36703290,2.9,2.95,65
2026-10-09 14:50:24,22559.2,2026-10-13,23000.0,CE,44632,6.55,15694185,129648155,6.55,6.6,65
2026-10-09 14:50:24,22559.2,2026-10-13,22300.0,PE,44599,28.85,15681120,270597730,28.85,28.9,65
2026-10-09 14:50:24,22559.2,2026-10-13,22300.0,CE,44598,309.85,2354235,99517795,308.95,309.85,65
2026-10-09 14:50:24,22559.2,2026-10-13,22950.0,PE,44631,379.85,245375,319410,377.3,378.4,65
2026-10-09 14:50:24,22559.2,2026-10-13,23000.0,PE,44633,426.0,900575,2407015,425.0,425.7,65
2026-10-09 14:50:24,22559.2,2026-10-13,22200.0,PE,44595,18.5,11993995,170124565,18.45,18.55,65
2026-10-09 14:50:24,22559.2,2026-10-13,22950.0,CE,44630,8.95,3941015,57876715,8.9,8.95,65
2026-10-09 14:50:24,22559.2,2026-10-13,22250.0,PE,44597,22.85,5857475,107221075,22.9,23.0,65
2026-10-09 14:50:24,22559.2,2026-10-13,22250.0,CE,44596,351.6,877760,23275850,352.8,353.65,65
2026-10-09 14:50:24,22559.2,2026-10-13,23050.0,CE,44636,4.7,3276780,41976285,4.65,4.7,65
2026-10-09 14:50:24,22559.2,2026-10-13,22150.0,PE,44591,14.9,4020510,70069935,14.95,15.0,65
2026-10-09 14:50:24,22559.2,2026-10-13,22200.0,CE,44592,399.4,1507415,27333605,398.0,398.95,65
2026-10-09 14:55:17,22558.65,2026-10-13,22700.0,PE,44621,172.3,4010630,29643705,172.3,172.75,65
2026-10-09 14:55:17,22558.65,2026-10-13,22700.0,CE,44620,52.65,13837135,241915115,52.65,52.8,65
2026-10-09 14:55:17,22558.65,2026-10-13,22750.0,PE,44623,207.55,781950,5105945,207.6,208.0,65
2026-10-09 14:55:17,22558.65,2026-10-13,22750.0,CE,44622,37.9,5960955,129288705,38.0,38.05,65
2026-10-09 14:55:17,22558.65,2026-10-13,22100.0,CE,44584,496.0,385125,4310605,491.3,492.65,65
2026-10-09 14:55:17,22558.65,2026-10-13,22050.0,PE,44583,9.9,3219905,52634920,9.8,9.9,65
2026-10-09 14:55:17,22558.65,2026-10-13,22150.0,CE,44586,449.25,246740,3369275,443.8,445.05,65
2026-10-09 14:55:17,22558.65,2026-10-13,22100.0,PE,44585,11.9,6775015,102735815,11.85,11.9,65
2026-10-09 14:55:17,22558.65,2026-10-13,22900.0,PE,44629,331.35,585780,2022345,331.8,332.7,65
2026-10-09 14:55:17,22558.65,2026-10-13,22900.0,CE,44628,12.4,11033815,112349575,12.35,12.4,65
2026-10-09 14:55:17,22558.65,2026-10-13,22800.0,PE,44625,246.95,1440985,10881910,246.3,246.9,65
2026-10-09 14:55:17,22558.65,2026-10-13,22800.0,CE,44624,26.7,10639720,183770665,26.6,26.7,65
2026-10-09 14:55:17,22558.65,2026-10-13,22850.0,PE,44627,286.65,199810,1023685,287.55,288.25,65
2026-10-09 14:55:17,22558.65,2026-10-13,22850.0,CE,44626,18.3,4364035,103912055,18.3,18.4,65
2026-10-09 14:55:17,22558.65,2026-10-13,22050.0,CE,44582,542.4,129805,635375,539.25,540.95,65
2026-10-09 14:55:17,22558.65,2026-10-13,22000.0,PE,44581,8.4,14227785,138889465,8.4,8.45,65
2026-10-09 14:55:17,22558.65,2026-10-13,22500.0,CE,44612,153.15,10906740,471602105,153.0,153.2,65
2026-10-09 14:55:17,22558.65,2026-10-13,22450.0,PE,44611,57.6,9311510,232727170,57.5,57.6,65
2026-10-09 14:55:17,22558.65,2026-10-13,22000.0,CE,44572,587.55,567515,4722380,587.2,589.15,65
2026-10-09 14:55:17,22558.65,2026-10-13,22650.0,CE,44618,71.55,5645250,171456675,71.6,71.8,65
2026-10-09 14:55:17,22558.65,2026-10-13,22600.0,PE,44617,115.0,7497425,111771140,114.75,115.0,65
2026-10-09 14:55:17,22558.65,2026-10-13,22650.0,PE,44619,141.7,1970150,24442210,141.35,141.7,65
2026-10-09 14:55:17,22558.65,2026-10-13,22550.0,CE,44614,122.0,7242040,288527265,121.9,122.0,65
2026-10-09 14:55:17,22558.65,2026-10-13,22500.0,PE,44613,73.0,19711120,390071630,72.8,73.0,65
2026-10-09 14:55:17,22558.65,2026-10-13,22600.0,CE,44616,95.0,13704340,362562265,95.0,95.2,65
2026-10-09 14:55:17,22558.65,2026-10-13,22550.0,PE,44615,91.95,7476235,136148870,91.8,91.95,65
2026-10-09 14:55:17,22558.65,2026-10-13,21950.0,PE,44571,7.05,3135080,37840530,7.05,7.1,65
2026-10-09 14:55:17,22558.65,2026-10-13,21950.0,CE,44570,634.55,49855,121225,635.9,638.25,65
2026-10-09 14:55:17,22558.65,2026-10-13,22350.0,PE,44601,35.6,8236085,171939300,35.55,35.6,65
2026-10-09 14:55:17,22558.65,2026-10-13,23050.0,PE,44645,471.7,73450,57265,472.75,474.4,65
2026-10-09 14:55:17,22558.65,2026-10-13,22350.0,CE,44600,266.35,1563900,98259265,265.3,265.9,65
2026-10-09 14:55:17,22558.65,2026-10-13,22450.0,CE,44608,188.0,3219450,222116765,188.15,188.25,65
2026-10-09 14:55:17,22558.65,2026-10-13,23100.0,PE,44647,517.0,289510,123760,521.6,523.6,65
2026-10-09 14:55:17,22558.65,2026-10-13,22400.0,CE,44602,225.15,4923100,226648825,225.4,225.8,65
2026-10-09 14:55:17,22558.65,2026-10-13,23100.0,CE,44646,3.6,7155980,56602455,3.6,3.65,65
2026-10-09 14:55:17,22558.65,2026-10-13,23150.0,PE,44649,572.7,31980,13065,570.85,573.2,65
2026-10-09 14:55:17,22558.65,2026-10-13,22400.0,PE,44604,45.1,18082675,329989660,45.05,45.2,65
2026-10-09 14:55:17,22558.65,2026-10-13,23150.0,CE,44648,2.9,2561325,37030500,2.85,2.9,65
2026-10-09 14:55:17,22558.65,2026-10-13,23000.0,CE,44632,6.5,15609555,130881335,6.5,6.55,65
2026-10-09 14:55:17,22558.65,2026-10-13,22300.0,PE,44599,28.4,15726230,272000495,28.4,28.5,65
2026-10-09 14:55:17,22558.65,2026-10-13,22300.0,CE,44598,307.85,2327390,99699470,307.85,308.6,65
2026-10-09 14:55:17,22558.65,2026-10-13,22950.0,PE,44631,377.55,244920,321620,377.55,378.9,65
2026-10-09 14:55:17,22558.65,2026-10-13,23000.0,PE,44633,423.5,886405,2485210,424.55,425.65,65
2026-10-09 14:55:17,22558.65,2026-10-13,22200.0,PE,44595,18.05,11802570,171580240,18.0,18.1,65
2026-10-09 14:55:17,22558.65,2026-10-13,22950.0,CE,44630,8.85,3988725,58376760,8.8,8.85,65
2026-10-09 14:55:17,22558.65,2026-10-13,22250.0,PE,44597,22.45,5835245,107927820,22.4,22.5,65
2026-10-09 14:55:17,22558.65,2026-10-13,22250.0,CE,44596,355.0,878540,23306595,351.95,352.9,65
2026-10-09 14:55:17,22558.65,2026-10-13,23050.0,CE,44636,4.6,3301220,42371485,4.65,4.7,65
2026-10-09 14:55:17,22558.65,2026-10-13,22150.0,PE,44591,14.45,3886220,70826275,14.45,14.5,65
2026-10-09 14:55:17,22558.65,2026-10-13,22200.0,CE,44592,397.35,1516710,27399255,397.3,398.15,65
2026-10-09 15:00:24,22559.45,2026-10-13,22700.0,PE,44621,171.1,4012385,30582370,169.95,170.3,65
2026-10-09 15:00:24,22559.45,2026-10-13,22700.0,CE,44620,51.25,13698490,245872640,51.7,51.85,65
2026-10-09 15:00:24,22559.45,2026-10-13,22750.0,PE,44623,206.4,790140,5266820,206.0,206.5,65
2026-10-09 15:00:24,22559.45,2026-10-13,22750.0,CE,44622,36.95,6022900,131499680,37.2,37.35,65
2026-10-09 15:00:24,22559.45,2026-10-13,22100.0,CE,44584,491.35,381615,4323800,491.2,492.15,65
2026-10-09 15:00:24,22559.45,2026-10-13,22050.0,PE,44583,9.45,3238885,53489800,9.4,9.5,65
2026-10-09 15:00:24,22559.45,2026-10-13,22150.0,CE,44586,444.4,246415,3375060,443.45,444.4,65
2026-10-09 15:00:24,22559.45,2026-10-13,22100.0,PE,44585,11.4,6752460,104254215,11.4,11.45,65
2026-10-09 15:00:24,22559.45,2026-10-13,22900.0,PE,44629,331.45,585195,2056210,330.25,331.0,65
2026-10-09 15:00:24,22559.45,2026-10-13,22900.0,CE,44628,12.05,10905050,114049195,12.15,12.2,65
2026-10-09 15:00:24,22559.45,2026-10-13,22800.0,PE,44625,245.5,1463475,11176425,245.45,246.15,65
2026-10-09 15:00:24,22559.45,2026-10-13,22800.0,CE,44624,25.8,10612225,186455945,25.8,25.85,65
2026-10-09 15:00:24,22559.45,2026-10-13,22850.0,PE,44627,287.95,200070,1041170,287.15,287.95,65
2026-10-09 15:00:24,22559.45,2026-10-13,22850.0,CE,44626,17.85,4380090,105049360,17.85,17.9,65
2026-10-09 15:00:24,22559.45,2026-10-13,22050.0,CE,44582,545.5,129415,637715,538.15,540.05,65
2026-10-09 15:00:24,22559.45,2026-10-13,22000.0,PE,44581,8.05,13893360,141322285,8.05,8.1,65
2026-10-09 15:00:24,22559.45,2026-10-13,22500.0,CE,44612,151.4,10866765,475465120,151.0,151.4,65
2026-10-09 15:00:24,22559.45,2026-10-13,22450.0,PE,44611,56.25,9200945,235325870,55.95,56.0,65
2026-10-09 15:00:24,22559.45,2026-10-13,22000.0,CE,44572,590.0,563810,4739995,588.1,590.0,65
2026-10-09 15:00:24,22559.45,2026-10-13,22650.0,CE,44618,70.0,5521035,174769335,70.55,70.75,65
2026-10-09 15:00:24,22559.45,2026-10-13,22600.0,PE,44617,113.2,7651085,115465480,113.3,113.5,65
2026-10-09 15:00:24,22559.45,2026-10-13,22650.0,PE,44619,140.55,1984775,25233910,139.2,139.45,65
2026-10-09 15:00:24,22559.45,2026-10-13,22550.0,CE,44614,120.05,6620185,293080775,120.05,120.35,65
2026-10-09 15:00:24,22559.45,2026-10-13,22500.0,PE,44613,71.2,19600945,396567795,71.25,71.4,65
2026-10-09 15:00:24,22559.45,2026-10-13,22600.0,CE,44616,93.25,13383045,369190575,93.3,93.55,65
2026-10-09 15:00:24,22559.45,2026-10-13,22550.0,PE,44615,90.3,7544810,140305035,90.3,90.55,65
2026-10-09 15:00:24,22559.45,2026-10-13,21950.0,PE,44571,6.8,3128320,38350910,6.75,6.8,65
2026-10-09 15:00:24,22559.45,2026-10-13,21950.0,CE,44570,647.9,49790,121290,635.1,638.95,65
2026-10-09 15:00:24,22559.45,2026-10-13,22350.0,PE,44601,34.55,8023860,173800640,34.25,34.35,65
2026-10-09 15:00:24,22559.45,2026-10-13,23050.0,PE,44645,471.5,74490,62140,472.05,473.65,65
2026-10-09 15:00:24,22559.45,2026-10-13,22350.0,CE,44600,264.1,1532960,98484100,265.7,265.9,65
2026-10-09 15:00:24,22559.45,2026-10-13,22450.0,CE,44608,186.15,3029780,223026050,186.25,186.7,65
2026-10-09 15:00:24,22559.45,2026-10-13,23100.0,PE,44647,522.1,288795,125775,522.1,524.1,65
2026-10-09 15:00:24,22559.45,2026-10-13,22400.0,CE,44602,224.5,4711005,227651970,225.3,225.85,65
2026-10-09 15:00:24,22559.45,2026-10-13,23100.0,CE,44646,3.6,7158645,57262140,3.6,3.65,65
2026-10-09 15:00:24,22559.45,2026-10-13,23150.0,PE,44649,567.0,31980,13455,568.9,572.15,65
2026-10-09 15:00:24,22559.45,2026-10-13,22400.0,PE,44604,43.95,17737720,334044295,43.55,43.7,65
2026-10-09 15:00:24,22559.45,2026-10-13,23150.0,CE,44648,2.8,2487680,37334115,2.8,2.85,65
2026-10-09 15:00:24,22559.45,2026-10-13,23000.0,CE,44632,6.45,15636400,132676505,6.5,6.55,65
2026-10-09 15:00:24,22559.45,2026-10-13,22300.0,PE,44599,27.6,15264535,275172950,27.25,27.35,65
2026-10-09 15:00:24,22559.45,2026-10-13,22300.0,CE,44598,307.0,2368665,100097790,307.6,308.25,65
2026-10-09 15:00:24,22559.45,2026-10-13,22950.0,PE,44631,378.0,246090,330460,377.7,379.05,65
2026-10-09 15:00:24,22559.45,2026-10-13,23000.0,PE,44633,426.0,910065,2536885,424.1,425.0,65
2026-10-09 15:00:24,22559.45,2026-10-13,22200.0,PE,44595,17.35,11655020,173971200,17.25,17.3,65
2026-10-09 15:00:24,22559.45,2026-10-13,22950.0,CE,44630,8.65,4017715,59140120,8.65,8.7,65
2026-10-09 15:00:24,22559.45,2026-10-13,22250.0,PE,44597,21.6,5880680,109286320,21.5,21.6,65
2026-10-09 15:00:24,22559.45,2026-10-13,22250.0,CE,44596,353.05,879190,23358335,350.7,351.6,65
2026-10-09 15:00:24,22559.45,2026-10-13,23050.0,CE,44636,4.65,3305770,42850015,4.6,4.65,65
2026-10-09 15:00:24,22559.45,2026-10-13,22150.0,PE,44591,13.9,3797365,71427070,13.85,13.9,65
2026-10-09 15:00:24,22559.45,2026-10-13,22200.0,CE,44592,396.95,1466595,27488110,397.35,398.35,65
2026-10-09 15:05:20,22540.95,2026-10-13,22700.0,PE,44621,182.6,3791645,31990790,182.05,182.5,65
2026-10-09 15:05:20,22540.95,2026-10-13,22700.0,CE,44620,46.3,13289770,252275725,46.25,46.4,65
2026-10-09 15:05:20,22540.95,2026-10-13,22750.0,PE,44623,218.1,717665,5582070,218.15,218.8,65
2026-10-09 15:05:20,22540.95,2026-10-13,22750.0,CE,44622,33.15,5720845,134409470,33.15,33.25,65
2026-10-09 15:05:20,22540.95,2026-10-13,22100.0,CE,44584,478.0,371865,4342910,476.3,477.45,65
2026-10-09 15:05:20,22540.95,2026-10-13,22050.0,PE,44583,10.15,3212690,54922855,10.15,10.2,65
2026-10-09 15:05:20,22540.95,2026-10-13,22150.0,CE,44586,429.9,232245,3413085,429.45,430.5,65
2026-10-09 15:05:20,22540.95,2026-10-13,22100.0,PE,44585,12.35,6636565,106119780,12.3,12.35,65
2026-10-09 15:05:20,22540.95,2026-10-13,22900.0,PE,44629,345.55,572715,2111005,345.45,346.35,65
2026-10-09 15:05:20,22540.95,2026-10-13,22900.0,CE,44628,10.95,10498800,116822160,10.9,11.0,65
2026-10-09 15:05:20,22540.95,2026-10-13,22800.0,PE,44625,258.0,1167725,11810110,257.8,258.45,65
2026-10-09 15:05:20,22540.95,2026-10-13,22800.0,CE,44624,23.1,10373610,191195420,23.15,23.2,65
2026-10-09 15:05:20,22540.95,2026-10-13,22850.0,PE,44627,300.6,193765,1083745,300.4,301.3,65
2026-10-09 15:05:20,22540.95,2026-10-13,22850.0,CE,44626,16.05,4291690,107209440,16.05,16.1,65
2026-10-09 15:05:20,22540.95,2026-10-13,22050.0,CE,44582,526.35,127530,640705,523.55,525.1,65
2026-10-09 15:05:20,22540.95,2026-10-13,22000.0,PE,44581,8.8,13955825,144506505,8.75,8.8,65
2026-10-09 15:05:20,22540.95,2026-10-13,22500.0,CE,44612,141.7,10647390,481094770,141.2,141.5,65
2026-10-09 15:05:20,22540.95,2026-10-13,22450.0,PE,44611,60.75,9271990,239531565,60.5,60.7,65
2026-10-09 15:05:20,22540.95,2026-10-13,22000.0,CE,44572,572.9,561730,4776265,571.4,573.25,65
2026-10-09 15:05:20,22540.95,2026-10-13,22650.0,CE,44618,63.7,5410665,179452065,64.05,64.2,65
2026-10-09 15:05:20,22540.95,2026-10-13,22600.0,PE,44617,121.7,7374055,121915625,121.4,121.7,65
2026-10-09 15:05:20,22540.95,2026-10-13,22650.0,PE,44619,149.05,1785160,26777985,148.7,149.0,65
2026-10-09 15:05:20,22540.95,2026-10-13,22550.0,CE,44614,111.05,6338150,299016510,111.45,111.6,65
2026-10-09 15:05:20,22540.95,2026-10-13,22500.0,PE,44613,76.8,19983080,408119530,76.55,76.8,65
2026-10-09 15:05:20,22540.95,2026-10-13,22600.0,CE,44616,85.55,12715170,378045720,85.3,85.5,65
2026-10-09 15:05:20,22540.95,2026-10-13,22550.0,PE,44615,97.4,7584720,148483855,96.75,97.0,65
2026-10-09 15:05:20,22540.95,2026-10-13,21950.0,PE,44571,7.3,3028090,39394225,7.25,7.3,65
2026-10-09 15:05:20,22540.95,2026-10-13,21950.0,CE,44570,623.3,49855,121485,620.35,623.05,65
2026-10-09 15:05:20,22540.95,2026-10-13,22350.0,PE,44601,37.65,7839715,176670520,37.55,37.65,65
2026-10-09 15:05:20,22540.95,2026-10-13,23050.0,PE,44645,487.45,73710,65130,487.55,489.3,65
2026-10-09 15:05:20,22540.95,2026-10-13,22350.0,CE,44600,251.25,1492270,98812870,251.25,251.7,65
2026-10-09 15:05:20,22540.95,2026-10-13,22450.0,CE,44608,175.6,2861950,224300960,175.6,175.7,65
2026-10-09 15:05:20,22540.95,2026-10-13,23100.0,PE,44647,536.0,288080,128180,537.65,540.05,65
2026-10-09 15:05:20,22540.95,2026-10-13,22400.0,CE,44602,213.0,4556500,229037770,212.0,212.55,65
2026-10-09 15:05:20,22540.95,2026-10-13,23100.0,CE,44646,3.45,7090980,58380920,3.45,3.5,65
2026-10-09 15:05:20,22540.95,2026-10-13,23150.0,PE,44649,595.0,31720,13520,584.9,587.95,65
2026-10-09 15:05:20,22540.95,2026-10-13,22400.0,PE,44604,47.7,17178850,340088320,47.55,47.65,65
2026-10-09 15:05:20,22540.95,2026-10-13,23150.0,CE,44648,2.7,2429765,37979305,2.7,2.75,65
2026-10-09 15:05:20,22540.95,2026-10-13,23000.0,CE,44632,6.05,15315820,135177770,6.0,6.05,65
2026-10-09 15:05:20,22540.95,2026-10-13,22300.0,PE,44599,29.95,15445560,279941220,29.7,29.8,65
2026-10-09 15:05:20,22540.95,2026-10-13,22300.0,CE,44598,294.05,2354560,100628060,294.3,294.65,65
2026-10-09 15:05:20,22540.95,2026-10-13,22950.0,PE,44631,391.4,245050,339560,391.5,392.75,65
2026-10-09 15:05:20,22540.95,2026-10-13,23000.0,PE,44633,439.7,869180,2655640,438.7,440.1,65
2026-10-09 15:05:20,22540.95,2026-10-13,22200.0,PE,44595,19.0,11688950,176502170,18.85,18.95,65
2026-10-09 15:05:20,22540.95,2026-10-13,22950.0,CE,44630,7.85,3978585,60502650,7.9,7.95,65
2026-10-09 15:05:20,22540.95,2026-10-13,22250.0,PE,44597,23.5,5804890,111281755,23.5,23.55,65
2026-10-09 15:05:20,22540.95,2026-10-13,22250.0,CE,44596,338.35,882960,23450505,336.45,337.3,65
2026-10-09 15:05:20,22540.95,2026-10-13,23050.0,CE,44636,4.35,3304860,43908995,4.35,4.4,65
2026-10-09 15:05:20,22540.95,2026-10-13,22150.0,PE,44591,15.1,3693105,72552610,15.05,15.1,65
2026-10-09 15:05:20,22540.95,2026-10-13,22200.0,CE,44592,383.7,1355900,27748760,382.75,383.8,65
2026-10-09 15:10:39,22534.75,2026-10-13,22700.0,PE,44621,185.25,3698110,32636890,185.4,185.7,65
2026-10-09 15:10:39,22534.75,2026-10-13,22700.0,CE,44620,44.9,13205335,256600955,44.95,45.0,65
2026-10-09 15:10:39,22534.75,2026-10-13,22750.0,PE,44623,222.55,692185,5719155,221.75,222.3,65
2026-10-09 15:10:39,22534.75,2026-10-13,22750.0,CE,44622,32.1,5527925,135979090,32.15,32.2,65
2026-10-09 15:10:39,22534.75,2026-10-13,22100.0,CE,44584,471.65,368745,4361695,471.35,472.0,65
2026-10-09 15:10:39,22534.75,2026-10-13,22050.0,PE,44583,10.55,3318835,56006990,10.5,10.55,65
2026-10-09 15:10:39,22534.75,2026-10-13,22150.0,CE,44586,425.8,227435,3425825,425.1,426.1,65
2026-10-09 15:10:39,22534.75,2026-10-13,22100.0,PE,44585,12.85,6733805,107697395,12.85,12.9,65
2026-10-09 15:10:39,22534.75,2026-10-13,22900.0,PE,44629,350.65,570050,2137850,350.45,351.6,65
2026-10-09 15:10:39,22534.75,2026-10-13,22900.0,CE,44628,10.55,10450700,118274325,10.5,10.55,65
2026-10-09 15:10:39,22534.75,2026-10-13,22800.0,PE,44625,263.5,1193660,12036570,262.95,263.1,65
2026-10-09 15:10:39,22534.75,2026-10-13,22800.0,CE,44624,22.2,10625420,193923015,22.15,22.25,65
2026-10-09 15:10:39,22534.75,2026-10-13,22850.0,PE,44627,305.4,189215,1105000,304.5,305.2,65
2026-10-09 15:10:39,22534.75,2026-10-13,22850.0,CE,44626,15.5,4270045,108274725,15.5,15.6,65
2026-10-09 15:10:39,22534.75,2026-10-13,22050.0,CE,44582,521.0,127855,643695,520.1,521.5,65
2026-10-09 15:10:39,22534.75,2026-10-13,22000.0,PE,44581,9.1,13866385,146710720,9.05,9.1,65
2026-10-09 15:10:39,22534.75,2026-10-13,22500.0,CE,44612,138.05,10868845,484448250,138.25,138.5,65
2026-10-09 15:10:39,22534.75,2026-10-13,22450.0,PE,44611,62.6,8904610,242493550,62.6,62.75,65
2026-10-09 15:10:39,22534.75,2026-10-13,22000.0,CE,44572,568.0,557830,4798430,566.95,568.4,65
2026-10-09 15:10:39,22534.75,2026-10-13,22650.0,CE,44618,61.5,5367115,182188305,61.5,61.6,65
2026-10-09 15:10:39,22534.75,2026-10-13,22600.0,PE,44617,124.1,6946615,125050835,123.55,123.75,65
2026-10-09 15:10:39,22534.75,2026-10-13,22650.0,PE,44619,152.75,1738555,27474200,152.75,153.0,65
2026-10-09 15:10:39,22534.75,2026-10-13,22550.0,CE,44614,108.3,6549270,302280290,108.35,108.55,65
2026-10-09 15:10:39,22534.75,2026-10-13,22500.0,PE,44613,78.8,19284395,415447435,78.6,78.75,65
2026-10-09 15:10:39,22534.75,2026-10-13,22600.0,CE,44616,83.2,12236640,383079840,83.05,83.15,65
2026-10-09 15:10:39,22534.75,2026-10-13,22550.0,PE,44615,99.45,7315165,153120045,99.6,99.7,65
2026-10-09 15:10:39,22534.75,2026-10-13,21950.0,PE,44571,7.6,2791295,41024815,7.55,7.6,65
2026-10-09 15:10:39,22534.75,2026-10-13,21950.0,CE,44570,625.3,49790,121615,616.0,618.9,65
2026-10-09 15:10:39,22534.75,2026-10-13,22350.0,PE,44601,39.15,7496125,179131290,39.15,39.3,65
2026-10-09 15:10:39,22534.75,2026-10-13,23050.0,PE,44645,493.5,73905,66170,493.7,496.05,65
2026-10-09 15:10:39,22534.75,2026-10-13,22350.0,CE,44600,247.8,1411410,99081645,247.8,248.4,65
2026-10-09 15:10:39,22534.75,2026-10-13,22450.0,CE,44608,172.0,2850640,224951220,171.9,172.35,65
2026-10-09 15:10:39,22534.75,2026-10-13,23100.0,PE,44647,546.6,287560,129480,542.05,543.9,65
2026-10-09 15:10:39,22534.75,2026-10-13,22400.0,CE,44602,209.75,4340960,230280050,209.25,209.6,65
2026-10-09 15:10:39,22534.75,2026-10-13,23100.0,CE,44646,3.45,6992635,58953700,3.45,3.5,65
2026-10-09 15:10:39,22534.75,2026-10-13,23150.0,PE,44649,580.7,32370,14365,590.9,593.35,65
2026-10-09 15:10:39,22534.75,2026-10-13,22400.0,PE,44604,49.3,16213015,344261190,49.2,49.25,65
2026-10-09 15:10:39,22534.75,2026-10-13,23150.0,CE,44648,2.65,2410265,38415520,2.65,2.7,65
2026-10-09 15:10:39,22534.75,2026-10-13,23000.0,CE,44632,5.95,15224105,137327970,5.9,5.95,65
2026-10-09 15:10:39,22534.75,2026-10-13,22300.0,PE,44599,31.25,15157350,283209550,31.2,31.25,65
2026-10-09 15:10:39,22534.75,2026-10-13,22300.0,CE,44598,290.2,2302755,100893130,289.35,290.2,65
2026-10-09 15:10:39,22534.75,2026-10-13,22950.0,PE,44631,398.75,243555,343655,396.55,397.75,65
2026-10-09 15:10:39,22534.75,2026-10-13,23000.0,PE,44633,445.35,868400,2684175,445.55,445.9,65
2026-10-09 15:10:39,22534.75,2026-10-13,22200.0,PE,44595,19.7,11673805,178672390,19.7,19.75,65
2026-10-09 15:10:39,22534.75,2026-10-13,22950.0,CE,44630,7.65,3896360,61539920,7.7,7.75,65
2026-10-09 15:10:39,22534.75,2026-10-13,22250.0,PE,44597,24.55,5600205,112863660,24.35,24.45,65
2026-10-09 15:10:39,22534.75,2026-10-13,22250.0,CE,44596,333.5,834275,23527855,333.7,334.5,65
2026-10-09 15:10:39,22534.75,2026-10-13,23050.0,CE,44636,4.35,3419780,44639660,4.3,4.35,65
2026-10-09 15:10:39,22534.75,2026-10-13,22150.0,PE,44591,15.7,3614780,73479120,15.65,15.7,65
2026-10-09 15:10:39,22534.75,2026-10-13,22200.0,CE,44592,378.95,1323920,27829230,378.05,378.9,65
