time,spot,expiry,strike,type,token,ltp,oi,volume,bid,ask,lot
2026-10-08 09:20:34,22534.9,2026-10-13,22700.0,PE,44621,232.0,4160325,2328625,232.1,232.7,65
2026-10-08 09:20:34,22534.9,2026-10-13,22700.0,CE,44620,66.4,9131330,6858475,66.2,66.4,65
2026-10-08 09:20:34,22534.9,2026-10-13,22750.0,PE,44623,269.35,768040,621140,269.05,269.75,65
2026-10-08 09:20:34,22534.9,2026-10-13,22750.0,CE,44622,51.8,3872960,2841475,51.6,51.75,65
2026-10-08 09:20:34,22534.9,2026-10-13,22100.0,CE,44584,456.9,118040,15795,453.9,455.4,65
2026-10-08 09:20:34,22534.9,2026-10-13,22050.0,PE,44583,18.8,1450410,1435980,18.75,18.85,65
2026-10-08 09:20:34,22534.9,2026-10-13,22150.0,CE,44586,413.85,36725,8190,410.65,412.3,65
2026-10-08 09:20:34,22534.9,2026-10-13,22100.0,PE,44585,23.2,3328715,2154295,23.15,23.25,65
2026-10-08 09:20:34,22534.9,2026-10-13,22900.0,PE,44629,391.5,834925,133445,389.2,390.35,65
2026-10-08 09:20:34,22534.9,2026-10-13,22900.0,CE,44628,23.0,4606160,3542695,23.1,23.2,65
2026-10-08 09:20:34,22534.9,2026-10-13,22800.0,PE,44625,307.5,1699360,633295,306.65,307.45,65
2026-10-08 09:20:34,22534.9,2026-10-13,22800.0,CE,44624,39.95,8567715,7391930,39.75,39.85,65
2026-10-08 09:20:34,22534.9,2026-10-13,22850.0,PE,44627,347.55,230230,112255,345.7,346.55,65
2026-10-08 09:20:34,22534.9,2026-10-13,22850.0,CE,44626,30.5,2686385,3399240,30.7,30.8,65
2026-10-08 09:20:34,22534.9,2026-10-13,22050.0,CE,44582,499.5,23140,5460,499.8,501.45,65
2026-10-08 09:20:34,22534.9,2026-10-13,22000.0,PE,44581,15.35,7383090,3220880,15.3,15.4,65
2026-10-08 09:20:34,22534.9,2026-10-13,22500.0,CE,44612,152.95,3218475,4054570,153.4,153.85,65
2026-10-08 09:20:34,22534.9,2026-10-13,22450.0,PE,44611,99.75,2007915,3281265,99.55,99.8,65
2026-10-08 09:20:34,22534.9,2026-10-13,22000.0,CE,44572,547.3,346450,44460,545.8,547.95,65
2026-10-08 09:20:34,22534.9,2026-10-13,22650.0,CE,44618,83.2,3588455,3318185,83.1,83.3,65
2026-10-08 09:20:34,22534.9,2026-10-13,22600.0,PE,44617,170.85,6994065,7784010,170.7,171.0,65
2026-10-08 09:20:34,22534.9,2026-10-13,22650.0,PE,44619,200.6,1675505,1832285,200.0,200.55,65
2026-10-08 09:20:34,22534.9,2026-10-13,22550.0,CE,44614,126.0,2679040,5103930,126.6,126.75,65
2026-10-08 09:20:34,22534.9,2026-10-13,22500.0,PE,44613,120.5,6881810,9320090,119.45,119.75,65
2026-10-08 09:20:34,22534.9,2026-10-13,22600.0,CE,44616,102.95,7446335,8503235,103.05,103.3,65
2026-10-08 09:20:34,22534.9,2026-10-13,22550.0,PE,44615,144.0,4022200,8405540,143.45,143.8,65
2026-10-08 09:20:34,22534.9,2026-10-13,21950.0,PE,44571,12.6,1436500,1340950,12.55,12.6,65
2026-10-08 09:20:34,22534.9,2026-10-13,21950.0,CE,44570,593.65,2080,2210,591.4,597.65,65
2026-10-08 09:20:34,22534.9,2026-10-13,22350.0,PE,44601,66.45,1505660,2279875,66.4,66.55,65
2026-10-08 09:20:34,22534.9,2026-10-13,23050.0,PE,44645,522.15,81120,8060,524.7,526.25,65
2026-10-08 09:20:34,22534.9,2026-10-13,22350.0,CE,44600,248.7,154310,218920,250.0,250.7,65
2026-10-08 09:20:34,22534.9,2026-10-13,22450.0,CE,44608,182.4,344565,651950,181.9,182.35,65
2026-10-08 09:20:34,22534.9,2026-10-13,23100.0,PE,44647,570.7,340340,32045,573.15,574.75,65
2026-10-08 09:20:34,22534.9,2026-10-13,22400.0,CE,44602,214.75,952445,683280,214.1,214.65,65
2026-10-08 09:20:34,22534.9,2026-10-13,23100.0,CE,44646,7.25,6227000,4560725,7.2,7.25,65
2026-10-08 09:20:34,22534.9,2026-10-13,23150.0,PE,44649,621.1,35620,1560,621.4,624.25,65
2026-10-08 09:20:34,22534.9,2026-10-13,22400.0,PE,44604,82.0,4782440,4646395,81.8,82.0,65
2026-10-08 09:20:34,22534.9,2026-10-13,23150.0,CE,44648,5.6,3289455,3358225,5.55,5.6,65
2026-10-08 09:20:34,22534.9,2026-10-13,23000.0,CE,44632,13.1,9672520,5807425,13.1,13.15,65
2026-10-08 09:20:34,22534.9,2026-10-13,22300.0,PE,44599,54.25,3950700,4242225,54.25,54.35,65
2026-10-08 09:20:34,22534.9,2026-10-13,22300.0,CE,44598,288.35,344565,256685,286.5,287.3,65
2026-10-08 09:20:34,22534.9,2026-10-13,22950.0,PE,44631,435.55,288340,26065,433.1,434.55,65
2026-10-08 09:20:34,22534.9,2026-10-13,23000.0,PE,44633,480.05,1360970,178295,478.0,479.55,65
2026-10-08 09:20:34,22534.9,2026-10-13,22200.0,PE,44595,35.65,6411535,3494595,35.45,35.5,65
2026-10-08 09:20:34,22534.9,2026-10-13,22950.0,CE,44630,17.4,1770015,2072200,17.4,17.5,65
2026-10-08 09:20:34,22534.9,2026-10-13,22250.0,PE,44597,43.85,1899950,2223260,43.8,43.95,65
2026-10-08 09:20:34,22534.9,2026-10-13,22250.0,CE,44596,326.05,126685,120445,326.25,327.2,65
2026-10-08 09:20:34,22534.9,2026-10-13,23050.0,CE,44636,9.75,2644850,2692820,9.7,9.75,65
2026-10-08 09:20:34,22534.9,2026-10-13,22150.0,PE,44591,28.7,1451450,1504230,28.55,28.6,65
2026-10-08 09:20:34,22534.9,2026-10-13,22200.0,CE,44592,368.4,364650,65065,367.6,368.65,65
2026-10-08 09:25:25,22511.0,2026-10-13,22700.0,PE,44621,249.55,4199585,3852875,249.3,249.65,65
2026-10-08 09:25:25,22511.0,2026-10-13,22700.0,CE,44620,60.65,9584120,9722635,60.6,60.75,65
2026-10-08 09:25:25,22511.0,2026-10-13,22750.0,PE,44623,286.5,779415,933920,286.0,286.8,65
2026-10-08 09:25:25,22511.0,2026-10-13,22750.0,CE,44622,47.7,4072055,4051320,47.55,47.7,65
2026-10-08 09:25:25,22511.0,2026-10-13,22100.0,CE,44584,437.75,120055,21060,436.2,437.4,65
2026-10-08 09:25:25,22511.0,2026-10-13,22050.0,PE,44583,21.0,1442025,2080065,20.8,20.9,65
2026-10-08 09:25:25,22511.0,2026-10-13,22150.0,CE,44586,392.15,38740,12870,392.4,393.6,65
2026-10-08 09:25:25,22511.0,2026-10-13,22100.0,PE,44585,25.6,3333070,3022695,25.55,25.65,65
2026-10-08 09:25:25,22511.0,2026-10-13,22900.0,PE,44629,410.4,835510,196170,408.75,409.9,65
2026-10-08 09:25:25,22511.0,2026-10-13,22900.0,CE,44628,21.1,4726475,5012995,21.0,21.1,65
2026-10-08 09:25:25,22511.0,2026-10-13,22800.0,PE,44625,324.9,1700465,972595,324.1,325.0,65
2026-10-08 09:25:25,22511.0,2026-10-13,22800.0,CE,44624,36.55,8876660,9855755,36.55,36.65,65
2026-10-08 09:25:25,22511.0,2026-10-13,22850.0,PE,44627,366.9,232960,163280,365.75,366.2,65
2026-10-08 09:25:25,22511.0,2026-10-13,22850.0,CE,44626,28.0,2911155,4354415,27.9,28.0,65
2026-10-08 09:25:25,22511.0,2026-10-13,22050.0,CE,44582,481.4,23270,6305,480.55,482.3,65
2026-10-08 09:25:25,22511.0,2026-10-13,22000.0,PE,44581,17.05,7422285,4748250,17.05,17.1,65
2026-10-08 09:25:25,22511.0,2026-10-13,22500.0,CE,44612,143.3,3962985,6786780,142.9,143.25,65
2026-10-08 09:25:25,22511.0,2026-10-13,22450.0,PE,44611,109.6,2141165,5598320,109.4,109.65,65
2026-10-08 09:25:25,22511.0,2026-10-13,22000.0,CE,44572,528.3,343395,70915,526.45,528.2,65
2026-10-08 09:25:25,22511.0,2026-10-13,22650.0,CE,44618,76.7,3953625,5115370,76.85,77.05,65
2026-10-08 09:25:25,22511.0,2026-10-13,22600.0,PE,44617,184.5,7021755,12974130,184.65,185.1,65
2026-10-08 09:25:25,22511.0,2026-10-13,22650.0,PE,44619,215.4,1879410,3059225,215.2,215.8,65
2026-10-08 09:25:25,22511.0,2026-10-13,22550.0,CE,44614,117.8,3319030,8092695,117.5,117.8,65
2026-10-08 09:25:25,22511.0,2026-10-13,22500.0,PE,44613,131.85,7599345,16239340,131.5,131.85,65
2026-10-08 09:25:25,22511.0,2026-10-13,22600.0,CE,44616,96.0,7771205,11763245,95.75,95.95,65
2026-10-08 09:25:25,22511.0,2026-10-13,22550.0,PE,44615,157.1,4421430,14523925,156.9,157.05,65
2026-10-08 09:25:25,22511.0,2026-10-13,21950.0,PE,44571,13.9,1512615,1746940,13.85,13.95,65
2026-10-08 09:25:25,22511.0,2026-10-13,21950.0,CE,44570,597.4,2080,2730,571.45,575.95,65
2026-10-08 09:25:25,22511.0,2026-10-13,21900.0,CE,44568,630.65,21515,1690,620.0,623.05,65
2026-10-08 09:25:25,22511.0,2026-10-13,22350.0,PE,44601,74.4,1573390,3640260,74.1,74.3,65
2026-10-08 09:25:25,22511.0,2026-10-13,23050.0,PE,44645,548.35,80860,10400,546.7,548.6,65
2026-10-08 09:25:25,22511.0,2026-10-13,22350.0,CE,44600,234.95,189800,338455,234.55,235.15,65
2026-10-08 09:25:25,22511.0,2026-10-13,22450.0,CE,44608,170.7,428155,1121185,170.75,171.1,65
2026-10-08 09:25:25,22511.0,2026-10-13,23100.0,PE,44647,595.95,346710,37375,593.65,595.65,65
2026-10-08 09:25:25,22511.0,2026-10-13,21900.0,PE,44569,11.55,3009110,3116425,11.5,11.55,65
2026-10-08 09:25:25,22511.0,2026-10-13,22400.0,CE,44602,201.45,1012895,1181700,201.25,201.55,65
2026-10-08 09:25:25,22511.0,2026-10-13,23100.0,CE,44646,6.75,6259435,6019780,6.7,6.8,65
2026-10-08 09:25:25,22511.0,2026-10-13,22400.0,PE,44604,90.65,5003895,8153080,90.55,90.75,65
2026-10-08 09:25:25,22511.0,2026-10-13,23000.0,CE,44632,12.05,9846395,8175115,12.05,12.1,65
2026-10-08 09:25:25,22511.0,2026-10-13,22300.0,PE,44599,60.05,4130555,6484465,60.0,60.2,65
2026-10-08 09:25:25,22511.0,2026-10-13,22300.0,CE,44598,271.6,372645,384410,271.0,271.7,65
2026-10-08 09:25:25,22511.0,2026-10-13,22950.0,PE,44631,453.45,289250,36140,453.8,455.3,65
2026-10-08 09:25:25,22511.0,2026-10-13,23000.0,PE,44633,501.25,1336335,292695,499.05,500.35,65
2026-10-08 09:25:25,22511.0,2026-10-13,22200.0,PE,44595,39.35,6529315,5278390,39.3,39.45,65
2026-10-08 09:25:25,22511.0,2026-10-13,22950.0,CE,44630,15.95,2011230,3079505,15.9,15.95,65
2026-10-08 09:25:25,22511.0,2026-10-13,22250.0,PE,44597,48.7,2239705,3421665,48.65,48.8,65
2026-10-08 09:25:25,22511.0,2026-10-13,22250.0,CE,44596,310.6,134745,162565,309.25,310.15,65
2026-10-08 09:25:25,22511.0,2026-10-13,23050.0,CE,44636,8.95,2776800,3646890,8.95,9.0,65
2026-10-08 09:25:25,22511.0,2026-10-13,22150.0,PE,44591,31.8,1495390,2045160,31.7,31.8,65
2026-10-08 09:25:25,22511.0,2026-10-13,22200.0,CE,44592,350.8,384020,110500,349.85,350.95,65
2026-10-08 09:30:36,22519.65,2026-10-13,22700.0,PE,44621,243.1,4146935,5687695,243.55,244.15,65
2026-10-08 09:30:36,22519.65,2026-10-13,22700.0,CE,44620,61.25,10173085,13339495,61.1,61.25,65
2026-10-08 09:30:36,22519.65,2026-10-13,22750.0,PE,44623,280.45,770835,1203410,279.7,280.4,65
2026-10-08 09:30:36,22519.65,2026-10-13,22750.0,CE,44622,48.0,4315350,5882760,48.0,48.15,65
2026-10-08 09:30:36,22519.65,2026-10-13,22100.0,CE,44584,439.95,126035,38610,440.0,441.25,65
2026-10-08 09:30:36,22519.65,2026-10-13,22050.0,PE,44583,18.75,1581905,3522415,18.75,18.85,65
2026-10-08 09:30:36,22519.65,2026-10-13,22150.0,CE,44586,396.75,41145,24895,396.1,397.0,65
2026-10-08 09:30:36,22519.65,2026-10-13,22100.0,PE,44585,23.3,3428100,5217810,23.2,23.3,65
2026-10-08 09:30:36,22519.65,2026-10-13,22900.0,PE,44629,404.85,825565,274235,403.45,404.85,65
2026-10-08 09:30:36,22519.65,2026-10-13,22900.0,CE,44628,21.4,4901910,6666270,21.45,21.5,65
2026-10-08 09:30:36,22519.65,2026-10-13,22800.0,PE,44625,319.35,1519570,1594255,319.1,319.8,65
2026-10-08 09:30:36,22519.65,2026-10-13,22800.0,CE,44624,37.05,8420685,13217230,37.0,37.15,65
2026-10-08 09:30:36,22519.65,2026-10-13,22850.0,PE,44627,363.2,228150,225485,359.05,360.0,65
2026-10-08 09:30:36,22519.65,2026-10-13,22850.0,CE,44626,28.45,2887430,5430815,28.35,28.45,65
2026-10-08 09:30:36,22519.65,2026-10-13,22050.0,CE,44582,476.25,23270,11895,485.25,486.8,65
2026-10-08 09:30:36,22519.65,2026-10-13,22000.0,PE,44581,15.3,7410715,7746895,15.3,15.4,65
2026-10-08 09:30:36,22519.65,2026-10-13,22500.0,CE,44612,144.2,5449340,12652315,143.9,144.2,65
2026-10-08 09:30:36,22519.65,2026-10-13,22450.0,PE,44611,104.45,2440880,10257520,104.7,104.9,65
2026-10-08 09:30:36,22519.65,2026-10-13,22000.0,CE,44572,531.2,348205,130520,531.25,532.9,65
2026-10-08 09:30:36,22519.65,2026-10-13,22650.0,CE,44618,77.7,4286880,7123285,77.6,77.8,65
2026-10-08 09:30:36,22519.65,2026-10-13,22600.0,PE,44617,178.5,5898750,19695130,179.2,179.5,65
2026-10-08 09:30:36,22519.65,2026-10-13,22650.0,PE,44619,209.2,1678300,4397705,208.95,209.5,65
2026-10-08 09:30:36,22519.65,2026-10-13,22550.0,CE,44614,118.7,4067050,11261965,118.35,118.5,65
2026-10-08 09:30:36,22519.65,2026-10-13,22500.0,PE,44613,126.1,6744335,27309295,126.1,126.2,65
2026-10-08 09:30:36,22519.65,2026-10-13,22600.0,CE,44616,96.9,8762195,16651375,96.4,96.6,65
2026-10-08 09:30:36,22519.65,2026-10-13,22550.0,PE,44615,151.0,3425695,20818850,151.5,151.85,65
2026-10-08 09:30:36,22519.65,2026-10-13,21950.0,PE,44571,12.5,1330030,2942550,12.5,12.55,65
2026-10-08 09:30:36,22519.65,2026-10-13,21950.0,CE,44570,576.15,2470,4225,578.05,580.95,65
2026-10-08 09:30:36,22519.65,2026-10-13,21900.0,CE,44568,618.25,22815,4290,625.7,629.25,65
2026-10-08 09:30:36,22519.65,2026-10-13,22350.0,PE,44601,69.7,1776580,6161935,70.0,70.05,65
2026-10-08 09:30:36,22519.65,2026-10-13,23050.0,PE,44645,542.7,79820,17810,541.0,542.65,65
2026-10-08 09:30:36,22519.65,2026-10-13,22350.0,CE,44600,237.4,283920,657475,236.55,237.15,65
2026-10-08 09:30:36,22519.65,2026-10-13,22450.0,CE,44608,171.85,901290,2555280,171.6,172.0,65
2026-10-08 09:30:36,22519.65,2026-10-13,23100.0,PE,44647,600.0,352170,59475,588.25,589.85,65
2026-10-08 09:30:36,22519.65,2026-10-13,21900.0,PE,44569,10.35,3087305,4508205,10.35,10.4,65
2026-10-08 09:30:36,22519.65,2026-10-13,22400.0,CE,44602,203.55,1350830,2399930,203.0,203.4,65
2026-10-08 09:30:36,22519.65,2026-10-13,23100.0,CE,44646,6.95,6090435,7398560,6.9,6.95,65
2026-10-08 09:30:36,22519.65,2026-10-13,22400.0,PE,44604,85.65,5156840,14572610,85.5,85.75,65
2026-10-08 09:30:36,22519.65,2026-10-13,23000.0,CE,44632,12.4,10055760,10515830,12.35,12.4,65
2026-10-08 09:30:36,22519.65,2026-10-13,22300.0,PE,44599,55.8,4475770,10064535,55.85,55.95,65
2026-10-08 09:30:36,22519.65,2026-10-13,22300.0,CE,44598,273.3,446810,693615,273.55,274.05,65
2026-10-08 09:30:36,22519.65,2026-10-13,22950.0,PE,44631,455.65,288990,51935,446.7,448.05,65
2026-10-08 09:30:36,22519.65,2026-10-13,23000.0,PE,44633,494.9,1321320,430105,493.6,495.3,65
2026-10-08 09:30:36,22519.65,2026-10-13,22200.0,PE,44595,36.2,6835855,9976785,36.3,36.4,65
2026-10-08 09:30:36,22519.65,2026-10-13,22950.0,CE,44630,16.35,2072330,4171050,16.25,16.35,65
2026-10-08 09:30:36,22519.65,2026-10-13,22250.0,PE,44597,45.15,1907555,5747495,45.1,45.3,65
2026-10-08 09:30:36,22519.65,2026-10-13,22250.0,CE,44596,313.25,148135,227110,312.0,312.7,65
2026-10-08 09:30:36,22519.65,2026-10-13,23050.0,CE,44636,9.2,2792010,4604925,9.2,9.3,65
2026-10-08 09:30:36,22519.65,2026-10-13,22150.0,PE,44591,29.05,1517100,3483870,29.05,29.1,65
2026-10-08 09:30:36,22519.65,2026-10-13,22200.0,CE,44592,352.9,421590,221585,352.65,353.55,65
2026-10-08 09:35:27,22505.8,2026-10-13,22700.0,PE,44621,253.65,4081740,6436885,253.5,254.15,65
2026-10-08 09:35:27,22505.8,2026-10-13,22700.0,CE,44620,58.4,10560875,15459925,58.35,58.5,65
2026-10-08 09:35:27,22505.8,2026-10-13,22750.0,PE,44623,290.2,790270,1395550,289.45,290.3,65
2026-10-08 09:35:27,22505.8,2026-10-13,22750.0,CE,44622,45.85,4485390,6805695,45.8,45.9,65
2026-10-08 09:35:27,22505.8,2026-10-13,22100.0,CE,44584,425.8,128180,44070,429.2,430.35,65
2026-10-08 09:35:27,22505.8,2026-10-13,22050.0,PE,44583,20.6,1612390,4009850,20.5,20.6,65
2026-10-08 09:35:27,22505.8,2026-10-13,22150.0,CE,44586,382.2,46085,31915,385.25,386.45,65
2026-10-08 09:35:27,22505.8,2026-10-13,22100.0,PE,44585,25.5,3381170,6384560,25.4,25.5,65
2026-10-08 09:35:27,22505.8,2026-10-13,22900.0,PE,44629,413.95,836160,322075,414.85,416.1,65
2026-10-08 09:35:27,22505.8,2026-10-13,22900.0,CE,44628,20.45,5047185,7644780,20.4,20.45,65
2026-10-08 09:35:27,22505.8,2026-10-13,22800.0,PE,44625,330.6,1528020,1857180,330.0,330.6,65
2026-10-08 09:35:27,22505.8,2026-10-13,22800.0,CE,44624,35.2,8526830,14836965,35.25,35.35,65
2026-10-08 09:35:27,22505.8,2026-10-13,22850.0,PE,44627,373.0,225550,253955,371.2,372.3,65
2026-10-08 09:35:27,22505.8,2026-10-13,22850.0,CE,44626,27.0,2939430,6099405,26.95,27.05,65
2026-10-08 09:35:27,22505.8,2026-10-13,22050.0,CE,44582,472.6,24830,15470,474.55,475.9,65
2026-10-08 09:35:27,22505.8,2026-10-13,22000.0,PE,44581,16.75,7613385,9378135,16.75,16.85,65
2026-10-08 09:35:27,22505.8,2026-10-13,22500.0,CE,44612,138.05,5909150,16717025,138.15,138.35,65
2026-10-08 09:35:27,22505.8,2026-10-13,22450.0,PE,44611,110.95,2845050,12353770,110.85,111.15,65
2026-10-08 09:35:27,22505.8,2026-10-13,22000.0,CE,44572,518.25,342940,156975,520.15,521.8,65
2026-10-08 09:35:27,22505.8,2026-10-13,22650.0,CE,44618,74.2,4498065,8454095,74.1,74.15,65
2026-10-08 09:35:27,22505.8,2026-10-13,22600.0,PE,44617,187.6,6152770,22291360,187.65,188.1,65
2026-10-08 09:35:27,22505.8,2026-10-13,22650.0,PE,44619,219.1,1501565,4977700,219.15,219.7,65
2026-10-08 09:35:27,22505.8,2026-10-13,22550.0,CE,44614,113.95,4229680,13533520,113.95,114.0,65
2026-10-08 09:35:27,22505.8,2026-10-13,22500.0,PE,44613,133.6,8449350,33742085,133.55,133.85,65
2026-10-08 09:35:27,22505.8,2026-10-13,22600.0,CE,44616,92.65,8834540,19896825,92.45,92.55,65
2026-10-08 09:35:27,22505.8,2026-10-13,22550.0,PE,44615,159.4,4157790,24079965,158.75,159.15,65
2026-10-08 09:35:27,22505.8,2026-10-13,21950.0,PE,44571,13.7,1350440,3442530,13.6,13.7,65
2026-10-08 09:35:27,22505.8,2026-10-13,21950.0,CE,44570,569.55,3640,6630,567.6,570.85,65
2026-10-08 09:35:27,22505.8,2026-10-13,21900.0,CE,44568,611.75,23465,5785,614.6,617.05,65
2026-10-08 09:35:27,22505.8,2026-10-13,22350.0,PE,44601,74.7,2110160,7744035,74.45,74.65,65
2026-10-08 09:35:27,22505.8,2026-10-13,23050.0,PE,44645,555.85,81770,24180,552.35,554.25,65
2026-10-08 09:35:27,22505.8,2026-10-13,22350.0,CE,44600,229.35,250120,813085,228.95,229.5,65
2026-10-08 09:35:27,22505.8,2026-10-13,22450.0,CE,44608,165.55,798395,3365635,165.55,165.9,65
2026-10-08 09:35:27,22505.8,2026-10-13,23100.0,PE,44647,604.45,351195,62075,599.15,601.15,65
2026-10-08 09:35:27,22505.8,2026-10-13,21900.0,PE,44569,11.3,2844400,5616715,11.3,11.35,65
2026-10-08 09:35:27,22505.8,2026-10-13,22400.0,CE,44602,196.9,1431885,3231735,196.45,197.0,65
2026-10-08 09:35:27,22505.8,2026-10-13,23100.0,CE,44646,6.6,6160115,8564205,6.6,6.65,65
2026-10-08 09:35:27,22505.8,2026-10-13,22400.0,PE,44604,91.3,5741775,17764305,90.95,91.2,65
2026-10-08 09:35:27,22505.8,2026-10-13,23000.0,CE,44632,11.85,10338770,12102935,11.8,11.85,65
2026-10-08 09:35:27,22505.8,2026-10-13,22300.0,PE,44599,60.5,4774120,11934715,60.45,60.65,65
2026-10-08 09:35:27,22505.8,2026-10-13,22300.0,CE,44598,265.45,473200,920790,265.05,265.55,65
2026-10-08 09:35:27,22505.8,2026-10-13,22950.0,PE,44631,463.1,289185,55315,458.6,459.95,65
2026-10-08 09:35:27,22505.8,2026-10-13,23000.0,PE,44633,505.0,1311635,462930,505.15,506.5,65
2026-10-08 09:35:27,22505.8,2026-10-13,22200.0,PE,44595,39.1,7011485,11472565,39.15,39.3,65
2026-10-08 09:35:27,22505.8,2026-10-13,22950.0,CE,44630,15.5,2190110,4734535,15.45,15.5,65
2026-10-08 09:35:27,22505.8,2026-10-13,22250.0,PE,44597,48.8,2028975,6706375,48.9,49.05,65
2026-10-08 09:35:27,22505.8,2026-10-13,22250.0,CE,44596,303.05,152555,259740,303.1,303.85,65
2026-10-08 09:35:27,22505.8,2026-10-13,23050.0,CE,44636,8.85,2827955,5024695,8.75,8.85,65
2026-10-08 09:35:27,22505.8,2026-10-13,22150.0,PE,44591,31.65,1571830,4157660,31.65,31.75,65
2026-10-08 09:35:27,22505.8,2026-10-13,22200.0,CE,44592,344.0,428090,308425,343.25,344.2,65
2026-10-08 09:40:25,22493.0,2026-10-13,22700.0,PE,44621,264.2,4117230,7016815,263.75,264.4,65
2026-10-08 09:40:25,22493.0,2026-10-13,22700.0,CE,44620,54.7,10626460,16896035,54.75,54.9,65
2026-10-08 09:40:25,22493.0,2026-10-13,22750.0,PE,44623,302.75,796510,1480115,302.05,302.85,65
2026-10-08 09:40:25,22493.0,2026-10-13,22750.0,CE,44622,42.85,4534205,7448285,42.85,43.0,65
2026-10-08 09:40:25,22493.0,2026-10-13,22100.0,CE,44584,416.25,129610,48945,416.4,417.6,65
2026-10-08 09:40:25,22493.0,2026-10-13,22050.0,PE,44583,21.7,1636895,4360850,21.75,21.85,65
2026-10-08 09:40:25,22493.0,2026-10-13,22150.0,CE,44586,378.0,46345,33020,372.75,374.05,65
2026-10-08 09:40:25,22493.0,2026-10-13,22100.0,PE,44585,27.1,3396900,7068035,27.0,27.1,65
2026-10-08 09:40:25,22493.0,2026-10-13,22900.0,PE,44629,427.8,835900,339235,427.8,429.0,65
2026-10-08 09:40:25,22493.0,2026-10-13,22900.0,CE,44628,19.0,5617950,9116640,19.0,19.1,65
2026-10-08 09:40:25,22493.0,2026-10-13,22800.0,PE,44625,341.8,1520025,1986140,341.8,342.45,65
2026-10-08 09:40:25,22493.0,2026-10-13,22800.0,CE,44624,32.9,8821540,16291990,32.95,33.05,65
2026-10-08 09:40:25,22493.0,2026-10-13,22850.0,PE,44627,384.65,224900,274755,384.0,384.95,65
2026-10-08 09:40:25,22493.0,2026-10-13,22850.0,CE,44626,25.3,2987595,6588010,25.15,25.25,65
2026-10-08 09:40:25,22493.0,2026-10-13,22050.0,CE,44582,480.25,24960,16055,461.25,462.75,65
2026-10-08 09:40:25,22493.0,2026-10-13,22000.0,PE,44581,17.65,7574385,10579530,17.65,17.75,65
2026-10-08 09:40:25,22493.0,2026-10-13,22500.0,CE,44612,130.9,6220500,19170450,130.8,131.15,65
2026-10-08 09:40:25,22493.0,2026-10-13,22450.0,PE,44611,117.45,3010865,13951535,117.2,117.5,65
2026-10-08 09:40:25,22493.0,2026-10-13,22000.0,CE,44572,508.0,339950,178425,506.75,507.95,65
2026-10-08 09:40:25,22493.0,2026-10-13,22650.0,CE,44618,69.55,4559230,9203350,69.5,69.65,65
2026-10-08 09:40:25,22493.0,2026-10-13,22600.0,PE,44617,196.65,6150560,24018410,196.55,196.95,65
2026-10-08 09:40:25,22493.0,2026-10-13,22650.0,PE,44619,229.3,1534130,5321745,228.85,229.4,65
2026-10-08 09:40:25,22493.0,2026-10-13,22550.0,CE,44614,107.3,4414735,15058940,107.35,107.65,65
2026-10-08 09:40:25,22493.0,2026-10-13,22500.0,PE,44613,140.55,8630180,38042095,140.7,141.0,65
2026-10-08 09:40:25,22493.0,2026-10-13,22600.0,CE,44616,87.0,9083620,21823035,87.05,87.25,65
2026-10-08 09:40:25,22493.0,2026-10-13,22550.0,PE,44615,166.8,4183205,26162955,166.9,167.35,65
2026-10-08 09:40:25,22493.0,2026-10-13,21950.0,PE,44571,14.45,1380210,3731910,14.4,14.5,65
2026-10-08 09:40:25,22493.0,2026-10-13,21950.0,CE,44570,556.1,3770,6760,552.85,556.25,65
2026-10-08 09:40:25,22493.0,2026-10-13,21900.0,CE,44568,606.0,23530,5980,599.85,603.05,65
2026-10-08 09:40:25,22493.0,2026-10-13,22350.0,PE,44601,79.2,2241460,8730280,78.8,79.0,65
2026-10-08 09:40:25,22493.0,2026-10-13,23050.0,PE,44645,553.1,81510,24505,565.85,569.05,65
2026-10-08 09:40:25,22493.0,2026-10-13,22350.0,CE,44600,219.15,269035,902915,219.15,219.7,65
2026-10-08 09:40:25,22493.0,2026-10-13,22450.0,CE,44608,157.4,908830,3868215,157.4,157.65,65
2026-10-08 09:40:25,22493.0,2026-10-13,23100.0,PE,44647,610.0,351195,62725,614.05,615.0,65
2026-10-08 09:40:25,22493.0,2026-10-13,21900.0,PE,44569,11.9,3001765,6172660,11.9,11.95,65
2026-10-08 09:40:25,22493.0,2026-10-13,22400.0,CE,44602,186.8,1543035,3831425,186.85,187.1,65
2026-10-08 09:40:25,22493.0,2026-10-13,23100.0,CE,44646,6.4,6672575,10225605,6.4,6.45,65
2026-10-08 09:40:25,22493.0,2026-10-13,22400.0,PE,44604,96.75,5896670,19925685,96.75,96.9,65
2026-10-08 09:40:25,22493.0,2026-10-13,23000.0,CE,44632,11.1,10909990,14203475,11.1,11.15,65
2026-10-08 09:40:25,22493.0,2026-10-13,22300.0,PE,44599,64.0,4885855,13198510,64.05,64.25,65
2026-10-08 09:40:25,22493.0,2026-10-13,22300.0,CE,44598,254.1,489775,1047605,254.2,254.9,65
2026-10-08 09:40:25,22493.0,2026-10-13,22950.0,PE,44631,473.55,289380,57330,471.95,473.65,65
2026-10-08 09:40:25,22493.0,2026-10-13,23000.0,PE,44633,519.0,1314560,486395,518.9,519.95,65
2026-10-08 09:40:25,22493.0,2026-10-13,22200.0,PE,44595,41.75,7118995,12512110,41.55,41.7,65
2026-10-08 09:40:25,22493.0,2026-10-13,22950.0,CE,44630,14.6,2264080,5179460,14.55,14.6,65
2026-10-08 09:40:25,22493.0,2026-10-13,22250.0,PE,44597,52.0,1968785,7459985,51.95,52.0,65
2026-10-08 09:40:25,22493.0,2026-10-13,22250.0,CE,44596,292.1,157885,274235,291.7,292.4,65
2026-10-08 09:40:25,22493.0,2026-10-13,23050.0,CE,44636,8.4,2859740,5408325,8.35,8.4,65
2026-10-08 09:40:25,22493.0,2026-10-13,22150.0,PE,44591,33.8,1599390,4554030,33.65,33.75,65
2026-10-08 09:40:25,22493.0,2026-10-13,22200.0,CE,44592,331.6,435760,346580,331.4,332.35,65
2026-10-08 09:45:41,22461.55,2026-10-13,22700.0,PE,44621,289.2,4030845,8212945,289.0,289.7,65
2026-10-08 09:45:41,22461.55,2026-10-13,22700.0,CE,44620,48.65,11123775,19711705,48.55,48.75,65
2026-10-08 09:45:41,22461.55,2026-10-13,22750.0,PE,44623,329.2,775060,1648920,328.35,329.15,65
2026-10-08 09:45:41,22461.55,2026-10-13,22750.0,CE,44622,38.35,4720950,8540610,38.2,38.35,65
2026-10-08 09:45:41,22461.55,2026-10-13,22100.0,CE,44584,389.75,139360,73385,388.6,389.8,65
2026-10-08 09:45:41,22461.55,2026-10-13,22050.0,PE,44583,24.55,1668485,5220995,24.4,24.5,65
2026-10-08 09:45:41,22461.55,2026-10-13,22150.0,CE,44586,347.0,52195,46800,346.35,347.5,65
2026-10-08 09:45:41,22461.55,2026-10-13,22100.0,PE,44585,30.7,3223545,8486725,30.6,30.7,65
2026-10-08 09:45:41,22461.55,2026-10-13,22900.0,PE,44629,457.7,824395,391820,457.15,458.45,65
2026-10-08 09:45:41,22461.55,2026-10-13,22900.0,CE,44628,17.3,5930080,10768745,17.35,17.4,65
2026-10-08 09:45:41,22461.55,2026-10-13,22800.0,PE,44625,369.4,1487525,2234765,369.35,370.3,65
2026-10-08 09:45:41,22461.55,2026-10-13,22800.0,CE,44624,29.65,8924500,18457530,29.55,29.65,65
2026-10-08 09:45:41,22461.55,2026-10-13,22850.0,PE,44627,412.4,221455,324350,412.7,413.8,65
2026-10-08 09:45:41,22461.55,2026-10-13,22850.0,CE,44626,22.8,3006185,7371780,22.75,22.8,65
2026-10-08 09:45:41,22461.55,2026-10-13,22050.0,CE,44582,433.55,25870,20280,432.5,433.8,65
2026-10-08 09:45:41,22461.55,2026-10-13,22000.0,PE,44581,19.75,7535970,12604215,19.75,19.85,65
2026-10-08 09:45:41,22461.55,2026-10-13,22500.0,CE,44612,117.0,7411105,24411790,116.6,116.9,65
2026-10-08 09:45:41,22461.55,2026-10-13,22450.0,PE,44611,132.15,2787720,18693870,132.15,132.5,65
2026-10-08 09:45:41,22461.55,2026-10-13,22000.0,CE,44572,477.0,352755,218725,477.45,478.55,65
2026-10-08 09:45:41,22461.55,2026-10-13,22650.0,CE,44618,61.75,4768725,10663380,61.6,61.8,65
2026-10-08 09:45:41,22461.55,2026-10-13,22600.0,PE,44617,218.1,5786885,28120170,217.7,218.2,65
2026-10-08 09:45:41,22461.55,2026-10-13,22650.0,PE,44619,251.85,1453530,6129500,251.9,252.6,65
2026-10-08 09:45:41,22461.55,2026-10-13,22550.0,CE,44614,95.35,4675450,17554485,95.4,95.7,65
2026-10-08 09:45:41,22461.55,2026-10-13,22500.0,PE,44613,158.0,7727460,47724170,157.85,158.1,65
2026-10-08 09:45:41,22461.55,2026-10-13,22600.0,CE,44616,77.45,9700080,25660115,77.25,77.45,65
2026-10-08 09:45:41,22461.55,2026-10-13,22550.0,PE,44615,186.45,3497195,30047095,186.15,186.5,65
2026-10-08 09:45:41,22461.55,2026-10-13,21950.0,PE,44571,16.15,1389765,4310995,16.05,16.15,65
2026-10-08 09:45:41,22461.55,2026-10-13,21950.0,CE,44570,527.5,3835,7085,522.9,525.75,65
2026-10-08 09:45:41,22461.55,2026-10-13,21850.0,CE,44566,765.15,1105,0,612.9,627.1,65
2026-10-08 09:45:41,22461.55,2026-10-13,21900.0,CE,44568,571.15,25220,10270,571.1,572.85,65
2026-10-08 09:45:41,22461.55,2026-10-13,22350.0,PE,44601,89.9,2155270,11086855,89.8,89.95,65
2026-10-08 09:45:41,22461.55,2026-10-13,23050.0,PE,44645,591.7,84045,31785,597.5,599.35,65
2026-10-08 09:45:41,22461.55,2026-10-13,22350.0,CE,44600,199.05,352040,1240330,198.65,199.05,65
2026-10-08 09:45:41,22461.55,2026-10-13,21850.0,PE,44567,10.9,1120275,3317470,10.85,10.9,65
2026-10-08 09:45:41,22461.55,2026-10-13,22450.0,CE,44608,141.3,1300975,5252260,141.0,141.3,65
2026-10-08 09:45:41,22461.55,2026-10-13,21900.0,PE,44569,13.3,3078400,7109765,13.25,13.3,65
2026-10-08 09:45:41,22461.55,2026-10-13,22400.0,CE,44602,168.45,1763190,4990960,168.35,168.75,65
2026-10-08 09:45:41,22461.55,2026-10-13,22400.0,PE,44604,109.75,5665595,24661455,109.45,109.75,65
2026-10-08 09:45:41,22461.55,2026-10-13,23000.0,CE,44632,10.5,11295310,16417310,10.5,10.55,65
2026-10-08 09:45:41,22461.55,2026-10-13,22300.0,PE,44599,73.2,4821960,15753790,73.0,73.2,65
2026-10-08 09:45:41,22461.55,2026-10-13,22300.0,CE,44598,231.9,541060,1333150,232.0,232.35,65
2026-10-08 09:45:41,22461.55,2026-10-13,22950.0,PE,44631,503.55,290940,66885,502.8,504.35,65
2026-10-08 09:45:41,22461.55,2026-10-13,23000.0,PE,44633,550.55,1316250,564135,549.95,551.85,65
2026-10-08 09:45:41,22461.55,2026-10-13,22200.0,PE,44595,47.45,6876025,15350855,47.45,47.55,65
2026-10-08 09:45:41,22461.55,2026-10-13,22950.0,CE,44630,13.55,2434835,6098365,13.45,13.55,65
2026-10-08 09:45:41,22461.55,2026-10-13,22250.0,PE,44597,59.1,1951105,9009455,59.1,59.2,65
2026-10-08 09:45:41,22461.55,2026-10-13,22250.0,CE,44596,268.2,160225,322855,267.8,268.6,65
2026-10-08 09:45:41,22461.55,2026-10-13,23050.0,CE,44636,8.1,2811965,5902715,8.05,8.1,65
2026-10-08 09:45:41,22461.55,2026-10-13,22150.0,PE,44591,38.3,1513525,5377775,38.2,38.35,65
2026-10-08 09:45:41,22461.55,2026-10-13,22200.0,CE,44592,307.05,473460,467155,306.0,306.95,65
2026-10-08 09:50:33,22466.5,2026-10-13,22700.0,PE,44621,282.9,3941990,9015695,282.8,283.4,65
2026-10-08 09:50:33,22466.5,2026-10-13,22700.0,CE,44620,49.35,11370060,23165545,49.1,49.25,65
2026-10-08 09:50:33,22466.5,2026-10-13,22750.0,PE,44623,323.0,761995,1808235,321.95,322.8,65
2026-10-08 09:50:33,22466.5,2026-10-13,22750.0,CE,44622,38.75,4898985,9529585,38.55,38.65,65
2026-10-08 09:50:33,22466.5,2026-10-13,22100.0,CE,44584,395.2,144040,91780,395.2,395.85,65
2026-10-08 09:50:33,22466.5,2026-10-13,22050.0,PE,44583,24.0,1704300,5986370,23.95,24.05,65
2026-10-08 09:50:33,22466.5,2026-10-13,22150.0,CE,44586,357.0,58890,60255,352.0,353.2,65
2026-10-08 09:50:33,22466.5,2026-10-13,22100.0,PE,44585,29.9,3208205,9847240,29.85,29.95,65
2026-10-08 09:50:33,22466.5,2026-10-13,22900.0,PE,44629,451.0,811785,441480,450.35,451.4,65
2026-10-08 09:50:33,22466.5,2026-10-13,22900.0,CE,44628,17.4,6071390,12085060,17.35,17.45,65
2026-10-08 09:50:33,22466.5,2026-10-13,22800.0,PE,44625,363.3,1476540,2451215,363.0,364.0,65
2026-10-08 09:50:33,22466.5,2026-10-13,22800.0,CE,44624,29.85,9244950,20418190,29.75,29.85,65
2026-10-08 09:50:33,22466.5,2026-10-13,22850.0,PE,44627,406.8,220415,348985,405.85,406.9,65
2026-10-08 09:50:33,22466.5,2026-10-13,22850.0,CE,44626,22.95,3249610,8254675,22.8,22.9,65
2026-10-08 09:50:33,22466.5,2026-10-13,22050.0,CE,44582,442.15,25480,22165,438.85,440.35,65
2026-10-08 09:50:33,22466.5,2026-10-13,22000.0,PE,44581,19.35,7262385,15827370,19.35,19.45,65
2026-10-08 09:50:33,22466.5,2026-10-13,22500.0,CE,44612,119.7,8400470,29170505,118.9,119.15,65
2026-10-08 09:50:33,22466.5,2026-10-13,22450.0,PE,44611,128.7,2891005,23533770,128.35,128.65,65
2026-10-08 09:50:33,22466.5,2026-10-13,22000.0,CE,44572,485.6,357110,260975,483.75,485.15,65
2026-10-08 09:50:33,22466.5,2026-10-13,22650.0,CE,44618,62.8,4890340,12155520,62.4,62.55,65
2026-10-08 09:50:33,22466.5,2026-10-13,22600.0,PE,44617,212.3,5476705,30384185,212.05,212.25,65
2026-10-08 09:50:33,22466.5,2026-10-13,22650.0,PE,44619,246.75,1409070,6642155,246.15,246.75,65
2026-10-08 09:50:33,22466.5,2026-10-13,22550.0,CE,44614,97.85,5096455,19834100,97.35,97.65,65
2026-10-08 09:50:33,22466.5,2026-10-13,22500.0,PE,44613,152.95,7126275,54853630,153.15,153.5,65
2026-10-08 09:50:33,22466.5,2026-10-13,22600.0,CE,44616,78.8,10306660,28773810,78.8,79.0,65
2026-10-08 09:50:33,22466.5,2026-10-13,22550.0,PE,44615,180.9,3278925,33255235,181.15,181.6,65
2026-10-08 09:50:33,22466.5,2026-10-13,21950.0,PE,44571,15.7,1377025,5436210,15.65,15.75,65
2026-10-08 09:50:33,22466.5,2026-10-13,21950.0,CE,44570,539.4,4095,7800,529.8,532.05,65
2026-10-08 09:50:33,22466.5,2026-10-13,21850.0,CE,44566,765.15,1105,0,614.5,632.6,65
2026-10-08 09:50:33,22466.5,2026-10-13,21900.0,CE,44568,578.2,28145,12415,576.7,578.55,65
2026-10-08 09:50:33,22466.5,2026-10-13,22350.0,PE,44601,87.1,2221050,13396500,87.15,87.35,65
2026-10-08 09:50:33,22466.5,2026-10-13,23050.0,PE,44645,591.5,115440,84955,590.3,592.55,65
2026-10-08 09:50:33,22466.5,2026-10-13,22350.0,CE,44600,203.5,431665,1627925,202.5,202.95,65
2026-10-08 09:50:33,22466.5,2026-10-13,21850.0,PE,44567,10.6,1097200,3781375,10.5,10.55,65
2026-10-08 09:50:33,22466.5,2026-10-13,22450.0,CE,44608,144.2,2086045,7672925,144.0,144.25,65
2026-10-08 09:50:33,22466.5,2026-10-13,21900.0,PE,44569,12.85,2989545,8143135,12.85,12.95,65
2026-10-08 09:50:33,22466.5,2026-10-13,22400.0,CE,44602,172.0,2093780,6536855,171.75,172.15,65
2026-10-08 09:50:33,22466.5,2026-10-13,22400.0,PE,44604,106.2,5419115,29591575,106.2,106.5,65
2026-10-08 09:50:33,22466.5,2026-10-13,23000.0,CE,44632,10.55,11356735,18373875,10.55,10.6,65
2026-10-08 09:50:33,22466.5,2026-10-13,22300.0,PE,44599,70.75,5044195,18623215,70.9,71.05,65
2026-10-08 09:50:33,22466.5,2026-10-13,22300.0,CE,44598,237.0,624910,1732965,236.25,236.85,65
2026-10-08 09:50:33,22466.5,2026-10-13,22950.0,PE,44631,496.6,287755,74100,495.7,497.25,65
2026-10-08 09:50:33,22466.5,2026-10-13,23000.0,PE,44633,545.4,1294930,625950,543.35,544.8,65
2026-10-08 09:50:33,22466.5,2026-10-13,22200.0,PE,44595,46.05,6809530,18278520,46.15,46.25,65
2026-10-08 09:50:33,22466.5,2026-10-13,22950.0,CE,44630,13.45,2640950,7090395,13.4,13.5,65
2026-10-08 09:50:33,22466.5,2026-10-13,22250.0,PE,44597,57.35,1961765,10697375,57.15,57.35,65
2026-10-08 09:50:33,22466.5,2026-10-13,22250.0,CE,44596,272.8,174265,376415,273.45,274.1,65
2026-10-08 09:50:33,22466.5,2026-10-13,23050.0,CE,44636,8.15,2856555,6697535,8.1,8.15,65
2026-10-08 09:50:33,22466.5,2026-10-13,22150.0,PE,44591,37.15,1379040,6549985,37.2,37.35,65
2026-10-08 09:50:33,22466.5,2026-10-13,22200.0,CE,44592,312.6,491660,603590,311.85,312.65,65
2026-10-08 09:55:21,22468.65,2026-10-13,22700.0,PE,44621,275.65,3946995,9338355,275.25,275.95,65
2026-10-08 09:55:21,22468.65,2026-10-13,22700.0,CE,44620,49.75,12119705,25342980,49.55,49.7,65
2026-10-08 09:55:21,22468.65,2026-10-13,22750.0,PE,44623,315.1,789100,1924325,314.1,314.9,65
2026-10-08 09:55:21,22468.65,2026-10-13,22750.0,CE,44622,38.8,4867720,10194860,38.85,39.0,65
2026-10-08 09:55:21,22468.65,2026-10-13,22100.0,CE,44584,394.65,144625,101920,401.2,402.5,65
2026-10-08 09:55:21,22468.65,2026-10-13,22050.0,PE,44583,22.6,1728675,6328140,22.5,22.6,65
2026-10-08 09:55:21,22468.65,2026-10-13,22150.0,CE,44586,358.05,59475,66885,358.2,359.4,65
2026-10-08 09:55:21,22468.65,2026-10-13,22100.0,PE,44585,28.1,3226730,10479170,28.0,28.1,65
2026-10-08 09:55:21,22468.65,2026-10-13,22900.0,PE,44629,443.5,784875,517790,442.85,444.05,65
2026-10-08 09:55:21,22468.65,2026-10-13,22900.0,CE,44628,17.45,6187220,12865515,17.45,17.5,65
2026-10-08 09:55:21,22468.65,2026-10-13,22800.0,PE,44625,355.3,1482845,2540980,354.55,355.7,65
2026-10-08 09:55:21,22468.65,2026-10-13,22800.0,CE,44624,30.0,9411480,21756930,29.95,30.05,65
2026-10-08 09:55:21,22468.65,2026-10-13,22850.0,PE,44627,405.0,220805,357565,397.75,399.0,65
2026-10-08 09:55:21,22468.65,2026-10-13,22850.0,CE,44626,22.95,3295370,8688680,22.95,23.0,65
2026-10-08 09:55:21,22468.65,2026-10-13,22050.0,CE,44582,440.0,25610,23400,445.15,447.35,65
2026-10-08 09:55:21,22468.65,2026-10-13,22000.0,PE,44581,18.35,7404280,16968380,18.25,18.3,65
2026-10-08 09:55:21,22468.65,2026-10-13,22500.0,CE,44612,121.7,8740940,32398990,121.25,121.55,65
2026-10-08 09:55:21,22468.65,2026-10-13,22450.0,PE,44611,123.45,3376685,25893530,122.95,123.25,65
2026-10-08 09:55:21,22468.65,2026-10-13,22000.0,CE,44572,491.0,358215,282425,490.55,491.75,65
2026-10-08 09:55:21,22468.65,2026-10-13,22650.0,CE,44618,63.55,4920630,12949105,63.4,63.55,65
2026-10-08 09:55:21,22468.65,2026-10-13,22600.0,PE,44617,205.75,5490810,31589805,205.9,206.35,65
2026-10-08 09:55:21,22468.65,2026-10-13,22650.0,PE,44619,238.85,1424930,6845020,239.4,240.0,65
2026-10-08 09:55:21,22468.65,2026-10-13,22550.0,CE,44614,99.25,5097560,21006505,99.15,99.35,65
2026-10-08 09:55:21,22468.65,2026-10-13,22500.0,PE,44613,147.55,7558135,58425575,147.15,147.55,65
2026-10-08 09:55:21,22468.65,2026-10-13,22600.0,CE,44616,79.75,10286510,30844190,79.65,79.85,65
2026-10-08 09:55:21,22468.65,2026-10-13,22550.0,PE,44615,175.55,3276065,34323900,174.65,175.1,65
2026-10-08 09:55:21,22468.65,2026-10-13,21950.0,PE,44571,14.75,1404195,5830890,14.7,14.75,65
2026-10-08 09:55:21,22468.65,2026-10-13,21950.0,CE,44570,529.1,4225,8775,537.5,540.1,65
2026-10-08 09:55:21,22468.65,2026-10-13,21850.0,CE,44566,765.15,1105,0,616.0,634.45,65
2026-10-08 09:55:21,22468.65,2026-10-13,21900.0,CE,44568,576.8,32500,18915,584.45,586.55,65
2026-10-08 09:55:21,22468.65,2026-10-13,22350.0,PE,44601,83.05,2293655,14450020,83.05,83.25,65
2026-10-08 09:55:21,22468.65,2026-10-13,23050.0,PE,44645,590.95,135525,115505,582.45,584.35,65
2026-10-08 09:55:21,22468.65,2026-10-13,22350.0,CE,44600,206.8,431535,1816750,206.85,207.25,65
2026-10-08 09:55:21,22468.65,2026-10-13,21850.0,PE,44567,9.9,1106430,4075955,9.9,9.95,65
2026-10-08 09:55:21,22468.65,2026-10-13,22450.0,CE,44608,147.0,2113410,9128015,147.2,147.5,65
2026-10-08 09:55:21,22468.65,2026-10-13,21900.0,PE,44569,12.05,3062800,8741720,12.05,12.15,65
2026-10-08 09:55:21,22468.65,2026-10-13,22400.0,CE,44602,175.05,2129270,7418645,175.4,175.85,65
2026-10-08 09:55:21,22468.65,2026-10-13,22400.0,PE,44604,102.0,5739435,32248060,101.6,101.85,65
2026-10-08 09:55:21,22468.65,2026-10-13,23000.0,CE,44632,10.65,11504350,19525220,10.65,10.7,65
2026-10-08 09:55:21,22468.65,2026-10-13,22300.0,PE,44599,67.35,5126225,20044245,67.45,67.65,65
2026-10-08 09:55:21,22468.65,2026-10-13,22300.0,CE,44598,241.45,629655,1882790,241.05,241.6,65
2026-10-08 09:55:21,22468.65,2026-10-13,22950.0,PE,44631,487.4,286975,76440,487.95,489.75,65
2026-10-08 09:55:21,22468.65,2026-10-13,23000.0,PE,44633,537.9,1287260,685490,534.85,536.8,65
2026-10-08 09:55:21,22468.65,2026-10-13,22200.0,PE,44595,43.65,6771960,19600165,43.6,43.7,65
2026-10-08 09:55:21,22468.65,2026-10-13,22950.0,CE,44630,13.55,2643810,7403500,13.55,13.6,65
2026-10-08 09:55:21,22468.65,2026-10-13,22250.0,PE,44597,54.6,1981135,11337365,54.55,54.7,65
2026-10-08 09:55:21,22468.65,2026-10-13,22250.0,CE,44596,278.7,177905,406575,277.55,278.3,65
2026-10-08 09:55:21,22468.65,2026-10-13,23050.0,CE,44636,8.25,2893930,6914960,8.2,8.25,65
2026-10-08 09:55:21,22468.65,2026-10-13,22150.0,PE,44591,35.1,1454505,7151625,35.15,35.25,65
2026-10-08 09:55:21,22468.65,2026-10-13,22200.0,CE,44592,317.2,514995,682825,317.35,318.15,65
2026-10-08 10:00:25,22469.4,2026-10-13,22700.0,PE,44621,278.4,3946280,9620455,278.2,278.85,65
2026-10-08 10:00:25,22469.4,2026-10-13,22700.0,CE,44620,48.5,12476425,27018485,48.45,48.5,65
2026-10-08 10:00:25,22469.4,2026-10-13,22750.0,PE,44623,317.0,772720,1987960,316.6,317.5,65
2026-10-08 10:00:25,22469.4,2026-10-13,22750.0,CE,44622,37.7,4883840,10665980,37.85,37.9,65
2026-10-08 10:00:25,22469.4,2026-10-13,22100.0,CE,44584,398.8,147290,110110,398.05,399.4,65
2026-10-08 10:00:25,22469.4,2026-10-13,22050.0,PE,44583,23.3,1760200,6597240,23.0,23.1,65
2026-10-08 10:00:25,22469.4,2026-10-13,22150.0,CE,44586,357.25,60450,71695,354.45,355.65,65
2026-10-08 10:00:25,22469.4,2026-10-13,22100.0,PE,44585,28.7,3311035,11131770,28.7,28.8,65
2026-10-08 10:00:25,22469.4,2026-10-13,22900.0,PE,44629,447.4,782925,545480,446.4,447.5,65
2026-10-08 10:00:25,22469.4,2026-10-13,22900.0,CE,44628,16.8,6263725,13433680,16.8,16.85,65
2026-10-08 10:00:25,22469.4,2026-10-13,22800.0,PE,44625,359.0,1485510,2614300,357.65,358.7,65
2026-10-08 10:00:25,22469.4,2026-10-13,22800.0,CE,44624,29.15,9312095,22811035,29.05,29.15,65
2026-10-08 10:00:25,22469.4,2026-10-13,22850.0,PE,44627,400.0,219570,364195,401.65,402.9,65
2026-10-08 10:00:25,22469.4,2026-10-13,22850.0,CE,44626,22.15,3315845,9080240,22.15,22.2,65
2026-10-08 10:00:25,22469.4,2026-10-13,22050.0,CE,44582,459.6,25610,24115,441.55,443.7,65
2026-10-08 10:00:25,22469.4,2026-10-13,22000.0,PE,44581,18.65,7367425,17757025,18.65,18.7,65
2026-10-08 10:00:25,22469.4,2026-10-13,22500.0,CE,44612,119.4,8645845,35479405,119.4,119.7,65
2026-10-08 10:00:25,22469.4,2026-10-13,22450.0,PE,44611,124.8,3600805,27825655,124.95,125.15,65
2026-10-08 10:00:25,22469.4,2026-10-13,22000.0,CE,44572,488.55,363480,306020,487.1,488.25,65
2026-10-08 10:00:25,22469.4,2026-10-13,22650.0,CE,44618,62.1,4844255,13703690,62.1,62.25,65
2026-10-08 10:00:25,22469.4,2026-10-13,22600.0,PE,44617,209.15,5448235,32510920,208.5,209.05,65
2026-10-08 10:00:25,22469.4,2026-10-13,22650.0,PE,44619,241.65,1427010,7038590,241.6,242.15,65
2026-10-08 10:00:25,22469.4,2026-10-13,22550.0,CE,44614,97.5,5042505,22357205,97.45,97.7,65
2026-10-08 10:00:25,22469.4,2026-10-13,22500.0,PE,44613,150.0,7660965,60971040,149.6,150.0,65
2026-10-08 10:00:25,22469.4,2026-10-13,22600.0,CE,44616,78.15,10321545,32734910,78.1,78.35,65
2026-10-08 10:00:25,22469.4,2026-10-13,22550.0,PE,44615,177.55,3119740,35143420,177.2,177.7,65
2026-10-08 10:00:25,22469.4,2026-10-13,21950.0,PE,44571,15.05,1400295,6179420,15.0,15.05,65
2026-10-08 10:00:25,22469.4,2026-10-13,21950.0,CE,44570,540.05,4940,9815,534.35,535.85,65
2026-10-08 10:00:25,22469.4,2026-10-13,21850.0,CE,44566,765.15,1105,0,619.65,638.6,65
2026-10-08 10:00:25,22469.4,2026-10-13,21900.0,CE,44568,587.5,33150,19955,580.95,582.5,65
2026-10-08 10:00:25,22469.4,2026-10-13,22350.0,PE,44601,85.25,2319655,15321605,84.95,85.15,65
2026-10-08 10:00:25,22469.4,2026-10-13,23050.0,PE,44645,583.85,134420,116285,587.15,588.65,65
2026-10-08 10:00:25,22469.4,2026-10-13,22350.0,CE,44600,204.6,401830,2042300,204.35,204.8,65
2026-10-08 10:00:25,22469.4,2026-10-13,21850.0,PE,44567,10.05,1119625,4263935,9.95,10.05,65
2026-10-08 10:00:25,22469.4,2026-10-13,22450.0,CE,44608,145.1,2199730,10574395,145.0,145.25,65
2026-10-08 10:00:25,22469.4,2026-10-13,21900.0,PE,44569,12.3,3104790,9035845,12.25,12.35,65
2026-10-08 10:00:25,22469.4,2026-10-13,22400.0,CE,44602,173.35,2181985,8308690,173.8,173.95,65
2026-10-08 10:00:25,22469.4,2026-10-13,22400.0,PE,44604,104.0,6045455,34313565,103.4,103.6,65
2026-10-08 10:00:25,22469.4,2026-10-13,23000.0,CE,44632,10.25,11602825,20291245,10.2,10.25,65
2026-10-08 10:00:25,22469.4,2026-10-13,22300.0,PE,44599,68.65,5192720,21041150,68.65,68.8,65
2026-10-08 10:00:25,22469.4,2026-10-13,22300.0,CE,44598,238.55,654160,2080260,238.75,238.9,65
2026-10-08 10:00:25,22469.4,2026-10-13,22950.0,PE,44631,490.65,287105,78520,491.65,493.4,65
2026-10-08 10:00:25,22469.4,2026-10-13,23000.0,PE,44633,539.95,1285375,704535,538.55,539.95,65
2026-10-08 10:00:25,22469.4,2026-10-13,22200.0,PE,44595,44.65,6861855,20621640,44.55,44.7,65
2026-10-08 10:00:25,22469.4,2026-10-13,22950.0,CE,44630,13.1,2586870,7758140,13.05,13.1,65
2026-10-08 10:00:25,22469.4,2026-10-13,22250.0,PE,44597,55.8,2018705,11822265,55.7,55.9,65
2026-10-08 10:00:25,22469.4,2026-10-13,22250.0,CE,44596,275.15,175825,442715,275.15,275.8,65
2026-10-08 10:00:25,22469.4,2026-10-13,23050.0,CE,44636,7.95,2869035,7227675,7.9,7.95,65
2026-10-08 10:00:25,22469.4,2026-10-13,22150.0,PE,44591,36.2,1473615,7561450,36.1,36.2,65
2026-10-08 10:00:25,22469.4,2026-10-13,22200.0,CE,44592,314.25,514605,733850,314.25,314.9,65
2026-10-08 10:06:57,22477.0,2026-10-13,22700.0,PE,44621,274.25,3939650,9887670,273.7,274.4,65
2026-10-08 10:06:57,22477.0,2026-10-13,22700.0,CE,44620,48.45,12789465,28705300,48.4,48.55,65
2026-10-08 10:06:57,22477.0,2026-10-13,22750.0,PE,44623,313.15,781755,2070510,312.6,313.4,65
2026-10-08 10:06:57,22477.0,2026-10-13,22750.0,CE,44622,37.7,4941495,11279515,37.6,37.7,65
2026-10-08 10:06:57,22477.0,2026-10-13,22100.0,CE,44584,405.0,148785,114595,401.05,402.35,65
2026-10-08 10:06:57,22477.0,2026-10-13,22050.0,PE,44583,22.25,1743820,6984705,22.2,22.3,65
2026-10-08 10:06:57,22477.0,2026-10-13,22150.0,CE,44586,359.0,60190,73580,358.35,359.3,65
2026-10-08 10:06:57,22477.0,2026-10-13,22100.0,PE,44585,27.75,3411200,11822720,27.75,27.85,65
2026-10-08 10:06:57,22477.0,2026-10-13,22900.0,PE,44629,442.0,776360,564395,440.75,442.0,65
2026-10-08 10:06:57,22477.0,2026-10-13,22900.0,CE,44628,16.5,6249620,14204905,16.5,16.6,65
2026-10-08 10:06:57,22477.0,2026-10-13,22800.0,PE,44625,353.7,1483885,2677805,353.55,354.0,65
2026-10-08 10:06:57,22477.0,2026-10-13,22800.0,CE,44624,28.8,9254310,23872745,28.7,28.8,65
2026-10-08 10:06:57,22477.0,2026-10-13,22850.0,PE,44627,396.15,218985,372060,396.4,397.0,65
2026-10-08 10:06:57,22477.0,2026-10-13,22850.0,CE,44626,22.0,3266510,9739795,21.85,21.95,65
2026-10-08 10:06:57,22477.0,2026-10-13,22050.0,CE,44582,453.5,26845,25935,445.85,447.2,65
2026-10-08 10:06:57,22477.0,2026-10-13,22000.0,PE,44581,17.95,7493135,19030505,17.9,18.0,65
2026-10-08 10:06:57,22477.0,2026-10-13,22500.0,CE,44612,121.05,9115275,38343110,121.05,121.3,65
2026-10-08 10:06:57,22477.0,2026-10-13,22450.0,PE,44611,122.65,3808415,29830580,122.3,122.6,65
2026-10-08 10:06:57,22477.0,2026-10-13,22000.0,CE,44572,492.0,364390,313105,490.7,491.85,65
2026-10-08 10:06:57,22477.0,2026-10-13,22650.0,CE,44618,62.3,4983940,14463150,62.35,62.5,65
2026-10-08 10:06:57,22477.0,2026-10-13,22600.0,PE,44617,204.3,5495490,33405320,204.3,204.55,65
2026-10-08 10:06:57,22477.0,2026-10-13,22650.0,PE,44619,237.4,1414660,7236710,237.5,238.05,65
2026-10-08 10:06:57,22477.0,2026-10-13,22550.0,CE,44614,98.45,5205200,23371335,98.6,98.85,65
2026-10-08 10:06:57,22477.0,2026-10-13,22500.0,PE,44613,146.75,7745725,63469900,146.5,146.85,65
2026-10-08 10:06:57,22477.0,2026-10-13,22600.0,CE,44616,79.15,10495160,34454485,78.9,79.1,65
2026-10-08 10:06:57,22477.0,2026-10-13,22550.0,PE,44615,174.25,3148080,36025730,173.55,173.9,65
2026-10-08 10:06:57,22477.0,2026-10-13,21950.0,PE,44571,14.35,1388335,6458205,14.4,14.45,65
2026-10-08 10:06:57,22477.0,2026-10-13,21950.0,CE,44570,544.8,5590,10335,537.55,539.65,65
2026-10-08 10:06:57,22477.0,2026-10-13,21900.0,CE,44568,586.8,34125,20800,585.1,586.85,65
2026-10-08 10:06:57,22477.0,2026-10-13,22350.0,PE,44601,82.85,2355925,16217175,82.65,82.85,65
2026-10-08 10:06:57,22477.0,2026-10-13,23050.0,PE,44645,576.65,134615,117260,582.3,583.85,65
2026-10-08 10:06:57,22477.0,2026-10-13,22350.0,CE,44600,207.45,419770,2199470,206.9,207.4,65
2026-10-08 10:06:57,22477.0,2026-10-13,22450.0,CE,44608,146.85,2335190,11885120,146.5,146.85,65
2026-10-08 10:06:57,22477.0,2026-10-13,23100.0,PE,44647,621.55,344110,118040,629.4,631.55,65
2026-10-08 10:06:57,22477.0,2026-10-13,21900.0,PE,44569,11.8,3194685,9701250,11.7,11.8,65
2026-10-08 10:06:57,22477.0,2026-10-13,22400.0,CE,44602,176.0,2308865,9038380,175.35,175.8,65
2026-10-08 10:06:57,22477.0,2026-10-13,23100.0,CE,44646,6.0,6914895,14501370,5.95,6.0,65
2026-10-08 10:06:57,22477.0,2026-10-13,22400.0,PE,44604,101.0,6160310,36129795,100.75,101.05,65
2026-10-08 10:06:57,22477.0,2026-10-13,23000.0,CE,44632,9.9,11616605,21783125,9.85,9.9,65
2026-10-08 10:06:57,22477.0,2026-10-13,22300.0,PE,44599,67.1,5237505,22192040,66.9,67.1,65
2026-10-08 10:06:57,22477.0,2026-10-13,22300.0,CE,44598,242.4,681590,2271100,241.4,241.95,65
2026-10-08 10:06:57,22477.0,2026-10-13,22950.0,PE,44631,487.45,287820,81575,486.3,487.9,65
2026-10-08 10:06:57,22477.0,2026-10-13,23000.0,PE,44633,533.55,1288365,722085,533.35,534.7,65
2026-10-08 10:06:57,22477.0,2026-10-13,22200.0,PE,44595,43.3,6904105,21768760,43.15,43.25,65
2026-10-08 10:06:57,22477.0,2026-10-13,22950.0,CE,44630,12.7,2562170,8098480,12.7,12.75,65
2026-10-08 10:06:57,22477.0,2026-10-13,22250.0,PE,44597,54.2,2020395,12351885,54.2,54.4,65
2026-10-08 10:06:57,22477.0,2026-10-13,22250.0,CE,44596,280.1,177125,469235,278.05,278.8,65
2026-10-08 10:06:57,22477.0,2026-10-13,23050.0,CE,44636,7.6,2859220,7506980,7.6,7.65,65
2026-10-08 10:06:57,22477.0,2026-10-13,22150.0,PE,44591,34.9,1493505,7988370,34.8,34.9,65
2026-10-08 10:06:57,22477.0,2026-10-13,22200.0,CE,44592,317.95,548470,809965,317.95,318.8,65
2026-10-08 10:10:37,22469.2,2026-10-13,22700.0,PE,44621,279.85,3923400,10075650,279.6,280.35,65
2026-10-08 10:10:37,22469.2,2026-10-13,22700.0,CE,44620,47.05,12908675,29724175,47.0,47.05,65
2026-10-08 10:10:37,22469.2,2026-10-13,22750.0,PE,44623,318.9,769015,2162485,318.15,318.95,65
2026-10-08 10:10:37,22469.2,2026-10-13,22750.0,CE,44622,36.65,4930315,11634740,36.55,36.65,65
2026-10-08 10:10:37,22469.2,2026-10-13,22100.0,CE,44584,392.95,149110,120185,395.4,396.7,65
2026-10-08 10:10:37,22469.2,2026-10-13,22050.0,PE,44583,23.15,1752595,7195240,23.1,23.2,65
2026-10-08 10:10:37,22469.2,2026-10-13,22150.0,CE,44586,354.3,60385,75725,352.2,353.3,65
2026-10-08 10:10:37,22469.2,2026-10-13,22100.0,PE,44585,28.85,3412760,12222600,28.85,28.95,65
2026-10-08 10:10:37,22469.2,2026-10-13,22900.0,PE,44629,448.35,776230,574210,448.15,449.4,65
2026-10-08 10:10:37,22469.2,2026-10-13,22900.0,CE,44628,16.0,6239870,14601080,15.95,16.05,65
2026-10-08 10:10:37,22469.2,2026-10-13,22800.0,PE,44625,358.75,1485770,2726685,359.45,360.45,65
2026-10-08 10:10:37,22469.2,2026-10-13,22800.0,CE,44624,27.9,9403355,24829220,27.9,28.0,65
2026-10-08 10:10:37,22469.2,2026-10-13,22850.0,PE,44627,406.55,219440,377780,402.4,403.6,65
2026-10-08 10:10:37,22469.2,2026-10-13,22850.0,CE,44626,21.2,3221595,10026770,21.15,21.25,65
2026-10-08 10:10:37,22469.2,2026-10-13,22050.0,CE,44582,443.0,26975,26325,439.7,441.2,65
2026-10-08 10:10:37,22469.2,2026-10-13,22000.0,PE,44581,18.7,7483710,19539325,18.7,18.8,65
2026-10-08 10:10:37,22469.2,2026-10-13,22500.0,CE,44612,118.4,9150895,40098240,118.05,118.25,65
2026-10-08 10:10:37,22469.2,2026-10-13,22450.0,PE,44611,126.15,3933475,31377710,125.8,126.1,65
2026-10-08 10:10:37,22469.2,2026-10-13,22000.0,CE,44572,488.25,367770,319280,484.55,485.7,65
2026-10-08 10:10:37,22469.2,2026-10-13,22650.0,CE,44618,60.6,4918030,14928225,60.55,60.75,65
2026-10-08 10:10:37,22469.2,2026-10-13,22600.0,PE,44617,209.6,5421325,34013590,209.05,209.6,65
2026-10-08 10:10:37,22469.2,2026-10-13,22650.0,PE,44619,243.35,1414985,7377500,242.55,243.3,65
2026-10-08 10:10:37,22469.2,2026-10-13,22550.0,CE,44614,95.85,5210335,24110970,95.5,95.75,65
2026-10-08 10:10:37,22469.2,2026-10-13,22500.0,PE,44613,150.85,7862205,65465725,150.4,150.8,65
2026-10-08 10:10:37,22469.2,2026-10-13,22600.0,CE,44616,76.8,10539750,35785165,76.8,77.0,65
2026-10-08 10:10:37,22469.2,2026-10-13,22550.0,PE,44615,178.75,3162835,36733970,178.5,178.95,65
2026-10-08 10:10:37,22469.2,2026-10-13,21950.0,PE,44571,14.95,1387425,6657105,14.95,15.0,65
2026-10-08 10:10:37,22469.2,2026-10-13,21950.0,CE,44570,533.05,5590,10400,531.35,533.55,65
2026-10-08 10:10:37,22469.2,2026-10-13,21850.0,CE,44566,765.15,1105,0,620.4,633.3,65
2026-10-08 10:10:37,22469.2,2026-10-13,21900.0,CE,44568,582.25,33735,22165,578.6,580.15,65
2026-10-08 10:10:37,22469.2,2026-10-13,22350.0,PE,44601,85.4,2395380,16795675,85.45,85.6,65
2026-10-08 10:10:37,22469.2,2026-10-13,23050.0,PE,44645,589.15,134550,117650,589.15,590.65,65
2026-10-08 10:10:37,22469.2,2026-10-13,22350.0,CE,44600,203.0,436605,2362035,202.2,202.7,65
2026-10-08 10:10:37,22469.2,2026-10-13,21850.0,PE,44567,10.05,1215760,4819555,9.95,10.05,65
2026-10-08 10:10:37,22469.2,2026-10-13,22450.0,CE,44608,143.5,2357160,12632620,143.15,143.5,65
2026-10-08 10:10:37,22469.2,2026-10-13,21900.0,PE,44569,12.35,3116035,9983220,12.3,12.35,65
2026-10-08 10:10:37,22469.2,2026-10-13,22400.0,CE,44602,171.45,2355275,9539790,171.6,172.0,65
2026-10-08 10:10:37,22469.2,2026-10-13,22400.0,PE,44604,104.0,6270225,37433435,104.0,104.25,65
2026-10-08 10:10:37,22469.2,2026-10-13,23000.0,CE,44632,9.6,11485565,22381775,9.55,9.6,65
2026-10-08 10:10:37,22469.2,2026-10-13,22300.0,PE,44599,69.15,5278260,22949225,69.1,69.3,65
2026-10-08 10:10:37,22469.2,2026-10-13,22300.0,CE,44598,237.05,705250,2399800,236.55,237.05,65
2026-10-08 10:10:37,22469.2,2026-10-13,22950.0,PE,44631,495.4,286520,83330,492.8,494.5,65
2026-10-08 10:10:37,22469.2,2026-10-13,23000.0,PE,44633,539.7,1282905,733200,540.15,541.9,65
2026-10-08 10:10:37,22469.2,2026-10-13,22200.0,PE,44595,45.1,6940895,22449115,45.0,45.2,65
2026-10-08 10:10:37,22469.2,2026-10-13,22950.0,CE,44630,12.35,2572505,8252270,12.35,12.4,65
2026-10-08 10:10:37,22469.2,2026-10-13,22250.0,PE,44597,56.2,2038790,12737920,56.05,56.2,65
2026-10-08 10:10:37,22469.2,2026-10-13,22250.0,CE,44596,274.1,180830,486850,273.15,273.9,65
2026-10-08 10:10:37,22469.2,2026-10-13,23050.0,CE,44636,7.35,2847845,7792590,7.35,7.45,65
2026-10-08 10:10:37,22469.2,2026-10-13,22150.0,PE,44591,36.15,1474265,8253895,36.05,36.2,65
2026-10-08 10:10:37,22469.2,2026-10-13,22200.0,CE,44592,312.8,552825,839085,311.55,312.45,65
2026-10-08 10:15:28,22487.35,2026-10-13,22700.0,PE,44621,263.9,3914105,10384790,263.9,264.6,65
2026-10-08 10:15:28,22487.35,2026-10-13,22700.0,CE,44620,50.35,13094120,31411705,50.3,50.35,65
2026-10-08 10:15:28,22487.35,2026-10-13,22750.0,PE,44623,301.95,755560,2244645,301.7,302.4,65
2026-10-08 10:15:28,22487.35,2026-10-13,22750.0,CE,44622,39.0,4816305,12308465,39.05,39.2,65
2026-10-08 10:15:28,22487.35,2026-10-13,22100.0,CE,44584,412.9,152230,130975,411.85,413.25,65
2026-10-08 10:15:28,22487.35,2026-10-13,22050.0,PE,44583,21.05,1759225,7536815,20.9,21.0,65
2026-10-08 10:15:28,22487.35,2026-10-13,22150.0,CE,44586,368.75,59865,80665,368.2,369.25,65
2026-10-08 10:15:28,22487.35,2026-10-13,22100.0,PE,44585,26.3,3433365,12911405,26.15,26.25,65
2026-10-08 10:15:28,22487.35,2026-10-13,22900.0,PE,44629,429.8,776815,587925,429.0,430.2,65
2026-10-08 10:15:28,22487.35,2026-10-13,22900.0,CE,44628,16.95,6207630,15072395,16.85,16.95,65
2026-10-08 10:15:28,22487.35,2026-10-13,22800.0,PE,44625,341.95,1498250,2809950,342.0,343.1,65
2026-10-08 10:15:28,22487.35,2026-10-13,22800.0,CE,44624,29.75,9401925,26093860,29.7,29.8,65
2026-10-08 10:15:28,22487.35,2026-10-13,22850.0,PE,44627,384.55,220285,389285,384.65,385.7,65
2026-10-08 10:15:28,22487.35,2026-10-13,22850.0,CE,44626,22.65,3250780,10601890,22.55,22.65,65
2026-10-08 10:15:28,22487.35,2026-10-13,22050.0,CE,44582,458.55,26325,28600,457.0,458.6,65
2026-10-08 10:15:28,22487.35,2026-10-13,22000.0,PE,44581,17.05,7595510,20688785,17.0,17.05,65
2026-10-08 10:15:28,22487.35,2026-10-13,22500.0,CE,44612,126.5,8887190,44258175,126.2,126.55,65
2026-10-08 10:15:28,22487.35,2026-10-13,22450.0,PE,44611,116.2,4004585,33450690,115.9,116.2,65
2026-10-08 10:15:28,22487.35,2026-10-13,22000.0,CE,44572,503.05,362765,346580,502.15,503.75,65
2026-10-08 10:15:28,22487.35,2026-10-13,22650.0,CE,44618,65.1,4814160,15704325,65.0,65.2,65
2026-10-08 10:15:28,22487.35,2026-10-13,22600.0,PE,44617,195.95,5452915,35112675,195.9,196.35,65
2026-10-08 10:15:28,22487.35,2026-10-13,22650.0,PE,44619,229.05,1411085,7662005,227.7,228.35,65
2026-10-08 10:15:28,22487.35,2026-10-13,22550.0,CE,44614,102.7,5108025,25642175,102.75,103.0,65
2026-10-08 10:15:28,22487.35,2026-10-13,22500.0,PE,44613,139.7,8138130,68837665,139.25,139.6,65
2026-10-08 10:15:28,22487.35,2026-10-13,22600.0,CE,44616,82.45,10506990,38072385,82.2,82.4,65
2026-10-08 10:15:28,22487.35,2026-10-13,22550.0,PE,44615,165.85,3182335,37802050,165.75,166.15,65
2026-10-08 10:15:28,22487.35,2026-10-13,21950.0,PE,44571,13.65,1358890,7112625,13.65,13.7,65
2026-10-08 10:15:28,22487.35,2026-10-13,21950.0,CE,44570,551.55,5850,11180,549.1,551.35,65
2026-10-08 10:15:28,22487.35,2026-10-13,21900.0,CE,44568,597.2,33735,23660,595.85,597.95,65
2026-10-08 10:15:28,22487.35,2026-10-13,22350.0,PE,44601,78.45,2379195,17827225,78.25,78.45,65
2026-10-08 10:15:28,22487.35,2026-10-13,23050.0,PE,44645,569.7,134160,119210,569.9,571.4,65
2026-10-08 10:15:28,22487.35,2026-10-13,22350.0,CE,44600,214.35,411515,2643030,214.3,214.8,65
2026-10-08 10:15:28,22487.35,2026-10-13,22450.0,CE,44608,152.75,2366845,14382160,152.85,153.05,65
2026-10-08 10:15:28,22487.35,2026-10-13,23100.0,PE,44647,620.8,343980,120900,616.85,619.15,65
2026-10-08 10:15:28,22487.35,2026-10-13,21900.0,PE,44569,11.25,3152435,10442185,11.15,11.25,65
2026-10-08 10:15:28,22487.35,2026-10-13,22400.0,CE,44602,182.4,2296320,10694320,182.0,182.45,65
2026-10-08 10:15:28,22487.35,2026-10-13,23100.0,CE,44646,6.0,6872970,15072070,5.95,6.0,65
2026-10-08 10:15:28,22487.35,2026-10-13,22400.0,PE,44604,95.9,6415760,39891800,95.9,96.2,65
2026-10-08 10:15:28,22487.35,2026-10-13,23000.0,CE,44632,10.1,11359140,23411180,10.05,10.1,65
2026-10-08 10:15:28,22487.35,2026-10-13,22300.0,PE,44599,63.3,5222360,24309805,63.05,63.2,65
2026-10-08 10:15:28,22487.35,2026-10-13,22300.0,CE,44598,250.0,694135,2647645,250.0,250.4,65
2026-10-08 10:15:28,22487.35,2026-10-13,22950.0,PE,44631,474.3,286715,85215,474.45,476.05,65
2026-10-08 10:15:28,22487.35,2026-10-13,23000.0,PE,44633,521.6,1279005,762645,521.55,523.25,65
2026-10-08 10:15:28,22487.35,2026-10-13,22200.0,PE,44595,40.8,6986070,23663055,40.7,40.85,65
2026-10-08 10:15:28,22487.35,2026-10-13,22950.0,CE,44630,13.05,2510625,8692320,13.0,13.05,65
2026-10-08 10:15:28,22487.35,2026-10-13,22250.0,PE,44597,51.1,2019875,13302185,51.15,51.35,65
2026-10-08 10:15:28,22487.35,2026-10-13,22250.0,CE,44596,287.7,180895,511420,286.85,287.65,65
2026-10-08 10:15:28,22487.35,2026-10-13,23050.0,CE,44636,7.75,2828995,8096595,7.7,7.75,65
2026-10-08 10:15:28,22487.35,2026-10-13,22150.0,PE,44591,32.7,1498315,8672755,32.65,32.8,65
2026-10-08 10:15:28,22487.35,2026-10-13,22200.0,CE,44592,328.0,511355,989885,327.35,328.3,65
2026-10-08 10:20:24,22453.25,2026-10-13,22700.0,PE,44621,288.35,3916445,10758020,287.0,287.8,65
2026-10-08 10:20:24,22453.25,2026-10-13,22700.0,CE,44620,43.8,13159770,32997575,44.0,44.15,65
2026-10-08 10:20:24,22453.25,2026-10-13,22750.0,PE,44623,326.55,752375,2294110,327.4,328.25,65
2026-10-08 10:20:24,22453.25,2026-10-13,22750.0,CE,44622,34.05,4862845,12944555,34.05,34.2,65
2026-10-08 10:20:24,22453.25,2026-10-13,22100.0,CE,44584,384.65,152620,140790,385.2,386.85,65
2026-10-08 10:20:24,22453.25,2026-10-13,22050.0,PE,44583,24.35,1749540,7824830,24.45,24.55,65
2026-10-08 10:20:24,22453.25,2026-10-13,22150.0,CE,44586,343.05,60515,86580,342.0,343.05,65
2026-10-08 10:20:24,22453.25,2026-10-13,22100.0,PE,44585,30.65,4651465,15517125,30.4,30.5,65
2026-10-08 10:20:24,22453.25,2026-10-13,22900.0,PE,44629,457.45,776685,606190,459.4,460.0,65
2026-10-08 10:20:24,22453.25,2026-10-13,22900.0,CE,44628,15.05,6130670,15711345,15.0,15.05,65
2026-10-08 10:20:24,22453.25,2026-10-13,22800.0,PE,44625,370.0,1479010,2929550,368.65,370.1,65
2026-10-08 10:20:24,22453.25,2026-10-13,22800.0,CE,44624,26.0,9528220,27357135,26.1,26.15,65
2026-10-08 10:20:24,22453.25,2026-10-13,22850.0,PE,44627,414.0,220415,403260,414.0,415.25,65
2026-10-08 10:20:24,22453.25,2026-10-13,22850.0,CE,44626,19.75,3245840,10990200,19.75,19.85,65
2026-10-08 10:20:24,22453.25,2026-10-13,22050.0,CE,44582,432.65,26520,30355,428.15,429.45,65
2026-10-08 10:20:24,22453.25,2026-10-13,22000.0,PE,44581,19.75,7574125,22079850,19.5,19.6,65
2026-10-08 10:20:24,22453.25,2026-10-13,22500.0,CE,44612,111.4,8645845,48330425,111.4,111.65,65
2026-10-08 10:20:24,22453.25,2026-10-13,22450.0,PE,44611,131.05,4115150,35862710,131.1,131.45,65
2026-10-08 10:20:24,22453.25,2026-10-13,22000.0,CE,44572,476.1,373425,410800,475.05,476.4,65
2026-10-08 10:20:24,22453.25,2026-10-13,22650.0,CE,44618,57.0,4846855,16571425,56.8,56.95,65
2026-10-08 10:20:24,22453.25,2026-10-13,22600.0,PE,44617,216.1,5474950,36419825,216.15,216.6,65
2026-10-08 10:20:24,22453.25,2026-10-13,22650.0,PE,44619,250.35,1362855,7945730,250.35,250.95,65
2026-10-08 10:20:24,22453.25,2026-10-13,22550.0,CE,44614,90.8,5127785,27051180,90.15,90.35,65
2026-10-08 10:20:24,22453.25,2026-10-13,22500.0,PE,44613,156.7,9219340,74956895,156.45,156.7,65
2026-10-08 10:20:24,22453.25,2026-10-13,22600.0,CE,44616,72.35,10628020,40189110,72.25,72.45,65
2026-10-08 10:20:24,22453.25,2026-10-13,22550.0,PE,44615,185.3,3123510,39129155,185.25,185.7,65
2026-10-08 10:20:24,22453.25,2026-10-13,21950.0,PE,44571,15.9,1356485,7434765,15.85,15.95,65
2026-10-08 10:20:24,22453.25,2026-10-13,21950.0,CE,44570,521.0,6175,12090,519.25,520.95,65
2026-10-08 10:20:24,22453.25,2026-10-13,21850.0,CE,44566,765.15,1105,0,604.9,620.35,65
2026-10-08 10:20:24,22453.25,2026-10-13,21900.0,CE,44568,570.0,33800,23855,566.25,568.3,65
2026-10-08 10:20:24,22453.25,2026-10-13,22350.0,PE,44601,89.55,2459665,18871450,89.4,89.65,65
2026-10-08 10:20:24,22453.25,2026-10-13,23050.0,PE,44645,603.2,134030,120315,599.0,600.9,65
2026-10-08 10:20:24,22453.25,2026-10-13,22350.0,CE,44600,194.6,413465,2836665,193.55,194.05,65
2026-10-08 10:20:24,22453.25,2026-10-13,21850.0,PE,44567,10.35,1267890,5330130,10.3,10.4,65
2026-10-08 10:20:24,22453.25,2026-10-13,22450.0,CE,44608,136.15,2448095,15995070,136.4,136.5,65
2026-10-08 10:20:24,22453.25,2026-10-13,21900.0,PE,44569,12.85,3164200,11000145,12.9,12.95,65
2026-10-08 10:20:24,22453.25,2026-10-13,22400.0,CE,44602,164.05,2353780,11743810,164.0,164.45,65
2026-10-08 10:20:24,22453.25,2026-10-13,22400.0,PE,44604,108.35,6488430,42384810,108.35,108.6,65
2026-10-08 10:20:24,22453.25,2026-10-13,23000.0,CE,44632,9.15,11467820,24315525,9.15,9.25,65
2026-10-08 10:20:24,22453.25,2026-10-13,22300.0,PE,44599,72.25,5230030,25532130,72.25,72.45,65
2026-10-08 10:20:24,22453.25,2026-10-13,22300.0,CE,44598,228.65,702650,2854540,228.05,228.65,65
2026-10-08 10:20:24,22453.25,2026-10-13,22950.0,PE,44631,505.0,286975,86840,505.0,506.65,65
2026-10-08 10:20:24,22453.25,2026-10-13,23000.0,PE,44633,551.0,1275625,791895,550.3,551.45,65
2026-10-08 10:20:24,22453.25,2026-10-13,22200.0,PE,44595,47.05,7010185,25063545,47.2,47.35,65
2026-10-08 10:20:24,22453.25,2026-10-13,22950.0,CE,44630,11.65,2494375,9020570,11.6,11.7,65
2026-10-08 10:20:24,22453.25,2026-10-13,22250.0,PE,44597,59.05,2051010,13869700,59.05,59.2,65
2026-10-08 10:20:24,22453.25,2026-10-13,22250.0,CE,44596,264.4,187005,543530,263.45,264.2,65
2026-10-08 10:20:24,22453.25,2026-10-13,23050.0,CE,44636,7.1,2764450,8515520,7.05,7.1,65
2026-10-08 10:20:24,22453.25,2026-10-13,22150.0,PE,44591,38.3,1548300,9108710,38.2,38.35,65
2026-10-08 10:20:24,22453.25,2026-10-13,22200.0,CE,44592,304.0,511225,1049425,302.0,302.4,65
2026-10-08 10:25:18,22462.95,2026-10-13,22700.0,PE,44621,279.45,3873220,11237720,278.6,279.35,65
2026-10-08 10:25:18,22462.95,2026-10-13,22700.0,CE,44620,45.35,13196365,34754135,45.1,45.2,65
2026-10-08 10:25:18,22462.95,2026-10-13,22750.0,PE,44623,317.9,739310,2409095,317.85,318.6,65
2026-10-08 10:25:18,22462.95,2026-10-13,22750.0,CE,44622,34.9,4804800,13728325,34.8,34.85,65
2026-10-08 10:25:18,22462.95,2026-10-13,22100.0,CE,44584,393.05,155545,154895,393.3,394.6,65
2026-10-08 10:25:18,22462.95,2026-10-13,22050.0,PE,44583,22.75,1761760,8383115,22.55,22.65,65
2026-10-08 10:25:18,22462.95,2026-10-13,22150.0,CE,44586,350.25,60775,96915,351.45,352.65,65
2026-10-08 10:25:18,22462.95,2026-10-13,22100.0,PE,44585,28.8,4584385,16606460,28.55,28.7,65
2026-10-08 10:25:18,22462.95,2026-10-13,22900.0,PE,44629,448.6,772980,632840,448.8,450.05,65
2026-10-08 10:25:18,22462.95,2026-10-13,22900.0,CE,44628,15.15,6213805,16608150,15.1,15.15,65
2026-10-08 10:25:18,22462.95,2026-10-13,22800.0,PE,44625,360.0,1475890,3087305,360.2,361.0,65
2026-10-08 10:25:18,22462.95,2026-10-13,22800.0,CE,44624,26.65,9629685,28713945,26.55,26.6,65
2026-10-08 10:25:18,22462.95,2026-10-13,22850.0,PE,44627,403.75,219570,425620,402.15,403.3,65
2026-10-08 10:25:18,22462.95,2026-10-13,22850.0,CE,44626,20.2,3197675,11473605,20.2,20.25,65
2026-10-08 10:25:18,22462.95,2026-10-13,22050.0,CE,44582,435.85,26520,34190,438.65,440.25,65
2026-10-08 10:25:18,22462.95,2026-10-13,22000.0,PE,44581,18.35,7536555,23457980,18.35,18.4,65
2026-10-08 10:25:18,22462.95,2026-10-13,22500.0,CE,44612,115.15,9317100,52024375,115.45,115.55,65
2026-10-08 10:25:18,22462.95,2026-10-13,22450.0,PE,44611,125.0,3784105,39610415,124.95,125.3,65
2026-10-08 10:25:18,22462.95,2026-10-13,22000.0,CE,44572,484.0,385970,440765,483.2,484.75,65
2026-10-08 10:25:18,22462.95,2026-10-13,22650.0,CE,44618,58.7,4955145,17580355,58.45,58.5,65
2026-10-08 10:25:18,22462.95,2026-10-13,22600.0,PE,44617,208.45,5346445,37901305,207.65,207.85,65
2026-10-08 10:25:18,22462.95,2026-10-13,22650.0,PE,44619,242.3,1348945,8230430,241.75,242.35,65
2026-10-08 10:25:18,22462.95,2026-10-13,22550.0,CE,44614,93.25,5331820,28886910,93.0,93.25,65
2026-10-08 10:25:18,22462.95,2026-10-13,22500.0,PE,44613,148.95,8472880,80007655,148.75,149.05,65
2026-10-08 10:25:18,22462.95,2026-10-13,22600.0,CE,44616,74.6,10832575,42464435,74.7,74.8,65
2026-10-08 10:25:18,22462.95,2026-10-13,22550.0,PE,44615,177.4,2882750,40805440,177.4,177.85,65
2026-10-08 10:25:18,22462.95,2026-10-13,21950.0,PE,44571,14.75,1347580,7872085,14.75,14.85,65
2026-10-08 10:25:18,22462.95,2026-10-13,21950.0,CE,44570,527.0,6305,12285,529.05,530.65,65
2026-10-08 10:25:18,22462.95,2026-10-13,21850.0,CE,44566,765.15,1105,0,621.2,629.25,65
2026-10-08 10:25:18,22462.95,2026-10-13,21900.0,CE,44568,570.65,34060,24700,576.9,579.4,65
2026-10-08 10:25:18,22462.95,2026-10-13,22350.0,PE,44601,84.45,2457715,20519590,83.95,84.2,65
2026-10-08 10:25:18,22462.95,2026-10-13,23050.0,PE,44645,596.65,133445,120965,589.85,592.05,65
2026-10-08 10:25:18,22462.95,2026-10-13,22350.0,CE,44600,199.9,462800,3113760,200.05,200.5,65
2026-10-08 10:25:18,22462.95,2026-10-13,21850.0,PE,44567,9.9,1282580,5832580,9.75,9.85,65
2026-10-08 10:25:18,22462.95,2026-10-13,22450.0,CE,44608,140.05,3143075,18532085,140.05,140.4,65
2026-10-08 10:25:18,22462.95,2026-10-13,21900.0,PE,44569,12.15,3065010,11733670,12.1,12.15,65
2026-10-08 10:25:18,22462.95,2026-10-13,22400.0,CE,44602,169.35,2583425,13299260,168.8,169.15,65
2026-10-08 10:25:18,22462.95,2026-10-13,22400.0,PE,44604,102.85,6169865,46387770,102.75,103.0,65
2026-10-08 10:25:18,22462.95,2026-10-13,23000.0,CE,44632,9.2,11448320,25350455,9.2,9.25,65
2026-10-08 10:25:18,22462.95,2026-10-13,22300.0,PE,44599,68.05,5354895,27585610,68.05,68.25,65
2026-10-08 10:25:18,22462.95,2026-10-13,22300.0,CE,44598,234.8,746850,3179280,234.2,234.75,65
2026-10-08 10:25:18,22462.95,2026-10-13,22950.0,PE,44631,494.4,287885,92040,493.75,495.5,65
2026-10-08 10:25:18,22462.95,2026-10-13,23000.0,PE,44633,542.5,1272375,867815,541.65,543.0,65
2026-10-08 10:25:18,22462.95,2026-10-13,22200.0,PE,44595,44.3,7011875,26719290,44.2,44.35,65
2026-10-08 10:25:18,22462.95,2026-10-13,22950.0,CE,44630,11.8,2595645,9468030,11.7,11.75,65
2026-10-08 10:25:18,22462.95,2026-10-13,22250.0,PE,44597,55.05,2050230,14682265,54.9,55.15,65
2026-10-08 10:25:18,22462.95,2026-10-13,22250.0,CE,44596,271.5,191685,580970,271.15,271.9,65
2026-10-08 10:25:18,22462.95,2026-10-13,23050.0,CE,44636,7.15,2809950,8867235,7.1,7.15,65
2026-10-08 10:25:18,22462.95,2026-10-13,22150.0,PE,44591,35.5,1514760,9728875,35.25,35.35,65
2026-10-08 10:25:18,22462.95,2026-10-13,22200.0,CE,44592,311.3,540865,1176500,309.4,310.1,65
2026-10-08 10:30:37,22457.2,2026-10-13,22700.0,PE,44621,284.15,3885700,11492130,285.05,285.85,65
2026-10-08 10:30:37,22457.2,2026-10-13,22700.0,CE,44620,43.75,13279305,36017150,43.65,43.8,65
2026-10-08 10:30:37,22457.2,2026-10-13,22750.0,PE,44623,325.0,736905,2452515,323.85,324.75,65
2026-10-08 10:30:37,22457.2,2026-10-13,22750.0,CE,44622,33.85,4844385,14248585,33.75,33.9,65
2026-10-08 10:30:37,22457.2,2026-10-13,22100.0,CE,44584,387.05,162240,169260,387.8,389.0,65
2026-10-08 10:30:37,22457.2,2026-10-13,22050.0,PE,44583,24.15,1793740,8745360,24.05,24.15,65
2026-10-08 10:30:37,22457.2,2026-10-13,22150.0,CE,44586,344.55,62270,101790,345.1,346.25,65
2026-10-08 10:30:37,22457.2,2026-10-13,22100.0,PE,44585,30.35,4664010,17415580,30.15,30.25,65
2026-10-08 10:30:37,22457.2,2026-10-13,22900.0,PE,44629,455.45,771420,645320,454.65,455.8,65
2026-10-08 10:30:37,22457.2,2026-10-13,22900.0,CE,44628,14.65,6471400,17380090,14.6,14.65,65
2026-10-08 10:30:37,22457.2,2026-10-13,22800.0,PE,44625,365.85,1479075,3158025,366.1,367.2,65
2026-10-08 10:30:37,22457.2,2026-10-13,22800.0,CE,44624,25.7,9696570,29609580,25.7,25.75,65
2026-10-08 10:30:37,22457.2,2026-10-13,22850.0,PE,44627,410.0,220610,436215,409.8,410.85,65
2026-10-08 10:30:37,22457.2,2026-10-13,22850.0,CE,44626,19.5,3201770,11828375,19.45,19.5,65
2026-10-08 10:30:37,22457.2,2026-10-13,22050.0,CE,44582,432.5,25870,34970,431.7,433.25,65
2026-10-08 10:30:37,22457.2,2026-10-13,22000.0,PE,44581,19.65,7526480,24292905,19.55,19.65,65
2026-10-08 10:30:37,22457.2,2026-10-13,22500.0,CE,44612,112.9,9489220,54552615,112.55,112.85,65
2026-10-08 10:30:37,22457.2,2026-10-13,22450.0,PE,44611,129.2,3946020,41350010,128.95,129.25,65
2026-10-08 10:30:37,22457.2,2026-10-13,22000.0,CE,44572,477.2,386230,457405,476.7,477.95,65
2026-10-08 10:30:37,22457.2,2026-10-13,22650.0,CE,44618,56.9,4946370,18134025,56.75,56.9,65
2026-10-08 10:30:37,22457.2,2026-10-13,22600.0,PE,44617,213.3,5389540,38822420,213.4,213.9,65
2026-10-08 10:30:37,22457.2,2026-10-13,22650.0,PE,44619,247.85,1364610,8497840,247.6,248.3,65
2026-10-08 10:30:37,22457.2,2026-10-13,22550.0,CE,44614,90.9,5413200,30071080,91.0,91.2,65
2026-10-08 10:30:37,22457.2,2026-10-13,22500.0,PE,44613,153.7,8571810,82127565,153.45,153.85,65
2026-10-08 10:30:37,22457.2,2026-10-13,22600.0,CE,44616,72.35,10883860,43878705,72.25,72.4,65
2026-10-08 10:30:37,22457.2,2026-10-13,22550.0,PE,44615,182.15,2954445,41553460,181.8,182.3,65
2026-10-08 10:30:37,22457.2,2026-10-13,21950.0,PE,44571,15.8,1388140,8205470,15.7,15.8,65
2026-10-08 10:30:37,22457.2,2026-10-13,21950.0,CE,44570,525.15,6370,12675,523.35,525.45,65
2026-10-08 10:30:37,22457.2,2026-10-13,21850.0,CE,44566,765.15,1105,0,610.75,623.65,65
2026-10-08 10:30:37,22457.2,2026-10-13,21900.0,CE,44568,570.0,34190,25285,569.3,572.5,65
2026-10-08 10:30:37,22457.2,2026-10-13,22350.0,PE,44601,87.7,2448940,21287955,87.4,87.65,65
2026-10-08 10:30:37,22457.2,2026-10-13,23050.0,PE,44645,599.35,133510,121680,597.0,598.85,65
2026-10-08 10:30:37,22457.2,2026-10-13,22350.0,CE,44600,196.85,468585,3324360,196.05,196.45,65
2026-10-08 10:30:37,22457.2,2026-10-13,21850.0,PE,44567,10.5,1280305,6183580,10.45,10.55,65
2026-10-08 10:30:37,22457.2,2026-10-13,22450.0,CE,44608,137.55,3243435,20050940,137.55,137.6,65
2026-10-08 10:30:37,22457.2,2026-10-13,21900.0,PE,44569,12.95,3094325,11998285,12.85,12.95,65
2026-10-08 10:30:37,22457.2,2026-10-13,22400.0,CE,44602,165.9,2668575,14144780,165.5,165.8,65
2026-10-08 10:30:37,22457.2,2026-10-13,22400.0,PE,44604,106.65,6269380,48092265,106.65,106.95,65
2026-10-08 10:30:37,22457.2,2026-10-13,23000.0,CE,44632,8.95,11570130,26360685,8.9,8.95,65
2026-10-08 10:30:37,22457.2,2026-10-13,22300.0,PE,44599,71.25,5401695,28646020,71.25,71.4,65
2026-10-08 10:30:37,22457.2,2026-10-13,22300.0,CE,44598,230.55,738920,3362320,230.1,230.65,65
2026-10-08 10:30:37,22457.2,2026-10-13,22950.0,PE,44631,493.25,287235,95290,500.35,502.0,65
2026-10-08 10:30:37,22457.2,2026-10-13,23000.0,PE,44633,548.05,1271400,880555,548.15,549.65,65
2026-10-08 10:30:37,22457.2,2026-10-13,22200.0,PE,44595,46.6,7069660,27620775,46.3,46.45,65
2026-10-08 10:30:37,22457.2,2026-10-13,22950.0,CE,44630,11.35,2581085,9677655,11.35,11.4,65
2026-10-08 10:30:37,22457.2,2026-10-13,22250.0,PE,44597,57.9,2040805,15261220,57.8,58.0,65
2026-10-08 10:30:37,22457.2,2026-10-13,22250.0,CE,44596,266.4,197275,610155,266.05,266.75,65
2026-10-08 10:30:37,22457.2,2026-10-13,23050.0,CE,44636,6.9,2821260,9133215,6.9,6.95,65
2026-10-08 10:30:37,22457.2,2026-10-13,22150.0,PE,44591,37.55,1512680,10149555,37.4,37.55,65
2026-10-08 10:30:37,22457.2,2026-10-13,22200.0,CE,44592,305.0,530660,1272180,305.4,306.25,65
2026-10-08 10:35:37,22453.65,2026-10-13,22700.0,PE,44621,284.5,3781180,11929125,284.5,285.2,65
2026-10-08 10:35:37,22453.65,2026-10-13,22700.0,CE,44620,42.75,14028625,38619815,42.85,42.95,65
2026-10-08 10:35:37,22453.65,2026-10-13,22750.0,PE,44623,324.95,717990,2529215,325.25,326.1,65
2026-10-08 10:35:37,22453.65,2026-10-13,22750.0,CE,44622,33.15,4824040,15397200,33.0,33.1,65
2026-10-08 10:35:37,22453.65,2026-10-13,22100.0,CE,44584,387.0,158080,187070,386.45,387.6,65
2026-10-08 10:35:37,22453.65,2026-10-13,22050.0,PE,44583,24.0,1816555,9271925,24.0,24.05,65
2026-10-08 10:35:37,22453.65,2026-10-13,22150.0,CE,44586,343.4,62985,110500,343.85,344.8,65
2026-10-08 10:35:37,22453.65,2026-10-13,22100.0,PE,44585,29.9,4534985,18564910,29.95,30.0,65
2026-10-08 10:35:37,22453.65,2026-10-13,22900.0,PE,44629,457.45,771875,668135,456.05,457.25,65
2026-10-08 10:35:37,22453.65,2026-10-13,22900.0,CE,44628,14.45,6205615,18542745,14.45,14.5,65
2026-10-08 10:35:37,22453.65,2026-10-13,22800.0,PE,44625,367.35,1466140,3286530,366.65,367.7,65
2026-10-08 10:35:37,22453.65,2026-10-13,22800.0,CE,44624,25.25,9571900,31811325,25.2,25.25,65
2026-10-08 10:35:37,22453.65,2026-10-13,22850.0,PE,44627,414.9,216970,451360,410.45,411.65,65
2026-10-08 10:35:37,22453.65,2026-10-13,22850.0,CE,44626,19.2,3199950,12482405,19.1,19.15,65
2026-10-08 10:35:37,22453.65,2026-10-13,22050.0,CE,44582,429.5,25935,36205,430.45,431.95,65
2026-10-08 10:35:37,22453.65,2026-10-13,22000.0,PE,44581,19.35,7411820,26402025,19.3,19.4,65
2026-10-08 10:35:37,22453.65,2026-10-13,22500.0,CE,44612,111.5,9890595,57846815,111.2,111.5,65
2026-10-08 10:35:37,22453.65,2026-10-13,22450.0,PE,44611,128.35,3706495,45346210,128.6,128.9,65
2026-10-08 10:35:37,22453.65,2026-10-13,22000.0,CE,44572,477.0,391560,479700,476.2,477.5,65
2026-10-08 10:35:37,22453.65,2026-10-13,22650.0,CE,44618,55.6,5011955,19010290,55.6,55.75,65
2026-10-08 10:35:37,22453.65,2026-10-13,22600.0,PE,44617,213.6,5197140,40197625,213.75,214.2,65
2026-10-08 10:35:37,22453.65,2026-10-13,22650.0,PE,44619,247.1,1326000,8753160,247.55,248.15,65
2026-10-08 10:35:37,22453.65,2026-10-13,22550.0,CE,44614,89.9,5403840,31524805,89.6,89.8,65
2026-10-08 10:35:37,22453.65,2026-10-13,22500.0,PE,44613,153.15,8298160,86838115,152.8,153.2,65
2026-10-08 10:35:37,22453.65,2026-10-13,22600.0,CE,44616,71.4,11110515,46201090,70.9,71.0,65
2026-10-08 10:35:37,22453.65,2026-10-13,22550.0,PE,44615,182.2,2791295,42945240,181.55,181.95,65
2026-10-08 10:35:37,22453.65,2026-10-13,21950.0,PE,44571,15.65,1371175,8611330,15.6,15.65,65
2026-10-08 10:35:37,22453.65,2026-10-13,21950.0,CE,44570,518.35,6565,13455,520.15,522.85,65
2026-10-08 10:35:37,22453.65,2026-10-13,21850.0,CE,44566,765.15,1105,0,615.15,618.85,65
2026-10-08 10:35:37,22453.65,2026-10-13,21900.0,CE,44568,564.95,34190,26130,569.2,571.1,65
2026-10-08 10:35:37,22453.65,2026-10-13,22350.0,PE,44601,87.1,2401945,23085725,86.85,87.05,65
2026-10-08 10:35:37,22453.65,2026-10-13,23050.0,PE,44645,606.5,133055,123240,598.4,600.35,65
2026-10-08 10:35:37,22453.65,2026-10-13,22350.0,CE,44600,194.65,562445,3700580,194.65,195.0,65
2026-10-08 10:35:37,22453.65,2026-10-13,21850.0,PE,44567,10.35,1250860,6630975,10.35,10.45,65
2026-10-08 10:35:37,22453.65,2026-10-13,22450.0,CE,44608,136.0,3598465,22075950,135.55,135.85,65
2026-10-08 10:35:37,22453.65,2026-10-13,21900.0,PE,44569,12.7,3028220,12493195,12.8,12.85,65
2026-10-08 10:35:37,22453.65,2026-10-13,22400.0,CE,44602,164.2,3026530,15703480,163.35,163.75,65
2026-10-08 10:35:37,22453.65,2026-10-13,22400.0,PE,44604,106.1,5951010,52181415,106.95,107.15,65
2026-10-08 10:35:37,22453.65,2026-10-13,23000.0,CE,44632,8.85,11521900,27183260,8.85,8.9,65
2026-10-08 10:35:37,22453.65,2026-10-13,22300.0,PE,44599,70.55,5561920,30819880,70.65,70.85,65
2026-10-08 10:35:37,22453.65,2026-10-13,22300.0,CE,44598,228.5,821730,3741595,228.1,228.6,65
2026-10-08 10:35:37,22453.65,2026-10-13,22950.0,PE,44631,508.25,287040,99320,502.3,504.1,65
2026-10-08 10:35:37,22453.65,2026-10-13,23000.0,PE,44633,554.25,1267175,907075,549.45,551.3,65
2026-10-08 10:35:37,22453.65,2026-10-13,22200.0,PE,44595,46.0,6625515,29715985,46.0,46.1,65
2026-10-08 10:35:37,22453.65,2026-10-13,22950.0,CE,44630,11.3,2599480,9938760,11.25,11.3,65
2026-10-08 10:35:37,22453.65,2026-10-13,22250.0,PE,44597,57.15,2016625,16421145,57.4,57.55,65
2026-10-08 10:35:37,22453.65,2026-10-13,22250.0,CE,44596,265.35,205140,653510,264.25,264.95,65
2026-10-08 10:35:37,22453.65,2026-10-13,23050.0,CE,44636,6.95,2850575,9409920,6.9,6.95,65
2026-10-08 10:35:37,22453.65,2026-10-13,22150.0,PE,44591,37.05,1826695,11381890,36.9,37.0,65
2026-10-08 10:35:37,22453.65,2026-10-13,22200.0,CE,44592,302.65,544440,1390545,303.45,304.05,65
2026-10-08 10:40:38,22427.45,2026-10-13,22700.0,PE,44621,309.0,3816930,12223185,308.4,309.0,65
2026-10-08 10:40:38,22427.45,2026-10-13,22700.0,CE,44620,39.65,14022580,39753610,39.55,39.65,65
2026-10-08 10:40:38,22427.45,2026-10-13,22750.0,PE,44623,349.55,706550,2577835,348.65,349.65,65
2026-10-08 10:40:38,22427.45,2026-10-13,22750.0,CE,44622,30.9,4882215,15806050,30.75,30.9,65
2026-10-08 10:40:38,22427.45,2026-10-13,22100.0,CE,44584,365.05,161005,192855,365.15,366.35,65
2026-10-08 10:40:38,22427.45,2026-10-13,22050.0,PE,44583,27.8,1788020,9716070,27.85,28.0,65
2026-10-08 10:40:38,22427.45,2026-10-13,22150.0,CE,44586,324.0,64415,121550,324.0,324.6,65
2026-10-08 10:40:38,22427.45,2026-10-13,22100.0,PE,44585,34.95,4457050,19256120,34.9,34.95,65
2026-10-08 10:40:38,22427.45,2026-10-13,22900.0,PE,44629,482.35,768755,683605,482.1,483.35,65
2026-10-08 10:40:38,22427.45,2026-10-13,22900.0,CE,44628,13.8,6026995,19184360,13.8,13.9,65
2026-10-08 10:40:38,22427.45,2026-10-13,22800.0,PE,44625,392.35,1450280,3377855,390.8,391.95,65
2026-10-08 10:40:38,22427.45,2026-10-13,22800.0,CE,44624,23.7,9565595,32614010,23.65,23.7,65
2026-10-08 10:40:38,22427.45,2026-10-13,22850.0,PE,44627,437.0,217035,458705,435.45,436.75,65
2026-10-08 10:40:38,22427.45,2026-10-13,22850.0,CE,44626,18.05,3223155,12775880,18.05,18.1,65
2026-10-08 10:40:38,22427.45,2026-10-13,22050.0,CE,44582,410.8,26260,37635,408.0,409.5,65
2026-10-08 10:40:38,22427.45,2026-10-13,22000.0,PE,44581,22.7,7325175,27648595,22.6,22.7,65
2026-10-08 10:40:38,22427.45,2026-10-13,22500.0,CE,44612,102.0,10026640,59945990,102.25,102.35,65
2026-10-08 10:40:38,22427.45,2026-10-13,22450.0,PE,44611,144.4,3790215,48299745,143.85,144.0,65
2026-10-08 10:40:38,22427.45,2026-10-13,22000.0,CE,44572,453.8,398710,503685,452.4,453.65,65
2026-10-08 10:40:38,22427.45,2026-10-13,22650.0,CE,44618,51.35,5047705,19616740,51.3,51.4,65
2026-10-08 10:40:38,22427.45,2026-10-13,22600.0,PE,44617,233.65,5174195,41203370,233.75,234.4,65
2026-10-08 10:40:38,22427.45,2026-10-13,22650.0,PE,44619,269.35,1300845,8932495,269.6,270.1,65
2026-10-08 10:40:38,22427.45,2026-10-13,22550.0,CE,44614,82.2,5473390,32356350,82.05,82.2,65
2026-10-08 10:40:38,22427.45,2026-10-13,22500.0,PE,44613,171.2,8165105,89892270,170.4,170.85,65
2026-10-08 10:40:38,22427.45,2026-10-13,22600.0,CE,44616,65.35,11226670,47584680,65.3,65.4,65
2026-10-08 10:40:38,22427.45,2026-10-13,22550.0,PE,44615,200.6,2659800,44009030,200.75,201.25,65
2026-10-08 10:40:38,22427.45,2026-10-13,21950.0,PE,44571,18.15,1355445,8941855,18.1,18.2,65
2026-10-08 10:40:38,22427.45,2026-10-13,21950.0,CE,44570,499.0,6760,14235,498.0,500.15,65
2026-10-08 10:40:38,22427.45,2026-10-13,21850.0,CE,44566,765.15,1105,0,584.05,594.4,65
2026-10-08 10:40:38,22427.45,2026-10-13,21900.0,CE,44568,548.0,34190,26650,544.2,546.75,65
2026-10-08 10:40:38,22427.45,2026-10-13,22350.0,PE,44601,99.4,2398760,24509745,99.4,99.65,65
2026-10-08 10:40:38,22427.45,2026-10-13,23050.0,PE,44645,626.15,133250,123565,624.85,626.7,65
2026-10-08 10:40:38,22427.45,2026-10-13,22350.0,CE,44600,180.3,560820,3877835,180.1,180.35,65
2026-10-08 10:40:38,22427.45,2026-10-13,21850.0,PE,44567,12.0,1231295,6903650,12.0,12.05,65
2026-10-08 10:40:38,22427.45,2026-10-13,22450.0,CE,44608,125.3,3796780,23346440,125.15,125.45,65
2026-10-08 10:40:38,22427.45,2026-10-13,21900.0,PE,44569,14.75,3054740,13021775,14.75,14.8,65
2026-10-08 10:40:38,22427.45,2026-10-13,22400.0,CE,44602,151.5,3260010,16916445,151.2,151.55,65
2026-10-08 10:40:38,22427.45,2026-10-13,22400.0,PE,44604,120.4,5992610,55354910,120.2,120.5,65
2026-10-08 10:40:38,22427.45,2026-10-13,23000.0,CE,44632,8.7,11492650,28135965,8.65,8.7,65
2026-10-08 10:40:38,22427.45,2026-10-13,22300.0,PE,44599,81.2,5644340,32507215,81.05,81.25,65
2026-10-08 10:40:38,22427.45,2026-10-13,22300.0,CE,44598,212.2,862485,3997890,212.15,212.55,65
2026-10-08 10:40:38,22427.45,2026-10-13,22950.0,PE,44631,524.25,287235,101010,527.35,529.3,65
2026-10-08 10:40:38,22427.45,2026-10-13,23000.0,PE,44633,575.65,1263015,926250,575.5,576.95,65
2026-10-08 10:40:38,22427.45,2026-10-13,22200.0,PE,44595,53.6,6591845,30998760,53.4,53.6,65
2026-10-08 10:40:38,22427.45,2026-10-13,22950.0,CE,44630,10.85,2676505,10329020,10.85,10.9,65
2026-10-08 10:40:38,22427.45,2026-10-13,22250.0,PE,44597,66.5,2052245,17390685,66.2,66.35,65
2026-10-08 10:40:38,22427.45,2026-10-13,22250.0,CE,44596,246.95,211380,676065,247.05,247.75,65
2026-10-08 10:40:38,22427.45,2026-10-13,23050.0,CE,44636,6.95,2891655,9609015,6.9,6.95,65
2026-10-08 10:40:38,22427.45,2026-10-13,22150.0,PE,44591,43.15,1776905,12024025,43.05,43.2,65
2026-10-08 10:40:38,22427.45,2026-10-13,22200.0,CE,44592,284.35,567840,1492270,284.4,285.05,65
2026-10-08 10:45:29,22436.3,2026-10-13,22700.0,PE,44621,297.55,3798730,12524915,297.45,298.2,65
2026-10-08 10:45:29,22436.3,2026-10-13,22700.0,CE,44620,41.2,13939510,41044575,41.05,41.2,65
2026-10-08 10:45:29,22436.3,2026-10-13,22750.0,PE,44623,337.0,712400,2626715,337.5,338.4,65
2026-10-08 10:45:29,22436.3,2026-10-13,22750.0,CE,44622,32.0,4877860,16350425,31.85,32.0,65
2026-10-08 10:45:29,22436.3,2026-10-13,22100.0,CE,44584,376.0,163345,210860,375.3,376.45,65
2026-10-08 10:45:29,22436.3,2026-10-13,22050.0,PE,44583,26.1,1828775,10154170,26.05,26.1,65
2026-10-08 10:45:29,22436.3,2026-10-13,22150.0,CE,44586,332.4,63050,136045,333.25,334.2,65
2026-10-08 10:45:29,22436.3,2026-10-13,22100.0,PE,44585,32.7,4453735,20115940,32.6,32.7,65
2026-10-08 10:45:29,22436.3,2026-10-13,22900.0,PE,44629,470.55,773760,709215,469.95,471.15,65
2026-10-08 10:45:29,22436.3,2026-10-13,22900.0,CE,44628,14.25,5719610,20145840,14.2,14.25,65
2026-10-08 10:45:29,22436.3,2026-10-13,22800.0,PE,44625,378.75,1434940,3481725,379.6,380.7,65
2026-10-08 10:45:29,22436.3,2026-10-13,22800.0,CE,44624,24.3,9652240,33619690,24.3,24.4,65
2026-10-08 10:45:29,22436.3,2026-10-13,22850.0,PE,44627,425.55,215475,467090,423.05,424.45,65
2026-10-08 10:45:29,22436.3,2026-10-13,22850.0,CE,44626,18.6,3203785,13118365,18.55,18.6,65
2026-10-08 10:45:29,22436.3,2026-10-13,22050.0,CE,44582,416.25,25480,38805,418.2,420.3,65
2026-10-08 10:45:29,22436.3,2026-10-13,22000.0,PE,44581,21.2,7279220,28894060,21.1,21.2,65
2026-10-08 10:45:29,22436.3,2026-10-13,22500.0,CE,44612,106.4,10328695,62489765,106.0,106.2,65
2026-10-08 10:45:29,22436.3,2026-10-13,22450.0,PE,44611,136.7,3877120,51119705,136.85,137.0,65
2026-10-08 10:45:29,22436.3,2026-10-13,22000.0,CE,44572,465.0,399230,534235,463.45,464.8,65
2026-10-08 10:45:29,22436.3,2026-10-13,22650.0,CE,44618,53.2,5094115,20230340,53.15,53.3,65
2026-10-08 10:45:29,22436.3,2026-10-13,22600.0,PE,44617,224.75,5065385,42321890,224.65,225.15,65
2026-10-08 10:45:29,22436.3,2026-10-13,22650.0,PE,44619,260.0,1297855,9111050,259.2,259.95,65
2026-10-08 10:45:29,22436.3,2026-10-13,22550.0,CE,44614,85.7,5492760,33295405,85.5,85.7,65
2026-10-08 10:45:29,22436.3,2026-10-13,22500.0,PE,44613,162.7,7835295,93131610,162.75,163.0,65
2026-10-08 10:45:29,22436.3,2026-10-13,22600.0,CE,44616,67.75,11382995,49456745,67.75,67.85,65
2026-10-08 10:45:29,22436.3,2026-10-13,22550.0,PE,44615,191.8,2580695,45121895,191.8,192.0,65
2026-10-08 10:45:29,22436.3,2026-10-13,21950.0,PE,44571,17.1,1382290,9439950,17.05,17.15,65
2026-10-08 10:45:29,22436.3,2026-10-13,21950.0,CE,44570,511.4,7020,14560,509.8,511.5,65
2026-10-08 10:45:29,22436.3,2026-10-13,21850.0,CE,44566,765.15,1105,0,595.35,607.55,65
2026-10-08 10:45:29,22436.3,2026-10-13,21900.0,CE,44568,558.2,34905,28080,556.3,557.8,65
2026-10-08 10:45:29,22436.3,2026-10-13,22350.0,PE,44601,93.75,2394665,25892490,93.65,93.9,65
2026-10-08 10:45:29,22436.3,2026-10-13,23050.0,PE,44645,616.95,133055,124605,612.55,614.5,65
2026-10-08 10:45:29,22436.3,2026-10-13,22350.0,CE,44600,186.8,591955,4146480,186.75,187.2,65
2026-10-08 10:45:29,22436.3,2026-10-13,21850.0,PE,44567,11.4,1304745,7359300,11.35,11.4,65
2026-10-08 10:45:29,22436.3,2026-10-13,22450.0,CE,44608,130.35,4077775,24919505,130.05,130.3,65
2026-10-08 10:45:29,22436.3,2026-10-13,21900.0,PE,44569,13.9,3155685,13658125,13.95,14.0,65
2026-10-08 10:45:29,22436.3,2026-10-13,22400.0,CE,44602,157.45,3512990,18620420,157.05,157.45,65
2026-10-08 10:45:29,22436.3,2026-10-13,22400.0,PE,44604,113.95,6103175,58993545,113.6,113.9,65
2026-10-08 10:45:29,22436.3,2026-10-13,23000.0,CE,44632,8.85,11522290,28926365,8.85,8.9,65
2026-10-08 10:45:29,22436.3,2026-10-13,22300.0,PE,44599,76.4,5704465,34372000,76.2,76.4,65
2026-10-08 10:45:29,22436.3,2026-10-13,22300.0,CE,44598,220.05,914680,4297670,219.5,220.0,65
2026-10-08 10:45:29,22436.3,2026-10-13,22950.0,PE,44631,518.9,287170,102505,516.7,518.35,65
2026-10-08 10:45:29,22436.3,2026-10-13,23000.0,PE,44633,563.95,1259895,943995,563.8,565.5,65
2026-10-08 10:45:29,22436.3,2026-10-13,22200.0,PE,44595,50.1,6532240,32524245,50.0,50.15,65
2026-10-08 10:45:29,22436.3,2026-10-13,22950.0,CE,44630,11.1,2712190,10711805,11.1,11.15,65
2026-10-08 10:45:29,22436.3,2026-10-13,22250.0,PE,44597,62.2,1997385,18200260,62.25,62.4,65
2026-10-08 10:45:29,22436.3,2026-10-13,22250.0,CE,44596,255.9,215735,717405,255.0,255.6,65
2026-10-08 10:45:29,22436.3,2026-10-13,23050.0,CE,44636,7.0,2912130,9888580,7.0,7.05,65
2026-10-08 10:45:29,22436.3,2026-10-13,22150.0,PE,44591,40.55,1769885,12699180,40.25,40.35,65
2026-10-08 10:45:29,22436.3,2026-10-13,22200.0,CE,44592,294.3,587990,1666340,293.55,294.25,65
2026-10-08 10:50:26,22451.4,2026-10-13,22700.0,PE,44621,286.9,3812185,12717640,286.85,287.6,65
2026-10-08 10:50:26,22451.4,2026-10-13,22700.0,CE,44620,43.05,13881465,42175965,42.85,42.95,65
2026-10-08 10:50:26,22451.4,2026-10-13,22750.0,PE,44623,327.0,711360,2660125,326.6,327.45,65
2026-10-08 10:50:26,22451.4,2026-10-13,22750.0,CE,44622,33.2,4897945,16775265,33.1,33.25,65
2026-10-08 10:50:26,22451.4,2026-10-13,22100.0,CE,44584,388.95,162370,218270,386.0,386.8,65
2026-10-08 10:50:26,22451.4,2026-10-13,22050.0,PE,44583,24.7,1866085,10393175,24.65,24.75,65
2026-10-08 10:50:26,22451.4,2026-10-13,22150.0,CE,44586,344.1,62530,144105,343.25,344.15,65
2026-10-08 10:50:26,22451.4,2026-10-13,22100.0,PE,44585,30.8,4480840,20763990,30.8,30.9,65
2026-10-08 10:50:26,22451.4,2026-10-13,22900.0,PE,44629,458.0,768950,718965,457.8,459.0,65
2026-10-08 10:50:26,22451.4,2026-10-13,22900.0,CE,44628,14.5,5539235,20723560,14.5,14.55,65
2026-10-08 10:50:26,22451.4,2026-10-13,22800.0,PE,44625,367.7,1434030,3546205,368.45,369.6,65
2026-10-08 10:50:26,22451.4,2026-10-13,22800.0,CE,44624,25.15,9711910,34587150,25.15,25.25,65
2026-10-08 10:50:26,22451.4,2026-10-13,22850.0,PE,44627,404.85,215995,471445,411.9,413.1,65
2026-10-08 10:50:26,22451.4,2026-10-13,22850.0,CE,44626,19.1,3196440,13368680,19.1,19.2,65
2026-10-08 10:50:26,22451.4,2026-10-13,22050.0,CE,44582,438.3,25480,39910,429.2,430.75,65
2026-10-08 10:50:26,22451.4,2026-10-13,22000.0,PE,44581,19.9,7333560,29651245,20.0,20.1,65
2026-10-08 10:50:26,22451.4,2026-10-13,22500.0,CE,44612,111.3,10161255,65071565,111.2,111.35,65
2026-10-08 10:50:26,22451.4,2026-10-13,22450.0,PE,44611,129.95,4109300,53043185,130.05,130.4,65
2026-10-08 10:50:26,22451.4,2026-10-13,22000.0,CE,44572,475.75,394810,552435,474.45,475.8,65
2026-10-08 10:50:26,22451.4,2026-10-13,22650.0,CE,44618,55.65,5082935,20718295,55.65,55.8,65
2026-10-08 10:50:26,22451.4,2026-10-13,22600.0,PE,44617,214.45,5093985,42925220,213.75,214.25,65
2026-10-08 10:50:26,22451.4,2026-10-13,22650.0,PE,44619,250.1,1295775,9238190,249.2,249.75,65
2026-10-08 10:50:26,22451.4,2026-10-13,22550.0,CE,44614,89.5,5448300,34317075,89.5,89.75,65
2026-10-08 10:50:26,22451.4,2026-10-13,22500.0,PE,44613,155.4,7996105,95108715,154.95,155.35,65
2026-10-08 10:50:26,22451.4,2026-10-13,22600.0,CE,44616,71.55,11447475,50876995,71.55,71.75,65
2026-10-08 10:50:26,22451.4,2026-10-13,22550.0,PE,44615,183.6,2631330,45771895,183.65,184.05,65
2026-10-08 10:50:26,22451.4,2026-10-13,21950.0,PE,44571,16.25,1377220,9670115,16.15,16.25,65
2026-10-08 10:50:26,22451.4,2026-10-13,21950.0,CE,44570,530.0,7735,16055,520.75,522.15,65
2026-10-08 10:50:26,22451.4,2026-10-13,21850.0,CE,44566,765.15,1105,0,613.25,618.55,65
2026-10-08 10:50:26,22451.4,2026-10-13,21900.0,CE,44568,576.5,35490,29770,567.9,569.2,65
2026-10-08 10:50:26,22451.4,2026-10-13,22350.0,PE,44601,88.3,2475980,26710515,88.6,88.85,65
2026-10-08 10:50:26,22451.4,2026-10-13,23050.0,PE,44645,591.75,133250,125190,600.25,602.35,65
2026-10-08 10:50:26,22451.4,2026-10-13,22350.0,CE,44600,194.8,593060,4378985,194.15,194.5,65
2026-10-08 10:50:26,22451.4,2026-10-13,21850.0,PE,44567,10.85,1373450,7709650,10.8,10.85,65
2026-10-08 10:50:26,22451.4,2026-10-13,22450.0,CE,44608,135.8,3964740,26564395,135.75,136.05,65
2026-10-08 10:50:26,22451.4,2026-10-13,21900.0,PE,44569,13.3,3170895,13957970,13.25,13.3,65
2026-10-08 10:50:26,22451.4,2026-10-13,22400.0,CE,44602,163.6,3451110,19942325,163.5,163.85,65
2026-10-08 10:50:26,22451.4,2026-10-13,22400.0,PE,44604,108.3,6395805,60820695,108.1,108.3,65
2026-10-08 10:50:26,22451.4,2026-10-13,23000.0,CE,44632,8.9,11625575,29523650,8.85,8.9,65
2026-10-08 10:50:26,22451.4,2026-10-13,22300.0,PE,44599,72.1,5832515,35463220,72.1,72.25,65
2026-10-08 10:50:26,22451.4,2026-10-13,22300.0,CE,44598,227.5,917020,4603430,228.0,228.1,65
2026-10-08 10:50:26,22451.4,2026-10-13,22950.0,PE,44631,495.55,286325,104845,503.65,505.15,65
2026-10-08 10:50:26,22451.4,2026-10-13,23000.0,PE,44633,549.35,1259115,957125,551.25,552.75,65
2026-10-08 10:50:26,22451.4,2026-10-13,22200.0,PE,44595,47.25,6589180,33392515,47.25,47.35,65
2026-10-08 10:50:26,22451.4,2026-10-13,22950.0,CE,44630,11.3,2693795,11149905,11.2,11.25,65
2026-10-08 10:50:26,22451.4,2026-10-13,22250.0,PE,44597,58.45,2036190,18709080,58.2,58.4,65
2026-10-08 10:50:26,22451.4,2026-10-13,22250.0,CE,44596,264.65,213590,772460,264.05,264.7,65
2026-10-08 10:50:26,22451.4,2026-10-13,23050.0,CE,44636,7.0,2935205,10088390,6.95,7.0,65
2026-10-08 10:50:26,22451.4,2026-10-13,22150.0,PE,44591,38.25,1800500,13077545,38.2,38.3,65
2026-10-08 10:50:26,22451.4,2026-10-13,22200.0,CE,44592,304.0,563875,1743560,302.75,303.4,65
2026-10-08 10:55:28,22441.05,2026-10-13,22700.0,PE,44621,295.0,3821740,12870130,294.7,295.0,65
2026-10-08 10:55:28,22441.05,2026-10-13,22700.0,CE,44620,41.45,13861510,42862170,41.35,41.45,65
2026-10-08 10:55:28,22441.05,2026-10-13,22750.0,PE,44623,334.85,710125,2687360,335.0,335.7,65
2026-10-08 10:55:28,22441.05,2026-10-13,22750.0,CE,44622,32.0,4889625,17039295,32.0,32.1,65
2026-10-08 10:55:28,22441.05,2026-10-13,22100.0,CE,44584,379.35,169260,230165,378.0,378.9,65
2026-10-08 10:55:28,22441.05,2026-10-13,22050.0,PE,44583,25.7,1875640,10565880,25.65,25.7,65
2026-10-08 10:55:28,22441.05,2026-10-13,22150.0,CE,44586,337.35,63375,147875,335.65,336.7,65
2026-10-08 10:55:28,22441.05,2026-10-13,22100.0,PE,44585,32.1,4488185,21190845,32.1,32.25,65
2026-10-08 10:55:28,22441.05,2026-10-13,22900.0,PE,44629,466.9,769015,723645,466.4,467.7,65
2026-10-08 10:55:28,22441.05,2026-10-13,22900.0,CE,44628,14.25,5529810,20926685,14.2,14.25,65
2026-10-08 10:55:28,22441.05,2026-10-13,22800.0,PE,44625,376.85,1439100,3599895,376.85,377.9,65
2026-10-08 10:55:28,22441.05,2026-10-13,22800.0,CE,44624,24.5,9785555,35174100,24.4,24.55,65
2026-10-08 10:55:28,22441.05,2026-10-13,22850.0,PE,44627,421.65,216450,477620,420.35,421.5,65
2026-10-08 10:55:28,22441.05,2026-10-13,22850.0,CE,44626,18.7,3180580,13571090,18.6,18.7,65
2026-10-08 10:55:28,22441.05,2026-10-13,22050.0,CE,44582,428.0,25415,40300,422.0,422.7,65
2026-10-08 10:55:28,22441.05,2026-10-13,22000.0,PE,44581,20.85,7295080,30481815,20.75,20.85,65
2026-10-08 10:55:28,22441.05,2026-10-13,22500.0,CE,44612,107.5,10023065,66849055,107.4,107.7,65
2026-10-08 10:55:28,22441.05,2026-10-13,22450.0,PE,44611,135.1,4359680,54931955,135.0,135.4,65
2026-10-08 10:55:28,22441.05,2026-10-13,22000.0,CE,44572,470.0,394355,559195,467.0,467.65,65
2026-10-08 10:55:28,22441.05,2026-10-13,22650.0,CE,44618,53.6,5075460,21072415,53.65,53.75,65
2026-10-08 10:55:28,22441.05,2026-10-13,22600.0,PE,44617,222.25,5129280,43493580,221.3,221.8,65
2026-10-08 10:55:28,22441.05,2026-10-13,22650.0,PE,44619,256.6,1310855,9344595,256.2,256.8,65
2026-10-08 10:55:28,22441.05,2026-10-13,22550.0,CE,44614,86.4,5449405,35008610,86.55,86.75,65
2026-10-08 10:55:28,22441.05,2026-10-13,22500.0,PE,44613,161.0,8094710,97018675,160.3,160.7,65
2026-10-08 10:55:28,22441.05,2026-10-13,22600.0,CE,44616,68.45,11470420,51731420,68.65,68.8,65
2026-10-08 10:55:28,22441.05,2026-10-13,22550.0,PE,44615,189.7,2652065,46287800,189.2,189.65,65
2026-10-08 10:55:28,22441.05,2026-10-13,21950.0,PE,44571,16.7,1392300,9821695,16.65,16.75,65
2026-10-08 10:55:28,22441.05,2026-10-13,21950.0,CE,44570,520.3,8515,16965,512.65,514.45,65
2026-10-08 10:55:28,22441.05,2026-10-13,21850.0,CE,44566,765.15,1105,0,599.15,610.1,65
2026-10-08 10:55:28,22441.05,2026-10-13,21900.0,CE,44568,567.85,35945,30875,559.8,561.45,65
2026-10-08 10:55:28,22441.05,2026-10-13,22350.0,PE,44601,92.3,2548260,27458860,92.25,92.5,65
2026-10-08 10:55:28,22441.05,2026-10-13,23050.0,PE,44645,609.25,133120,125580,609.35,611.0,65
2026-10-08 10:55:28,22441.05,2026-10-13,22350.0,CE,44600,189.0,595660,4534595,188.65,189.1,65
2026-10-08 10:55:28,22441.05,2026-10-13,21850.0,PE,44567,11.05,1383070,7846150,10.95,11.0,65
2026-10-08 10:55:28,22441.05,2026-10-13,22450.0,CE,44608,131.7,4028700,27731470,131.4,131.7,65
2026-10-08 10:55:28,22441.05,2026-10-13,21900.0,PE,44569,13.6,3248050,14286675,13.5,13.6,65
2026-10-08 10:55:28,22441.05,2026-10-13,22400.0,CE,44602,158.95,3482050,20816900,158.65,158.85,65
2026-10-08 10:55:28,22441.05,2026-10-13,22400.0,PE,44604,112.5,6586645,62683010,112.3,112.5,65
2026-10-08 10:55:28,22441.05,2026-10-13,23000.0,CE,44632,8.8,11627395,29796065,8.8,8.85,65
2026-10-08 10:55:28,22441.05,2026-10-13,22300.0,PE,44599,75.3,5913050,36343125,74.95,75.0,65
2026-10-08 10:55:28,22441.05,2026-10-13,22300.0,CE,44598,222.1,916110,4762030,221.9,222.4,65
2026-10-08 10:55:28,22441.05,2026-10-13,22950.0,PE,44631,513.85,286065,105300,512.0,513.85,65
2026-10-08 10:55:28,22441.05,2026-10-13,23000.0,PE,44633,559.6,1258075,967980,560.2,561.75,65
2026-10-08 10:55:28,22441.05,2026-10-13,22200.0,PE,44595,49.3,6609265,34083855,49.2,49.35,65
2026-10-08 10:55:28,22441.05,2026-10-13,22950.0,CE,44630,11.1,2680990,11296285,11.05,11.1,65
2026-10-08 10:55:28,22441.05,2026-10-13,22250.0,PE,44597,61.25,2096055,19294210,61.1,61.3,65
2026-10-08 10:55:28,22441.05,2026-10-13,22250.0,CE,44596,258.25,216320,795535,257.8,258.55,65
2026-10-08 10:55:28,22441.05,2026-10-13,23050.0,CE,44636,6.95,2921360,10201555,6.9,6.95,65
2026-10-08 10:55:28,22441.05,2026-10-13,22150.0,PE,44591,39.75,1806740,13325975,39.7,39.75,65
2026-10-08 10:55:28,22441.05,2026-10-13,22200.0,CE,44592,296.45,639405,1858025,296.3,296.85,65
2026-10-08 11:01:38,22425.65,2026-10-13,22700.0,PE,44621,307.3,3774355,13159640,306.8,307.25,65
2026-10-08 11:01:38,22425.65,2026-10-13,22700.0,CE,44620,39.6,14024400,44298215,39.65,39.75,65
2026-10-08 11:01:38,22425.65,2026-10-13,22750.0,PE,44623,347.9,701935,2745990,347.75,348.65,65
2026-10-08 11:01:38,22425.65,2026-10-13,22750.0,CE,44622,30.95,4971850,17687150,30.8,30.95,65
2026-10-08 11:01:38,22425.65,2026-10-13,22100.0,CE,44584,365.6,172510,244075,365.4,366.6,65
2026-10-08 11:01:38,22425.65,2026-10-13,22050.0,PE,44583,27.05,1853540,11197420,27.05,27.15,65
2026-10-08 11:01:38,22425.65,2026-10-13,22150.0,CE,44586,322.2,64350,155870,324.2,325.25,65
2026-10-08 11:01:38,22425.65,2026-10-13,22100.0,PE,44585,33.95,4419675,22016215,34.0,34.05,65
2026-10-08 11:01:38,22425.65,2026-10-13,22900.0,PE,44629,481.6,766805,736905,480.75,482.1,65
2026-10-08 11:01:38,22425.65,2026-10-13,22900.0,CE,44628,13.95,5626530,21491015,13.95,14.0,65
2026-10-08 11:01:38,22425.65,2026-10-13,22800.0,PE,44625,390.0,1427530,3689985,390.0,391.25,65
2026-10-08 11:01:38,22425.65,2026-10-13,22800.0,CE,44624,23.65,9744345,36062780,23.65,23.75,65
2026-10-08 11:01:38,22425.65,2026-10-13,22850.0,PE,44627,437.55,217685,490360,433.8,435.25,65
2026-10-08 11:01:38,22425.65,2026-10-13,22850.0,CE,44626,18.3,3207620,14064180,18.2,18.25,65
2026-10-08 11:01:38,22425.65,2026-10-13,22050.0,CE,44582,408.45,25610,42185,408.5,410.1,65
2026-10-08 11:01:38,22425.65,2026-10-13,22000.0,PE,44581,21.75,7171580,31898945,21.8,21.85,65
2026-10-08 11:01:38,22425.65,2026-10-13,22500.0,CE,44612,102.25,10361130,69376905,102.05,102.3,65
2026-10-08 11:01:38,22425.65,2026-10-13,22450.0,PE,44611,142.45,3991455,58719765,142.65,143.05,65
2026-10-08 11:01:38,22425.65,2026-10-13,22000.0,CE,44572,452.85,413400,600795,453.4,454.75,65
2026-10-08 11:01:38,22425.65,2026-10-13,22650.0,CE,44618,51.2,5175170,21765705,51.25,51.4,65
2026-10-08 11:01:38,22425.65,2026-10-13,22600.0,PE,44617,232.75,4918290,44651620,232.75,233.3,65
2026-10-08 11:01:38,22425.65,2026-10-13,22650.0,PE,44619,267.75,1260805,9608885,267.85,268.45,65
2026-10-08 11:01:38,22425.65,2026-10-13,22550.0,CE,44614,82.1,5627700,36271300,82.15,82.35,65
2026-10-08 11:01:38,22425.65,2026-10-13,22500.0,PE,44613,169.0,7711860,100468680,169.35,169.75,65
2026-10-08 11:01:38,22425.65,2026-10-13,22600.0,CE,44616,65.35,11659570,53511965,65.35,65.5,65
2026-10-08 11:01:38,22425.65,2026-10-13,22550.0,PE,44615,199.5,2584010,47304205,199.65,200.1,65
2026-10-08 11:01:38,22425.65,2026-10-13,21950.0,PE,44571,17.4,1355120,10203440,17.4,17.5,65
2026-10-08 11:01:38,22425.65,2026-10-13,21950.0,CE,44570,499.4,8840,18525,499.35,500.9,65
2026-10-08 11:01:38,22425.65,2026-10-13,21850.0,CE,44566,765.15,1105,0,589.6,594.8,65
2026-10-08 11:01:38,22425.65,2026-10-13,21900.0,CE,44568,546.05,37505,33475,545.6,547.45,65
2026-10-08 11:01:38,22425.65,2026-10-13,22350.0,PE,44601,97.7,2457780,29059485,97.6,97.85,65
2026-10-08 11:01:38,22425.65,2026-10-13,23050.0,PE,44645,624.9,133055,127010,622.95,624.85,65
2026-10-08 11:01:38,22425.65,2026-10-13,22350.0,CE,44600,180.2,639535,4836975,180.25,180.7,65
2026-10-08 11:01:38,22425.65,2026-10-13,21850.0,PE,44567,11.5,1463735,8350225,11.45,11.55,65
2026-10-08 11:01:38,22425.65,2026-10-13,22450.0,CE,44608,125.1,4299750,29522350,124.9,125.2,65
2026-10-08 11:01:38,22425.65,2026-10-13,21900.0,PE,44569,14.3,3210935,14633580,14.2,14.25,65
2026-10-08 11:01:38,22425.65,2026-10-13,22400.0,CE,44602,151.45,3779425,22464650,151.2,151.55,65
2026-10-08 11:01:38,22425.65,2026-10-13,22400.0,PE,44604,118.8,6156605,66942915,118.7,119.0,65
2026-10-08 11:01:38,22425.65,2026-10-13,23000.0,CE,44632,8.7,11731330,30579705,8.7,8.75,65
2026-10-08 11:01:38,22425.65,2026-10-13,22300.0,PE,44599,79.75,5834335,38509965,79.6,79.8,65
2026-10-08 11:01:38,22425.65,2026-10-13,22300.0,CE,44598,212.15,997165,5102435,212.1,212.5,65
2026-10-08 11:01:38,22425.65,2026-10-13,22950.0,PE,44631,527.9,285740,108875,526.0,527.7,65
2026-10-08 11:01:38,22425.65,2026-10-13,23000.0,PE,44633,575.65,1258595,993720,573.9,575.75,65
2026-10-08 11:01:38,22425.65,2026-10-13,22200.0,PE,44595,52.2,6585345,35749740,52.35,52.5,65
2026-10-08 11:01:38,22425.65,2026-10-13,22950.0,CE,44630,10.95,2680860,11578450,10.95,11.0,65
2026-10-08 11:01:38,22425.65,2026-10-13,22250.0,PE,44597,65.05,2013310,20350265,65.05,65.25,65
2026-10-08 11:01:38,22425.65,2026-10-13,22250.0,CE,44596,246.9,229255,863330,247.2,247.85,65
2026-10-08 11:01:38,22425.65,2026-10-13,23050.0,CE,44636,6.95,2927015,10401235,6.95,7.0,65
2026-10-08 11:01:38,22425.65,2026-10-13,22150.0,PE,44591,42.1,1755000,13975780,42.1,42.2,65
2026-10-08 11:01:38,22425.65,2026-10-13,22200.0,CE,44592,285.15,651885,2201875,284.25,285.1,65
2026-10-08 11:05:20,22444.7,2026-10-13,22700.0,PE,44621,295.55,3758430,13270530,295.25,295.95,65
2026-10-08 11:05:20,22444.7,2026-10-13,22700.0,CE,44620,40.25,14070095,44918185,40.2,40.3,65
2026-10-08 11:05:20,22444.7,2026-10-13,22750.0,PE,44623,337.0,706745,2788240,335.2,336.05,65
2026-10-08 11:05:20,22444.7,2026-10-13,22750.0,CE,44622,31.15,4973605,18118620,31.1,31.2,65
2026-10-08 11:05:20,22444.7,2026-10-13,22100.0,CE,44584,377.5,171665,251875,375.5,376.6,65
2026-10-08 11:05:20,22444.7,2026-10-13,22050.0,PE,44583,25.2,1888120,11474645,25.05,25.15,65
2026-10-08 11:05:20,22444.7,2026-10-13,22150.0,CE,44586,334.4,66560,166595,332.65,333.4,65
2026-10-08 11:05:20,22444.7,2026-10-13,22100.0,PE,44585,31.85,4510480,22455615,31.6,31.65,65
2026-10-08 11:05:20,22444.7,2026-10-13,22900.0,PE,44629,468.6,767260,741845,469.3,470.8,65
2026-10-08 11:05:20,22444.7,2026-10-13,22900.0,CE,44628,13.8,5663905,21751145,13.8,13.85,65
2026-10-08 11:05:20,22444.7,2026-10-13,22800.0,PE,44625,378.25,1432925,3722290,378.0,379.0,65
2026-10-08 11:05:20,22444.7,2026-10-13,22800.0,CE,44624,23.7,9737650,36492625,23.7,23.8,65
2026-10-08 11:05:20,22444.7,2026-10-13,22850.0,PE,44627,423.55,220285,495495,422.85,423.95,65
2026-10-08 11:05:20,22444.7,2026-10-13,22850.0,CE,44626,18.15,3197155,14246570,18.0,18.1,65
2026-10-08 11:05:20,22444.7,2026-10-13,22050.0,CE,44582,419.35,27040,45435,418.9,420.2,65
2026-10-08 11:05:20,22444.7,2026-10-13,22000.0,PE,44581,20.35,7184125,32487000,20.25,20.35,65
2026-10-08 11:05:20,22444.7,2026-10-13,22500.0,CE,44612,105.15,10541505,70933460,105.0,105.15,65
2026-10-08 11:05:20,22444.7,2026-10-13,22450.0,PE,44611,135.2,3915665,60313045,134.7,135.0,65
2026-10-08 11:05:20,22444.7,2026-10-13,22000.0,CE,44572,463.1,413075,641745,463.85,465.1,65
2026-10-08 11:05:20,22444.7,2026-10-13,22650.0,CE,44618,52.2,5174585,22106175,52.35,52.45,65
2026-10-08 11:05:20,22444.7,2026-10-13,22600.0,PE,44617,223.1,4890015,45051110,222.6,223.1,65
2026-10-08 11:05:20,22444.7,2026-10-13,22650.0,PE,44619,257.15,1255540,9703200,256.65,257.15,65
2026-10-08 11:05:20,22444.7,2026-10-13,22550.0,CE,44614,84.15,5654805,36923250,84.1,84.3,65
2026-10-08 11:05:20,22444.7,2026-10-13,22500.0,PE,44613,160.85,7528820,101914280,160.85,161.3,65
2026-10-08 11:05:20,22444.7,2026-10-13,22600.0,CE,44616,66.55,11804520,54588300,66.55,66.7,65
2026-10-08 11:05:20,22444.7,2026-10-13,22550.0,PE,44615,190.2,2531035,47768825,190.1,190.55,65
2026-10-08 11:05:20,22444.7,2026-10-13,21950.0,PE,44571,16.35,1371760,10355605,16.25,16.35,65
2026-10-08 11:05:20,22444.7,2026-10-13,21950.0,CE,44570,507.4,8905,19565,509.7,511.4,65
2026-10-08 11:05:20,22444.7,2026-10-13,21850.0,CE,44566,765.15,1105,0,602.35,606.85,65
2026-10-08 11:05:20,22444.7,2026-10-13,21900.0,CE,44568,563.0,37765,33995,557.2,558.9,65
2026-10-08 11:05:20,22444.7,2026-10-13,22350.0,PE,44601,91.8,2446925,29830840,91.5,91.7,65
2026-10-08 11:05:20,22444.7,2026-10-13,23050.0,PE,44645,609.95,133315,127335,611.05,613.1,65
2026-10-08 11:05:20,22444.7,2026-10-13,22350.0,CE,44600,186.5,665080,5035420,186.3,186.7,65
2026-10-08 11:05:20,22444.7,2026-10-13,21850.0,PE,44567,10.7,1457755,8494720,10.7,10.75,65
2026-10-08 11:05:20,22444.7,2026-10-13,22450.0,CE,44608,128.9,4460040,30664075,129.05,129.4,65
2026-10-08 11:05:20,22444.7,2026-10-13,21900.0,PE,44569,13.3,3210805,14970410,13.3,13.4,65
2026-10-08 11:05:20,22444.7,2026-10-13,22400.0,CE,44602,156.55,3939455,23646090,156.55,156.9,65
2026-10-08 11:05:20,22444.7,2026-10-13,22400.0,PE,44604,112.0,5992740,68594045,111.55,111.7,65
2026-10-08 11:05:20,22444.7,2026-10-13,23000.0,CE,44632,8.65,11727690,31036460,8.6,8.65,65
2026-10-08 11:05:20,22444.7,2026-10-13,22300.0,PE,44599,75.05,5852405,39485030,74.4,74.5,65
2026-10-08 11:05:20,22444.7,2026-10-13,22300.0,CE,44598,219.0,1027715,5336825,219.35,219.85,65
2026-10-08 11:05:20,22444.7,2026-10-13,22950.0,PE,44631,516.0,285805,110370,514.5,516.2,65
2026-10-08 11:05:20,22444.7,2026-10-13,23000.0,PE,44633,563.05,1257815,1003730,561.55,563.15,65
2026-10-08 11:05:20,22444.7,2026-10-13,22200.0,PE,44595,49.05,6608225,36463310,49.05,49.2,65
2026-10-08 11:05:20,22444.7,2026-10-13,22950.0,CE,44630,10.8,2693990,11709295,10.75,10.8,65
2026-10-08 11:05:20,22444.7,2026-10-13,22250.0,PE,44597,60.55,2010060,20765095,60.85,61.0,65
2026-10-08 11:05:20,22444.7,2026-10-13,22250.0,CE,44596,255.7,230880,903110,253.95,254.7,65
2026-10-08 11:05:20,22444.7,2026-10-13,23050.0,CE,44636,6.9,2926235,10526620,6.85,6.9,65
2026-10-08 11:05:20,22444.7,2026-10-13,22150.0,PE,44591,39.3,1757665,14220245,39.35,39.45,65
2026-10-08 11:05:20,22444.7,2026-10-13,22200.0,CE,44592,293.0,714025,2355470,292.0,292.75,65
2026-10-08 11:10:31,22443.9,2026-10-13,22700.0,PE,44621,295.9,3781115,13390585,295.4,296.15,65
2026-10-08 11:10:31,22443.9,2026-10-13,22700.0,CE,44620,40.4,14072500,45758505,40.25,40.4,65
2026-10-08 11:10:31,22443.9,2026-10-13,22750.0,PE,44623,335.75,688935,2857205,334.65,335.5,65
2026-10-08 11:10:31,22443.9,2026-10-13,22750.0,CE,44622,31.3,4993885,18466435,31.3,31.4,65
2026-10-08 11:10:31,22443.9,2026-10-13,22100.0,CE,44584,375.8,166140,267540,375.75,376.9,65
2026-10-08 11:10:31,22443.9,2026-10-13,22050.0,PE,44583,25.15,1901965,11734970,25.05,25.15,65
2026-10-08 11:10:31,22443.9,2026-10-13,22150.0,CE,44586,332.65,67860,172575,334.2,335.2,65
2026-10-08 11:10:31,22443.9,2026-10-13,22100.0,PE,44585,31.75,4559100,23025600,31.55,31.7,65
2026-10-08 11:10:31,22443.9,2026-10-13,22900.0,PE,44629,469.0,766545,749450,467.7,468.9,65
2026-10-08 11:10:31,22443.9,2026-10-13,22900.0,CE,44628,13.85,5663580,22085765,13.8,13.85,65
2026-10-08 11:10:31,22443.9,2026-10-13,22800.0,PE,44625,378.8,1440400,3753880,377.45,378.7,65
2026-10-08 11:10:31,22443.9,2026-10-13,22800.0,CE,44624,23.85,9772555,36935665,23.75,23.85,65
2026-10-08 11:10:31,22443.9,2026-10-13,22850.0,PE,44627,422.95,219310,499005,420.7,422.3,65
2026-10-08 11:10:31,22443.9,2026-10-13,22850.0,CE,44626,18.15,3209440,14437085,18.1,18.2,65
2026-10-08 11:10:31,22443.9,2026-10-13,22050.0,CE,44582,419.6,29055,48165,419.5,420.95,65
2026-10-08 11:10:31,22443.9,2026-10-13,22000.0,PE,44581,20.4,7270315,33221370,20.3,20.4,65
2026-10-08 11:10:31,22443.9,2026-10-13,22500.0,CE,44612,106.05,10584600,72633275,105.95,106.1,65
2026-10-08 11:10:31,22443.9,2026-10-13,22450.0,PE,44611,135.05,4234295,62082085,134.65,134.95,65
2026-10-08 11:10:31,22443.9,2026-10-13,22000.0,CE,44572,464.95,419835,657735,463.95,464.95,65
2026-10-08 11:10:31,22443.9,2026-10-13,22650.0,CE,44618,52.55,5195580,22578335,52.5,52.65,65
2026-10-08 11:10:31,22443.9,2026-10-13,22600.0,PE,44617,222.2,4971655,45595615,222.0,222.5,65
2026-10-08 11:10:31,22443.9,2026-10-13,22650.0,PE,44619,256.95,1256840,9795175,256.9,257.6,65
2026-10-08 11:10:31,22443.9,2026-10-13,22550.0,CE,44614,85.1,5649215,37734970,85.05,85.25,65
2026-10-08 11:10:31,22443.9,2026-10-13,22500.0,PE,44613,160.35,7667530,103471875,160.45,160.8,65
2026-10-08 11:10:31,22443.9,2026-10-13,22600.0,CE,44616,67.2,11871795,55583125,67.15,67.3,65
2026-10-08 11:10:31,22443.9,2026-10-13,22550.0,PE,44615,189.45,2578030,48208030,189.15,189.6,65
2026-10-08 11:10:31,22443.9,2026-10-13,21950.0,PE,44571,16.3,1372215,10609755,16.15,16.25,65
2026-10-08 11:10:31,22443.9,2026-10-13,21950.0,CE,44570,510.15,8970,20280,510.5,512.1,65
2026-10-08 11:10:31,22443.9,2026-10-13,21850.0,CE,44566,765.15,1105,0,602.2,607.65,65
2026-10-08 11:10:31,22443.9,2026-10-13,21900.0,CE,44568,555.0,37960,34970,557.55,559.25,65
2026-10-08 11:10:31,22443.9,2026-10-13,22350.0,PE,44601,92.1,2712450,30866290,92.0,92.2,65
2026-10-08 11:10:31,22443.9,2026-10-13,23050.0,PE,44645,613.25,133055,127790,610.8,612.4,65
2026-10-08 11:10:31,22443.9,2026-10-13,22350.0,CE,44600,187.1,662090,5271240,186.55,186.95,65
2026-10-08 11:10:31,22443.9,2026-10-13,21850.0,PE,44567,10.7,1455480,8703825,10.65,10.7,65
2026-10-08 11:10:31,22443.9,2026-10-13,22450.0,CE,44608,129.95,4454840,32019390,129.65,130.0,65
2026-10-08 11:10:31,22443.9,2026-10-13,21900.0,PE,44569,13.3,3300310,15241525,13.1,13.2,65
2026-10-08 11:10:31,22443.9,2026-10-13,22400.0,CE,44602,156.85,3902210,24697855,157.2,157.5,65
2026-10-08 11:10:31,22443.9,2026-10-13,22400.0,PE,44604,112.15,6428305,70537740,112.0,112.2,65
2026-10-08 11:10:31,22443.9,2026-10-13,23000.0,CE,44632,8.6,11707410,31485220,8.55,8.6,65
2026-10-08 11:10:31,22443.9,2026-10-13,22300.0,PE,44599,74.65,5906680,40461460,74.7,74.9,65
2026-10-08 11:10:31,22443.9,2026-10-13,22300.0,CE,44598,220.0,1014325,5568615,219.5,219.95,65
2026-10-08 11:10:31,22443.9,2026-10-13,22950.0,PE,44631,516.95,285545,111150,513.2,514.7,65
2026-10-08 11:10:31,22443.9,2026-10-13,23000.0,PE,44633,564.8,1257750,1015755,561.25,563.15,65
2026-10-08 11:10:31,22443.9,2026-10-13,22200.0,PE,44595,48.7,6643195,37418550,48.6,48.75,65
2026-10-08 11:10:31,22443.9,2026-10-13,22950.0,CE,44630,10.75,2720055,11916255,10.75,10.8,65
2026-10-08 11:10:31,22443.9,2026-10-13,22250.0,PE,44597,60.7,2046460,21337030,60.8,60.95,65
2026-10-08 11:10:31,22443.9,2026-10-13,22250.0,CE,44596,255.55,232050,933270,255.5,256.25,65
2026-10-08 11:10:31,22443.9,2026-10-13,23050.0,CE,44636,6.85,2980575,10836085,6.8,6.85,65
2026-10-08 11:10:31,22443.9,2026-10-13,22150.0,PE,44591,39.45,1774305,14569165,39.1,39.2,65
2026-10-08 11:10:31,22443.9,2026-10-13,22200.0,CE,44592,294.3,707135,2446925,293.6,294.35,65
2026-10-08 11:16:36,22451.1,2026-10-13,22700.0,PE,44621,288.2,3790085,13484770,288.0,288.2,65
2026-10-08 11:16:36,22451.1,2026-10-13,22700.0,CE,44620,41.45,14183975,46529665,41.45,41.6,65
2026-10-08 11:16:36,22451.1,2026-10-13,22750.0,PE,44623,329.0,695370,2883790,328.9,329.8,65
2026-10-08 11:16:36,22451.1,2026-10-13,22750.0,CE,44622,32.05,5025930,18801705,31.95,32.05,65
2026-10-08 11:16:36,22451.1,2026-10-13,22100.0,CE,44584,382.6,163930,276965,382.75,383.9,65
2026-10-08 11:16:36,22451.1,2026-10-13,22050.0,PE,44583,24.1,1926470,11931725,24.05,24.15,65
2026-10-08 11:16:36,22451.1,2026-10-13,22150.0,CE,44586,340.3,69875,177710,340.2,341.15,65
2026-10-08 11:16:36,22451.1,2026-10-13,22100.0,PE,44585,30.3,4608175,23522330,30.0,30.1,65
2026-10-08 11:16:36,22451.1,2026-10-13,22900.0,PE,44629,461.0,766480,752635,460.4,461.6,65
2026-10-08 11:16:36,22451.1,2026-10-13,22900.0,CE,44628,14.0,5700110,22331595,14.0,14.05,65
2026-10-08 11:16:36,22451.1,2026-10-13,22800.0,PE,44625,371.0,1442870,3792555,370.0,370.9,65
2026-10-08 11:16:36,22451.1,2026-10-13,22800.0,CE,44624,24.35,9783020,37406200,24.4,24.45,65
2026-10-08 11:16:36,22451.1,2026-10-13,22850.0,PE,44627,423.4,219830,503165,414.15,415.3,65
2026-10-08 11:16:36,22451.1,2026-10-13,22850.0,CE,44626,18.55,3192605,14606930,18.5,18.55,65
2026-10-08 11:16:36,22451.1,2026-10-13,22050.0,CE,44582,417.6,29445,50505,425.1,426.75,65
2026-10-08 11:16:36,22451.1,2026-10-13,22000.0,PE,44581,19.45,7262320,33771270,19.4,19.45,65
2026-10-08 11:16:36,22451.1,2026-10-13,22500.0,CE,44612,108.7,10689120,74055540,108.65,108.9,65
2026-10-08 11:16:36,22451.1,2026-10-13,22450.0,PE,44611,130.75,4253990,63501945,129.8,130.0,65
2026-10-08 11:16:36,22451.1,2026-10-13,22000.0,CE,44572,472.0,417170,673205,471.05,472.65,65
2026-10-08 11:16:36,22451.1,2026-10-13,22650.0,CE,44618,54.15,5214560,22940710,54.15,54.3,65
2026-10-08 11:16:36,22451.1,2026-10-13,22600.0,PE,44617,216.5,4979975,45985680,216.15,216.65,65
2026-10-08 11:16:36,22451.1,2026-10-13,22650.0,PE,44619,250.3,1248650,9895795,250.0,250.6,65
2026-10-08 11:16:36,22451.1,2026-10-13,22550.0,CE,44614,87.0,5676580,38358255,87.2,87.45,65
2026-10-08 11:16:36,22451.1,2026-10-13,22500.0,PE,44613,155.5,7716995,104718055,155.2,155.45,65
2026-10-08 11:16:36,22451.1,2026-10-13,22600.0,CE,44616,69.25,11922820,56473820,69.0,69.2,65
2026-10-08 11:16:36,22451.1,2026-10-13,22550.0,PE,44615,185.0,2585310,48556885,183.95,184.4,65
2026-10-08 11:16:36,22451.1,2026-10-13,21950.0,PE,44571,15.55,1371435,10789870,15.6,15.7,65
2026-10-08 11:16:36,22451.1,2026-10-13,21950.0,CE,44570,506.35,9880,21450,514.6,519.1,65
2026-10-08 11:16:36,22451.1,2026-10-13,21850.0,CE,44566,765.15,1105,0,611.25,614.3,65
2026-10-08 11:16:36,22451.1,2026-10-13,21900.0,CE,44568,563.65,37375,35815,563.85,565.9,65
2026-10-08 11:16:36,22451.1,2026-10-13,22350.0,PE,44601,89.0,2789540,31586815,88.1,88.35,65
2026-10-08 11:16:36,22451.1,2026-10-13,23050.0,PE,44645,603.55,132665,128115,603.15,605.1,65
2026-10-08 11:16:36,22451.1,2026-10-13,22350.0,CE,44600,190.9,688805,5445115,191.5,191.75,65
2026-10-08 11:16:36,22451.1,2026-10-13,21850.0,PE,44567,10.2,1546610,8910525,10.15,10.25,65
2026-10-08 11:16:36,22451.1,2026-10-13,22450.0,CE,44608,133.0,4572165,33283315,133.2,133.55,65
2026-10-08 11:16:36,22451.1,2026-10-13,21900.0,PE,44569,12.7,3312335,15464085,12.65,12.75,65
2026-10-08 11:16:36,22451.1,2026-10-13,22400.0,CE,44602,160.9,4041180,25659985,160.8,161.0,65
2026-10-08 11:16:36,22451.1,2026-10-13,22400.0,PE,44604,107.85,6479915,72201285,107.85,108.0,65
2026-10-08 11:16:36,22451.1,2026-10-13,23000.0,CE,44632,8.65,11686285,31841355,8.6,8.65,65
2026-10-08 11:16:36,22451.1,2026-10-13,22300.0,PE,44599,71.65,6003855,41282995,71.5,71.55,65
2026-10-08 11:16:36,22451.1,2026-10-13,22300.0,CE,44598,224.85,1031680,5708040,224.95,225.5,65
2026-10-08 11:16:36,22451.1,2026-10-13,22950.0,PE,44631,506.3,285610,111605,506.1,507.95,65
2026-10-08 11:16:36,22451.1,2026-10-13,23000.0,PE,44633,552.75,1257555,1019070,552.8,554.2,65
2026-10-08 11:16:36,22451.1,2026-10-13,22200.0,PE,44595,46.8,6694610,38232480,46.6,46.75,65
2026-10-08 11:16:36,22451.1,2026-10-13,22950.0,CE,44630,10.9,2743715,12053795,10.85,10.95,65
2026-10-08 11:16:36,22451.1,2026-10-13,22250.0,PE,44597,58.3,2054715,21836295,58.25,58.3,65
2026-10-08 11:16:36,22451.1,2026-10-13,22250.0,CE,44596,261.05,232310,962910,260.55,261.3,65
2026-10-08 11:16:36,22451.1,2026-10-13,23050.0,CE,44636,6.8,2972060,10897445,6.75,6.8,65
2026-10-08 11:16:36,22451.1,2026-10-13,22150.0,PE,44591,37.4,1795755,14802775,37.35,37.5,65
2026-10-08 11:16:36,22451.1,2026-10-13,22200.0,CE,44592,299.9,715195,2511210,299.45,300.3,65
2026-10-08 11:20:36,22436.75,2026-10-13,22700.0,PE,44621,303.0,3791255,13565370,301.95,302.75,65
2026-10-08 11:20:36,22436.75,2026-10-13,22700.0,CE,44620,39.2,14204840,47069815,39.1,39.2,65
2026-10-08 11:20:36,22436.75,2026-10-13,22750.0,PE,44623,342.8,689195,2915900,342.65,343.45,65
2026-10-08 11:20:36,22436.75,2026-10-13,22750.0,CE,44622,30.35,5040620,19024980,30.3,30.35,65
2026-10-08 11:20:36,22436.75,2026-10-13,22100.0,CE,44584,370.0,163410,279890,368.8,369.9,65
2026-10-08 11:20:36,22436.75,2026-10-13,22050.0,PE,44583,26.05,1918540,12054055,25.9,26.0,65
2026-10-08 11:20:36,22436.75,2026-10-13,22150.0,CE,44586,328.4,71435,184015,326.6,327.55,65
2026-10-08 11:20:36,22436.75,2026-10-13,22100.0,PE,44585,32.8,4568460,23854090,32.7,32.8,65
2026-10-08 11:20:36,22436.75,2026-10-13,22900.0,PE,44629,475.1,766350,756405,476.2,477.4,65
2026-10-08 11:20:36,22436.75,2026-10-13,22900.0,CE,44628,13.5,5689060,22578335,13.5,13.55,65
2026-10-08 11:20:36,22436.75,2026-10-13,22800.0,PE,44625,385.5,1442025,3836040,385.7,386.0,65
2026-10-08 11:20:36,22436.75,2026-10-13,22800.0,CE,44624,23.1,9780745,37672115,23.1,23.2,65
2026-10-08 11:20:36,22436.75,2026-10-13,22850.0,PE,44627,429.5,219310,505700,429.8,431.2,65
2026-10-08 11:20:36,22436.75,2026-10-13,22850.0,CE,44626,17.65,3194295,14708395,17.65,17.75,65
2026-10-08 11:20:36,22436.75,2026-10-13,22050.0,CE,44582,413.2,29510,51155,411.85,413.2,65
2026-10-08 11:20:36,22436.75,2026-10-13,22000.0,PE,44581,20.9,7172685,34145670,20.9,21.0,65
2026-10-08 11:20:36,22436.75,2026-10-13,22500.0,CE,44612,102.0,10656230,75058815,102.1,102.3,65
2026-10-08 11:20:36,22436.75,2026-10-13,22450.0,PE,44611,139.55,4338360,64582180,139.25,139.6,65
2026-10-08 11:20:36,22436.75,2026-10-13,22000.0,CE,44572,458.05,401570,739635,456.85,458.05,65
2026-10-08 11:20:36,22436.75,2026-10-13,22650.0,CE,44618,50.85,5215795,23177635,50.7,50.85,65
2026-10-08 11:20:36,22436.75,2026-10-13,22600.0,PE,44617,228.0,4984785,46264270,228.3,228.4,65
2026-10-08 11:20:36,22436.75,2026-10-13,22650.0,PE,44619,264.0,1245335,9955530,263.5,264.0,65
2026-10-08 11:20:36,22436.75,2026-10-13,22550.0,CE,44614,81.85,5644990,38798695,82.0,82.15,65
2026-10-08 11:20:36,22436.75,2026-10-13,22500.0,PE,44613,165.85,7720375,105684280,165.15,165.6,65
2026-10-08 11:20:36,22436.75,2026-10-13,22600.0,CE,44616,65.0,11913785,57078320,64.8,64.95,65
2026-10-08 11:20:36,22436.75,2026-10-13,22550.0,PE,44615,195.75,2580630,48824945,195.1,195.5,65
2026-10-08 11:20:36,22436.75,2026-10-13,21950.0,PE,44571,16.8,1372475,10886395,16.7,16.8,65
2026-10-08 11:20:36,22436.75,2026-10-13,21950.0,CE,44570,512.65,10075,21840,502.2,504.0,65
2026-10-08 11:20:36,22436.75,2026-10-13,21850.0,CE,44566,765.15,1105,0,594.9,598.25,65
2026-10-08 11:20:36,22436.75,2026-10-13,21900.0,CE,44568,563.65,37375,35815,548.5,550.05,65
2026-10-08 11:20:36,22436.75,2026-10-13,22350.0,PE,44601,95.25,2821585,32104735,95.0,95.2,65
2026-10-08 11:20:36,22436.75,2026-10-13,23050.0,PE,44645,617.8,132535,128765,618.55,620.35,65
2026-10-08 11:20:36,22436.75,2026-10-13,22350.0,CE,44600,181.45,690040,5812235,181.6,181.95,65
2026-10-08 11:20:36,22436.75,2026-10-13,21850.0,PE,44567,10.95,1548300,8974420,10.95,11.0,65
2026-10-08 11:20:36,22436.75,2026-10-13,22450.0,CE,44608,125.5,4510935,34168485,125.35,125.55,65
2026-10-08 11:20:36,22436.75,2026-10-13,21900.0,PE,44569,13.6,3288935,15614950,13.55,13.6,65
2026-10-08 11:20:36,22436.75,2026-10-13,22400.0,CE,44602,152.0,3900000,26364195,152.15,152.35,65
2026-10-08 11:20:36,22436.75,2026-10-13,22400.0,PE,44604,116.0,6474780,73242650,115.5,115.7,65
2026-10-08 11:20:36,22436.75,2026-10-13,23000.0,CE,44632,8.45,11707930,32074250,8.45,8.5,65
2026-10-08 11:20:36,22436.75,2026-10-13,22300.0,PE,44599,77.45,6006910,41834325,77.25,77.4,65
2026-10-08 11:20:36,22436.75,2026-10-13,22300.0,CE,44598,213.5,1036035,5823545,214.0,214.25,65
2026-10-08 11:20:36,22436.75,2026-10-13,22950.0,PE,44631,522.2,285675,112840,522.35,524.3,65
2026-10-08 11:20:36,22436.75,2026-10-13,23000.0,PE,44633,570.0,1257750,1022060,569.55,569.95,65
2026-10-08 11:20:36,22436.75,2026-10-13,22200.0,PE,44595,50.45,6725940,38769055,50.45,50.6,65
2026-10-08 11:20:36,22436.75,2026-10-13,22950.0,CE,44630,10.6,2729740,12114245,10.6,10.65,65
2026-10-08 11:20:36,22436.75,2026-10-13,22250.0,PE,44597,62.95,2092545,22142835,62.95,63.05,65
2026-10-08 11:20:36,22436.75,2026-10-13,22250.0,CE,44596,250.0,232505,986960,249.1,249.75,65
2026-10-08 11:20:36,22436.75,2026-10-13,23050.0,CE,44636,6.75,2967900,10994360,6.75,6.8,65
2026-10-08 11:20:36,22436.75,2026-10-13,22150.0,PE,44591,40.65,1788995,14983020,40.55,40.65,65
2026-10-08 11:20:36,22436.75,2026-10-13,22200.0,CE,44592,286.85,716625,2541240,286.8,287.5,65
2026-10-08 11:25:31,22384.0,2026-10-13,22700.0,PE,44621,349.55,3796065,14102270,347.8,348.7,65
2026-10-08 11:25:31,22384.0,2026-10-13,22700.0,CE,44620,34.55,14140295,49955360,34.5,34.6,65
2026-10-08 11:25:31,22384.0,2026-10-13,22750.0,PE,44623,391.55,671385,2997800,390.35,391.25,65
2026-10-08 11:25:31,22384.0,2026-10-13,22750.0,CE,44622,27.0,5025020,20039305,27.0,27.05,65
2026-10-08 11:25:31,22384.0,2026-10-13,22100.0,CE,44584,330.7,182910,328120,330.0,330.55,65
2026-10-08 11:25:31,22384.0,2026-10-13,22050.0,PE,44583,36.25,1802645,13598910,36.4,36.5,65
2026-10-08 11:25:31,22384.0,2026-10-13,22150.0,CE,44586,294.65,77025,205400,291.15,291.95,65
2026-10-08 11:25:31,22384.0,2026-10-13,22100.0,PE,44585,45.35,4508985,26342225,45.45,45.6,65
2026-10-08 11:25:31,22384.0,2026-10-13,22900.0,PE,44629,527.85,760435,792935,526.5,528.0,65
2026-10-08 11:25:31,22384.0,2026-10-13,22900.0,CE,44628,12.65,5785455,23674950,12.65,12.7,65
2026-10-08 11:25:31,22384.0,2026-10-13,22800.0,PE,44625,434.2,1418820,4022525,434.75,436.0,65
2026-10-08 11:25:31,22384.0,2026-10-13,22800.0,CE,44624,21.05,9606740,39514800,20.85,20.95,65
2026-10-08 11:25:31,22384.0,2026-10-13,22850.0,PE,44627,479.85,213265,527605,479.0,480.4,65
2026-10-08 11:25:31,22384.0,2026-10-13,22850.0,CE,44626,16.3,3220685,15484430,16.2,16.3,65
2026-10-08 11:25:31,22384.0,2026-10-13,22050.0,CE,44582,380.95,31785,57590,370.65,371.9,65
2026-10-08 11:25:31,22384.0,2026-10-13,22000.0,PE,44581,29.7,7148440,37358100,29.3,29.35,65
2026-10-08 11:25:31,22384.0,2026-10-13,22500.0,CE,44612,88.05,11040770,79422135,88.05,88.3,65
2026-10-08 11:25:31,22384.0,2026-10-13,22450.0,PE,44611,173.85,3485560,70030285,172.0,172.35,65
2026-10-08 11:25:31,22384.0,2026-10-13,22000.0,CE,44572,416.35,427505,824525,414.75,415.8,65
2026-10-08 11:25:31,22384.0,2026-10-13,22650.0,CE,44618,44.3,5334095,24621155,44.25,44.4,65
2026-10-08 11:25:31,22384.0,2026-10-13,22600.0,PE,44617,270.85,4853810,47929960,270.85,271.55,65
2026-10-08 11:25:31,22384.0,2026-10-13,22650.0,PE,44619,307.65,1206595,10319335,308.4,309.25,65
2026-10-08 11:25:31,22384.0,2026-10-13,22550.0,CE,44614,70.7,5723900,40920230,70.7,70.85,65
2026-10-08 11:25:31,22384.0,2026-10-13,22500.0,PE,44613,202.75,7273630,110951295,202.45,203.0,65
2026-10-08 11:25:31,22384.0,2026-10-13,22600.0,CE,44616,56.25,12088115,60556535,56.1,56.25,65
2026-10-08 11:25:31,22384.0,2026-10-13,22550.0,PE,44615,236.25,2353065,50454170,235.35,236.0,65
2026-10-08 11:25:31,22384.0,2026-10-13,21950.0,PE,44571,23.75,1317810,11744070,23.55,23.65,65
2026-10-08 11:25:31,22384.0,2026-10-13,21950.0,CE,44570,462.4,11245,24050,458.55,460.25,65
2026-10-08 11:25:31,22384.0,2026-10-13,21850.0,CE,44566,568.15,1105,65,547.2,554.25,65
2026-10-08 11:25:31,22384.0,2026-10-13,21800.0,PE,44565,12.85,4665765,16290170,12.55,12.65,65
2026-10-08 11:25:31,22384.0,2026-10-13,21900.0,CE,44568,505.0,40560,43225,503.15,505.2,65
2026-10-08 11:25:31,22384.0,2026-10-13,22350.0,PE,44601,123.35,2527265,35796215,122.85,123.2,65
2026-10-08 11:25:31,22384.0,2026-10-13,22350.0,CE,44600,157.5,904020,6667375,157.95,158.3,65
2026-10-08 11:25:31,22384.0,2026-10-13,21850.0,PE,44567,15.5,1541605,9774440,15.5,15.6,65
2026-10-08 11:25:31,22384.0,2026-10-13,21800.0,CE,44564,602.0,26195,14430,595.35,598.15,65
2026-10-08 11:25:31,22384.0,2026-10-13,22450.0,CE,44608,108.15,4564560,37651120,108.0,108.2,65
2026-10-08 11:25:31,22384.0,2026-10-13,21900.0,PE,44569,19.3,3190590,16836495,19.35,19.45,65
2026-10-08 11:25:31,22384.0,2026-10-13,22400.0,CE,44602,131.45,4851730,30478045,131.45,131.85,65
2026-10-08 11:25:31,22384.0,2026-10-13,22400.0,PE,44604,146.8,5924815,81385850,146.8,147.15,65
2026-10-08 11:25:31,22384.0,2026-10-13,23000.0,CE,44632,8.25,11684725,33061860,8.25,8.3,65
2026-10-08 11:25:31,22384.0,2026-10-13,22300.0,PE,44599,101.4,6045260,45784440,101.45,101.75,65
2026-10-08 11:25:31,22384.0,2026-10-13,22300.0,CE,44598,186.8,1235780,6550570,186.6,186.95,65
2026-10-08 11:25:31,22384.0,2026-10-13,22950.0,PE,44631,570.0,287170,120120,573.9,575.95,65
2026-10-08 11:25:31,22384.0,2026-10-13,23000.0,PE,44633,619.2,1228695,1107795,619.8,622.65,65
2026-10-08 11:25:31,22384.0,2026-10-13,22200.0,PE,44595,68.9,6462885,42201380,68.45,68.6,65
2026-10-08 11:25:31,22384.0,2026-10-13,22950.0,CE,44630,10.1,2709265,12735970,10.1,10.15,65
2026-10-08 11:25:31,22384.0,2026-10-13,22250.0,PE,44597,84.05,2008890,24087765,84.05,84.25,65
2026-10-08 11:25:31,22384.0,2026-10-13,22250.0,CE,44596,219.45,258245,1115335,218.55,219.1,65
2026-10-08 11:25:31,22384.0,2026-10-13,22150.0,PE,44591,56.1,1757860,16535350,55.3,55.45,65
2026-10-08 11:25:31,22384.0,2026-10-13,22200.0,CE,44592,254.0,726700,2902965,253.3,253.9,65
2026-10-08 11:30:26,22338.35,2026-10-13,22700.0,PE,44621,394.9,3675750,14789450,393.4,394.45,65
2026-10-08 11:30:26,22338.35,2026-10-13,22700.0,CE,44620,32.35,12739155,56682275,32.45,32.6,65
2026-10-08 11:30:26,22338.35,2026-10-13,22750.0,PE,44623,438.75,649285,3113825,437.2,438.6,65
2026-10-08 11:30:26,22338.35,2026-10-13,22750.0,CE,44622,26.0,5230615,22397050,26.0,26.1,65
2026-10-08 11:30:26,22338.35,2026-10-13,22100.0,CE,44584,297.2,230100,459485,297.05,297.85,65
2026-10-08 11:30:26,22338.35,2026-10-13,22050.0,PE,44583,48.4,1729455,16327610,48.4,48.5,65
2026-10-08 11:30:26,22338.35,2026-10-13,22150.0,CE,44586,260.45,102310,292695,260.2,260.8,65
2026-10-08 11:30:26,22338.35,2026-10-13,22100.0,PE,44585,59.3,3848585,32713395,59.35,59.45,65
2026-10-08 11:30:26,22338.35,2026-10-13,22900.0,PE,44629,577.1,751595,826150,573.3,574.85,65
2026-10-08 11:30:26,22338.35,2026-10-13,22900.0,CE,44628,13.1,5953805,26682240,13.05,13.1,65
2026-10-08 11:30:26,22338.35,2026-10-13,22800.0,PE,44625,480.05,1380665,4174170,480.95,482.4,65
2026-10-08 11:30:26,22338.35,2026-10-13,22800.0,CE,44624,20.5,9638590,44166330,20.55,20.6,65
2026-10-08 11:30:26,22338.35,2026-10-13,22850.0,PE,44627,528.65,207935,553280,526.0,527.55,65
2026-10-08 11:30:26,22338.35,2026-10-13,22850.0,CE,44626,16.3,3280160,17370405,16.3,16.35,65
2026-10-08 11:30:26,22338.35,2026-10-13,22050.0,CE,44582,334.5,42770,81445,336.1,337.1,65
2026-10-08 11:30:26,22338.35,2026-10-13,22000.0,PE,44581,39.35,6863480,43640740,39.25,39.4,65
2026-10-08 11:30:26,22338.35,2026-10-13,22500.0,CE,44612,78.8,12037415,86206120,78.45,78.7,65
2026-10-08 11:30:26,22338.35,2026-10-13,22450.0,PE,44611,208.2,2663440,74579245,208.2,208.65,65
2026-10-08 11:30:26,22338.35,2026-10-13,22000.0,CE,44572,377.55,475865,1012050,377.85,378.6,65
2026-10-08 11:30:26,22338.35,2026-10-13,22650.0,CE,44618,41.0,5521685,27536665,40.85,40.95,65
2026-10-08 11:30:26,22338.35,2026-10-13,22600.0,PE,44617,313.05,4649190,49749765,313.2,313.85,65
2026-10-08 11:30:26,22338.35,2026-10-13,22650.0,PE,44619,352.3,1168570,10691005,351.4,352.4,65
2026-10-08 11:30:26,22338.35,2026-10-13,22550.0,CE,44614,63.55,6258850,45143995,63.45,63.65,65
2026-10-08 11:30:26,22338.35,2026-10-13,22500.0,PE,44613,240.35,5503095,117054405,240.15,240.75,65
2026-10-08 11:30:26,22338.35,2026-10-13,22600.0,CE,44616,51.4,12338235,65909545,51.25,51.4,65
2026-10-08 11:30:26,22338.35,2026-10-13,22550.0,PE,44615,275.3,1929525,51960285,274.65,275.35,65
2026-10-08 11:30:26,22338.35,2026-10-13,21950.0,PE,44571,31.7,1360515,14340495,31.8,31.9,65
2026-10-08 11:30:26,22338.35,2026-10-13,21950.0,CE,44570,418.0,12415,28405,418.9,420.4,65
2026-10-08 11:30:26,22338.35,2026-10-13,21850.0,CE,44566,512.15,1300,650,506.85,510.6,65
2026-10-08 11:30:26,22338.35,2026-10-13,21800.0,PE,44565,17.2,4637490,19806150,17.2,17.25,65
2026-10-08 11:30:26,22338.35,2026-10-13,21900.0,CE,44568,460.55,43290,49985,463.05,464.5,65
2026-10-08 11:30:26,22338.35,2026-10-13,22350.0,PE,44601,151.8,2369965,42648580,151.4,151.75,65
2026-10-08 11:30:26,22338.35,2026-10-13,22350.0,CE,44600,140.2,2079610,10246470,140.0,140.15,65
2026-10-08 11:30:26,22338.35,2026-10-13,21850.0,PE,44567,21.05,1786005,12304695,20.95,21.1,65
2026-10-08 11:30:26,22338.35,2026-10-13,21750.0,CE,44562,629.45,390,910,599.4,602.9,65
2026-10-08 11:30:26,22338.35,2026-10-13,21800.0,CE,44564,553.7,29640,21775,554.6,556.4,65
2026-10-08 11:30:26,22338.35,2026-10-13,21750.0,PE,44563,14.35,1402245,10156185,14.35,14.45,65
2026-10-08 11:30:26,22338.35,2026-10-13,22450.0,CE,44608,96.3,4627285,41554695,96.05,96.3,65
2026-10-08 11:30:26,22338.35,2026-10-13,21900.0,PE,44569,25.85,3308175,20486245,25.95,26.1,65
2026-10-08 11:30:26,22338.35,2026-10-13,22400.0,CE,44602,116.7,6376955,36407345,116.3,116.5,65
2026-10-08 11:30:26,22338.35,2026-10-13,22400.0,PE,44604,178.0,5604950,90370670,178.6,178.8,65
2026-10-08 11:30:26,22338.35,2026-10-13,22300.0,PE,44599,127.2,5317910,53897675,126.9,127.2,65
2026-10-08 11:30:26,22338.35,2026-10-13,22300.0,CE,44598,165.8,1968655,8766290,165.7,166.1,65
2026-10-08 11:30:26,22338.35,2026-10-13,22950.0,PE,44631,623.25,285415,126880,620.25,622.85,65
2026-10-08 11:30:26,22338.35,2026-10-13,22200.0,PE,44595,87.5,7124975,49049975,87.55,87.8,65
2026-10-08 11:30:26,22338.35,2026-10-13,22950.0,CE,44630,10.65,3032250,14694550,10.6,10.65,65
2026-10-08 11:30:26,22338.35,2026-10-13,22250.0,PE,44597,106.35,1999530,27790555,106.85,107.15,65
2026-10-08 11:30:26,22338.35,2026-10-13,22250.0,CE,44596,194.8,404105,1534650,194.4,194.85,65
2026-10-08 11:30:26,22338.35,2026-10-13,22150.0,PE,44591,72.35,1592045,20077070,72.35,72.6,65
2026-10-08 11:30:26,22338.35,2026-10-13,22200.0,CE,44592,226.2,947765,3492190,226.2,226.75,65
2026-10-08 11:36:02,22351.25,2026-10-13,22700.0,PE,44621,379.5,3626220,15062775,379.65,380.6,65
2026-10-08 11:36:02,22351.25,2026-10-13,22700.0,CE,44620,31.35,12839840,58734260,31.3,31.4,65
2026-10-08 11:36:02,22351.25,2026-10-13,22750.0,PE,44623,423.8,645060,3151720,420.95,421.7,65
2026-10-08 11:36:02,22351.25,2026-10-13,22750.0,CE,44622,24.75,5269485,23574265,24.65,24.75,65
2026-10-08 11:36:02,22351.25,2026-10-13,22100.0,CE,44584,304.7,227305,572390,304.8,305.6,65
2026-10-08 11:36:02,22351.25,2026-10-13,22050.0,PE,44583,43.35,1699360,17243655,43.15,43.35,65
2026-10-08 11:36:02,22351.25,2026-10-13,22150.0,CE,44586,267.1,113425,347945,266.75,267.45,65
2026-10-08 11:36:02,22351.25,2026-10-13,22100.0,PE,44585,53.6,4136795,34401640,53.5,53.65,65
2026-10-08 11:36:02,22351.25,2026-10-13,22900.0,PE,44629,561.25,748540,837590,559.3,560.8,65
2026-10-08 11:36:02,22351.25,2026-10-13,22900.0,CE,44628,11.95,6028880,28322450,11.95,12.05,65
2026-10-08 11:36:02,22351.25,2026-10-13,22800.0,PE,44625,468.1,1363115,4349020,465.75,466.85,65
2026-10-08 11:36:02,22351.25,2026-10-13,22800.0,CE,44624,19.25,9961315,46263360,19.25,19.35,65
2026-10-08 11:36:02,22351.25,2026-10-13,22850.0,PE,44627,513.15,206765,564655,512.3,513.95,65
2026-10-08 11:36:02,22351.25,2026-10-13,22850.0,CE,44626,15.15,3431025,18178615,15.15,15.2,65
2026-10-08 11:36:02,22351.25,2026-10-13,22050.0,CE,44582,344.85,46995,103350,343.25,344.2,65
2026-10-08 11:36:02,22351.25,2026-10-13,22000.0,PE,44581,35.35,7058090,46356505,35.4,35.55,65
2026-10-08 11:36:02,22351.25,2026-10-13,22500.0,CE,44612,78.9,12137710,89120980,78.8,78.95,65
2026-10-08 11:36:02,22351.25,2026-10-13,22450.0,PE,44611,195.65,2484430,75757110,195.2,195.55,65
2026-10-08 11:36:02,22351.25,2026-10-13,22000.0,CE,44572,388.0,468585,1139190,385.6,386.9,65
2026-10-08 11:36:02,22351.25,2026-10-13,22650.0,CE,44618,40.2,5558215,28717845,40.05,40.15,65
2026-10-08 11:36:02,22351.25,2026-10-13,22600.0,PE,44617,298.45,4469790,50478285,300.1,300.7,65
2026-10-08 11:36:02,22351.25,2026-10-13,22650.0,PE,44619,337.35,1152320,10814310,336.55,337.3,65
2026-10-08 11:36:02,22351.25,2026-10-13,22550.0,CE,44614,63.3,6731985,46797270,63.25,63.35,65
2026-10-08 11:36:02,22351.25,2026-10-13,22500.0,PE,44613,227.7,5063435,118908075,227.35,227.85,65
2026-10-08 11:36:02,22351.25,2026-10-13,22600.0,CE,44616,50.6,12635350,68371615,50.4,50.55,65
2026-10-08 11:36:02,22351.25,2026-10-13,22550.0,PE,44615,261.8,1863095,52430950,261.05,261.7,65
2026-10-08 11:36:02,22351.25,2026-10-13,21950.0,PE,44571,28.4,1289470,15265120,28.35,28.45,65
2026-10-08 11:36:02,22351.25,2026-10-13,21950.0,CE,44570,428.0,13000,31005,427.9,429.2,65
2026-10-08 11:36:02,22351.25,2026-10-13,21850.0,CE,44566,525.25,1625,845,518.95,522.95,65
2026-10-08 11:36:02,22351.25,2026-10-13,21800.0,PE,44565,15.5,4580875,21084960,15.4,15.5,65
2026-10-08 11:36:02,22351.25,2026-10-13,21900.0,CE,44568,479.0,42250,55835,472.4,473.85,65
2026-10-08 11:36:02,22351.25,2026-10-13,22350.0,PE,44601,140.0,2591875,45313125,140.95,141.3,65
2026-10-08 11:36:02,22351.25,2026-10-13,22350.0,CE,44600,142.9,2741245,12830090,142.1,142.4,65
2026-10-08 11:36:02,22351.25,2026-10-13,21850.0,PE,44567,18.75,1842945,13242450,18.65,18.75,65
2026-10-08 11:36:02,22351.25,2026-10-13,21750.0,CE,44562,619.05,520,1170,609.7,614.6,65
2026-10-08 11:36:02,22351.25,2026-10-13,21800.0,CE,44564,565.0,29640,26845,565.55,567.2,65
2026-10-08 11:36:02,22351.25,2026-10-13,21750.0,PE,44563,12.8,1106690,11699415,12.75,12.85,65
2026-10-08 11:36:02,22351.25,2026-10-13,22450.0,CE,44608,97.65,4728945,43256655,97.1,97.35,65
2026-10-08 11:36:02,22351.25,2026-10-13,21900.0,PE,44569,23.15,3444610,21998600,23.3,23.35,65
2026-10-08 11:36:02,22351.25,2026-10-13,22400.0,CE,44602,118.65,6621030,39804635,118.7,118.85,65
2026-10-08 11:36:02,22351.25,2026-10-13,22400.0,PE,44604,165.45,5684315,93599220,165.45,165.8,65
2026-10-08 11:36:02,22351.25,2026-10-13,22300.0,PE,44599,116.8,5452265,57481125,116.8,117.1,65
2026-10-08 11:36:02,22351.25,2026-10-13,22300.0,CE,44598,169.85,2175615,10564320,169.85,170.25,65
2026-10-08 11:36:02,22351.25,2026-10-13,22950.0,PE,44631,603.65,285090,129155,606.9,609.0,65
2026-10-08 11:36:02,22351.25,2026-10-13,22200.0,PE,44595,80.1,7469410,51967435,80.0,80.1,65
2026-10-08 11:36:02,22351.25,2026-10-13,22950.0,CE,44630,9.6,3077360,15400970,9.55,9.6,65
2026-10-08 11:36:02,22351.25,2026-10-13,22250.0,PE,44597,97.65,2096575,29627780,98.2,98.45,65
2026-10-08 11:36:02,22351.25,2026-10-13,22250.0,CE,44596,198.9,464880,1985425,198.35,198.4,65
2026-10-08 11:36:02,22351.25,2026-10-13,22150.0,PE,44591,65.95,1525875,21138780,66.0,66.15,65
2026-10-08 11:36:02,22351.25,2026-10-13,22200.0,CE,44592,231.85,987480,3922620,231.95,232.5,65
2026-10-08 11:40:28,22362.7,2026-10-13,22700.0,PE,44621,371.15,3603795,15204865,372.05,373.05,65
2026-10-08 11:40:28,22362.7,2026-10-13,22700.0,CE,44620,32.4,12710035,60199555,32.55,32.65,65
2026-10-08 11:40:28,22362.7,2026-10-13,22750.0,PE,44623,412.0,641160,3181750,414.5,415.7,65
2026-10-08 11:40:28,22362.7,2026-10-13,22750.0,CE,44622,25.55,5255640,24297130,25.7,25.75,65
2026-10-08 11:40:28,22362.7,2026-10-13,22100.0,CE,44584,312.15,228540,624325,312.5,313.3,65
2026-10-08 11:40:28,22362.7,2026-10-13,22050.0,PE,44583,41.55,1689610,17702035,41.45,41.6,65
2026-10-08 11:40:28,22362.7,2026-10-13,22150.0,CE,44586,274.75,118625,379275,274.45,275.1,65
2026-10-08 11:40:28,22362.7,2026-10-13,22100.0,PE,44585,51.15,4187040,35537125,50.55,50.7,65
2026-10-08 11:40:28,22362.7,2026-10-13,22900.0,PE,44629,546.25,747565,850135,550.8,552.15,65
2026-10-08 11:40:28,22362.7,2026-10-13,22900.0,CE,44628,12.35,5993650,29084445,12.35,12.4,65
2026-10-08 11:40:28,22362.7,2026-10-13,22800.0,PE,44625,455.3,1364610,4401735,455.8,457.1,65
2026-10-08 11:40:28,22362.7,2026-10-13,22800.0,CE,44624,20.0,9942465,47221200,19.95,20.05,65
2026-10-08 11:40:28,22362.7,2026-10-13,22850.0,PE,44627,499.3,207545,573820,501.2,502.55,65
2026-10-08 11:40:28,22362.7,2026-10-13,22850.0,CE,44626,15.75,3534115,18902260,15.65,15.7,65
2026-10-08 11:40:28,22362.7,2026-10-13,22050.0,CE,44582,356.25,54340,120770,350.65,351.75,65
2026-10-08 11:40:28,22362.7,2026-10-13,22000.0,PE,44581,33.55,7122635,47854040,33.65,33.75,65
2026-10-08 11:40:28,22362.7,2026-10-13,22500.0,CE,44612,81.7,12097020,90964315,81.5,81.75,65
2026-10-08 11:40:28,22362.7,2026-10-13,22450.0,PE,44611,189.2,2409420,76497460,186.8,187.0,65
2026-10-08 11:40:28,22362.7,2026-10-13,22000.0,CE,44572,395.0,468195,1176175,397.0,397.35,65
2026-10-08 11:40:28,22362.7,2026-10-13,22650.0,CE,44618,41.1,5532020,29400345,41.4,41.55,65
2026-10-08 11:40:28,22362.7,2026-10-13,22600.0,PE,44617,291.6,4381390,51040340,291.75,292.45,65
2026-10-08 11:40:28,22362.7,2026-10-13,22650.0,PE,44619,330.65,1141205,10894715,328.4,329.05,65
2026-10-08 11:40:28,22362.7,2026-10-13,22550.0,CE,44614,64.95,6688240,47695180,64.95,65.05,65
2026-10-08 11:40:28,22362.7,2026-10-13,22500.0,PE,44613,218.6,4989725,119976480,218.7,219.2,65
2026-10-08 11:40:28,22362.7,2026-10-13,22600.0,CE,44616,52.15,12568595,70129280,51.95,52.1,65
2026-10-08 11:40:28,22362.7,2026-10-13,22550.0,PE,44615,253.6,1859520,52685685,254.85,255.0,65
2026-10-08 11:40:28,22362.7,2026-10-13,21950.0,PE,44571,27.2,1339650,15685605,26.7,26.85,65
2026-10-08 11:40:28,22362.7,2026-10-13,21950.0,CE,44570,442.1,13520,38545,438.45,440.15,65
2026-10-08 11:40:28,22362.7,2026-10-13,21850.0,CE,44566,526.7,1625,1625,527.1,534.75,65
2026-10-08 11:40:28,22362.7,2026-10-13,21800.0,PE,44565,14.5,4428060,22020180,14.45,14.5,65
2026-10-08 11:40:28,22362.7,2026-10-13,21900.0,CE,44568,487.1,42445,62335,482.95,484.5,65
2026-10-08 11:40:28,22362.7,2026-10-13,22350.0,PE,44601,135.6,2883985,47405020,135.7,136.05,65
2026-10-08 11:40:28,22362.7,2026-10-13,22350.0,CE,44600,145.9,2369640,14802125,145.7,145.9,65
2026-10-08 11:40:28,22362.7,2026-10-13,21850.0,PE,44567,17.75,1849250,13629265,17.8,17.9,65
2026-10-08 11:40:28,22362.7,2026-10-13,21750.0,CE,44562,633.3,520,1300,617.95,627.7,65
2026-10-08 11:40:28,22362.7,2026-10-13,21800.0,CE,44564,579.15,38610,43485,576.6,578.25,65
2026-10-08 11:40:28,22362.7,2026-10-13,21750.0,PE,44563,11.95,1086800,12041055,11.9,12.0,65
2026-10-08 11:40:28,22362.7,2026-10-13,22450.0,CE,44608,99.7,4724590,44272540,100.15,100.35,65
2026-10-08 11:40:28,22362.7,2026-10-13,21900.0,PE,44569,22.05,3523065,22848410,21.55,21.65,65
2026-10-08 11:40:28,22362.7,2026-10-13,22400.0,CE,44602,121.3,6658730,41564770,121.1,121.3,65
2026-10-08 11:40:28,22362.7,2026-10-13,22400.0,PE,44604,161.0,5430360,95726020,161.0,161.35,65
2026-10-08 11:40:28,22362.7,2026-10-13,22300.0,PE,44599,113.0,5676515,59711405,111.75,112.0,65
2026-10-08 11:40:28,22362.7,2026-10-13,22300.0,CE,44598,173.4,2355990,11657555,174.15,174.6,65
2026-10-08 11:40:28,22362.7,2026-10-13,22950.0,PE,44631,594.25,285285,131430,595.45,597.4,65
2026-10-08 11:40:28,22362.7,2026-10-13,22200.0,PE,44595,76.65,7542210,53736540,76.7,76.8,65
2026-10-08 11:40:28,22362.7,2026-10-13,22950.0,CE,44630,9.85,3104335,15886130,9.85,9.9,65
2026-10-08 11:40:28,22362.7,2026-10-13,22250.0,PE,44597,93.85,2148315,30663685,93.65,93.9,65
2026-10-08 11:40:28,22362.7,2026-10-13,22250.0,CE,44596,204.0,543660,2219685,203.4,203.85,65
2026-10-08 11:40:28,22362.7,2026-10-13,22150.0,PE,44591,62.1,1568775,21704215,61.95,62.15,65
2026-10-08 11:40:28,22362.7,2026-10-13,22200.0,CE,44592,237.3,1002235,4136210,237.0,237.3,65
2026-10-08 11:45:27,22369.4,2026-10-13,22700.0,PE,44621,363.5,3566095,15315755,363.5,364.4,65
2026-10-08 11:45:27,22369.4,2026-10-13,22700.0,CE,44620,32.75,12586470,61042085,32.75,32.8,65
2026-10-08 11:45:27,22369.4,2026-10-13,22750.0,PE,44623,404.35,638950,3195400,404.95,406.0,65
2026-10-08 11:45:27,22369.4,2026-10-13,22750.0,CE,44622,25.75,5185505,24651835,25.65,25.75,65
2026-10-08 11:45:27,22369.4,2026-10-13,22100.0,CE,44584,316.4,255645,687440,317.9,318.75,65
2026-10-08 11:45:27,22369.4,2026-10-13,22050.0,PE,44583,39.6,1694355,17905550,39.2,39.35,65
2026-10-08 11:45:27,22369.4,2026-10-13,22150.0,CE,44586,279.05,117065,401050,279.1,279.75,65
2026-10-08 11:45:27,22369.4,2026-10-13,22100.0,PE,44585,48.65,4257110,36158915,48.45,48.6,65
2026-10-08 11:45:27,22369.4,2026-10-13,22900.0,PE,44629,543.65,747110,856245,541.4,542.8,65
2026-10-08 11:45:27,22369.4,2026-10-13,22900.0,CE,44628,12.25,6055595,29567395,12.15,12.2,65
2026-10-08 11:45:27,22369.4,2026-10-13,22800.0,PE,44625,448.3,1347775,4440410,448.4,449.45,65
2026-10-08 11:45:27,22369.4,2026-10-13,22800.0,CE,44624,20.0,9719255,48185410,19.9,20.0,65
2026-10-08 11:45:27,22369.4,2026-10-13,22850.0,PE,44627,495.25,205465,579540,494.6,496.1,65
2026-10-08 11:45:27,22369.4,2026-10-13,22850.0,CE,44626,15.45,3560245,19239415,15.45,15.5,65
2026-10-08 11:45:27,22369.4,2026-10-13,22050.0,CE,44582,359.8,55835,127335,357.4,358.7,65
2026-10-08 11:45:27,22369.4,2026-10-13,22000.0,PE,44581,32.05,7227090,48783345,31.9,32.05,65
2026-10-08 11:45:27,22369.4,2026-10-13,22500.0,CE,44612,83.1,12119575,92195740,82.9,83.1,65
2026-10-08 11:45:27,22369.4,2026-10-13,22450.0,PE,44611,183.0,2355795,76860875,182.4,182.75,65
2026-10-08 11:45:27,22369.4,2026-10-13,22000.0,CE,44572,401.0,466765,1201525,400.15,401.2,65
2026-10-08 11:45:27,22369.4,2026-10-13,22650.0,CE,44618,41.95,5484895,29812770,41.85,41.95,65
2026-10-08 11:45:27,22369.4,2026-10-13,22600.0,PE,44617,283.85,4279600,51373465,283.85,284.6,65
2026-10-08 11:45:27,22369.4,2026-10-13,22650.0,PE,44619,323.15,1125020,10943400,321.7,322.35,65
2026-10-08 11:45:27,22369.4,2026-10-13,22550.0,CE,44614,66.45,6736145,48304230,66.45,66.6,65
2026-10-08 11:45:27,22369.4,2026-10-13,22500.0,PE,44613,213.85,4974320,120639805,213.1,213.55,65
2026-10-08 11:45:27,22369.4,2026-10-13,22600.0,CE,44616,53.0,12354290,71414525,52.9,53.0,65
2026-10-08 11:45:27,22369.4,2026-10-13,22550.0,PE,44615,247.05,1859390,52809770,246.7,247.25,65
2026-10-08 11:45:27,22369.4,2026-10-13,21950.0,PE,44571,25.75,1353950,16011580,25.7,25.8,65
2026-10-08 11:45:27,22369.4,2026-10-13,21950.0,CE,44570,444.3,13910,40495,444.2,445.6,65
2026-10-08 11:45:27,22369.4,2026-10-13,21850.0,CE,44566,538.2,1820,2080,532.9,538.0,65
2026-10-08 11:45:27,22369.4,2026-10-13,21800.0,PE,44565,13.9,4475315,22448400,13.85,13.95,65
2026-10-08 11:45:27,22369.4,2026-10-13,21900.0,CE,44568,490.1,42705,64545,489.15,490.75,65
2026-10-08 11:45:27,22369.4,2026-10-13,22350.0,PE,44601,130.2,3028740,48528610,130.15,130.5,65
2026-10-08 11:45:27,22369.4,2026-10-13,22350.0,CE,44600,149.0,2402725,15689960,149.0,149.4,65
2026-10-08 11:45:27,22369.4,2026-10-13,21850.0,PE,44567,16.85,1879670,13850265,16.85,16.9,65
2026-10-08 11:45:27,22369.4,2026-10-13,21750.0,CE,44562,631.4,650,1625,627.9,631.95,65
2026-10-08 11:45:27,22369.4,2026-10-13,21800.0,CE,44564,582.6,38935,45110,581.25,584.15,65
2026-10-08 11:45:27,22369.4,2026-10-13,21750.0,PE,44563,11.5,1100190,12232935,11.45,11.5,65
2026-10-08 11:45:27,22369.4,2026-10-13,22450.0,CE,44608,102.35,4734795,44885425,102.1,102.35,65
2026-10-08 11:45:27,22369.4,2026-10-13,21900.0,PE,44569,20.85,3514680,23232755,20.85,20.9,65
2026-10-08 11:45:27,22369.4,2026-10-13,22400.0,CE,44602,123.85,6705270,42957265,124.15,124.4,65
2026-10-08 11:45:27,22369.4,2026-10-13,22400.0,PE,44604,155.35,5358925,96907460,154.6,155.0,65
2026-10-08 11:45:27,22369.4,2026-10-13,22300.0,PE,44599,108.2,5704335,61018750,107.95,108.2,65
2026-10-08 11:45:27,22369.4,2026-10-13,22300.0,CE,44598,177.6,2474420,12329005,177.6,178.0,65
2026-10-08 11:45:27,22369.4,2026-10-13,22950.0,PE,44631,588.1,281580,138060,588.4,590.5,65
2026-10-08 11:45:27,22369.4,2026-10-13,22200.0,PE,44595,73.0,7640425,54577900,73.05,73.2,65
2026-10-08 11:45:27,22369.4,2026-10-13,22950.0,CE,44630,9.7,3161665,16087175,9.65,9.7,65
2026-10-08 11:45:27,22369.4,2026-10-13,22250.0,PE,44597,89.5,2225405,31250895,89.5,89.75,65
2026-10-08 11:45:27,22369.4,2026-10-13,22250.0,CE,44596,209.05,552240,2356640,208.1,208.65,65
2026-10-08 11:45:27,22369.4,2026-10-13,22150.0,PE,44591,59.8,1615705,22068215,59.7,59.95,65
2026-10-08 11:45:27,22369.4,2026-10-13,22200.0,CE,44592,242.05,1004770,4264325,242.45,243.0,65
2026-10-08 11:50:24,22373.0,2026-10-13,22700.0,PE,44621,365.1,3551015,15374970,365.55,366.5,65
2026-10-08 11:50:24,22373.0,2026-10-13,22700.0,CE,44620,31.8,12423775,61980750,31.65,31.8,65
2026-10-08 11:50:24,22373.0,2026-10-13,22750.0,PE,44623,409.8,638885,3206255,408.1,409.0,65
2026-10-08 11:50:24,22373.0,2026-10-13,22750.0,CE,44622,24.8,5200000,24987820,24.75,24.8,65
2026-10-08 11:50:24,22373.0,2026-10-13,22100.0,CE,44584,315.6,249925,710060,314.65,315.4,65
2026-10-08 11:50:24,22373.0,2026-10-13,22050.0,PE,44583,39.8,1691495,18157035,39.95,40.05,65
2026-10-08 11:50:24,22373.0,2026-10-13,22150.0,CE,44586,276.65,116545,412490,276.25,276.9,65
2026-10-08 11:50:24,22373.0,2026-10-13,22100.0,PE,44585,49.5,4203745,36742030,49.2,49.4,65
2026-10-08 11:50:24,22373.0,2026-10-13,22900.0,PE,44629,542.05,747110,858845,544.8,546.15,65
2026-10-08 11:50:24,22373.0,2026-10-13,22900.0,CE,44628,11.7,6081205,29882970,11.7,11.75,65
2026-10-08 11:50:24,22373.0,2026-10-13,22800.0,PE,44625,453.0,1342445,4465825,451.95,453.05,65
2026-10-08 11:50:24,22373.0,2026-10-13,22800.0,CE,44624,19.2,9743825,48660235,19.2,19.25,65
2026-10-08 11:50:24,22373.0,2026-10-13,22850.0,PE,44627,498.55,205985,582465,497.3,498.9,65
2026-10-08 11:50:24,22373.0,2026-10-13,22850.0,CE,44626,14.9,3567915,19490835,14.9,15.0,65
2026-10-08 11:50:24,22373.0,2026-10-13,22050.0,CE,44582,354.95,55575,129545,355.15,356.25,65
2026-10-08 11:50:24,22373.0,2026-10-13,22000.0,PE,44581,32.45,7300930,49813335,32.3,32.45,65
2026-10-08 11:50:24,22373.0,2026-10-13,22500.0,CE,44612,81.1,12092080,93324790,81.15,81.35,65
2026-10-08 11:50:24,22373.0,2026-10-13,22450.0,PE,44611,184.25,2342145,77224810,184.3,184.75,65
2026-10-08 11:50:24,22373.0,2026-10-13,22000.0,CE,44572,398.0,467805,1233570,397.45,398.5,65
2026-10-08 11:50:24,22373.0,2026-10-13,22650.0,CE,44618,40.65,5434000,30222595,40.5,40.65,65
2026-10-08 11:50:24,22373.0,2026-10-13,22600.0,PE,44617,286.15,4268485,51586145,285.65,286.3,65
2026-10-08 11:50:24,22373.0,2026-10-13,22650.0,PE,44619,324.45,1115790,10976810,324.05,324.85,65
2026-10-08 11:50:24,22373.0,2026-10-13,22550.0,CE,44614,64.8,6714045,48805900,64.8,64.95,65
2026-10-08 11:50:24,22373.0,2026-10-13,22500.0,PE,44613,216.0,4785690,121329195,214.9,215.3,65
2026-10-08 11:50:24,22373.0,2026-10-13,22600.0,CE,44616,51.6,12321530,72489560,51.55,51.7,65
2026-10-08 11:50:24,22373.0,2026-10-13,22550.0,PE,44615,248.9,1848080,52939835,248.7,249.3,65
2026-10-08 11:50:24,22373.0,2026-10-13,21950.0,PE,44571,26.2,1359865,16344055,26.15,26.25,65
2026-10-08 11:50:24,22373.0,2026-10-13,21950.0,CE,44570,444.7,13845,40820,440.85,442.55,65
2026-10-08 11:50:24,22373.0,2026-10-13,21850.0,CE,44566,536.0,1950,2145,531.05,534.25,65
2026-10-08 11:50:24,22373.0,2026-10-13,21800.0,PE,44565,14.1,4495270,22812920,14.0,14.1,65
2026-10-08 11:50:24,22373.0,2026-10-13,21900.0,CE,44568,489.55,43095,65260,486.25,487.95,65
2026-10-08 11:50:24,22373.0,2026-10-13,22350.0,PE,44601,131.65,3212365,49803650,130.85,131.15,65
2026-10-08 11:50:24,22373.0,2026-10-13,22350.0,CE,44600,147.3,2393885,16514095,147.4,147.75,65
2026-10-08 11:50:24,22373.0,2026-10-13,21850.0,PE,44567,17.1,1907295,14054170,16.95,17.05,65
2026-10-08 11:50:24,22373.0,2026-10-13,21750.0,CE,44562,631.4,650,1625,624.55,628.85,65
2026-10-08 11:50:24,22373.0,2026-10-13,21800.0,CE,44564,582.7,38350,46865,579.05,580.6,65
2026-10-08 11:50:24,22373.0,2026-10-13,21750.0,PE,44563,11.55,1116960,12489685,11.55,11.65,65
2026-10-08 11:50:24,22373.0,2026-10-13,22450.0,CE,44608,100.2,4706390,45470685,100.0,100.25,65
2026-10-08 11:50:24,22373.0,2026-10-13,21900.0,PE,44569,21.2,3549910,23662990,21.0,21.1,65
2026-10-08 11:50:24,22373.0,2026-10-13,22400.0,CE,44602,122.35,6767085,44427370,122.2,122.4,65
2026-10-08 11:50:24,22373.0,2026-10-13,22400.0,PE,44604,156.5,5467605,98424690,156.25,156.6,65
2026-10-08 11:50:24,22373.0,2026-10-13,22300.0,PE,44599,109.25,5777460,62327915,109.3,109.5,65
2026-10-08 11:50:24,22373.0,2026-10-13,22300.0,CE,44598,175.35,2463045,12900225,175.15,175.35,65
2026-10-08 11:50:24,22373.0,2026-10-13,22950.0,PE,44631,588.1,281905,141570,591.5,593.65,65
2026-10-08 11:50:24,22373.0,2026-10-13,22200.0,PE,44595,74.05,7638345,55523130,73.9,74.1,65
2026-10-08 11:50:24,22373.0,2026-10-13,22950.0,CE,44630,9.35,3154125,16269500,9.3,9.35,65
2026-10-08 11:50:24,22373.0,2026-10-13,22250.0,PE,44597,90.6,2256605,31833035,90.45,90.7,65
2026-10-08 11:50:24,22373.0,2026-10-13,22250.0,CE,44596,206.4,558220,2431260,205.85,206.3,65
2026-10-08 11:50:24,22373.0,2026-10-13,22150.0,PE,44591,60.8,1634815,22426755,60.5,60.7,65
2026-10-08 11:50:24,22373.0,2026-10-13,22200.0,CE,44592,240.15,966355,4420325,239.6,240.2,65
2026-10-08 11:55:50,22369.7,2026-10-13,22700.0,PE,44621,368.8,3549780,15458495,367.85,368.8,65
2026-10-08 11:55:50,22369.7,2026-10-13,22700.0,CE,44620,32.3,12214605,62925395,32.2,32.3,65
2026-10-08 11:55:50,22369.7,2026-10-13,22750.0,PE,44623,411.0,637195,3215680,411.1,411.95,65
2026-10-08 11:55:50,22369.7,2026-10-13,22750.0,CE,44622,25.35,5227950,25236705,25.3,25.4,65
2026-10-08 11:55:50,22369.7,2026-10-13,22100.0,CE,44584,316.4,251030,720980,314.3,315.05,65
2026-10-08 11:55:50,22369.7,2026-10-13,22050.0,PE,44583,41.6,1752400,18509725,41.45,41.6,65
2026-10-08 11:55:50,22369.7,2026-10-13,22150.0,CE,44586,276.9,117845,422955,275.7,276.35,65
2026-10-08 11:55:50,22369.7,2026-10-13,22100.0,PE,44585,50.9,4193800,37209380,50.95,51.1,65
2026-10-08 11:55:50,22369.7,2026-10-13,22900.0,PE,44629,547.2,744965,865215,547.2,548.8,65
2026-10-08 11:55:50,22369.7,2026-10-13,22900.0,CE,44628,12.0,6101225,30207190,11.95,12.0,65
2026-10-08 11:55:50,22369.7,2026-10-13,22800.0,PE,44625,455.4,1337830,4510480,454.55,455.65,65
2026-10-08 11:55:50,22369.7,2026-10-13,22800.0,CE,44624,19.6,9741290,49246145,19.55,19.6,65
2026-10-08 11:55:50,22369.7,2026-10-13,22850.0,PE,44627,499.25,205595,585585,499.7,501.1,65
2026-10-08 11:55:50,22369.7,2026-10-13,22850.0,CE,44626,15.3,3546530,19692075,15.2,15.3,65
2026-10-08 11:55:50,22369.7,2026-10-13,22050.0,CE,44582,355.75,56225,130780,354.9,355.75,65
2026-10-08 11:55:50,22369.7,2026-10-13,22000.0,PE,44581,33.85,7338565,50665095,33.65,33.75,65
2026-10-08 11:55:50,22369.7,2026-10-13,22500.0,CE,44612,81.5,12178595,94426605,81.5,81.75,65
2026-10-08 11:55:50,22369.7,2026-10-13,22450.0,PE,44611,187.3,2333630,77619230,186.9,187.3,65
2026-10-08 11:55:50,22369.7,2026-10-13,22000.0,CE,44572,397.6,475735,1273675,396.75,397.7,65
2026-10-08 11:55:50,22369.7,2026-10-13,22650.0,CE,44618,41.05,5452720,30485975,41.05,41.2,65
2026-10-08 11:55:50,22369.7,2026-10-13,22600.0,PE,44617,288.4,4261270,51840685,288.4,288.85,65
2026-10-08 11:55:50,22369.7,2026-10-13,22650.0,PE,44619,327.1,1109290,11003005,326.75,327.3,65
2026-10-08 11:55:50,22369.7,2026-10-13,22550.0,CE,44614,65.2,6874920,49495355,65.2,65.4,65
2026-10-08 11:55:50,22369.7,2026-10-13,22500.0,PE,44613,217.8,4911790,122140460,217.8,218.35,65
2026-10-08 11:55:50,22369.7,2026-10-13,22600.0,CE,44616,52.2,12444055,73450585,52.05,52.2,65
2026-10-08 11:55:50,22369.7,2026-10-13,22550.0,PE,44615,251.3,1817855,53130155,251.3,251.95,65
2026-10-08 11:55:50,22369.7,2026-10-13,21950.0,PE,44571,27.35,1356940,16577795,27.3,27.35,65
2026-10-08 11:55:50,22369.7,2026-10-13,21950.0,CE,44570,443.35,14430,41990,440.15,442.05,65
2026-10-08 11:55:50,22369.7,2026-10-13,21850.0,CE,44566,536.0,1950,2145,529.75,533.2,65
2026-10-08 11:55:50,22369.7,2026-10-13,21800.0,PE,44565,14.75,4463420,23297625,14.65,14.75,65
2026-10-08 11:55:50,22369.7,2026-10-13,21900.0,CE,44568,486.95,43225,66300,484.35,485.85,65
2026-10-08 11:55:50,22369.7,2026-10-13,22350.0,PE,44601,133.7,3347955,51117170,133.55,133.8,65
2026-10-08 11:55:50,22369.7,2026-10-13,22350.0,CE,44600,147.6,2437695,17350125,147.5,147.8,65
2026-10-08 11:55:50,22369.7,2026-10-13,21850.0,PE,44567,18.0,1901575,14251120,17.9,18.0,65
2026-10-08 11:55:50,22369.7,2026-10-13,21750.0,CE,44562,627.7,520,1690,621.2,626.6,65
2026-10-08 11:55:50,22369.7,2026-10-13,21800.0,CE,44564,581.85,38285,48555,577.2,578.9,65
2026-10-08 11:55:50,22369.7,2026-10-13,21750.0,PE,44563,12.25,1152190,12683190,12.1,12.2,65
2026-10-08 11:55:50,22369.7,2026-10-13,22450.0,CE,44608,100.55,4741490,46075575,100.45,100.7,65
2026-10-08 11:55:50,22369.7,2026-10-13,21900.0,PE,44569,22.15,3609255,24059230,22.15,22.2,65
2026-10-08 11:55:50,22369.7,2026-10-13,22400.0,CE,44602,122.75,6783205,45651840,122.45,122.7,65
2026-10-08 11:55:50,22369.7,2026-10-13,22400.0,PE,44604,158.75,5602285,100021155,158.8,159.0,65
2026-10-08 11:55:50,22369.7,2026-10-13,22300.0,PE,44599,111.85,5965895,63695645,111.55,111.85,65
2026-10-08 11:55:50,22369.7,2026-10-13,22300.0,CE,44598,175.15,2444715,13311220,175.2,175.65,65
2026-10-08 11:55:50,22369.7,2026-10-13,22950.0,PE,44631,592.0,281645,142350,594.35,596.3,65
2026-10-08 11:55:50,22369.7,2026-10-13,22200.0,PE,44595,75.9,7694050,56411745,75.9,76.15,65
2026-10-08 11:55:50,22369.7,2026-10-13,22950.0,CE,44630,9.5,3181815,16412565,9.5,9.55,65
2026-10-08 11:55:50,22369.7,2026-10-13,22250.0,PE,44597,92.9,2333955,32403930,92.55,92.75,65
2026-10-08 11:55:50,22369.7,2026-10-13,22250.0,CE,44596,206.6,563875,2508415,205.85,206.35,65
2026-10-08 11:55:50,22369.7,2026-10-13,22150.0,PE,44591,62.65,1684865,22836710,62.5,62.7,65
2026-10-08 11:55:50,22369.7,2026-10-13,22200.0,CE,44592,239.7,986765,4558190,239.6,240.2,65
2026-10-08 12:00:28,22352.05,2026-10-13,22700.0,PE,44621,380.0,3544580,15584270,380.05,381.1,65
2026-10-08 12:00:28,22352.05,2026-10-13,22700.0,CE,44620,31.15,12191075,63642410,31.05,31.15,65
2026-10-08 12:00:28,22352.05,2026-10-13,22750.0,PE,44623,424.55,631345,3243305,423.4,424.45,65
2026-10-08 12:00:28,22352.05,2026-10-13,22750.0,CE,44622,24.45,5259345,25549550,24.35,24.45,65
2026-10-08 12:00:28,22352.05,2026-10-13,22100.0,CE,44584,305.4,253890,758355,304.75,305.6,65
2026-10-08 12:00:28,22352.05,2026-10-13,22050.0,PE,44583,44.1,1740635,19045910,44.6,44.75,65
2026-10-08 12:00:28,22352.05,2026-10-13,22150.0,CE,44586,269.2,119470,444015,268.15,268.75,65
2026-10-08 12:00:28,22352.05,2026-10-13,22100.0,PE,44585,54.8,4202055,38201735,54.55,54.75,65
2026-10-08 12:00:28,22352.05,2026-10-13,22900.0,PE,44629,559.75,741520,874770,558.25,559.75,65
2026-10-08 12:00:28,22352.05,2026-10-13,22900.0,CE,44628,11.6,6411860,30946240,11.65,11.7,65
2026-10-08 12:00:28,22352.05,2026-10-13,22800.0,PE,44625,465.0,1346085,4573985,466.85,467.6,65
2026-10-08 12:00:28,22352.05,2026-10-13,22800.0,CE,44624,19.0,9715745,50002680,18.9,19.0,65
2026-10-08 12:00:28,22352.05,2026-10-13,22850.0,PE,44627,511.6,206960,589420,511.0,512.65,65
2026-10-08 12:00:28,22352.05,2026-10-13,22850.0,CE,44626,14.85,3517150,20066865,14.85,14.9,65
2026-10-08 12:00:28,22352.05,2026-10-13,22050.0,CE,44582,349.0,57980,137150,344.05,344.95,65
2026-10-08 12:00:28,22352.05,2026-10-13,22000.0,PE,44581,36.4,7518940,52113945,36.2,36.35,65
2026-10-08 12:00:28,22352.05,2026-10-13,22500.0,CE,44612,78.3,12185420,95665960,78.25,78.45,65
2026-10-08 12:00:28,22352.05,2026-10-13,22450.0,PE,44611,196.45,2321085,78317720,196.1,196.55,65
2026-10-08 12:00:28,22352.05,2026-10-13,22000.0,CE,44572,390.8,483600,1307280,385.85,387.0,65
2026-10-08 12:00:28,22352.05,2026-10-13,22650.0,CE,44618,39.65,5485025,30982510,39.7,39.8,65
2026-10-08 12:00:28,22352.05,2026-10-13,22600.0,PE,44617,299.05,4252820,52210795,300.0,300.5,65
2026-10-08 12:00:28,22352.05,2026-10-13,22650.0,PE,44619,337.75,1101620,11062870,337.4,338.25,65
2026-10-08 12:00:28,22352.05,2026-10-13,22550.0,CE,44614,62.7,6912490,50194495,63.15,63.35,65
2026-10-08 12:00:28,22352.05,2026-10-13,22500.0,PE,44613,228.55,4831385,123165705,228.0,228.6,65
2026-10-08 12:00:28,22352.05,2026-10-13,22600.0,CE,44616,50.15,12515100,74799335,50.1,50.25,65
2026-10-08 12:00:28,22352.05,2026-10-13,22550.0,PE,44615,262.35,1799135,53367600,260.8,261.45,65
2026-10-08 12:00:28,22352.05,2026-10-13,21950.0,PE,44571,29.55,1326715,16967600,29.2,29.3,65
2026-10-08 12:00:28,22352.05,2026-10-13,21950.0,CE,44570,430.0,14950,44330,428.3,429.8,65
2026-10-08 12:00:28,22352.05,2026-10-13,21850.0,CE,44566,521.0,1950,3380,516.5,519.7,65
2026-10-08 12:00:28,22352.05,2026-10-13,21800.0,PE,44565,15.8,4506840,23858380,15.75,15.85,65
2026-10-08 12:00:28,22352.05,2026-10-13,21900.0,CE,44568,478.25,43940,70915,472.7,474.25,65
2026-10-08 12:00:28,22352.05,2026-10-13,22350.0,PE,44601,141.95,3402880,53576510,140.5,140.8,65
2026-10-08 12:00:28,22352.05,2026-10-13,22350.0,CE,44600,141.6,2448485,18452980,142.4,142.8,65
2026-10-08 12:00:28,22352.05,2026-10-13,21850.0,PE,44567,19.35,1897480,14599195,19.05,19.15,65
2026-10-08 12:00:28,22352.05,2026-10-13,21750.0,CE,44562,612.45,520,2340,608.75,614.9,65
2026-10-08 12:00:28,22352.05,2026-10-13,21800.0,CE,44564,563.85,38675,50180,567.2,568.8,65
2026-10-08 12:00:28,22352.05,2026-10-13,21750.0,PE,44563,13.1,1190280,12936625,13.05,13.15,65
2026-10-08 12:00:28,22352.05,2026-10-13,22450.0,CE,44608,96.6,4749940,46741565,96.65,96.8,65
2026-10-08 12:00:28,22352.05,2026-10-13,21900.0,PE,44569,23.9,3608085,24704875,23.85,23.9,65
2026-10-08 12:00:28,22352.05,2026-10-13,22400.0,CE,44602,117.7,6774365,47077420,117.7,117.85,65
2026-10-08 12:00:28,22352.05,2026-10-13,22400.0,PE,44604,167.8,5633355,102632465,167.45,167.9,65
2026-10-08 12:00:28,22352.05,2026-10-13,22300.0,PE,44599,118.5,5951530,66001000,117.8,118.0,65
2026-10-08 12:00:28,22352.05,2026-10-13,22300.0,CE,44598,169.25,2485795,13883870,169.5,169.95,65
2026-10-08 12:00:28,22352.05,2026-10-13,22950.0,PE,44631,608.3,281580,144170,606.15,608.0,65
2026-10-08 12:00:28,22352.05,2026-10-13,22200.0,PE,44595,81.35,7745205,58012630,80.55,80.75,65
2026-10-08 12:00:28,22352.05,2026-10-13,22950.0,CE,44630,9.25,3186560,16583125,9.25,9.35,65
2026-10-08 12:00:28,22352.05,2026-10-13,22250.0,PE,44597,98.6,2341625,33489365,98.7,98.95,65
2026-10-08 12:00:28,22352.05,2026-10-13,22250.0,CE,44596,198.65,569855,2619565,198.5,199.0,65
2026-10-08 12:00:28,22352.05,2026-10-13,22150.0,PE,44591,66.85,1713985,23432370,66.5,66.7,65
2026-10-08 12:00:28,22352.05,2026-10-13,22200.0,CE,44592,232.0,1039805,4777045,233.0,233.2,65
2026-10-08 12:05:28,22351.45,2026-10-13,22700.0,PE,44621,385.1,3540420,15732665,385.2,386.15,65
2026-10-08 12:05:28,22351.45,2026-10-13,22700.0,CE,44620,30.55,12074010,64726935,30.5,30.6,65
2026-10-08 12:05:28,22351.45,2026-10-13,22750.0,PE,44623,428.0,628355,3264950,428.95,430.0,65
2026-10-08 12:05:28,22351.45,2026-10-13,22750.0,CE,44622,23.95,5274815,25919790,23.95,24.05,65
2026-10-08 12:05:28,22351.45,2026-10-13,22100.0,CE,44584,301.55,264420,791960,301.2,302.05,65
2026-10-08 12:05:28,22351.45,2026-10-13,22050.0,PE,44583,46.7,1723995,19527755,46.55,46.7,65
2026-10-08 12:05:28,22351.45,2026-10-13,22150.0,CE,44586,264.8,126035,470210,263.35,264.0,65
2026-10-08 12:05:28,22351.45,2026-10-13,22100.0,PE,44585,57.15,4185870,39242775,56.8,56.95,65
2026-10-08 12:05:28,22351.45,2026-10-13,22900.0,PE,44629,565.0,741130,879255,565.25,566.75,65
2026-10-08 12:05:28,22351.45,2026-10-13,22900.0,CE,44628,11.5,6403865,31289700,11.45,11.5,65
2026-10-08 12:05:28,22351.45,2026-10-13,22800.0,PE,44625,473.75,1341015,4617730,472.2,473.55,65
2026-10-08 12:05:28,22351.45,2026-10-13,22800.0,CE,44624,18.65,9587630,50819405,18.7,18.75,65
2026-10-08 12:05:28,22351.45,2026-10-13,22850.0,PE,44627,514.55,205335,594555,518.65,520.35,65
2026-10-08 12:05:28,22351.45,2026-10-13,22850.0,CE,44626,14.6,3605225,20440030,14.5,14.6,65
2026-10-08 12:05:28,22351.45,2026-10-13,22050.0,CE,44582,341.0,57980,142285,340.05,341.1,65
2026-10-08 12:05:28,22351.45,2026-10-13,22000.0,PE,44581,38.15,7546695,53639690,37.9,38.0,65
2026-10-08 12:05:28,22351.45,2026-10-13,22500.0,CE,44612,77.05,12204140,97077760,76.8,76.95,65
2026-10-08 12:05:28,22351.45,2026-10-13,22450.0,PE,44611,200.7,2288065,78970515,200.2,200.6,65
2026-10-08 12:05:28,22351.45,2026-10-13,22000.0,CE,44572,382.0,487825,1346800,382.05,383.05,65
2026-10-08 12:05:28,22351.45,2026-10-13,22650.0,CE,44618,39.05,5419635,32114160,38.95,39.05,65
2026-10-08 12:05:28,22351.45,2026-10-13,22600.0,PE,44617,304.85,4223830,52561080,304.25,304.85,65
2026-10-08 12:05:28,22351.45,2026-10-13,22650.0,PE,44619,344.5,1098890,11136840,343.4,344.25,65
2026-10-08 12:05:28,22351.45,2026-10-13,22550.0,CE,44614,61.7,6986395,51157795,61.65,61.75,65
2026-10-08 12:05:28,22351.45,2026-10-13,22500.0,PE,44613,233.0,4738890,124129330,232.4,233.0,65
2026-10-08 12:05:28,22351.45,2026-10-13,22600.0,CE,44616,49.15,12831780,76612120,49.05,49.15,65
2026-10-08 12:05:28,22351.45,2026-10-13,22550.0,PE,44615,267.15,1777295,53613625,266.6,267.15,65
2026-10-08 12:05:28,22351.45,2026-10-13,21950.0,PE,44571,30.9,1322490,17401410,30.8,30.9,65
2026-10-08 12:05:28,22351.45,2026-10-13,21950.0,CE,44570,429.55,15470,46345,424.5,425.8,65
2026-10-08 12:05:28,22351.45,2026-10-13,21850.0,CE,44566,522.3,2210,4355,513.95,516.05,65
2026-10-08 12:05:28,22351.45,2026-10-13,21800.0,PE,44565,16.75,4487210,24467820,16.75,16.85,65
2026-10-08 12:05:28,22351.45,2026-10-13,21900.0,CE,44568,470.85,44460,72735,468.65,469.8,65
2026-10-08 12:05:28,22351.45,2026-10-13,22350.0,PE,44601,145.25,3315130,56110145,144.9,145.25,65
2026-10-08 12:05:28,22351.45,2026-10-13,22350.0,CE,44600,139.25,2637050,19585735,139.45,139.75,65
2026-10-08 12:05:28,22351.45,2026-10-13,21850.0,PE,44567,20.4,1939730,15166515,20.3,20.4,65
2026-10-08 12:05:28,22351.45,2026-10-13,21750.0,CE,44562,613.7,975,2665,604.95,609.65,65
2026-10-08 12:05:28,22351.45,2026-10-13,21800.0,CE,44564,565.0,39390,52000,560.3,562.1,65
2026-10-08 12:05:28,22351.45,2026-10-13,21750.0,PE,44563,13.85,1162980,13274170,13.75,13.85,65
2026-10-08 12:05:28,22351.45,2026-10-13,22450.0,CE,44608,94.65,4791150,47407815,94.9,95.1,65
2026-10-08 12:05:28,22351.45,2026-10-13,21900.0,PE,44569,25.15,3618095,25504635,25.0,25.15,65
2026-10-08 12:05:28,22351.45,2026-10-13,22400.0,CE,44602,115.65,6974435,48627215,115.6,115.75,65
2026-10-08 12:05:28,22351.45,2026-10-13,22400.0,PE,44604,171.0,5438875,104969800,171.3,171.55,65
2026-10-08 12:05:28,22351.45,2026-10-13,22300.0,PE,44599,121.9,5894330,68460535,121.55,121.8,65
2026-10-08 12:05:28,22351.45,2026-10-13,22300.0,CE,44598,166.85,2575755,14637870,166.5,166.9,65
2026-10-08 12:05:28,22351.45,2026-10-13,22950.0,PE,44631,608.3,281190,145210,613.1,615.25,65
2026-10-08 12:05:28,22351.45,2026-10-13,22200.0,PE,44595,84.2,7725315,59727590,83.8,84.05,65
2026-10-08 12:05:28,22351.45,2026-10-13,22950.0,CE,44630,9.1,3261960,16986580,9.1,9.15,65
2026-10-08 12:05:28,22351.45,2026-10-13,22250.0,PE,44597,101.55,2343770,34599760,101.55,101.8,65
2026-10-08 12:05:28,22351.45,2026-10-13,22250.0,CE,44596,196.0,589290,2730000,195.85,196.35,65
2026-10-08 12:05:28,22351.45,2026-10-13,22150.0,PE,44591,69.4,1722045,24140350,69.5,69.7,65
2026-10-08 12:05:28,22351.45,2026-10-13,22200.0,CE,44592,228.65,1043900,4945980,228.55,229.1,65
2026-10-08 12:10:36,22348.65,2026-10-13,22700.0,PE,44621,383.55,3535350,15790125,382.95,383.95,65
2026-10-08 12:10:36,22348.65,2026-10-13,22700.0,CE,44620,31.15,12016290,65330655,31.1,31.2,65
2026-10-08 12:10:36,22348.65,2026-10-13,22750.0,PE,44623,427.05,629785,3276455,425.95,427.1,65
2026-10-08 12:10:36,22348.65,2026-10-13,22750.0,CE,44622,24.5,5244915,26282100,24.4,24.45,65
2026-10-08 12:10:36,22348.65,2026-10-13,22100.0,CE,44584,304.45,269100,818740,303.95,304.75,65
2026-10-08 12:10:36,22348.65,2026-10-13,22050.0,PE,44583,46.4,1708460,20051525,46.45,46.6,65
2026-10-08 12:10:36,22348.65,2026-10-13,22150.0,CE,44586,266.0,132535,486720,266.25,266.9,65
2026-10-08 12:10:36,22348.65,2026-10-13,22100.0,PE,44585,56.85,4224220,40035450,56.65,56.85,65
2026-10-08 12:10:36,22348.65,2026-10-13,22900.0,PE,44629,562.15,740350,885365,563.6,565.0,65
2026-10-08 12:10:36,22348.65,2026-10-13,22900.0,CE,44628,11.6,6529250,31806060,11.55,11.6,65
2026-10-08 12:10:36,22348.65,2026-10-13,22800.0,PE,44625,471.75,1346150,4661410,470.1,471.2,65
2026-10-08 12:10:36,22348.65,2026-10-13,22800.0,CE,44624,19.05,9596015,51405510,19.0,19.05,65
2026-10-08 12:10:36,22348.65,2026-10-13,22850.0,PE,44627,517.45,205335,596895,516.05,517.55,65
2026-10-08 12:10:36,22348.65,2026-10-13,22850.0,CE,44626,14.8,3653195,20682675,14.75,14.85,65
2026-10-08 12:10:36,22348.65,2026-10-13,22050.0,CE,44582,344.2,60775,147290,344.05,344.9,65
2026-10-08 12:10:36,22348.65,2026-10-13,22000.0,PE,44581,37.9,7490015,55381560,38.0,38.05,65
2026-10-08 12:10:36,22348.65,2026-10-13,22500.0,CE,44612,78.35,12341420,98079735,78.25,78.45,65
2026-10-08 12:10:36,22348.65,2026-10-13,22450.0,PE,44611,199.1,2264145,79511250,199.0,199.3,65
2026-10-08 12:10:36,22348.65,2026-10-13,22000.0,CE,44572,385.2,498420,1390285,384.7,385.2,65
2026-10-08 12:10:36,22348.65,2026-10-13,22650.0,CE,44618,39.8,5423015,32445270,39.65,39.75,65
2026-10-08 12:10:36,22348.65,2026-10-13,22600.0,PE,44617,303.15,4229355,52790790,302.4,303.05,65
2026-10-08 12:10:36,22348.65,2026-10-13,22650.0,PE,44619,342.15,1087255,11196575,341.6,342.1,65
2026-10-08 12:10:36,22348.65,2026-10-13,22550.0,CE,44614,62.8,7009470,51766780,62.8,62.95,65
2026-10-08 12:10:36,22348.65,2026-10-13,22500.0,PE,44613,231.25,4656470,124984340,230.85,231.45,65
2026-10-08 12:10:36,22348.65,2026-10-13,22600.0,CE,44616,50.2,12937600,77406875,50.1,50.25,65
2026-10-08 12:10:36,22348.65,2026-10-13,22550.0,PE,44615,265.0,1743950,53802580,264.95,265.4,65
2026-10-08 12:10:36,22348.65,2026-10-13,21950.0,PE,44571,30.85,1326910,17761445,30.85,31.0,65
2026-10-08 12:10:36,22348.65,2026-10-13,21950.0,CE,44570,425.8,16055,46930,428.25,429.75,65
2026-10-08 12:10:36,22348.65,2026-10-13,21850.0,CE,44566,521.05,2275,4875,516.9,518.5,65
2026-10-08 12:10:36,22348.65,2026-10-13,21800.0,PE,44565,16.9,4489550,25007515,16.8,16.85,65
2026-10-08 12:10:36,22348.65,2026-10-13,21900.0,CE,44568,474.0,44785,74035,471.7,472.95,65
2026-10-08 12:10:36,22348.65,2026-10-13,22350.0,PE,44601,144.15,3223480,58157905,144.05,144.35,65
2026-10-08 12:10:36,22348.65,2026-10-13,22350.0,CE,44600,141.8,2776410,20406555,141.7,141.9,65
2026-10-08 12:10:36,22348.65,2026-10-13,21850.0,PE,44567,20.4,1932190,15576600,20.35,20.45,65
2026-10-08 12:10:36,22348.65,2026-10-13,21750.0,CE,44562,611.95,975,2860,608.7,612.8,65
2026-10-08 12:10:36,22348.65,2026-10-13,21800.0,CE,44564,567.2,40365,53755,563.5,564.85,65
2026-10-08 12:10:36,22348.65,2026-10-13,21750.0,PE,44563,13.95,1154010,13575380,13.85,13.95,65
2026-10-08 12:10:36,22348.65,2026-10-13,22450.0,CE,44608,96.75,4833660,47920470,96.6,96.75,65
2026-10-08 12:10:36,22348.65,2026-10-13,21900.0,PE,44569,25.1,3600740,26039520,25.15,25.2,65
2026-10-08 12:10:36,22348.65,2026-10-13,22400.0,CE,44602,117.95,7106190,49682620,117.55,117.75,65
2026-10-08 12:10:36,22348.65,2026-10-13,22400.0,PE,44604,169.75,5397925,106754115,170.1,170.4,65
2026-10-08 12:10:36,22348.65,2026-10-13,22300.0,PE,44599,121.25,5904080,70509985,121.0,121.25,65
2026-10-08 12:10:36,22348.65,2026-10-13,22300.0,CE,44598,168.7,2682355,15212080,168.8,169.1,65
2026-10-08 12:10:36,22348.65,2026-10-13,22950.0,PE,44631,609.9,280995,145990,609.85,611.65,65
2026-10-08 12:10:36,22348.65,2026-10-13,22200.0,PE,44595,83.7,7708545,61112740,83.7,83.75,65
2026-10-08 12:10:36,22348.65,2026-10-13,22950.0,CE,44630,9.25,3280485,17141410,9.2,9.25,65
2026-10-08 12:10:36,22348.65,2026-10-13,22250.0,PE,44597,101.35,2316275,35581975,101.15,101.4,65
2026-10-08 12:10:36,22348.65,2026-10-13,22250.0,CE,44596,198.7,606255,2816710,198.7,198.85,65
2026-10-08 12:10:36,22348.65,2026-10-13,22150.0,PE,44591,69.25,1748305,24760060,69.2,69.35,65
2026-10-08 12:10:36,22348.65,2026-10-13,22200.0,CE,44592,231.1,1078935,5075200,231.3,231.7,65
2026-10-08 12:15:33,22348.85,2026-10-13,22700.0,PE,44621,386.0,3531840,15832310,385.0,386.0,65
2026-10-08 12:15:33,22348.85,2026-10-13,22700.0,CE,44620,30.35,12019800,66148160,30.3,30.4,65
2026-10-08 12:15:33,22348.85,2026-10-13,22750.0,PE,44623,429.45,629070,3281135,429.6,430.7,65
2026-10-08 12:15:33,22348.85,2026-10-13,22750.0,CE,44622,23.7,5255835,26678795,23.8,23.9,65
2026-10-08 12:15:33,22348.85,2026-10-13,22100.0,CE,44584,301.0,269880,840125,300.2,301.05,65
2026-10-08 12:15:33,22348.85,2026-10-13,22050.0,PE,44583,46.3,1748500,20367880,46.25,46.3,65
2026-10-08 12:15:33,22348.85,2026-10-13,22150.0,CE,44586,263.0,133120,501800,263.0,263.4,65
2026-10-08 12:15:33,22348.85,2026-10-13,22100.0,PE,44585,56.5,4249180,40591005,56.35,56.5,65
2026-10-08 12:15:33,22348.85,2026-10-13,22900.0,PE,44629,564.5,739050,887640,564.9,566.8,65
2026-10-08 12:15:33,22348.85,2026-10-13,22900.0,CE,44628,11.3,6708260,32236880,11.25,11.3,65
2026-10-08 12:15:33,22348.85,2026-10-13,22800.0,PE,44625,473.0,1377220,4719455,472.6,473.0,65
2026-10-08 12:15:33,22348.85,2026-10-13,22800.0,CE,44624,18.45,9630270,51812475,18.45,18.5,65
2026-10-08 12:15:33,22348.85,2026-10-13,22850.0,PE,44627,509.8,205270,597935,518.5,520.15,65
2026-10-08 12:15:33,22348.85,2026-10-13,22850.0,CE,44626,14.35,3661840,20856160,14.35,14.4,65
2026-10-08 12:15:33,22348.85,2026-10-13,22050.0,CE,44582,340.0,60125,149630,340.05,341.1,65
2026-10-08 12:15:33,22348.85,2026-10-13,22000.0,PE,44581,37.7,7765745,56198545,37.4,37.5,65
2026-10-08 12:15:33,22348.85,2026-10-13,22500.0,CE,44612,76.3,12419485,98972315,76.5,76.7,65
2026-10-08 12:15:33,22348.85,2026-10-13,22450.0,PE,44611,200.6,2234700,79813565,199.8,200.0,65
2026-10-08 12:15:33,22348.85,2026-10-13,22000.0,CE,44572,385.85,519610,1449760,381.05,381.95,65
2026-10-08 12:15:33,22348.85,2026-10-13,22650.0,CE,44618,38.6,5416255,32773715,38.5,38.6,65
2026-10-08 12:15:33,22348.85,2026-10-13,22600.0,PE,44617,305.0,4231045,52961740,305.15,305.75,65
2026-10-08 12:15:33,22348.85,2026-10-13,22650.0,PE,44619,343.55,1085695,11219650,344.3,344.8,65
2026-10-08 12:15:33,22348.85,2026-10-13,22550.0,CE,44614,61.15,7032675,52302055,61.0,61.15,65
2026-10-08 12:15:33,22348.85,2026-10-13,22500.0,PE,44613,233.0,4612010,125399625,232.15,232.5,65
2026-10-08 12:15:33,22348.85,2026-10-13,22600.0,CE,44616,48.75,12953655,78016315,48.7,48.75,65
2026-10-08 12:15:33,22348.85,2026-10-13,22550.0,PE,44615,267.6,1754805,53931020,267.65,268.35,65
2026-10-08 12:15:33,22348.85,2026-10-13,21950.0,PE,44571,30.6,1319500,17982315,30.6,30.7,65
2026-10-08 12:15:33,22348.85,2026-10-13,21950.0,CE,44570,427.1,16575,47840,424.35,426.65,65
2026-10-08 12:15:33,22348.85,2026-10-13,21850.0,CE,44566,522.45,2470,5200,513.6,516.0,65
2026-10-08 12:15:33,22348.85,2026-10-13,21800.0,PE,44565,16.45,4491240,25264200,16.45,16.55,65
2026-10-08 12:15:33,22348.85,2026-10-13,21900.0,CE,44568,475.2,44980,74230,467.4,468.75,65
2026-10-08 12:15:33,22348.85,2026-10-13,22350.0,PE,44601,145.1,3255655,59241910,144.2,144.45,65
2026-10-08 12:15:33,22348.85,2026-10-13,22350.0,CE,44600,138.75,2857985,21163285,139.25,139.45,65
2026-10-08 12:15:33,22348.85,2026-10-13,21850.0,PE,44567,20.1,1950520,15819830,19.9,20.0,65
2026-10-08 12:15:33,22348.85,2026-10-13,21750.0,CE,44562,611.95,975,2860,603.6,608.55,65
2026-10-08 12:15:33,22348.85,2026-10-13,21800.0,CE,44564,572.8,40170,54860,559.3,561.5,65
2026-10-08 12:15:33,22348.85,2026-10-13,21750.0,PE,44563,13.5,1155050,13743015,13.55,13.65,65
2026-10-08 12:15:33,22348.85,2026-10-13,22450.0,CE,44608,94.5,4861415,48372285,94.6,94.7,65
2026-10-08 12:15:33,22348.85,2026-10-13,21900.0,PE,44569,24.8,3597880,26362310,24.8,24.9,65
2026-10-08 12:15:33,22348.85,2026-10-13,22400.0,CE,44602,115.2,7161960,50697400,115.0,115.15,65
2026-10-08 12:15:33,22348.85,2026-10-13,22400.0,PE,44604,171.4,5395260,107738735,171.4,171.75,65
2026-10-08 12:15:33,22348.85,2026-10-13,22300.0,PE,44599,121.75,5913765,72245485,121.75,121.85,65
2026-10-08 12:15:33,22348.85,2026-10-13,22300.0,CE,44598,165.2,2738905,15720445,165.2,165.6,65
2026-10-08 12:15:33,22348.85,2026-10-13,22950.0,PE,44631,601.35,280930,146250,614.25,616.25,65
2026-10-08 12:15:33,22348.85,2026-10-13,22200.0,PE,44595,83.8,7714330,62008505,83.85,84.0,65
2026-10-08 12:15:33,22348.85,2026-10-13,22950.0,CE,44630,9.05,3337165,17417335,9.05,9.1,65
2026-10-08 12:15:33,22348.85,2026-10-13,22250.0,PE,44597,101.5,2327520,36121735,101.5,101.75,65
2026-10-08 12:15:33,22348.85,2026-10-13,22250.0,CE,44596,194.65,609830,2908230,194.6,195.05,65
2026-10-08 12:15:33,22348.85,2026-10-13,22150.0,PE,44591,69.25,1736930,25137190,68.9,69.0,65
2026-10-08 12:15:33,22348.85,2026-10-13,22200.0,CE,44592,227.65,1087320,5171920,227.1,227.7,65
2026-10-08 12:20:29,22328.1,2026-10-13,22700.0,PE,44621,403.1,3506685,16020355,401.15,402.25,65
2026-10-08 12:20:29,22328.1,2026-10-13,22700.0,CE,44620,29.35,12118340,67225145,29.4,29.45,65
2026-10-08 12:20:29,22328.1,2026-10-13,22750.0,PE,44623,445.0,629200,3307265,445.55,446.65,65
2026-10-08 12:20:29,22328.1,2026-10-13,22750.0,CE,44622,23.25,5257525,27054430,23.2,23.25,65
2026-10-08 12:20:29,22328.1,2026-10-13,22100.0,CE,44584,289.9,287170,893685,288.65,289.55,65
2026-10-08 12:20:29,22328.1,2026-10-13,22050.0,PE,44583,50.8,1746745,21182395,50.85,51.0,65
2026-10-08 12:20:29,22328.1,2026-10-13,22150.0,CE,44586,252.55,141310,539175,252.15,252.8,65
2026-10-08 12:20:29,22328.1,2026-10-13,22100.0,PE,44585,62.05,4325360,42091465,61.85,62.05,65
2026-10-08 12:20:29,22328.1,2026-10-13,22900.0,PE,44629,580.2,730795,907335,583.15,584.95,65
2026-10-08 12:20:29,22328.1,2026-10-13,22900.0,CE,44628,11.2,6664385,32774430,11.15,11.2,65
2026-10-08 12:20:29,22328.1,2026-10-13,22800.0,PE,44625,490.0,1375205,4801225,490.05,491.45,65
2026-10-08 12:20:29,22328.1,2026-10-13,22800.0,CE,44624,18.2,9604660,52704470,18.1,18.2,65
2026-10-08 12:20:29,22328.1,2026-10-13,22850.0,PE,44627,533.15,204555,603720,535.15,536.75,65
2026-10-08 12:20:29,22328.1,2026-10-13,22850.0,CE,44626,14.25,3707145,21154380,14.2,14.25,65
2026-10-08 12:20:29,22328.1,2026-10-13,22050.0,CE,44582,328.4,62595,156845,326.95,327.8,65
2026-10-08 12:20:29,22328.1,2026-10-13,22000.0,PE,44581,41.7,7734480,58429540,41.4,41.55,65
2026-10-08 12:20:29,22328.1,2026-10-13,22500.0,CE,44612,73.35,12514320,101039705,73.0,73.15,65
2026-10-08 12:20:29,22328.1,2026-10-13,22450.0,PE,44611,213.35,2169245,80735915,212.9,213.3,65
2026-10-08 12:20:29,22328.1,2026-10-13,22000.0,CE,44572,368.3,528840,1539265,368.35,369.6,65
2026-10-08 12:20:29,22328.1,2026-10-13,22650.0,CE,44618,37.2,5432570,33408895,37.2,37.35,65
2026-10-08 12:20:29,22328.1,2026-10-13,22600.0,PE,44617,319.35,4173325,53356875,319.35,320.2,65
2026-10-08 12:20:29,22328.1,2026-10-13,22650.0,PE,44619,360.5,1072435,11307595,358.65,359.55,65
2026-10-08 12:20:29,22328.1,2026-10-13,22550.0,CE,44614,58.8,6920420,53012440,58.55,58.7,65
2026-10-08 12:20:29,22328.1,2026-10-13,22500.0,PE,44613,245.15,4546100,126586330,246.1,246.65,65
2026-10-08 12:20:29,22328.1,2026-10-13,22600.0,CE,44616,46.95,12848615,79435460,46.85,46.95,65
2026-10-08 12:20:29,22328.1,2026-10-13,22550.0,PE,44615,281.2,1705470,54239575,281.0,281.7,65
2026-10-08 12:20:29,22328.1,2026-10-13,21950.0,PE,44571,33.75,1299610,18664685,33.6,33.7,65
2026-10-08 12:20:29,22328.1,2026-10-13,21950.0,CE,44570,412.1,18460,51480,410.3,412.05,65
2026-10-08 12:20:29,22328.1,2026-10-13,21850.0,CE,44566,503.6,2665,6175,496.5,499.75,65
2026-10-08 12:20:29,22328.1,2026-10-13,21800.0,PE,44565,18.3,4727125,26495300,18.45,18.55,65
2026-10-08 12:20:29,22328.1,2026-10-13,21900.0,CE,44568,454.15,45760,79170,453.4,454.55,65
2026-10-08 12:20:29,22328.1,2026-10-13,22350.0,PE,44601,155.6,3026725,62636210,155.05,155.5,65
2026-10-08 12:20:29,22328.1,2026-10-13,22350.0,CE,44600,132.75,3051490,22855495,132.65,132.85,65
2026-10-08 12:20:29,22328.1,2026-10-13,21850.0,PE,44567,22.3,2031380,16599180,22.35,22.45,65
2026-10-08 12:20:29,22328.1,2026-10-13,21750.0,CE,44562,606.7,1040,2925,589.15,594.55,65
2026-10-08 12:20:29,22328.1,2026-10-13,21800.0,CE,44564,546.2,40950,57850,544.7,546.25,65
2026-10-08 12:20:29,22328.1,2026-10-13,21750.0,PE,44563,15.25,1156155,14167790,15.3,15.4,65
2026-10-08 12:20:29,22328.1,2026-10-13,22450.0,CE,44608,90.2,4906330,49461490,89.95,90.2,65
2026-10-08 12:20:29,22328.1,2026-10-13,21900.0,PE,44569,27.45,3665935,27429480,27.45,27.55,65
2026-10-08 12:20:29,22328.1,2026-10-13,22400.0,CE,44602,110.0,7287475,52608920,109.8,110.0,65
2026-10-08 12:20:29,22328.1,2026-10-13,22400.0,PE,44604,182.8,5360290,110648005,182.4,182.8,65
2026-10-08 12:20:29,22328.1,2026-10-13,22300.0,PE,44599,130.65,5754775,76268985,130.65,131.0,65
2026-10-08 12:20:29,22328.1,2026-10-13,22300.0,CE,44598,158.45,2909790,16972345,158.45,158.85,65
2026-10-08 12:20:29,22328.1,2026-10-13,22950.0,PE,44631,630.0,280865,147225,630.9,633.1,65
2026-10-08 12:20:29,22328.1,2026-10-13,22200.0,PE,44595,90.5,7771985,64405510,90.85,91.0,65
2026-10-08 12:20:29,22328.1,2026-10-13,22950.0,CE,44630,9.1,3371875,17648540,9.05,9.1,65
2026-10-08 12:20:29,22328.1,2026-10-13,22250.0,PE,44597,109.3,2294760,37677770,109.55,109.9,65
2026-10-08 12:20:29,22328.1,2026-10-13,22250.0,CE,44596,186.6,631540,3085420,186.6,187.1,65
2026-10-08 12:20:29,22328.1,2026-10-13,22150.0,PE,44591,75.3,1659905,26032760,75.45,75.65,65
2026-10-08 12:20:29,22328.1,2026-10-13,22200.0,CE,44592,218.55,1153100,5492955,218.0,218.65,65
2026-10-08 12:26:14,22315.1,2026-10-13,22700.0,PE,44621,408.35,3505840,16175770,409.0,409.55,65
2026-10-08 12:26:14,22315.1,2026-10-13,22700.0,CE,44620,28.7,12103390,68254095,28.6,28.7,65
2026-10-08 12:26:14,22315.1,2026-10-13,22750.0,PE,44623,450.55,623805,3336320,451.1,452.35,65
2026-10-08 12:26:14,22315.1,2026-10-13,22750.0,CE,44622,22.8,5263050,27652365,22.7,22.8,65
2026-10-08 12:26:14,22315.1,2026-10-13,22100.0,CE,44584,284.15,317330,974220,283.35,284.1,65
2026-10-08 12:26:14,22315.1,2026-10-13,22050.0,PE,44583,52.05,2052895,22471215,52.1,52.3,65
2026-10-08 12:26:14,22315.1,2026-10-13,22150.0,CE,44586,247.95,153465,591565,247.4,248.0,65
2026-10-08 12:26:14,22315.1,2026-10-13,22100.0,PE,44585,63.9,3999060,44289765,64.05,64.3,65
2026-10-08 12:26:14,22315.1,2026-10-13,22900.0,PE,44629,589.9,715325,931385,589.2,591.0,65
2026-10-08 12:26:14,22315.1,2026-10-13,22900.0,CE,44628,10.95,6857955,33495540,10.9,10.95,65
2026-10-08 12:26:14,22315.1,2026-10-13,22800.0,PE,44625,497.6,1350700,4903275,496.35,497.85,65
2026-10-08 12:26:14,22315.1,2026-10-13,22800.0,CE,44624,17.8,9625980,53636375,17.65,17.75,65
2026-10-08 12:26:14,22315.1,2026-10-13,22850.0,PE,44627,542.45,205270,608270,541.05,542.95,65
2026-10-08 12:26:14,22315.1,2026-10-13,22850.0,CE,44626,13.9,3742895,21633105,13.85,13.9,65
2026-10-08 12:26:14,22315.1,2026-10-13,22050.0,CE,44582,323.1,64285,167050,322.65,323.5,65
2026-10-08 12:26:14,22315.1,2026-10-13,22000.0,PE,44581,42.8,7690085,61448790,43.1,43.25,65
2026-10-08 12:26:14,22315.1,2026-10-13,22500.0,CE,44612,71.3,12616825,103576005,71.1,71.25,65
2026-10-08 12:26:14,22315.1,2026-10-13,22450.0,PE,44611,217.0,2144545,81638375,217.9,218.35,65
2026-10-08 12:26:14,22315.1,2026-10-13,22000.0,CE,44572,364.0,550940,1654055,361.95,362.9,65
2026-10-08 12:26:14,22315.1,2026-10-13,22650.0,CE,44618,36.4,5390970,34084505,36.4,36.5,65
2026-10-08 12:26:14,22315.1,2026-10-13,22600.0,PE,44617,325.0,4123210,53829425,325.85,326.75,65
2026-10-08 12:26:14,22315.1,2026-10-13,22650.0,PE,44619,364.5,1047215,11416340,364.4,365.4,65
2026-10-08 12:26:14,22315.1,2026-10-13,22550.0,CE,44614,57.15,6994260,54378610,57.0,57.15,65
2026-10-08 12:26:14,22315.1,2026-10-13,22500.0,PE,44613,250.35,4488640,128004565,251.0,251.65,65
2026-10-08 12:26:14,22315.1,2026-10-13,22600.0,CE,44616,46.05,12730120,81517930,45.75,45.9,65
2026-10-08 12:26:14,22315.1,2026-10-13,22550.0,PE,44615,287.35,1668485,54556190,287.0,287.25,65
2026-10-08 12:26:14,22315.1,2026-10-13,21950.0,PE,44571,34.9,1278875,19535880,34.8,34.9,65
2026-10-08 12:26:14,22315.1,2026-10-13,21950.0,CE,44570,406.5,19500,53365,403.3,404.5,65
2026-10-08 12:26:14,22315.1,2026-10-13,21850.0,CE,44566,488.15,3185,6760,492.1,494.65,65
2026-10-08 12:26:14,22315.1,2026-10-13,21800.0,PE,44565,19.1,4922840,27962935,19.25,19.3,65
2026-10-08 12:26:14,22315.1,2026-10-13,21900.0,CE,44568,447.85,44005,92170,447.15,448.75,65
2026-10-08 12:26:14,22315.1,2026-10-13,22350.0,PE,44601,158.9,2896400,66203995,159.6,160.0,65
2026-10-08 12:26:14,22315.1,2026-10-13,22350.0,CE,44600,129.6,3315910,24725870,129.05,129.35,65
2026-10-08 12:26:14,22315.1,2026-10-13,21850.0,PE,44567,23.35,2076490,17453150,23.3,23.4,65
2026-10-08 12:26:14,22315.1,2026-10-13,21750.0,CE,44562,606.7,1040,2925,582.6,590.45,65
2026-10-08 12:26:14,22315.1,2026-10-13,21700.0,PE,44561,13.15,5577845,25865385,13.15,13.25,65
2026-10-08 12:26:14,22315.1,2026-10-13,21800.0,CE,44564,535.1,41730,62725,538.4,539.75,65
2026-10-08 12:26:14,22315.1,2026-10-13,21750.0,PE,44563,16.0,1114555,14697410,16.0,16.1,65
2026-10-08 12:26:14,22315.1,2026-10-13,22450.0,CE,44608,88.0,4888455,50551865,87.7,87.85,65
2026-10-08 12:26:14,22315.1,2026-10-13,21900.0,PE,44569,28.4,4210115,29263715,28.6,28.7,65
2026-10-08 12:26:14,22315.1,2026-10-13,22400.0,CE,44602,107.75,7554625,54708550,107.15,107.3,65
2026-10-08 12:26:14,22315.1,2026-10-13,22400.0,PE,44604,186.15,5266560,113581000,186.7,186.85,65
2026-10-08 12:26:14,22315.1,2026-10-13,22300.0,PE,44599,134.0,5620225,81576365,134.0,134.25,65
2026-10-08 12:26:14,22315.1,2026-10-13,22300.0,CE,44598,154.8,3228355,18665985,155.0,155.2,65
2026-10-08 12:26:14,22315.1,2026-10-13,22200.0,PE,44595,93.5,7932795,67502760,93.55,93.75,65
2026-10-08 12:26:14,22315.1,2026-10-13,22250.0,PE,44597,112.55,2209935,39753025,113.15,113.25,65
2026-10-08 12:26:14,22315.1,2026-10-13,22250.0,CE,44596,183.05,710320,3421210,182.25,182.7,65
2026-10-08 12:26:14,22315.1,2026-10-13,21700.0,CE,44558,643.2,4745,9555,631.1,633.8,65
2026-10-08 12:26:14,22315.1,2026-10-13,22150.0,PE,44591,77.5,1658410,27181245,77.6,77.8,65
2026-10-08 12:26:14,22315.1,2026-10-13,22200.0,CE,44592,213.95,1241045,5954520,213.55,213.95,65
2026-10-08 12:30:22,22309.65,2026-10-13,22700.0,PE,44621,415.45,3500640,16235960,415.3,416.4,65
2026-10-08 12:30:22,22309.65,2026-10-13,22700.0,CE,44620,28.55,11960585,69167735,28.55,28.6,65
2026-10-08 12:30:22,22309.65,2026-10-13,22750.0,PE,44623,461.1,622050,3348345,458.55,459.8,65
2026-10-08 12:30:22,22309.65,2026-10-13,22750.0,CE,44622,22.65,5264545,27928290,22.65,22.75,65
2026-10-08 12:30:22,22309.65,2026-10-13,22100.0,CE,44584,281.15,314470,1035125,279.5,280.25,65
2026-10-08 12:30:22,22309.65,2026-10-13,22050.0,PE,44583,55.45,2056080,22836645,55.2,55.4,65
2026-10-08 12:30:22,22309.65,2026-10-13,22150.0,CE,44586,243.95,157040,620360,243.85,244.45,65
2026-10-08 12:30:22,22309.65,2026-10-13,22100.0,PE,44585,67.75,3979820,45064955,67.55,67.75,65
2026-10-08 12:30:22,22309.65,2026-10-13,22900.0,PE,44629,600.15,714545,938405,596.9,598.6,65
2026-10-08 12:30:22,22309.65,2026-10-13,22900.0,CE,44628,11.0,6873750,33767565,11.0,11.05,65
2026-10-08 12:30:22,22309.65,2026-10-13,22800.0,PE,44625,504.2,1346540,4921085,504.05,505.55,65
2026-10-08 12:30:22,22309.65,2026-10-13,22800.0,CE,44624,17.65,9599395,54208700,17.65,17.75,65
2026-10-08 12:30:22,22309.65,2026-10-13,22850.0,PE,44627,550.1,206375,612690,550.35,551.95,65
2026-10-08 12:30:22,22309.65,2026-10-13,22850.0,CE,44626,13.9,3780400,21853000,13.9,13.95,65
2026-10-08 12:30:22,22309.65,2026-10-13,22050.0,CE,44582,317.0,70330,179985,318.2,319.25,65
2026-10-08 12:30:22,22309.65,2026-10-13,22000.0,PE,44581,45.9,7622550,62849475,45.65,45.8,65
2026-10-08 12:30:22,22309.65,2026-10-13,22500.0,CE,44612,70.3,12766065,104832455,70.25,70.45,65
2026-10-08 12:30:22,22309.65,2026-10-13,22450.0,PE,44611,223.8,2140125,82022655,224.25,224.9,65
2026-10-08 12:30:22,22309.65,2026-10-13,22000.0,CE,44572,357.9,558350,1700660,357.4,358.3,65
2026-10-08 12:30:22,22309.65,2026-10-13,22650.0,CE,44618,36.0,5378425,34419385,36.0,36.15,65
2026-10-08 12:30:22,22309.65,2026-10-13,22600.0,PE,44617,334.0,4089735,54013570,332.45,333.45,65
2026-10-08 12:30:22,22309.65,2026-10-13,22650.0,PE,44619,372.25,1043965,11446435,372.25,373.25,65
2026-10-08 12:30:22,22309.65,2026-10-13,22550.0,CE,44614,56.6,7295275,55036280,56.4,56.6,65
2026-10-08 12:30:22,22309.65,2026-10-13,22500.0,PE,44613,258.0,4417855,128617515,257.85,258.55,65
2026-10-08 12:30:22,22309.65,2026-10-13,22600.0,CE,44616,45.3,12709060,82500535,45.4,45.55,65
2026-10-08 12:30:22,22309.65,2026-10-13,22550.0,PE,44615,293.1,1662440,54683070,293.7,294.45,65
2026-10-08 12:30:22,22309.65,2026-10-13,21950.0,PE,44571,37.4,1325935,19887140,37.25,37.4,65
2026-10-08 12:30:22,22309.65,2026-10-13,21950.0,CE,44570,404.0,20150,55250,398.6,399.85,65
2026-10-08 12:30:22,22309.65,2026-10-13,21850.0,CE,44566,498.4,3575,7800,486.2,488.25,65
2026-10-08 12:30:22,22309.65,2026-10-13,21800.0,PE,44565,20.55,5003505,28755935,20.55,20.65,65
2026-10-08 12:30:22,22309.65,2026-10-13,21900.0,CE,44568,444.55,43810,96720,442.15,443.6,65
2026-10-08 12:30:22,22309.65,2026-10-13,22350.0,PE,44601,164.9,2860975,67535715,164.9,165.3,65
2026-10-08 12:30:22,22309.65,2026-10-13,22350.0,CE,44600,127.45,3461250,25695605,127.45,127.7,65
2026-10-08 12:30:22,22309.65,2026-10-13,21850.0,PE,44567,24.9,2093130,17812470,25.0,25.05,65
2026-10-08 12:30:22,22309.65,2026-10-13,21750.0,CE,44562,591.75,1040,3055,574.85,580.45,65
2026-10-08 12:30:22,22309.65,2026-10-13,21700.0,PE,44561,14.2,5582070,26257270,14.2,14.3,65
2026-10-08 12:30:22,22309.65,2026-10-13,21800.0,CE,44564,535.3,41015,64805,532.15,533.95,65
2026-10-08 12:30:22,22309.65,2026-10-13,21750.0,PE,44563,17.1,1125410,14895985,17.15,17.25,65
2026-10-08 12:30:22,22309.65,2026-10-13,22450.0,CE,44608,86.75,4911595,51039690,86.5,86.75,65
2026-10-08 12:30:22,22309.65,2026-10-13,21900.0,PE,44569,30.7,4243655,29952585,30.5,30.6,65
2026-10-08 12:30:22,22309.65,2026-10-13,22400.0,CE,44602,105.5,7615530,55883620,105.85,106.1,65
2026-10-08 12:30:22,22309.65,2026-10-13,22400.0,PE,44604,193.1,5184400,114653240,192.4,192.85,65
2026-10-08 12:30:22,22309.65,2026-10-13,22300.0,PE,44599,140.35,5671705,84273930,139.5,139.9,65
2026-10-08 12:30:22,22309.65,2026-10-13,22300.0,CE,44598,152.5,3526445,19959290,152.5,152.9,65
2026-10-08 12:30:22,22309.65,2026-10-13,22200.0,PE,44595,97.7,7955025,68982290,98.0,98.2,65
2026-10-08 12:30:22,22309.65,2026-10-13,22250.0,PE,44597,118.05,2182765,40617460,117.65,117.95,65
2026-10-08 12:30:22,22309.65,2026-10-13,22250.0,CE,44596,179.45,731445,3602495,180.15,180.3,65
2026-10-08 12:30:22,22309.65,2026-10-13,21700.0,CE,44558,638.2,5135,10270,624.1,627.05,65
2026-10-08 12:30:22,22309.65,2026-10-13,22150.0,PE,44591,81.6,1685710,27691170,81.65,81.9,65
2026-10-08 12:30:22,22309.65,2026-10-13,22200.0,CE,44592,210.85,1379365,6403475,210.5,210.95,65
2026-10-08 12:35:30,22299.3,2026-10-13,22700.0,PE,44621,425.4,3449615,16424590,425.1,426.0,65
2026-10-08 12:35:30,22299.3,2026-10-13,22700.0,CE,44620,27.65,11942320,70503940,27.6,27.7,65
2026-10-08 12:35:30,22299.3,2026-10-13,22750.0,PE,44623,470.1,553150,3458325,469.15,470.35,65
2026-10-08 12:35:30,22299.3,2026-10-13,22750.0,CE,44622,21.95,5217225,28578420,21.8,21.9,65
2026-10-08 12:35:30,22299.3,2026-10-13,22100.0,CE,44584,272.5,370890,1160120,272.45,273.2,65
2026-10-08 12:35:30,22299.3,2026-10-13,22050.0,PE,44583,58.7,1971255,24009895,58.4,58.55,65
2026-10-08 12:35:30,22299.3,2026-10-13,22150.0,CE,44586,237.6,172705,718185,237.3,237.85,65
2026-10-08 12:35:30,22299.3,2026-10-13,22100.0,PE,44585,71.0,3917095,47386820,70.85,71.05,65
2026-10-08 12:35:30,22299.3,2026-10-13,22900.0,PE,44629,607.65,710645,956605,607.85,609.45,65
2026-10-08 12:35:30,22299.3,2026-10-13,22900.0,CE,44628,10.75,6860750,34582340,10.7,10.75,65
2026-10-08 12:35:30,22299.3,2026-10-13,22800.0,PE,44625,513.8,1334125,4988945,513.7,515.3,65
2026-10-08 12:35:30,22299.3,2026-10-13,22800.0,CE,44624,17.1,9709310,55665090,17.1,17.2,65
2026-10-08 12:35:30,22299.3,2026-10-13,22850.0,PE,44627,561.8,203255,618345,560.55,562.4,65
2026-10-08 12:35:30,22299.3,2026-10-13,22850.0,CE,44626,13.6,3826355,22417655,13.5,13.6,65
2026-10-08 12:35:30,22299.3,2026-10-13,22050.0,CE,44582,310.4,74295,213980,309.8,310.55,65
2026-10-08 12:35:30,22299.3,2026-10-13,22000.0,PE,44581,48.4,7300280,66348815,48.25,48.4,65
2026-10-08 12:35:30,22299.3,2026-10-13,22500.0,CE,44612,67.55,13090090,107660085,67.65,67.8,65
2026-10-08 12:35:30,22299.3,2026-10-13,22450.0,PE,44611,231.8,1975415,82932005,231.8,232.4,65
2026-10-08 12:35:30,22299.3,2026-10-13,22000.0,CE,44572,350.1,607750,1873690,349.5,349.9,65
2026-10-08 12:35:30,22299.3,2026-10-13,22650.0,CE,44618,34.8,5341180,35311120,34.7,34.85,65
2026-10-08 12:35:30,22299.3,2026-10-13,22600.0,PE,44617,342.5,4016870,54516085,341.8,342.8,65
2026-10-08 12:35:30,22299.3,2026-10-13,22650.0,PE,44619,383.0,1024335,11552320,382.15,383.1,65
2026-10-08 12:35:30,22299.3,2026-10-13,22550.0,CE,44614,54.55,7237555,56201795,54.35,54.55,65
2026-10-08 12:35:30,22299.3,2026-10-13,22500.0,PE,44613,266.75,4329845,130214175,266.0,266.3,65
2026-10-08 12:35:30,22299.3,2026-10-13,22600.0,CE,44616,43.75,12669410,85051525,43.65,43.75,65
2026-10-08 12:35:30,22299.3,2026-10-13,22550.0,PE,44615,303.1,1583140,55045575,302.3,302.85,65
2026-10-08 12:35:30,22299.3,2026-10-13,21950.0,PE,44571,39.85,1354795,21236085,39.65,39.8,65
2026-10-08 12:35:30,22299.3,2026-10-13,21950.0,CE,44570,390.0,27625,65260,390.35,391.65,65
2026-10-08 12:35:30,22299.3,2026-10-13,21850.0,CE,44566,470.5,4160,8775,476.9,478.9,65
2026-10-08 12:35:30,22299.3,2026-10-13,21800.0,PE,44565,22.1,5162495,30786600,22.1,22.15,65
2026-10-08 12:35:30,22299.3,2026-10-13,21900.0,CE,44568,436.2,44525,102700,433.1,434.6,65
2026-10-08 12:35:30,22299.3,2026-10-13,22350.0,PE,44601,171.15,2461030,70784610,171.2,171.5,65
2026-10-08 12:35:30,22299.3,2026-10-13,22350.0,CE,44600,123.45,3518125,27577225,123.2,123.45,65
2026-10-08 12:35:30,22299.3,2026-10-13,21850.0,PE,44567,26.65,2018120,18953025,26.7,26.8,65
2026-10-08 12:35:30,22299.3,2026-10-13,21750.0,CE,44562,580.0,1105,3120,566.5,571.65,65
2026-10-08 12:35:30,22299.3,2026-10-13,21700.0,PE,44561,15.45,5590065,27527500,15.45,15.5,65
2026-10-08 12:35:30,22299.3,2026-10-13,21800.0,CE,44564,524.65,45760,72670,523.35,524.9,65
2026-10-08 12:35:30,22299.3,2026-10-13,21750.0,PE,44563,18.5,1125995,15640690,18.45,18.55,65
2026-10-08 12:35:30,22299.3,2026-10-13,22450.0,CE,44608,83.65,4923100,52226785,83.4,83.6,65
2026-10-08 12:35:30,22299.3,2026-10-13,21900.0,PE,44569,32.65,3976505,31806190,32.55,32.65,65
2026-10-08 12:35:30,22299.3,2026-10-13,22400.0,CE,44602,101.75,7583160,58546735,101.95,102.2,65
2026-10-08 12:35:30,22299.3,2026-10-13,22400.0,PE,44604,200.55,4998175,117706680,199.75,200.2,65
2026-10-08 12:35:30,22299.3,2026-10-13,22300.0,PE,44599,146.15,5307315,91433680,145.55,145.9,65
2026-10-08 12:35:30,22299.3,2026-10-13,22300.0,CE,44598,147.45,4097990,23014745,147.5,147.75,65
2026-10-08 12:35:30,22299.3,2026-10-13,22200.0,PE,44595,102.3,8015215,73438300,102.3,102.55,65
2026-10-08 12:35:30,22299.3,2026-10-13,22250.0,PE,44597,123.3,2134860,43838340,123.0,123.25,65
2026-10-08 12:35:30,22299.3,2026-10-13,22250.0,CE,44596,174.7,847990,4301440,174.25,174.65,65
2026-10-08 12:35:30,22299.3,2026-10-13,21700.0,CE,44558,620.75,5460,11310,615.2,617.75,65
2026-10-08 12:35:30,22299.3,2026-10-13,22150.0,PE,44591,85.85,1678625,29504995,85.45,85.65,65
2026-10-08 12:35:30,22299.3,2026-10-13,22200.0,CE,44592,204.75,1457820,7036510,204.55,205.05,65
2026-10-08 12:40:37,22284.6,2026-10-13,22700.0,PE,44621,432.15,3440255,16517345,431.35,432.4,65
2026-10-08 12:40:37,22284.6,2026-10-13,22700.0,CE,44620,26.95,12107550,71630000,26.9,26.95,65
2026-10-08 12:40:37,22284.6,2026-10-13,22750.0,PE,44623,478.35,553410,3473730,475.8,477.25,65
2026-10-08 12:40:37,22284.6,2026-10-13,22750.0,CE,44622,21.45,5247970,29117270,21.35,21.45,65
2026-10-08 12:40:37,22284.6,2026-10-13,22100.0,CE,44584,268.25,396175,1242670,268.25,268.8,65
2026-10-08 12:40:37,22284.6,2026-10-13,22050.0,PE,44583,60.65,1988675,24839425,60.75,60.95,65
2026-10-08 12:40:37,22284.6,2026-10-13,22150.0,CE,44586,233.65,191295,800085,233.25,233.7,65
2026-10-08 12:40:37,22284.6,2026-10-13,22100.0,PE,44585,73.1,4107480,49153390,73.1,73.25,65
2026-10-08 12:40:37,22284.6,2026-10-13,22900.0,PE,44629,617.15,707850,965380,613.95,616.0,65
2026-10-08 12:40:37,22284.6,2026-10-13,22900.0,CE,44628,10.45,7053800,35390290,10.4,10.45,65
2026-10-08 12:40:37,22284.6,2026-10-13,22800.0,PE,44625,521.3,1331785,5037695,520.6,522.1,65
2026-10-08 12:40:37,22284.6,2026-10-13,22800.0,CE,44624,16.65,9721270,56733950,16.65,16.7,65
2026-10-08 12:40:37,22284.6,2026-10-13,22850.0,PE,44627,582.65,203125,624455,566.85,568.65,65
2026-10-08 12:40:37,22284.6,2026-10-13,22850.0,CE,44626,13.2,3876860,22906195,13.15,13.2,65
2026-10-08 12:40:37,22284.6,2026-10-13,22050.0,CE,44582,305.15,78260,228410,304.85,305.5,65
2026-10-08 12:40:37,22284.6,2026-10-13,22000.0,PE,44581,50.05,7538245,68486340,50.1,50.3,65
2026-10-08 12:40:37,22284.6,2026-10-13,22500.0,CE,44612,66.2,13259805,109450835,66.05,66.2,65
2026-10-08 12:40:37,22284.6,2026-10-13,22450.0,PE,44611,236.4,1962480,83371795,236.35,236.85,65
2026-10-08 12:40:37,22284.6,2026-10-13,22000.0,CE,44572,345.0,644605,1981655,344.6,345.0,65
2026-10-08 12:40:37,22284.6,2026-10-13,22650.0,CE,44618,33.95,5323370,35906650,33.85,34.0,65
2026-10-08 12:40:37,22284.6,2026-10-13,22600.0,PE,44617,348.45,4012970,54789345,347.3,348.25,65
2026-10-08 12:40:37,22284.6,2026-10-13,22650.0,PE,44619,388.15,1021995,11613810,388.15,389.25,65
2026-10-08 12:40:37,22284.6,2026-10-13,22550.0,CE,44614,53.25,7236320,56888650,53.05,53.2,65
2026-10-08 12:40:37,22284.6,2026-10-13,22500.0,PE,44613,271.85,4354155,130988130,271.35,271.7,65
2026-10-08 12:40:37,22284.6,2026-10-13,22600.0,CE,44616,42.9,12718355,86392865,42.75,42.9,65
2026-10-08 12:40:37,22284.6,2026-10-13,22550.0,PE,44615,308.65,1567865,55229460,308.3,309.1,65
2026-10-08 12:40:37,22284.6,2026-10-13,21950.0,PE,44571,41.15,1394640,21938475,41.25,41.4,65
2026-10-08 12:40:37,22284.6,2026-10-13,21950.0,CE,44570,384.25,29510,70525,385.55,386.75,65
2026-10-08 12:40:37,22284.6,2026-10-13,21850.0,CE,44566,464.65,5265,9750,471.6,473.6,65
2026-10-08 12:40:37,22284.6,2026-10-13,21800.0,PE,44565,23.15,5415605,32251180,23.05,23.15,65
2026-10-08 12:40:37,22284.6,2026-10-13,21900.0,CE,44568,427.95,46150,107770,428.3,429.55,65
2026-10-08 12:40:37,22284.6,2026-10-13,22350.0,PE,44601,175.25,2444130,72267390,175.5,175.8,65
2026-10-08 12:40:37,22284.6,2026-10-13,22350.0,CE,44600,120.5,3623815,28712710,120.45,120.7,65
2026-10-08 12:40:37,22284.6,2026-10-13,21850.0,PE,44567,28.05,2017405,19766565,28.05,28.15,65
2026-10-08 12:40:37,22284.6,2026-10-13,21750.0,CE,44562,567.6,1105,3315,560.8,564.6,65
2026-10-08 12:40:37,22284.6,2026-10-13,21700.0,PE,44561,16.2,5438485,28625155,16.25,16.3,65
2026-10-08 12:40:37,22284.6,2026-10-13,21800.0,CE,44564,510.65,46670,77740,517.45,518.75,65
2026-10-08 12:40:37,22284.6,2026-10-13,21750.0,PE,44563,19.55,1162590,16247400,19.4,19.5,65
2026-10-08 12:40:37,22284.6,2026-10-13,22450.0,CE,44608,81.75,5090605,53178580,81.55,81.75,65
2026-10-08 12:40:37,22284.6,2026-10-13,21900.0,PE,44569,33.95,4032795,32875180,33.9,34.0,65
2026-10-08 12:40:37,22284.6,2026-10-13,22400.0,CE,44602,99.9,7880860,60449935,99.5,99.75,65
2026-10-08 12:40:37,22284.6,2026-10-13,22400.0,PE,44604,204.5,4880330,119360215,204.85,205.2,65
2026-10-08 12:40:37,22284.6,2026-10-13,22300.0,PE,44599,149.1,5634200,95809480,149.1,149.5,65
2026-10-08 12:40:37,22284.6,2026-10-13,22300.0,CE,44598,144.35,4522570,25201345,144.35,144.7,65
2026-10-08 12:40:37,22284.6,2026-10-13,22200.0,PE,44595,105.5,8415940,76409905,105.75,105.95,65
2026-10-08 12:40:37,22284.6,2026-10-13,22250.0,PE,44597,126.15,2348255,46209865,126.05,126.4,65
2026-10-08 12:40:37,22284.6,2026-10-13,22250.0,CE,44596,171.4,899405,4837950,171.15,171.55,65
2026-10-08 12:40:37,22284.6,2026-10-13,21700.0,CE,44558,614.25,6110,12090,609.1,612.1,65
2026-10-08 12:40:37,22284.6,2026-10-13,22150.0,PE,44591,88.4,1870765,30874155,88.15,88.4,65
2026-10-08 12:40:37,22284.6,2026-10-13,22200.0,CE,44592,200.35,1656655,7733570,200.3,200.75,65
2026-10-08 12:45:31,22290.65,2026-10-13,22700.0,PE,44621,432.2,3443375,16556735,432.0,433.15,65
2026-10-08 12:45:31,22290.65,2026-10-13,22700.0,CE,44620,26.75,12125685,72109635,26.65,26.75,65
2026-10-08 12:45:31,22290.65,2026-10-13,22750.0,PE,44623,476.3,552890,3481985,476.05,477.0,65
2026-10-08 12:45:31,22290.65,2026-10-13,22750.0,CE,44622,21.1,5239065,29694145,21.1,21.2,65
2026-10-08 12:45:31,22290.65,2026-10-13,22100.0,CE,44584,268.4,407160,1308125,268.05,268.7,65
2026-10-08 12:45:31,22290.65,2026-10-13,22050.0,PE,44583,60.9,2012400,25230790,61.0,61.15,65
2026-10-08 12:45:31,22290.65,2026-10-13,22150.0,CE,44586,233.25,210990,877565,233.0,233.35,65
2026-10-08 12:45:31,22290.65,2026-10-13,22100.0,PE,44585,73.8,4130555,49932415,73.55,73.7,65
2026-10-08 12:45:31,22290.65,2026-10-13,22900.0,PE,44629,617.3,709410,970775,614.55,616.35,65
2026-10-08 12:45:31,22290.65,2026-10-13,22900.0,CE,44628,10.35,7077005,35848735,10.35,10.4,65
2026-10-08 12:45:31,22290.65,2026-10-13,22800.0,PE,44625,521.0,1327950,5069350,520.45,522.0,65
2026-10-08 12:45:31,22290.65,2026-10-13,22800.0,CE,44624,16.5,9890530,57394805,16.5,16.55,65
2026-10-08 12:45:31,22290.65,2026-10-13,22850.0,PE,44627,565.75,202475,625560,567.45,569.2,65
2026-10-08 12:45:31,22290.65,2026-10-13,22850.0,CE,44626,13.05,3821415,23121995,13.0,13.05,65
2026-10-08 12:45:31,22290.65,2026-10-13,22050.0,CE,44582,306.85,81900,239785,304.95,305.75,65
2026-10-08 12:45:31,22290.65,2026-10-13,22000.0,PE,44581,50.8,7607340,69704050,50.65,50.8,65
2026-10-08 12:45:31,22290.65,2026-10-13,22500.0,CE,44612,65.65,13314600,110282640,65.65,65.85,65
2026-10-08 12:45:31,22290.65,2026-10-13,22450.0,PE,44611,236.55,1942785,83559645,236.95,237.2,65
2026-10-08 12:45:31,22290.65,2026-10-13,22000.0,CE,44572,345.0,640510,2037555,344.55,345.45,65
2026-10-08 12:45:31,22290.65,2026-10-13,22650.0,CE,44618,33.65,5345665,36231390,33.6,33.7,65
2026-10-08 12:45:31,22290.65,2026-10-13,22600.0,PE,44617,347.55,3977935,54933645,348.05,348.5,65
2026-10-08 12:45:31,22290.65,2026-10-13,22650.0,PE,44619,387.7,1015690,11636560,388.25,389.15,65
2026-10-08 12:45:31,22290.65,2026-10-13,22550.0,CE,44614,52.9,7234110,57290220,52.75,52.9,65
2026-10-08 12:45:31,22290.65,2026-10-13,22500.0,PE,44613,271.45,4410315,131398800,271.55,272.15,65
2026-10-08 12:45:31,22290.65,2026-10-13,22600.0,CE,44616,42.55,12712895,87177870,42.45,42.55,65
2026-10-08 12:45:31,22290.65,2026-10-13,22550.0,PE,44615,308.1,1551940,55341520,307.95,308.7,65
2026-10-08 12:45:31,22290.65,2026-10-13,21950.0,PE,44571,41.85,1427205,22229285,41.55,41.7,65
2026-10-08 12:45:31,22290.65,2026-10-13,21950.0,CE,44570,385.2,28600,74945,385.6,386.75,65
2026-10-08 12:45:31,22290.65,2026-10-13,21850.0,CE,44566,471.25,5395,10075,471.85,473.5,65
2026-10-08 12:45:31,22290.65,2026-10-13,21800.0,PE,44565,23.6,5509725,32895590,23.45,23.55,65
2026-10-08 12:45:31,22290.65,2026-10-13,21900.0,CE,44568,430.65,46800,110695,427.8,429.1,65
2026-10-08 12:45:31,22290.65,2026-10-13,22350.0,PE,44601,175.75,2361580,72965425,175.75,176.2,65
2026-10-08 12:45:31,22290.65,2026-10-13,22350.0,CE,44600,120.1,3697525,29281785,120.0,120.2,65
2026-10-08 12:45:31,22290.65,2026-10-13,21850.0,PE,44567,28.4,2067000,20122375,28.35,28.45,65
2026-10-08 12:45:31,22290.65,2026-10-13,21750.0,CE,44562,559.1,1170,3380,562.85,565.5,65
2026-10-08 12:45:31,22290.65,2026-10-13,21700.0,PE,44561,16.5,5431920,29305055,16.5,16.6,65
2026-10-08 12:45:31,22290.65,2026-10-13,21800.0,CE,44564,521.95,47060,80080,517.55,519.05,65
2026-10-08 12:45:31,22290.65,2026-10-13,21750.0,PE,44563,19.8,1188395,16554005,19.8,19.9,65
2026-10-08 12:45:31,22290.65,2026-10-13,22450.0,CE,44608,81.15,5154045,53567085,81.15,81.3,65
2026-10-08 12:45:31,22290.65,2026-10-13,21900.0,PE,44569,34.5,4054570,33545005,34.45,34.6,65
2026-10-08 12:45:31,22290.65,2026-10-13,22400.0,CE,44602,99.2,7930975,61384635,99.3,99.4,65
2026-10-08 12:45:31,22290.65,2026-10-13,22400.0,PE,44604,205.1,4781010,119993965,204.65,205.15,65
2026-10-08 12:45:31,22290.65,2026-10-13,22300.0,PE,44599,149.75,5588830,98080775,149.45,149.75,65
2026-10-08 12:45:31,22290.65,2026-10-13,22300.0,CE,44598,144.05,4987450,26738465,144.1,144.45,65
2026-10-08 12:45:31,22290.65,2026-10-13,22200.0,PE,44595,105.45,8450585,78049335,105.55,105.8,65
2026-10-08 12:45:31,22290.65,2026-10-13,22250.0,PE,44597,126.25,2505620,47476065,126.35,126.6,65
2026-10-08 12:45:31,22290.65,2026-10-13,22250.0,CE,44596,171.05,1037335,5306860,170.65,171.1,65
2026-10-08 12:45:31,22290.65,2026-10-13,21700.0,CE,44558,616.3,6240,12870,609.7,611.8,65
2026-10-08 12:45:31,22290.65,2026-10-13,22150.0,PE,44591,88.9,1890525,31483465,88.55,88.8,65
2026-10-08 12:45:31,22290.65,2026-10-13,22200.0,CE,44592,200.5,1756495,8108750,200.5,201.0,65
2026-10-08 12:51:07,22284.25,2026-10-13,22700.0,PE,44621,434.0,3444675,16628625,433.0,434.0,65
2026-10-08 12:51:07,22284.25,2026-10-13,22700.0,CE,44620,26.2,12245610,72946965,26.15,26.25,65
2026-10-08 12:51:07,22284.25,2026-10-13,22750.0,PE,44623,478.0,552045,3494270,477.2,478.5,65
2026-10-08 12:51:07,22284.25,2026-10-13,22750.0,CE,44622,20.8,5241080,29973385,20.7,20.8,65
2026-10-08 12:51:07,22284.25,2026-10-13,22100.0,CE,44584,268.3,412815,1367730,267.0,267.55,65
2026-10-08 12:51:07,22284.25,2026-10-13,22050.0,PE,44583,62.1,1761630,26249860,61.9,62.1,65
2026-10-08 12:51:07,22284.25,2026-10-13,22150.0,CE,44586,232.45,223795,951860,232.1,232.45,65
2026-10-08 12:51:07,22284.25,2026-10-13,22100.0,PE,44585,74.3,4200170,50884795,74.65,74.8,65
2026-10-08 12:51:07,22284.25,2026-10-13,22900.0,PE,44629,616.8,708955,972400,616.35,618.0,65
2026-10-08 12:51:07,22284.25,2026-10-13,22900.0,CE,44628,10.25,7078890,36304645,10.25,10.3,65
2026-10-08 12:51:07,22284.25,2026-10-13,22800.0,PE,44625,522.6,1321450,5090020,522.6,524.1,65
2026-10-08 12:51:07,22284.25,2026-10-13,22800.0,CE,44624,16.3,9931805,58004505,16.2,16.3,65
2026-10-08 12:51:07,22284.25,2026-10-13,22850.0,PE,44627,570.0,202020,630825,569.1,570.75,65
2026-10-08 12:51:07,22284.25,2026-10-13,22850.0,CE,44626,12.9,3691285,23733515,12.85,12.9,65
2026-10-08 12:51:07,22284.25,2026-10-13,22050.0,CE,44582,305.55,81120,249015,304.0,304.75,65
2026-10-08 12:51:07,22284.25,2026-10-13,22000.0,PE,44581,51.15,7930260,71673095,51.3,51.45,65
2026-10-08 12:51:07,22284.25,2026-10-13,22500.0,CE,44612,65.1,13421720,111471815,64.9,65.05,65
2026-10-08 12:51:07,22284.25,2026-10-13,22450.0,PE,44611,237.9,1944800,83847595,237.95,238.5,65
2026-10-08 12:51:07,22284.25,2026-10-13,22000.0,CE,44572,344.05,692250,2162290,343.3,343.85,65
2026-10-08 12:51:07,22284.25,2026-10-13,22650.0,CE,44618,33.15,5285605,36595845,33.05,33.15,65
2026-10-08 12:51:07,22284.25,2026-10-13,22600.0,PE,44617,348.9,3965845,55162185,347.9,348.8,65
2026-10-08 12:51:07,22284.25,2026-10-13,22650.0,PE,44619,390.75,1003925,11670685,389.65,390.65,65
2026-10-08 12:51:07,22284.25,2026-10-13,22550.0,CE,44614,52.05,7244250,57713565,52.05,52.2,65
2026-10-08 12:51:07,22284.25,2026-10-13,22500.0,PE,44613,273.0,4454125,131888770,272.7,273.4,65
2026-10-08 12:51:07,22284.25,2026-10-13,22600.0,CE,44616,41.85,12578930,88248030,41.95,42.0,65
2026-10-08 12:51:07,22284.25,2026-10-13,22550.0,PE,44615,310.05,1542190,55464565,309.25,310.1,65
2026-10-08 12:51:07,22284.25,2026-10-13,21950.0,PE,44571,42.55,1462240,22592570,42.4,42.55,65
2026-10-08 12:51:07,22284.25,2026-10-13,21950.0,CE,44570,387.6,29315,77675,384.25,385.6,65
2026-10-08 12:51:07,22284.25,2026-10-13,21850.0,CE,44566,477.3,5330,10465,470.75,472.55,65
2026-10-08 12:51:07,22284.25,2026-10-13,21800.0,PE,44565,24.05,5617820,33637825,24.0,24.05,65
2026-10-08 12:51:07,22284.25,2026-10-13,21900.0,CE,44568,426.8,47775,113035,427.75,429.05,65
2026-10-08 12:51:07,22284.25,2026-10-13,22350.0,PE,44601,176.2,2322840,73816730,176.5,176.85,65
2026-10-08 12:51:07,22284.25,2026-10-13,22350.0,CE,44600,119.8,3696810,30056845,119.35,119.5,65
2026-10-08 12:51:07,22284.25,2026-10-13,21850.0,PE,44567,28.65,2052245,20629960,28.9,29.05,65
2026-10-08 12:51:07,22284.25,2026-10-13,21750.0,CE,44562,568.55,1300,4030,559.9,563.5,65
2026-10-08 12:51:07,22284.25,2026-10-13,21700.0,PE,44561,16.85,5463770,29863405,16.85,16.95,65
2026-10-08 12:51:07,22284.25,2026-10-13,21800.0,CE,44564,516.0,47190,81965,516.0,517.3,65
2026-10-08 12:51:07,22284.25,2026-10-13,21750.0,PE,44563,20.15,1215955,16920540,20.15,20.25,65
2026-10-08 12:51:07,22284.25,2026-10-13,22450.0,CE,44608,80.5,5153980,54116660,80.4,80.55,65
2026-10-08 12:51:07,22284.25,2026-10-13,21900.0,PE,44569,34.8,3987620,34235890,34.8,34.9,65
2026-10-08 12:51:07,22284.25,2026-10-13,22400.0,CE,44602,98.5,8013915,62513750,98.5,98.7,65
2026-10-08 12:51:07,22284.25,2026-10-13,22400.0,PE,44604,205.6,4786535,120888950,205.6,206.05,65
2026-10-08 12:51:07,22284.25,2026-10-13,22300.0,PE,44599,150.8,5800860,101035740,150.55,151.0,65
2026-10-08 12:51:07,22284.25,2026-10-13,22300.0,CE,44598,143.65,5046275,28580955,143.2,143.55,65
2026-10-08 12:51:07,22284.25,2026-10-13,22200.0,PE,44595,106.35,8555040,79865955,106.75,106.95,65
2026-10-08 12:51:07,22284.25,2026-10-13,22250.0,PE,44597,126.95,2617940,49103470,126.8,127.1,65
2026-10-08 12:51:07,22284.25,2026-10-13,22250.0,CE,44596,170.35,1020955,5818085,170.5,170.9,65
2026-10-08 12:51:07,22284.25,2026-10-13,21700.0,CE,44558,615.65,5980,13130,608.9,611.4,65
2026-10-08 12:51:07,22284.25,2026-10-13,22150.0,PE,44591,89.7,1917565,32282510,89.65,89.75,65
2026-10-08 12:51:07,22284.25,2026-10-13,22200.0,CE,44592,200.05,1762865,8487310,199.65,199.9,65
2026-10-08 12:55:32,22285.7,2026-10-13,22700.0,PE,44621,429.2,3431350,16676725,428.1,429.25,65
2026-10-08 12:55:32,22285.7,2026-10-13,22700.0,CE,44620,26.6,12241060,73313500,26.6,26.7,65
2026-10-08 12:55:32,22285.7,2026-10-13,22750.0,PE,44623,474.0,551655,3497325,471.95,473.1,65
2026-10-08 12:55:32,22285.7,2026-10-13,22750.0,CE,44622,21.0,5261295,30148820,21.0,21.1,65
2026-10-08 12:55:32,22285.7,2026-10-13,22100.0,CE,44584,271.3,417755,1395095,270.75,271.4,65
2026-10-08 12:55:32,22285.7,2026-10-13,22050.0,PE,44583,60.25,1767090,26543660,60.25,60.45,65
2026-10-08 12:55:32,22285.7,2026-10-13,22150.0,CE,44586,235.45,239590,1044875,235.5,236.05,65
2026-10-08 12:55:32,22285.7,2026-10-13,22100.0,PE,44585,72.7,4201340,51383345,72.6,72.8,65
2026-10-08 12:55:32,22285.7,2026-10-13,22900.0,PE,44629,613.85,708305,975910,610.1,612.1,65
2026-10-08 12:55:32,22285.7,2026-10-13,22900.0,CE,44628,10.35,7256860,36735855,10.3,10.35,65
2026-10-08 12:55:32,22285.7,2026-10-13,22800.0,PE,44625,519.0,1307150,5125965,516.95,518.65,65
2026-10-08 12:55:32,22285.7,2026-10-13,22800.0,CE,44624,16.45,9946950,58343870,16.45,16.5,65
2026-10-08 12:55:32,22285.7,2026-10-13,22850.0,PE,44627,565.35,201630,634075,563.5,565.35,65
2026-10-08 12:55:32,22285.7,2026-10-13,22850.0,CE,44626,13.0,3697070,23956790,13.0,13.05,65
2026-10-08 12:55:32,22285.7,2026-10-13,22050.0,CE,44582,307.55,81575,255970,308.05,308.95,65
2026-10-08 12:55:32,22285.7,2026-10-13,22000.0,PE,44581,50.2,7974850,72521605,50.05,50.2,65
2026-10-08 12:55:32,22285.7,2026-10-13,22500.0,CE,44612,66.3,13433160,112090680,66.2,66.4,65
2026-10-08 12:55:32,22285.7,2026-10-13,22450.0,PE,44611,234.5,1952600,83970770,233.75,234.35,65
2026-10-08 12:55:32,22285.7,2026-10-13,22000.0,CE,44572,348.0,711425,2205970,347.5,348.0,65
2026-10-08 12:55:32,22285.7,2026-10-13,22650.0,CE,44618,33.6,5268640,36777130,33.6,33.75,65
2026-10-08 12:55:32,22285.7,2026-10-13,22600.0,PE,44617,344.15,3985345,55308175,344.5,345.35,65
2026-10-08 12:55:32,22285.7,2026-10-13,22650.0,PE,44619,386.0,1003535,11689990,384.9,386.1,65
2026-10-08 12:55:32,22285.7,2026-10-13,22550.0,CE,44614,53.0,7241715,57926375,53.05,53.2,65
2026-10-08 12:55:32,22285.7,2026-10-13,22500.0,PE,44613,269.15,4468490,132153190,268.65,268.95,65
2026-10-08 12:55:32,22285.7,2026-10-13,22600.0,CE,44616,42.65,12545650,88772450,42.55,42.65,65
2026-10-08 12:55:32,22285.7,2026-10-13,22550.0,PE,44615,305.7,1532505,55532620,304.4,305.1,65
2026-10-08 12:55:32,22285.7,2026-10-13,21950.0,PE,44571,41.15,1459315,22815975,41.25,41.45,65
2026-10-08 12:55:32,22285.7,2026-10-13,21950.0,CE,44570,388.65,33735,82745,388.5,389.75,65
2026-10-08 12:55:32,22285.7,2026-10-13,21850.0,CE,44566,480.8,5655,10530,475.2,477.15,65
2026-10-08 12:55:32,22285.7,2026-10-13,21800.0,PE,44565,23.35,5678075,34010405,23.3,23.4,65
2026-10-08 12:55:32,22285.7,2026-10-13,21900.0,CE,44568,431.6,47905,115895,431.3,432.65,65
2026-10-08 12:55:32,22285.7,2026-10-13,22350.0,PE,44601,173.4,2305485,74213035,173.4,173.85,65
2026-10-08 12:55:32,22285.7,2026-10-13,22350.0,CE,44600,121.6,3716310,30389060,121.35,121.7,65
2026-10-08 12:55:32,22285.7,2026-10-13,21850.0,PE,44567,28.0,2066870,20851740,27.9,28.0,65
2026-10-08 12:55:32,22285.7,2026-10-13,21750.0,CE,44562,562.5,1300,4745,565.6,568.1,65
2026-10-08 12:55:32,22285.7,2026-10-13,21700.0,PE,44561,16.4,5475210,30114630,16.4,16.5,65
2026-10-08 12:55:32,22285.7,2026-10-13,21800.0,CE,44564,524.85,47450,82940,520.7,522.05,65
2026-10-08 12:55:32,22285.7,2026-10-13,21750.0,PE,44563,19.55,1222975,17144725,19.6,19.7,65
2026-10-08 12:55:32,22285.7,2026-10-13,22450.0,CE,44608,82.0,5176080,54458755,81.8,82.0,65
2026-10-08 12:55:32,22285.7,2026-10-13,21900.0,PE,44569,33.9,4004585,34533070,34.1,34.2,65
2026-10-08 12:55:32,22285.7,2026-10-13,22400.0,CE,44602,100.5,8067800,63115585,100.15,100.4,65
2026-10-08 12:55:32,22285.7,2026-10-13,22400.0,PE,44604,201.9,4786535,121356755,202.35,202.55,65
2026-10-08 12:55:32,22285.7,2026-10-13,22300.0,PE,44599,147.45,5944315,102661520,147.7,148.05,65
2026-10-08 12:55:32,22285.7,2026-10-13,22300.0,CE,44598,145.55,5247905,29569085,145.6,145.85,65
2026-10-08 12:55:32,22285.7,2026-10-13,22200.0,PE,44595,104.4,8584355,80895555,104.1,104.4,65
2026-10-08 12:55:32,22285.7,2026-10-13,22250.0,PE,44597,125.1,2673450,49910120,125.0,125.2,65
2026-10-08 12:55:32,22285.7,2026-10-13,22250.0,CE,44596,173.05,1059695,6087770,172.65,173.05,65
2026-10-08 12:55:32,22285.7,2026-10-13,21700.0,CE,44558,619.75,6045,13195,612.85,615.35,65
2026-10-08 12:55:32,22285.7,2026-10-13,22150.0,PE,44591,87.6,1943370,32730945,87.3,87.5,65
2026-10-08 12:55:32,22285.7,2026-10-13,22200.0,CE,44592,202.45,1806610,8682765,202.8,203.0,65
2026-10-08 13:00:36,22257.25,2026-10-13,22700.0,PE,44621,453.7,3411135,16800940,452.5,453.6,65
2026-10-08 13:00:36,22257.25,2026-10-13,22700.0,CE,44620,25.35,12256010,74117030,25.35,25.45,65
2026-10-08 13:00:36,22257.25,2026-10-13,22750.0,PE,44623,500.0,550550,3509350,496.35,497.7,65
2026-10-08 13:00:36,22257.25,2026-10-13,22750.0,CE,44622,20.2,5285410,30746105,20.15,20.2,65
2026-10-08 13:00:36,22257.25,2026-10-13,22100.0,CE,44584,255.05,462995,1536210,254.95,255.65,65
2026-10-08 13:00:36,22257.25,2026-10-13,22050.0,PE,44583,68.15,1762410,27365260,68.15,68.35,65
2026-10-08 13:00:36,22257.25,2026-10-13,22150.0,CE,44586,221.5,259740,1176890,220.95,221.45,65
2026-10-08 13:00:36,22257.25,2026-10-13,22100.0,PE,44585,81.4,4106895,52929825,81.8,82.05,65
2026-10-08 13:00:36,22257.25,2026-10-13,22800.0,PE,44625,543.55,1289275,5191485,541.5,543.15,65
2026-10-08 13:00:36,22257.25,2026-10-13,22800.0,CE,44624,15.9,10048935,59089290,15.85,15.9,65
2026-10-08 13:00:36,22257.25,2026-10-13,22850.0,PE,44627,590.0,201760,640445,587.85,589.6,65
2026-10-08 13:00:36,22257.25,2026-10-13,22850.0,CE,44626,12.7,3724370,24263785,12.65,12.7,65
2026-10-08 13:00:36,22257.25,2026-10-13,22050.0,CE,44582,290.0,82875,273910,290.4,291.2,65
2026-10-08 13:00:36,22257.25,2026-10-13,22000.0,PE,44581,56.65,8007935,75329865,56.7,56.85,65
2026-10-08 13:00:36,22257.25,2026-10-13,22500.0,CE,44612,62.3,13435240,113696895,62.05,62.25,65
2026-10-08 13:00:36,22257.25,2026-10-13,22450.0,PE,44611,253.55,1901575,84397690,253.65,254.3,65
2026-10-08 13:00:36,22257.25,2026-10-13,22000.0,CE,44572,328.05,730535,2326610,328.65,329.5,65
2026-10-08 13:00:36,22257.25,2026-10-13,22650.0,CE,44618,31.95,5357040,37361285,31.9,32.05,65
2026-10-08 13:00:36,22257.25,2026-10-13,22600.0,PE,44617,366.9,3939650,55645590,367.2,368.0,65
2026-10-08 13:00:36,22257.25,2026-10-13,22650.0,PE,44619,409.45,995345,11746800,408.75,409.8,65
2026-10-08 13:00:36,22257.25,2026-10-13,22550.0,CE,44614,49.85,7269210,58588920,49.85,50.0,65
2026-10-08 13:00:36,22257.25,2026-10-13,22500.0,PE,44613,290.0,4385680,132938390,289.35,290.1,65
2026-10-08 13:00:36,22257.25,2026-10-13,22600.0,CE,44616,40.4,12601875,90086555,40.25,40.4,65
2026-10-08 13:00:36,22257.25,2026-10-13,22550.0,PE,44615,327.5,1517815,55744000,326.6,327.45,65
2026-10-08 13:00:36,22257.25,2026-10-13,21950.0,PE,44571,46.85,1459315,23357555,46.85,47.0,65
2026-10-08 13:00:36,22257.25,2026-10-13,21950.0,CE,44570,368.35,35360,86060,368.3,369.45,65
2026-10-08 13:00:36,22257.25,2026-10-13,21850.0,CE,44566,455.1,5915,11050,453.85,455.8,65
2026-10-08 13:00:36,22257.25,2026-10-13,21800.0,PE,44565,26.4,5797480,35443785,26.3,26.4,65
2026-10-08 13:00:36,22257.25,2026-10-13,21900.0,CE,44568,412.0,48685,122135,410.65,411.7,65
2026-10-08 13:00:36,22257.25,2026-10-13,22350.0,PE,44601,190.7,2159170,75588955,190.8,191.3,65
2026-10-08 13:00:36,22257.25,2026-10-13,22350.0,CE,44600,113.5,3718585,31407350,113.2,113.5,65
2026-10-08 13:00:36,22257.25,2026-10-13,21850.0,PE,44567,31.75,2037165,21519940,31.8,31.9,65
2026-10-08 13:00:36,22257.25,2026-10-13,21750.0,CE,44562,556.0,2470,5915,543.65,545.75,65
2026-10-08 13:00:36,22257.25,2026-10-13,21700.0,PE,44561,18.45,5475600,30636840,18.3,18.4,65
2026-10-08 13:00:36,22257.25,2026-10-13,21800.0,CE,44564,499.05,49595,91260,498.65,500.15,65
2026-10-08 13:00:36,22257.25,2026-10-13,21750.0,PE,44563,21.95,1178060,17657900,22.05,22.1,65
2026-10-08 13:00:36,22257.25,2026-10-13,22450.0,CE,44608,76.85,5221905,55217110,76.55,76.65,65
2026-10-08 13:00:36,22257.25,2026-10-13,21900.0,PE,44569,38.7,3968835,35441315,38.6,38.7,65
2026-10-08 13:00:36,22257.25,2026-10-13,22400.0,CE,44602,93.65,8264490,65115960,93.65,93.75,65
2026-10-08 13:00:36,22257.25,2026-10-13,22400.0,PE,44604,220.5,4601350,123062030,220.65,221.1,65
2026-10-08 13:00:36,22257.25,2026-10-13,22300.0,PE,44599,163.55,5563675,107436875,163.75,163.9,65
2026-10-08 13:00:36,22257.25,2026-10-13,22300.0,CE,44598,135.9,5430620,31989035,135.75,136.05,65
2026-10-08 13:00:36,22257.25,2026-10-13,21650.0,PE,44557,15.55,1160640,12924730,15.55,15.65,65
2026-10-08 13:00:36,22257.25,2026-10-13,21650.0,CE,44556,648.5,1495,1170,633.95,639.1,65
2026-10-08 13:00:36,22257.25,2026-10-13,22200.0,PE,44595,116.7,8435180,84245265,116.55,116.85,65
2026-10-08 13:00:36,22257.25,2026-10-13,22250.0,PE,44597,138.7,2548065,52942175,138.75,139.05,65
2026-10-08 13:00:36,22257.25,2026-10-13,22250.0,CE,44596,161.8,1254825,6981715,161.5,161.65,65
2026-10-08 13:00:36,22257.25,2026-10-13,21700.0,CE,44558,590.0,6370,14170,587.8,590.8,65
2026-10-08 13:00:36,22257.25,2026-10-13,22150.0,PE,44591,98.1,1934920,34078200,98.15,98.4,65
2026-10-08 13:00:36,22257.25,2026-10-13,22200.0,CE,44592,189.9,1931735,9379825,189.7,190.2,65
2026-10-08 13:05:23,22287.35,2026-10-13,22700.0,PE,44621,431.9,3411460,16862300,430.5,431.6,65
2026-10-08 13:05:23,22287.35,2026-10-13,22700.0,CE,44620,25.9,12328745,74735245,25.95,26.05,65
2026-10-08 13:05:23,22287.35,2026-10-13,22750.0,PE,44623,473.0,552370,3519490,474.05,475.65,65
2026-10-08 13:05:23,22287.35,2026-10-13,22750.0,CE,44622,20.4,5262855,31094895,20.45,20.5,65
2026-10-08 13:05:23,22287.35,2026-10-13,22100.0,CE,44584,269.2,470340,1609790,268.5,269.2,65
2026-10-08 13:05:23,22287.35,2026-10-13,22050.0,PE,44583,61.6,1835080,27969890,61.4,61.6,65
2026-10-08 13:05:23,22287.35,2026-10-13,22150.0,CE,44586,233.5,270010,1266655,233.3,233.8,65
2026-10-08 13:05:23,22287.35,2026-10-13,22100.0,PE,44585,74.25,4163510,53920555,74.05,74.25,65
2026-10-08 13:05:23,22287.35,2026-10-13,22900.0,PE,44629,611.2,705315,986895,613.25,614.75,65
2026-10-08 13:05:23,22287.35,2026-10-13,22900.0,CE,44628,10.1,7291830,37701885,10.0,10.05,65
2026-10-08 13:05:23,22287.35,2026-10-13,22800.0,PE,44625,520.65,1277250,5221320,520.55,521.6,65
2026-10-08 13:05:23,22287.35,2026-10-13,22800.0,CE,44624,16.0,10149425,59672340,16.0,16.05,65
2026-10-08 13:05:23,22287.35,2026-10-13,22850.0,PE,44627,560.45,201500,642265,565.6,567.35,65
2026-10-08 13:05:23,22287.35,2026-10-13,22850.0,CE,44626,12.6,3742700,24474385,12.6,12.65,65
2026-10-08 13:05:23,22287.35,2026-10-13,22050.0,CE,44582,305.9,84240,282230,306.1,306.85,65
2026-10-08 13:05:23,22287.35,2026-10-13,22000.0,PE,44581,51.05,8100365,76971960,50.9,51.05,65
2026-10-08 13:05:23,22287.35,2026-10-13,22500.0,CE,44612,65.3,13494715,114727795,65.1,65.3,65
2026-10-08 13:05:23,22287.35,2026-10-13,22450.0,PE,44611,236.4,1894555,84647160,236.0,236.6,65
2026-10-08 13:05:23,22287.35,2026-10-13,22000.0,CE,44572,346.45,729560,2403115,345.3,346.15,65
2026-10-08 13:05:23,22287.35,2026-10-13,22650.0,CE,44618,32.95,5360485,37573965,32.85,33.0,65
2026-10-08 13:05:23,22287.35,2026-10-13,22600.0,PE,44617,346.6,3929380,55806660,346.8,347.7,65
2026-10-08 13:05:23,22287.35,2026-10-13,22650.0,PE,44619,388.15,983645,11782030,387.35,388.3,65
2026-10-08 13:05:23,22287.35,2026-10-13,22550.0,CE,44614,52.05,7314125,59004010,52.05,52.2,65
2026-10-08 13:05:23,22287.35,2026-10-13,22500.0,PE,44613,271.4,4277845,133392220,270.65,271.3,65
2026-10-08 13:05:23,22287.35,2026-10-13,22600.0,CE,44616,41.75,12612470,90811890,41.65,41.7,65
2026-10-08 13:05:23,22287.35,2026-10-13,22550.0,PE,44615,307.1,1498835,55852745,306.75,307.55,65
2026-10-08 13:05:23,22287.35,2026-10-13,21950.0,PE,44571,42.2,1479855,23659545,42.0,42.15,65
2026-10-08 13:05:23,22287.35,2026-10-13,21950.0,CE,44570,390.0,36400,88465,386.0,387.45,65
2026-10-08 13:05:23,22287.35,2026-10-13,21850.0,CE,44566,472.15,6695,12155,472.8,474.2,65
2026-10-08 13:05:23,22287.35,2026-10-13,21800.0,PE,44565,23.75,5745285,36356190,23.75,23.8,65
2026-10-08 13:05:23,22287.35,2026-10-13,21900.0,CE,44568,431.95,50180,127790,428.5,429.85,65
2026-10-08 13:05:23,22287.35,2026-10-13,22350.0,PE,44601,175.35,2118935,76283090,174.95,175.35,65
2026-10-08 13:05:23,22287.35,2026-10-13,22350.0,CE,44600,120.0,3747575,32042010,120.15,120.4,65
2026-10-08 13:05:23,22287.35,2026-10-13,21850.0,PE,44567,28.5,2015975,22082905,28.6,28.65,65
2026-10-08 13:05:23,22287.35,2026-10-13,21750.0,CE,44562,570.45,2405,5980,561.35,565.9,65
2026-10-08 13:05:23,22287.35,2026-10-13,21700.0,PE,44561,16.65,5438485,31055115,16.55,16.65,65
2026-10-08 13:05:23,22287.35,2026-10-13,21800.0,CE,44564,521.0,50765,96785,517.45,519.0,65
2026-10-08 13:05:23,22287.35,2026-10-13,21750.0,PE,44563,19.9,1221480,18008445,19.9,20.0,65
2026-10-08 13:05:23,22287.35,2026-10-13,22450.0,CE,44608,80.6,5243030,55741725,80.55,80.7,65
2026-10-08 13:05:23,22287.35,2026-10-13,21900.0,PE,44569,34.8,3970525,36163335,34.7,34.8,65
2026-10-08 13:05:23,22287.35,2026-10-13,22400.0,CE,44602,99.0,8349835,66383330,98.75,99.0,65
2026-10-08 13:05:23,22287.35,2026-10-13,22400.0,PE,44604,204.6,4489485,123988410,204.05,204.55,65
2026-10-08 13:05:23,22287.35,2026-10-13,22300.0,PE,44599,149.45,5417035,109847140,149.15,149.45,65
2026-10-08 13:05:23,22287.35,2026-10-13,22300.0,CE,44598,144.1,5450900,34320260,144.1,144.45,65
2026-10-08 13:05:23,22287.35,2026-10-13,22200.0,PE,44595,106.15,8363810,86223995,105.65,105.9,65
2026-10-08 13:05:23,22287.35,2026-10-13,22250.0,PE,44597,126.9,2585310,54513680,126.3,126.6,65
2026-10-08 13:05:23,22287.35,2026-10-13,22250.0,CE,44596,170.85,1353885,7722585,171.1,171.55,65
2026-10-08 13:05:23,22287.35,2026-10-13,21700.0,CE,44558,610.15,6695,14495,608.95,612.05,65
2026-10-08 13:05:23,22287.35,2026-10-13,22150.0,PE,44591,89.15,1965535,34850465,88.85,89.1,65
2026-10-08 13:05:23,22287.35,2026-10-13,22200.0,CE,44592,201.0,2023970,10009480,201.35,201.65,65
2026-10-08 13:10:31,22276.7,2026-10-13,22700.0,PE,44621,436.65,3409250,16896750,435.5,436.6,65
2026-10-08 13:10:31,22276.7,2026-10-13,22700.0,CE,44620,25.85,12422085,75282350,25.75,25.85,65
2026-10-08 13:10:31,22276.7,2026-10-13,22750.0,PE,44623,478.0,551395,3524105,479.45,480.85,65
2026-10-08 13:10:31,22276.7,2026-10-13,22750.0,CE,44622,20.3,5291390,31389930,20.25,20.35,65
2026-10-08 13:10:31,22276.7,2026-10-13,22100.0,CE,44584,267.6,477685,1658215,266.0,266.45,65
2026-10-08 13:10:31,22276.7,2026-10-13,22050.0,PE,44583,63.35,1898130,28495155,63.3,63.5,65
2026-10-08 13:10:31,22276.7,2026-10-13,22150.0,CE,44586,231.4,268775,1318850,231.8,232.35,65
2026-10-08 13:10:31,22276.7,2026-10-13,22100.0,PE,44585,76.5,4205370,54602990,76.35,76.55,65
2026-10-08 13:10:31,22276.7,2026-10-13,22900.0,PE,44629,613.35,704730,988975,618.95,620.65,65
2026-10-08 13:10:31,22276.7,2026-10-13,22900.0,CE,44628,9.8,7292350,38151750,9.8,9.9,65
2026-10-08 13:10:31,22276.7,2026-10-13,22800.0,PE,44625,522.4,1293305,5263765,524.75,526.0,65
2026-10-08 13:10:31,22276.7,2026-10-13,22800.0,CE,44624,15.85,10106395,60124545,15.8,15.9,65
2026-10-08 13:10:31,22276.7,2026-10-13,22850.0,PE,44627,566.1,202605,645125,570.9,572.7,65
2026-10-08 13:10:31,22276.7,2026-10-13,22850.0,CE,44626,12.55,3736460,24662820,12.45,12.55,65
2026-10-08 13:10:31,22276.7,2026-10-13,22050.0,CE,44582,308.6,85150,290355,302.65,303.45,65
2026-10-08 13:10:31,22276.7,2026-10-13,22000.0,PE,44581,52.95,8239075,78316680,52.75,52.95,65
2026-10-08 13:10:31,22276.7,2026-10-13,22500.0,CE,44612,64.8,13491530,115572535,64.65,64.8,65
2026-10-08 13:10:31,22276.7,2026-10-13,22450.0,PE,44611,240.0,1903070,84894550,240.1,240.55,65
2026-10-08 13:10:31,22276.7,2026-10-13,22000.0,CE,44572,343.6,738270,2441075,342.15,342.95,65
2026-10-08 13:10:31,22276.7,2026-10-13,22650.0,CE,44618,32.75,5386095,37919635,32.6,32.7,65
2026-10-08 13:10:31,22276.7,2026-10-13,22600.0,PE,44617,350.9,3921450,55942250,351.05,352.0,65
2026-10-08 13:10:31,22276.7,2026-10-13,22650.0,PE,44619,391.5,980005,11795485,392.3,393.3,65
2026-10-08 13:10:31,22276.7,2026-10-13,22550.0,CE,44614,51.65,7337330,59358910,51.6,51.75,65
2026-10-08 13:10:31,22276.7,2026-10-13,22500.0,PE,44613,274.5,4283565,133714230,273.9,274.5,65
2026-10-08 13:10:31,22276.7,2026-10-13,22600.0,CE,44616,41.45,12541100,91432185,41.25,41.4,65
2026-10-08 13:10:31,22276.7,2026-10-13,22550.0,PE,44615,310.45,1492335,55960320,310.35,311.2,65
2026-10-08 13:10:31,22276.7,2026-10-13,21950.0,PE,44571,43.5,1529840,24026665,43.55,43.7,65
2026-10-08 13:10:31,22276.7,2026-10-13,21950.0,CE,44570,392.1,36465,89180,382.6,383.9,65
2026-10-08 13:10:31,22276.7,2026-10-13,21850.0,CE,44566,476.8,7020,12740,468.75,470.15,65
2026-10-08 13:10:31,22276.7,2026-10-13,21800.0,PE,44565,24.65,5737940,36957050,24.6,24.7,65
2026-10-08 13:10:31,22276.7,2026-10-13,21900.0,CE,44568,425.75,52065,140140,424.55,425.75,65
2026-10-08 13:10:31,22276.7,2026-10-13,22350.0,PE,44601,179.25,2161835,76842415,178.8,179.25,65
2026-10-08 13:10:31,22276.7,2026-10-13,22350.0,CE,44600,118.9,3744715,32479655,118.55,118.8,65
2026-10-08 13:10:31,22276.7,2026-10-13,21850.0,PE,44567,29.85,2034760,22467120,29.85,29.9,65
2026-10-08 13:10:31,22276.7,2026-10-13,21750.0,CE,44562,567.8,2405,6305,558.75,561.2,65
2026-10-08 13:10:31,22276.7,2026-10-13,21700.0,PE,44561,17.5,5449145,31312125,17.4,17.5,65
2026-10-08 13:10:31,22276.7,2026-10-13,21800.0,CE,44564,521.8,49595,100945,513.35,514.8,65
2026-10-08 13:10:31,22276.7,2026-10-13,21750.0,PE,44563,20.9,1228630,18205395,20.85,20.95,65
2026-10-08 13:10:31,22276.7,2026-10-13,22450.0,CE,44608,79.75,5209035,56205370,79.65,79.85,65
2026-10-08 13:10:31,22276.7,2026-10-13,21900.0,PE,44569,35.95,3991845,36550995,36.0,36.15,65
2026-10-08 13:10:31,22276.7,2026-10-13,22400.0,CE,44602,97.75,8307065,67145065,97.65,97.85,65
2026-10-08 13:10:31,22276.7,2026-10-13,22400.0,PE,44604,206.7,4480905,124614685,206.7,207.0,65
2026-10-08 13:10:31,22276.7,2026-10-13,22300.0,PE,44599,152.3,5663775,111967115,152.9,153.25,65
2026-10-08 13:10:31,22276.7,2026-10-13,22300.0,CE,44598,143.0,5534620,35922965,142.35,142.7,65
2026-10-08 13:10:31,22276.7,2026-10-13,22200.0,PE,44595,108.3,8444345,87878635,108.25,108.55,65
2026-10-08 13:10:31,22276.7,2026-10-13,22250.0,PE,44597,129.3,2920515,55989830,129.55,129.9,65
2026-10-08 13:10:31,22276.7,2026-10-13,22250.0,CE,44596,169.6,1377090,8219315,169.15,169.6,65
2026-10-08 13:10:31,22276.7,2026-10-13,21700.0,CE,44558,614.5,6630,14820,604.1,607.9,65
2026-10-08 13:10:31,22276.7,2026-10-13,22150.0,PE,44591,91.05,2037100,35465885,91.3,91.5,65
2026-10-08 13:10:31,22276.7,2026-10-13,22200.0,CE,44592,198.7,2085265,10475465,199.45,199.85,65
2026-10-08 13:15:32,22262.3,2026-10-13,22700.0,PE,44621,449.0,3405870,17027660,447.65,448.65,65
2026-10-08 13:15:32,22262.3,2026-10-13,22700.0,CE,44620,25.45,12462580,75874240,25.3,25.4,65
2026-10-08 13:15:32,22262.3,2026-10-13,22750.0,PE,44623,494.2,550550,3530020,492.0,493.2,65
2026-10-08 13:15:32,22262.3,2026-10-13,22750.0,CE,44622,20.0,5320900,31768100,20.0,20.05,65
2026-10-08 13:15:32,22262.3,2026-10-13,22100.0,CE,44584,257.65,480805,1737125,257.65,258.1,65
2026-10-08 13:15:32,22262.3,2026-10-13,22050.0,PE,44583,66.95,1891565,28963675,66.9,67.05,65
2026-10-08 13:15:32,22262.3,2026-10-13,22150.0,CE,44586,223.55,275080,1375205,222.75,223.3,65
2026-10-08 13:15:32,22262.3,2026-10-13,22100.0,PE,44585,80.7,4200235,55443180,80.6,80.85,65
2026-10-08 13:15:32,22262.3,2026-10-13,22800.0,PE,44625,537.9,1296620,5292495,537.2,539.0,65
2026-10-08 13:15:32,22262.3,2026-10-13,22800.0,CE,44624,15.75,10181795,60702005,15.65,15.75,65
2026-10-08 13:15:32,22262.3,2026-10-13,22850.0,PE,44627,585.0,201630,649025,583.9,585.75,65
2026-10-08 13:15:32,22262.3,2026-10-13,22850.0,CE,44626,12.4,3778905,24887070,12.45,12.5,65
2026-10-08 13:15:32,22262.3,2026-10-13,22050.0,CE,44582,293.4,86710,298285,293.55,294.2,65
2026-10-08 13:15:32,22262.3,2026-10-13,22000.0,PE,44581,55.65,8129550,79499290,55.7,55.75,65
2026-10-08 13:15:32,22262.3,2026-10-13,22500.0,CE,44612,62.4,13561145,116374765,62.2,62.35,65
2026-10-08 13:15:32,22262.3,2026-10-13,22450.0,PE,44611,251.0,1901250,85120815,250.75,250.95,65
2026-10-08 13:15:32,22262.3,2026-10-13,22000.0,CE,44572,331.8,744835,2511210,332.35,332.85,65
2026-10-08 13:15:32,22262.3,2026-10-13,22650.0,CE,44618,31.95,5803070,38657840,31.95,32.05,65
2026-10-08 13:15:32,22262.3,2026-10-13,22600.0,PE,44617,363.3,3885115,56070885,362.65,363.55,65
2026-10-08 13:15:32,22262.3,2026-10-13,22650.0,PE,44619,404.8,975845,11820185,403.95,404.95,65
2026-10-08 13:15:32,22262.3,2026-10-13,22550.0,CE,44614,50.0,7323290,59774780,50.0,50.15,65
2026-10-08 13:15:32,22262.3,2026-10-13,22500.0,PE,44613,286.5,4257110,134059705,285.85,286.5,65
2026-10-08 13:15:32,22262.3,2026-10-13,22600.0,CE,44616,40.3,12609545,92169480,40.25,40.35,65
2026-10-08 13:15:32,22262.3,2026-10-13,22550.0,PE,44615,323.1,1474265,56049175,322.45,323.2,65
2026-10-08 13:15:32,22262.3,2026-10-13,21950.0,PE,44571,46.25,1536795,24329630,45.9,46.05,65
2026-10-08 13:15:32,22262.3,2026-10-13,21950.0,CE,44570,372.9,37505,91910,372.5,373.45,65
2026-10-08 13:15:32,22262.3,2026-10-13,21850.0,CE,44566,461.35,7020,13195,457.85,459.15,65
2026-10-08 13:15:32,22262.3,2026-10-13,21800.0,PE,44565,26.05,5774990,37469640,26.05,26.15,65
2026-10-08 13:15:32,22262.3,2026-10-13,21900.0,CE,44568,414.95,59215,162630,413.8,415.0,65
2026-10-08 13:15:32,22262.3,2026-10-13,22350.0,PE,44601,187.4,2149485,77425660,187.1,187.55,65
2026-10-08 13:15:32,22262.3,2026-10-13,22350.0,CE,44600,114.7,3757195,32876545,114.4,114.65,65
2026-10-08 13:15:32,22262.3,2026-10-13,21850.0,PE,44567,31.5,2009735,22825335,31.3,31.4,65
2026-10-08 13:15:32,22262.3,2026-10-13,21750.0,CE,44562,555.7,2535,6435,547.2,549.4,65
2026-10-08 13:15:32,22262.3,2026-10-13,21700.0,PE,44561,18.25,5438745,31617625,18.15,18.25,65
2026-10-08 13:15:32,22262.3,2026-10-13,21800.0,CE,44564,501.65,49855,103090,501.65,503.1,65
2026-10-08 13:15:32,22262.3,2026-10-13,21750.0,PE,44563,21.9,1240525,18468580,21.85,21.95,65
2026-10-08 13:15:32,22262.3,2026-10-13,22450.0,CE,44608,77.0,5236335,56551885,77.05,77.15,65
2026-10-08 13:15:32,22262.3,2026-10-13,21900.0,PE,44569,38.2,4009330,36932675,38.0,38.15,65
2026-10-08 13:15:32,22262.3,2026-10-13,22400.0,CE,44602,94.5,8379930,67941770,94.35,94.6,65
2026-10-08 13:15:32,22262.3,2026-10-13,22400.0,PE,44604,217.55,4455360,125315580,216.95,217.45,65
2026-10-08 13:15:32,22262.3,2026-10-13,22300.0,PE,44599,161.2,5683210,114021440,160.25,160.7,65
2026-10-08 13:15:32,22262.3,2026-10-13,22300.0,CE,44598,137.25,5633420,37230895,137.5,137.7,65
2026-10-08 13:15:32,22262.3,2026-10-13,21650.0,PE,44557,15.55,1161810,13544115,15.45,15.55,65
2026-10-08 13:15:32,22262.3,2026-10-13,21650.0,CE,44556,655.25,1690,1235,638.3,643.0,65
2026-10-08 13:15:32,22262.3,2026-10-13,22200.0,PE,44595,115.1,8382465,89460930,114.75,115.05,65
2026-10-08 13:15:32,22262.3,2026-10-13,22250.0,PE,44597,136.8,2841930,57462990,136.25,136.6,65
2026-10-08 13:15:32,22262.3,2026-10-13,22250.0,CE,44596,163.25,1388790,8699925,163.25,163.6,65
2026-10-08 13:15:32,22262.3,2026-10-13,21700.0,CE,44558,603.65,6760,15145,593.05,595.65,65
2026-10-08 13:15:32,22262.3,2026-10-13,22150.0,PE,44591,96.85,2006550,36244975,96.65,96.95,65
2026-10-08 13:15:32,22262.3,2026-10-13,22200.0,CE,44592,192.0,2122705,10852595,192.0,192.5,65
2026-10-08 13:20:53,22242.95,2026-10-13,22700.0,PE,44621,459.1,3377920,17399655,457.7,458.95,65
2026-10-08 13:20:53,22242.95,2026-10-13,22700.0,CE,44620,24.55,12526085,76777545,24.4,24.55,65
2026-10-08 13:20:53,22242.95,2026-10-13,22750.0,PE,44623,503.6,547560,3545880,501.45,502.85,65
2026-10-08 13:20:53,22242.95,2026-10-13,22750.0,CE,44622,19.35,5353075,32313710,19.35,19.4,65
2026-10-08 13:20:53,22242.95,2026-10-13,22100.0,CE,44584,248.9,518830,1907230,248.95,249.65,65
2026-10-08 13:20:53,22242.95,2026-10-13,22050.0,PE,44583,68.5,1931995,29758560,68.15,68.35,65
2026-10-08 13:20:53,22242.95,2026-10-13,22150.0,CE,44586,215.55,322075,1535885,215.4,215.95,65
2026-10-08 13:20:53,22242.95,2026-10-13,22100.0,PE,44585,82.6,4230720,56878705,82.25,82.45,65
2026-10-08 13:20:53,22242.95,2026-10-13,22800.0,PE,44625,548.25,1276470,5342545,546.75,548.4,65
2026-10-08 13:20:53,22242.95,2026-10-13,22800.0,CE,44624,15.3,10184915,61196590,15.3,15.35,65
2026-10-08 13:20:53,22242.95,2026-10-13,22850.0,PE,44627,594.75,200720,653380,594.05,595.9,65
2026-10-08 13:20:53,22242.95,2026-10-13,22850.0,CE,44626,12.2,3727295,25134980,12.2,12.3,65
2026-10-08 13:20:53,22242.95,2026-10-13,22050.0,CE,44582,284.75,91780,317720,284.8,285.5,65
2026-10-08 13:20:53,22242.95,2026-10-13,22000.0,PE,44581,56.65,8139365,81282240,56.75,56.95,65
2026-10-08 13:20:53,22242.95,2026-10-13,22500.0,CE,44612,59.6,13531570,118180855,59.5,59.7,65
2026-10-08 13:20:53,22242.95,2026-10-13,22450.0,PE,44611,256.35,1905865,85547215,256.4,257.0,65
2026-10-08 13:20:53,22242.95,2026-10-13,22000.0,CE,44572,323.45,715065,2716090,322.45,323.35,65
2026-10-08 13:20:53,22242.95,2026-10-13,22650.0,CE,44618,30.65,5857280,39172900,30.7,30.8,65
2026-10-08 13:20:53,22242.95,2026-10-13,22600.0,PE,44617,372.9,3831230,56371510,372.55,373.2,65
2026-10-08 13:20:53,22242.95,2026-10-13,22650.0,PE,44619,413.4,958490,11863410,414.45,415.6,65
2026-10-08 13:20:53,22242.95,2026-10-13,22550.0,CE,44614,47.75,7347080,60538985,47.6,47.75,65
2026-10-08 13:20:53,22242.95,2026-10-13,22500.0,PE,44613,293.65,4180345,134693455,292.6,293.2,65
2026-10-08 13:20:53,22242.95,2026-10-13,22600.0,CE,44616,38.55,12670515,93740530,38.5,38.6,65
2026-10-08 13:20:53,22242.95,2026-10-13,22550.0,PE,44615,331.75,1459380,56219930,332.0,332.9,65
2026-10-08 13:20:53,22242.95,2026-10-13,21950.0,PE,44571,46.95,1518985,24959545,46.95,47.1,65
2026-10-08 13:20:53,22242.95,2026-10-13,21950.0,CE,44570,363.6,38090,100035,361.25,362.55,65
2026-10-08 13:20:53,22242.95,2026-10-13,21850.0,CE,44566,450.55,6825,13715,447.6,449.0,65
2026-10-08 13:20:53,22242.95,2026-10-13,21800.0,PE,44565,26.25,5782205,38338885,26.0,26.1,65
2026-10-08 13:20:53,22242.95,2026-10-13,21900.0,CE,44568,404.95,69680,186485,403.35,404.35,65
2026-10-08 13:20:53,22242.95,2026-10-13,22350.0,PE,44601,193.1,2096770,78666835,192.75,193.3,65
2026-10-08 13:20:53,22242.95,2026-10-13,22350.0,CE,44600,109.05,3762265,33968025,109.05,109.35,65
2026-10-08 13:20:53,22242.95,2026-10-13,21850.0,PE,44567,31.85,2047175,23416640,31.55,31.65,65
2026-10-08 13:20:53,22242.95,2026-10-13,21750.0,CE,44562,555.7,2535,6435,534.05,537.95,65
2026-10-08 13:20:53,22242.95,2026-10-13,21700.0,PE,44561,18.25,5412030,32096285,18.25,18.3,65
2026-10-08 13:20:53,22242.95,2026-10-13,21800.0,CE,44564,493.7,52260,111930,492.15,493.65,65
2026-10-08 13:20:53,22242.95,2026-10-13,21750.0,PE,44563,21.85,1263925,19158100,21.8,21.9,65
2026-10-08 13:20:53,22242.95,2026-10-13,22450.0,CE,44608,73.55,5292950,57419180,73.4,73.55,65
2026-10-08 13:20:53,22242.95,2026-10-13,21900.0,PE,44569,38.5,4003350,37704030,38.6,38.75,65
2026-10-08 13:20:53,22242.95,2026-10-13,22400.0,CE,44602,89.75,8250645,70328440,90.0,90.05,65
2026-10-08 13:20:53,22242.95,2026-10-13,22400.0,PE,44604,224.1,4340180,126769890,223.15,223.3,65
2026-10-08 13:20:53,22242.95,2026-10-13,22300.0,PE,44599,165.5,5383690,117831220,165.1,165.5,65
2026-10-08 13:20:53,22242.95,2026-10-13,22300.0,CE,44598,131.2,5881980,39367965,131.0,131.2,65
2026-10-08 13:20:53,22242.95,2026-10-13,21650.0,PE,44557,15.4,1180205,13771615,15.4,15.5,65
2026-10-08 13:20:53,22242.95,2026-10-13,21650.0,CE,44556,655.25,1690,1235,627.4,632.75,65
2026-10-08 13:20:53,22242.95,2026-10-13,22200.0,PE,44595,118.95,8232835,92714375,118.65,118.95,65
2026-10-08 13:20:53,22242.95,2026-10-13,22250.0,PE,44597,140.15,2733185,60480030,140.7,140.85,65
2026-10-08 13:20:53,22242.95,2026-10-13,22250.0,CE,44596,156.45,1592110,10132265,156.15,156.4,65
2026-10-08 13:20:53,22242.95,2026-10-13,21700.0,CE,44558,586.45,6760,15860,582.85,585.3,65
2026-10-08 13:20:53,22242.95,2026-10-13,22150.0,PE,44591,99.15,1946620,37678745,98.65,98.9,65
2026-10-08 13:20:53,22242.95,2026-10-13,22200.0,CE,44592,184.25,2287220,11716445,184.0,184.3,65
2026-10-08 13:25:34,22262.7,2026-10-13,22700.0,PE,44621,444.5,3360565,17506320,443.7,444.6,65
2026-10-08 13:25:34,22262.7,2026-10-13,22700.0,CE,44620,25.05,12598690,77523420,25.0,25.05,65
2026-10-08 13:25:34,22262.7,2026-10-13,22750.0,PE,44623,488.0,547495,3556280,486.95,488.3,65
2026-10-08 13:25:34,22262.7,2026-10-13,22750.0,CE,44622,19.85,5340335,32652815,19.75,19.8,65
2026-10-08 13:25:34,22262.7,2026-10-13,22100.0,CE,44584,258.4,546390,2054650,258.1,258.75,65
2026-10-08 13:25:34,22262.7,2026-10-13,22050.0,PE,44583,63.9,1910480,30349020,63.8,64.0,65
2026-10-08 13:25:34,22262.7,2026-10-13,22150.0,CE,44586,223.8,341250,1669590,224.05,224.55,65
2026-10-08 13:25:34,22262.7,2026-10-13,22100.0,PE,44585,76.95,4276805,58241170,76.95,77.15,65
2026-10-08 13:25:34,22262.7,2026-10-13,22800.0,PE,44625,532.0,1278615,5367050,533.35,534.95,65
2026-10-08 13:25:34,22262.7,2026-10-13,22800.0,CE,44624,15.5,10220665,61953775,15.4,15.45,65
2026-10-08 13:25:34,22262.7,2026-10-13,22850.0,PE,44627,580.0,201045,655785,580.15,581.75,65
2026-10-08 13:25:34,22262.7,2026-10-13,22850.0,CE,44626,12.25,3763500,25317890,12.2,12.25,65
2026-10-08 13:25:34,22262.7,2026-10-13,22050.0,CE,44582,295.1,92430,338715,294.9,295.7,65
2026-10-08 13:25:34,22262.7,2026-10-13,22000.0,PE,44581,52.85,8244405,82978220,52.85,53.05,65
2026-10-08 13:25:34,22262.7,2026-10-13,22500.0,CE,44612,62.15,13490035,119813915,61.95,62.15,65
2026-10-08 13:25:34,22262.7,2026-10-13,22450.0,PE,44611,245.6,1883765,85785895,245.5,246.05,65
2026-10-08 13:25:34,22262.7,2026-10-13,22000.0,CE,44572,334.65,728065,2877095,333.55,334.45,65
2026-10-08 13:25:34,22262.7,2026-10-13,22650.0,CE,44618,31.6,5841095,39735800,31.55,31.6,65
2026-10-08 13:25:34,22262.7,2026-10-13,22600.0,PE,44617,358.7,3771625,56598360,358.0,358.9,65
2026-10-08 13:25:34,22262.7,2026-10-13,22650.0,PE,44619,400.0,954525,11894090,400.05,401.15,65
2026-10-08 13:25:34,22262.7,2026-10-13,22550.0,CE,44614,49.5,7381595,61092070,49.35,49.5,65
2026-10-08 13:25:34,22262.7,2026-10-13,22500.0,PE,44613,280.2,4119895,135127590,280.3,281.0,65
2026-10-08 13:25:34,22262.7,2026-10-13,22600.0,CE,44616,40.05,12727130,94872960,39.95,40.05,65
2026-10-08 13:25:34,22262.7,2026-10-13,22550.0,PE,44615,318.4,1451580,56347720,318.35,319.0,65
2026-10-08 13:25:34,22262.7,2026-10-13,21950.0,PE,44571,43.55,1525680,25389975,43.45,43.6,65
2026-10-08 13:25:34,22262.7,2026-10-13,21950.0,CE,44570,377.1,41080,108160,374.2,375.4,65
2026-10-08 13:25:34,22262.7,2026-10-13,21850.0,CE,44566,463.4,7735,15275,460.0,461.8,65
2026-10-08 13:25:34,22262.7,2026-10-13,21800.0,PE,44565,24.3,5800925,39130195,24.3,24.4,65
2026-10-08 13:25:34,22262.7,2026-10-13,21900.0,CE,44568,418.05,70265,196495,416.2,417.4,65
2026-10-08 13:25:34,22262.7,2026-10-13,22350.0,PE,44601,182.6,2065245,79387490,182.85,183.2,65
2026-10-08 13:25:34,22262.7,2026-10-13,22350.0,CE,44600,114.15,3827460,34771620,113.85,114.0,65
2026-10-08 13:25:34,22262.7,2026-10-13,21850.0,PE,44567,29.35,2049060,23775245,29.35,29.45,65
2026-10-08 13:25:34,22262.7,2026-10-13,21750.0,CE,44562,555.7,2535,6435,549.45,551.5,65
2026-10-08 13:25:34,22262.7,2026-10-13,21700.0,PE,44561,17.0,5447845,32485440,16.85,16.95,65
2026-10-08 13:25:34,22262.7,2026-10-13,21800.0,CE,44564,508.75,54080,115180,504.6,505.95,65
2026-10-08 13:25:34,22262.7,2026-10-13,21750.0,PE,44563,20.3,1287390,19583980,20.45,20.55,65
2026-10-08 13:25:34,22262.7,2026-10-13,22450.0,CE,44608,76.8,5351580,58047990,76.4,76.6,65
2026-10-08 13:25:34,22262.7,2026-10-13,21900.0,PE,44569,35.8,4004975,38434955,35.7,35.85,65
2026-10-08 13:25:34,22262.7,2026-10-13,22400.0,CE,44602,93.8,8437650,71907355,93.75,93.95,65
2026-10-08 13:25:34,22262.7,2026-10-13,22400.0,PE,44604,211.95,4278300,127938850,212.25,212.45,65
2026-10-08 13:25:34,22262.7,2026-10-13,22300.0,PE,44599,156.0,5285865,120333395,156.3,156.65,65
2026-10-08 13:25:34,22262.7,2026-10-13,22300.0,CE,44598,137.2,6134440,41616120,136.85,137.1,65
2026-10-08 13:25:34,22262.7,2026-10-13,21650.0,PE,44557,14.4,1172990,14036490,14.35,14.45,65
2026-10-08 13:25:34,22262.7,2026-10-13,21650.0,CE,44556,655.25,1690,1235,642.2,646.85,65
2026-10-08 13:25:34,22262.7,2026-10-13,22200.0,PE,44595,110.85,8165170,95416100,110.9,111.15,65
2026-10-08 13:25:34,22262.7,2026-10-13,22250.0,PE,44597,132.15,2913040,62755550,131.9,132.2,65
2026-10-08 13:25:34,22262.7,2026-10-13,22250.0,CE,44596,163.35,1766440,11642280,163.3,163.7,65
2026-10-08 13:25:34,22262.7,2026-10-13,21700.0,CE,44558,601.0,8580,18395,596.75,598.35,65
2026-10-08 13:25:34,22262.7,2026-10-13,22150.0,PE,44591,92.55,1955655,38719850,92.6,92.9,65
2026-10-08 13:25:34,22262.7,2026-10-13,22200.0,CE,44592,192.85,2544165,12788165,192.0,192.4,65
2026-10-08 13:30:29,22233.65,2026-10-13,22700.0,PE,44621,465.95,3344055,17558580,464.85,466.0,65
2026-10-08 13:30:29,22233.65,2026-10-13,22700.0,CE,44620,24.2,12594270,78002795,24.15,24.2,65
2026-10-08 13:30:29,22233.65,2026-10-13,22750.0,PE,44623,509.0,547300,3565510,508.9,510.25,65
2026-10-08 13:30:29,22233.65,2026-10-13,22750.0,CE,44622,19.35,5338775,32995040,19.25,19.3,65
2026-10-08 13:30:29,22233.65,2026-10-13,22100.0,CE,44584,244.3,553020,2157220,245.1,245.65,65
2026-10-08 13:30:29,22233.65,2026-10-13,22050.0,PE,44583,71.15,1810640,30986150,71.05,71.25,65
2026-10-08 13:30:29,22233.65,2026-10-13,22150.0,CE,44586,212.05,340860,1764035,212.0,212.25,65
2026-10-08 13:30:29,22233.65,2026-10-13,22100.0,PE,44585,85.75,4225130,59345715,85.75,85.9,65
2026-10-08 13:30:29,22233.65,2026-10-13,22800.0,PE,44625,554.75,1293890,5453305,554.65,556.5,65
2026-10-08 13:30:29,22233.65,2026-10-13,22800.0,CE,44624,15.15,10210395,62489830,15.15,15.2,65
2026-10-08 13:30:29,22233.65,2026-10-13,22850.0,PE,44627,601.85,202150,662155,601.3,603.4,65
2026-10-08 13:30:29,22233.65,2026-10-13,22850.0,CE,44626,12.25,3772210,25423060,12.2,12.25,65
2026-10-08 13:30:29,22233.65,2026-10-13,22050.0,CE,44582,279.9,98020,355615,280.1,280.85,65
2026-10-08 13:30:29,22233.65,2026-10-13,22000.0,PE,44581,59.3,8211515,84790745,59.05,59.25,65
2026-10-08 13:30:29,22233.65,2026-10-13,22500.0,CE,44612,58.75,13431145,120653585,58.7,58.8,65
2026-10-08 13:30:29,22233.65,2026-10-13,22450.0,PE,44611,263.4,1878370,86065525,263.25,263.85,65
2026-10-08 13:30:29,22233.65,2026-10-13,22000.0,CE,44572,317.3,748475,2964195,318.1,318.45,65
2026-10-08 13:30:29,22233.65,2026-10-13,22650.0,CE,44618,30.4,5782530,40067560,30.3,30.4,65
2026-10-08 13:30:29,22233.65,2026-10-13,22600.0,PE,44617,378.35,3737175,56755790,378.9,379.9,65
2026-10-08 13:30:29,22233.65,2026-10-13,22650.0,PE,44619,420.6,950820,11915345,420.1,421.0,65
2026-10-08 13:30:29,22233.65,2026-10-13,22550.0,CE,44614,47.15,7327970,61633325,47.0,47.15,65
2026-10-08 13:30:29,22233.65,2026-10-13,22500.0,PE,44613,299.9,4066140,135529940,299.25,299.9,65
2026-10-08 13:30:29,22233.65,2026-10-13,22600.0,CE,44616,38.15,12839710,95565665,38.1,38.2,65
2026-10-08 13:30:29,22233.65,2026-10-13,22550.0,PE,44615,337.5,1445340,56483180,337.3,338.3,65
2026-10-08 13:30:29,22233.65,2026-10-13,21950.0,PE,44571,48.8,1523080,25808965,48.6,48.8,65
2026-10-08 13:30:29,22233.65,2026-10-13,21950.0,CE,44570,358.15,40495,111605,356.95,358.2,65
2026-10-08 13:30:29,22233.65,2026-10-13,21850.0,CE,44566,445.8,7995,16120,441.35,442.9,65
2026-10-08 13:30:29,22233.65,2026-10-13,21800.0,PE,44565,27.15,5806190,39805350,27.1,27.2,65
2026-10-08 13:30:29,22233.65,2026-10-13,21900.0,CE,44568,399.7,71240,200720,398.55,399.75,65
2026-10-08 13:30:29,22233.65,2026-10-13,22350.0,PE,44601,198.35,2078765,80072525,198.2,198.55,65
2026-10-08 13:30:29,22233.65,2026-10-13,22350.0,CE,44600,107.5,3815305,35335170,107.25,107.5,65
2026-10-08 13:30:29,22233.65,2026-10-13,21850.0,PE,44567,32.85,2255565,24489270,32.8,32.9,65
2026-10-08 13:30:29,22233.65,2026-10-13,21750.0,CE,44562,555.7,2535,6435,530.3,532.7,65
2026-10-08 13:30:29,22233.65,2026-10-13,21700.0,PE,44561,18.95,5431855,32830200,18.9,19.0,65
2026-10-08 13:30:29,22233.65,2026-10-13,21800.0,CE,44564,486.9,54730,118300,485.55,487.05,65
2026-10-08 13:30:29,22233.65,2026-10-13,21750.0,PE,44563,22.9,1260610,19926205,22.7,22.8,65
2026-10-08 13:30:29,22233.65,2026-10-13,22450.0,CE,44608,72.25,5381805,58476925,72.25,72.4,65
2026-10-08 13:30:29,22233.65,2026-10-13,21900.0,PE,44569,40.05,3959605,39024440,40.1,40.2,65
2026-10-08 13:30:29,22233.65,2026-10-13,22400.0,CE,44602,88.45,8584680,72921420,88.5,88.6,65
2026-10-08 13:30:29,22233.65,2026-10-13,22400.0,PE,44604,229.85,4205045,128634870,228.85,229.45,65
2026-10-08 13:30:29,22233.65,2026-10-13,22300.0,PE,44599,169.65,5292495,122450380,169.8,170.25,65
2026-10-08 13:30:29,22233.65,2026-10-13,22300.0,CE,44598,129.15,6240845,42962140,129.15,129.5,65
2026-10-08 13:30:29,22233.65,2026-10-13,21650.0,PE,44557,16.0,1137760,14252810,16.0,16.05,65
2026-10-08 13:30:29,22233.65,2026-10-13,21650.0,CE,44556,655.25,1690,1235,621.5,626.3,65
2026-10-08 13:30:29,22233.65,2026-10-13,22200.0,PE,44595,122.1,8128575,98255300,121.85,122.0,65
2026-10-08 13:30:29,22233.65,2026-10-13,22250.0,PE,44597,144.85,2915770,65303550,144.85,145.25,65
2026-10-08 13:30:29,22233.65,2026-10-13,22250.0,CE,44596,153.8,1925690,12403430,153.6,154.0,65
2026-10-08 13:30:29,22233.65,2026-10-13,21700.0,CE,44558,578.75,8905,18980,577.1,579.05,65
2026-10-08 13:30:29,22233.65,2026-10-13,22150.0,PE,44591,103.0,1983020,39746070,102.55,102.7,65
2026-10-08 13:30:29,22233.65,2026-10-13,22200.0,CE,44592,181.95,2654080,13364715,181.5,182.0,65
2026-10-08 13:35:29,22277.6,2026-10-13,22700.0,PE,44621,424.95,3335540,17629235,425.35,426.6,65
2026-10-08 13:35:29,22277.6,2026-10-13,22700.0,CE,44620,26.45,12526670,78809835,26.5,26.55,65
2026-10-08 13:35:29,22277.6,2026-10-13,22750.0,PE,44623,468.85,544505,3583970,468.25,469.7,65
2026-10-08 13:35:29,22277.6,2026-10-13,22750.0,CE,44622,20.75,5286840,33396740,20.75,20.85,65
2026-10-08 13:35:29,22277.6,2026-10-13,22100.0,CE,44584,271.45,554060,2336620,272.25,272.55,65
2026-10-08 13:35:29,22277.6,2026-10-13,22050.0,PE,44583,58.1,1887990,31790590,58.15,58.25,65
2026-10-08 13:35:29,22277.6,2026-10-13,22150.0,CE,44586,236.1,349830,1934985,235.55,236.05,65
2026-10-08 13:35:29,22277.6,2026-10-13,22100.0,PE,44585,70.45,4344990,60998665,69.95,70.15,65
2026-10-08 13:35:29,22277.6,2026-10-13,22900.0,PE,44629,605.0,700440,1011660,607.15,608.9,65
2026-10-08 13:35:29,22277.6,2026-10-13,22900.0,CE,44628,10.05,7144605,39933465,10.05,10.1,65
2026-10-08 13:35:29,22277.6,2026-10-13,22800.0,PE,44625,514.35,1299870,5535400,512.75,514.35,65
2026-10-08 13:35:29,22277.6,2026-10-13,22800.0,CE,44624,16.15,10231390,63147565,16.1,16.15,65
2026-10-08 13:35:29,22277.6,2026-10-13,22850.0,PE,44627,560.2,207870,672360,559.5,561.0,65
2026-10-08 13:35:29,22277.6,2026-10-13,22850.0,CE,44626,12.7,3778060,25643345,12.7,12.75,65
2026-10-08 13:35:29,22277.6,2026-10-13,22050.0,CE,44582,309.5,102765,390260,308.95,309.8,65
2026-10-08 13:35:29,22277.6,2026-10-13,22000.0,PE,44581,48.2,8190585,87303710,48.05,48.2,65
2026-10-08 13:35:29,22277.6,2026-10-13,22500.0,CE,44612,66.15,13410800,122519735,65.9,66.1,65
2026-10-08 13:35:29,22277.6,2026-10-13,22450.0,PE,44611,230.25,1845155,86383310,229.6,230.2,65
2026-10-08 13:35:29,22277.6,2026-10-13,22000.0,CE,44572,349.15,748150,3145285,348.6,349.6,65
2026-10-08 13:35:29,22277.6,2026-10-13,22650.0,CE,44618,33.5,5741190,40499355,33.45,33.6,65
2026-10-08 13:35:29,22277.6,2026-10-13,22600.0,PE,44617,341.55,3716440,57044390,340.8,341.7,65
2026-10-08 13:35:29,22277.6,2026-10-13,22650.0,PE,44619,381.5,944125,11965070,379.9,380.95,65
2026-10-08 13:35:29,22277.6,2026-10-13,22550.0,CE,44614,52.9,7241715,62322195,52.75,52.85,65
2026-10-08 13:35:29,22277.6,2026-10-13,22500.0,PE,44613,266.15,4066010,136102395,264.8,265.55,65
2026-10-08 13:35:29,22277.6,2026-10-13,22600.0,CE,44616,42.5,12684165,96691920,42.35,42.5,65
2026-10-08 13:35:29,22277.6,2026-10-13,22550.0,PE,44615,302.05,1433770,56673500,301.2,302.05,65
2026-10-08 13:35:29,22277.6,2026-10-13,21950.0,PE,44571,39.35,1557075,26454220,38.9,39.0,65
2026-10-08 13:35:29,22277.6,2026-10-13,21950.0,CE,44570,391.75,40235,117260,390.75,392.05,65
2026-10-08 13:35:29,22277.6,2026-10-13,21850.0,CE,44566,480.05,8255,16770,476.5,478.35,65
2026-10-08 13:35:29,22277.6,2026-10-13,21800.0,PE,44565,21.75,6338865,41326025,21.75,21.85,65
2026-10-08 13:35:29,22277.6,2026-10-13,21900.0,CE,44568,431.6,71630,219375,432.1,433.6,65
2026-10-08 13:35:29,22277.6,2026-10-13,22350.0,PE,44601,169.95,1998230,80813200,170.5,170.85,65
2026-10-08 13:35:29,22277.6,2026-10-13,22350.0,CE,44600,121.5,3832530,36300420,121.0,121.35,65
2026-10-08 13:35:29,22277.6,2026-10-13,21850.0,PE,44567,26.3,2331225,25043590,26.25,26.35,65
2026-10-08 13:35:29,22277.6,2026-10-13,21750.0,CE,44562,569.3,2535,6630,566.95,571.5,65
2026-10-08 13:35:29,22277.6,2026-10-13,21700.0,PE,44561,15.3,5477485,33389850,15.2,15.25,65
2026-10-08 13:35:29,22277.6,2026-10-13,21800.0,CE,44564,523.5,56550,124215,522.3,523.7,65
2026-10-08 13:35:29,22277.6,2026-10-13,21750.0,PE,44563,18.35,1254370,20356960,18.2,18.3,65
2026-10-08 13:35:29,22277.6,2026-10-13,22450.0,CE,44608,81.45,5424315,59343765,81.8,82.0,65
2026-10-08 13:35:29,22277.6,2026-10-13,21900.0,PE,44569,32.35,3957330,39773500,32.15,32.25,65
2026-10-08 13:35:29,22277.6,2026-10-13,22400.0,CE,44602,99.75,8615230,74630660,99.75,100.0,65
2026-10-08 13:35:29,22277.6,2026-10-13,22400.0,PE,44604,199.0,4148690,129662455,199.1,199.55,65
2026-10-08 13:35:29,22277.6,2026-10-13,22300.0,PE,44599,144.7,5278715,125026200,143.6,143.85,65
2026-10-08 13:35:29,22277.6,2026-10-13,22300.0,CE,44598,146.05,6285435,45564610,146.2,146.5,65
2026-10-08 13:35:29,22277.6,2026-10-13,22200.0,PE,44595,101.95,8236865,101562045,101.8,101.95,65
2026-10-08 13:35:29,22277.6,2026-10-13,22250.0,PE,44597,122.45,2784730,67868710,121.4,121.7,65
2026-10-08 13:35:29,22277.6,2026-10-13,22250.0,CE,44596,172.8,2062320,14328860,173.15,173.35,65
2026-10-08 13:35:29,22277.6,2026-10-13,21700.0,CE,44558,607.0,9230,21190,615.45,617.05,65
2026-10-08 13:35:29,22277.6,2026-10-13,22150.0,PE,44591,85.3,1962545,41025400,85.0,85.05,65
2026-10-08 13:35:29,22277.6,2026-10-13,22200.0,CE,44592,203.65,2718690,14642030,203.1,203.6,65
2026-10-08 13:40:41,22265.6,2026-10-13,22700.0,PE,44621,438.8,3320850,17690270,438.2,439.3,65
2026-10-08 13:40:41,22265.6,2026-10-13,22700.0,CE,44620,25.6,12600965,79751685,25.6,25.7,65
2026-10-08 13:40:41,22265.6,2026-10-13,22750.0,PE,44623,481.05,542295,3591835,482.1,483.45,65
2026-10-08 13:40:41,22265.6,2026-10-13,22750.0,CE,44622,20.3,5328765,33734285,20.25,20.35,65
2026-10-08 13:40:41,22265.6,2026-10-13,22100.0,CE,44584,263.1,531960,2532855,262.1,262.7,65
2026-10-08 13:40:41,22265.6,2026-10-13,22050.0,PE,44583,62.95,1927965,32322680,62.8,62.95,65
2026-10-08 13:40:41,22265.6,2026-10-13,22150.0,CE,44586,228.0,343980,2105740,228.0,228.3,65
2026-10-08 13:40:41,22265.6,2026-10-13,22100.0,PE,44585,76.15,4297475,62369580,75.95,76.15,65
2026-10-08 13:40:41,22265.6,2026-10-13,22800.0,PE,44625,528.9,1325025,5562375,527.85,529.0,65
2026-10-08 13:40:41,22265.6,2026-10-13,22800.0,CE,44624,15.95,10178350,63839815,15.85,15.95,65
2026-10-08 13:40:41,22265.6,2026-10-13,22850.0,PE,44627,574.0,207675,675025,574.2,575.95,65
2026-10-08 13:40:41,22265.6,2026-10-13,22850.0,CE,44626,12.6,3792100,25868960,12.55,12.65,65
2026-10-08 13:40:41,22265.6,2026-10-13,22050.0,CE,44582,298.9,100945,413075,299.0,299.85,65
2026-10-08 13:40:41,22265.6,2026-10-13,22000.0,PE,44581,52.05,8219835,89144380,52.05,52.2,65
2026-10-08 13:40:41,22265.6,2026-10-13,22500.0,CE,44612,63.3,13620295,124747610,63.35,63.5,65
2026-10-08 13:40:41,22265.6,2026-10-13,22450.0,PE,44611,241.05,1853280,86621860,241.25,241.8,65
2026-10-08 13:40:41,22265.6,2026-10-13,22000.0,CE,44572,338.95,744705,3305055,338.2,338.9,65
2026-10-08 13:40:41,22265.6,2026-10-13,22650.0,CE,44618,32.3,5725785,40957475,32.35,32.4,65
2026-10-08 13:40:41,22265.6,2026-10-13,22600.0,PE,44617,354.0,3659175,57259410,353.6,354.0,65
2026-10-08 13:40:41,22265.6,2026-10-13,22650.0,PE,44619,394.8,938665,12008490,394.3,395.0,65
2026-10-08 13:40:41,22265.6,2026-10-13,22550.0,CE,44614,50.6,7196410,63046165,50.75,50.8,65
2026-10-08 13:40:41,22265.6,2026-10-13,22500.0,PE,44613,277.5,4048330,136608290,276.45,277.1,65
2026-10-08 13:40:41,22265.6,2026-10-13,22600.0,CE,44616,40.85,12693005,97843135,40.75,40.85,65
2026-10-08 13:40:41,22265.6,2026-10-13,22550.0,PE,44615,314.4,1437345,56789070,312.75,313.4,65
2026-10-08 13:40:41,22265.6,2026-10-13,21950.0,PE,44571,42.95,1570140,26830115,42.75,42.9,65
2026-10-08 13:40:41,22265.6,2026-10-13,21950.0,CE,44570,383.55,40300,120250,378.7,379.9,65
2026-10-08 13:40:41,22265.6,2026-10-13,21850.0,CE,44566,470.75,7995,17875,464.55,466.55,65
2026-10-08 13:40:41,22265.6,2026-10-13,21800.0,PE,44565,23.9,6355310,42066180,23.9,23.95,65
2026-10-08 13:40:41,22265.6,2026-10-13,21900.0,CE,44568,431.15,71500,229320,420.65,421.95,65
2026-10-08 13:40:41,22265.6,2026-10-13,22350.0,PE,44601,179.6,2025335,81462810,179.6,180.0,65
2026-10-08 13:40:41,22265.6,2026-10-13,22350.0,CE,44600,116.25,3788005,37430770,116.25,116.55,65
2026-10-08 13:40:41,22265.6,2026-10-13,21850.0,PE,44567,29.0,2372435,25419875,28.8,28.9,65
2026-10-08 13:40:41,22265.6,2026-10-13,21750.0,CE,44562,578.2,2860,7215,555.1,557.5,65
2026-10-08 13:40:41,22265.6,2026-10-13,21700.0,PE,44561,16.8,5491265,33923370,16.7,16.8,65
2026-10-08 13:40:41,22265.6,2026-10-13,21800.0,CE,44564,519.55,54405,130780,509.85,511.25,65
2026-10-08 13:40:41,22265.6,2026-10-13,21750.0,PE,44563,20.2,1260610,20738120,20.1,20.2,65
2026-10-08 13:40:41,22265.6,2026-10-13,22450.0,CE,44608,78.3,5373680,60294390,78.15,78.2,65
2026-10-08 13:40:41,22265.6,2026-10-13,21900.0,PE,44569,35.35,3996200,40474785,35.25,35.4,65
2026-10-08 13:40:41,22265.6,2026-10-13,22400.0,CE,44602,95.7,8493485,76529895,95.7,95.95,65
2026-10-08 13:40:41,22265.6,2026-10-13,22400.0,PE,44604,209.45,4080765,130483860,208.8,209.3,65
2026-10-08 13:40:41,22265.6,2026-10-13,22300.0,PE,44599,153.35,5508490,127700170,153.05,153.4,65
2026-10-08 13:40:41,22265.6,2026-10-13,22300.0,CE,44598,140.0,6317870,48558315,139.7,140.05,65
2026-10-08 13:40:41,22265.6,2026-10-13,21650.0,PE,44557,14.15,1977300,15949570,14.1,14.15,65
2026-10-08 13:40:41,22265.6,2026-10-13,21650.0,CE,44556,655.25,1690,1235,647.35,652.15,65
2026-10-08 13:40:41,22265.6,2026-10-13,22200.0,PE,44595,109.25,8270535,104140855,109.0,109.25,65
2026-10-08 13:40:41,22265.6,2026-10-13,22250.0,PE,44597,130.0,2982135,69808375,129.85,130.0,65
2026-10-08 13:40:41,22265.6,2026-10-13,22250.0,CE,44596,166.35,2031965,15799745,166.4,166.75,65
2026-10-08 13:40:41,22265.6,2026-10-13,21700.0,CE,44558,617.8,8515,23985,602.2,604.3,65
2026-10-08 13:40:41,22265.6,2026-10-13,22150.0,PE,44591,91.5,2035215,41881970,91.2,91.45,65
2026-10-08 13:40:41,22265.6,2026-10-13,22200.0,CE,44592,195.6,2623075,15737410,195.9,196.35,65
2026-10-08 13:45:27,22244.75,2026-10-13,22700.0,PE,44621,457.0,3335280,17770415,455.75,456.9,65
2026-10-08 13:45:27,22244.75,2026-10-13,22700.0,CE,44620,24.7,12574120,80279810,24.8,24.9,65
2026-10-08 13:45:27,22244.75,2026-10-13,22750.0,PE,44623,502.15,540995,3601195,500.15,501.5,65
2026-10-08 13:45:27,22244.75,2026-10-13,22750.0,CE,44622,19.75,5364125,34032245,19.7,19.75,65
2026-10-08 13:45:27,22244.75,2026-10-13,22100.0,CE,44584,249.0,537550,2668315,249.0,249.45,65
2026-10-08 13:45:27,22244.75,2026-10-13,22050.0,PE,44583,67.2,1782820,33313930,67.25,67.45,65
2026-10-08 13:45:27,22244.75,2026-10-13,22150.0,CE,44586,216.0,359840,2210715,216.1,216.5,65
2026-10-08 13:45:27,22244.75,2026-10-13,22100.0,PE,44585,81.8,4340050,63490050,81.75,81.95,65
2026-10-08 13:45:27,22244.75,2026-10-13,22800.0,PE,44625,548.0,1318785,5587205,546.6,547.15,65
2026-10-08 13:45:27,22244.75,2026-10-13,22800.0,CE,44624,15.55,10134540,64339860,15.5,15.55,65
2026-10-08 13:45:27,22244.75,2026-10-13,22850.0,PE,44627,585.05,206765,679640,593.3,595.45,65
2026-10-08 13:45:27,22244.75,2026-10-13,22850.0,CE,44626,12.3,3858725,26153920,12.3,12.4,65
2026-10-08 13:45:27,22244.75,2026-10-13,22050.0,CE,44582,284.75,104455,429910,285.35,286.05,65
2026-10-08 13:45:27,22244.75,2026-10-13,22000.0,PE,44581,56.0,8210280,90851280,55.5,55.7,65
2026-10-08 13:45:27,22244.75,2026-10-13,22500.0,CE,44612,60.4,13628225,125720985,60.45,60.6,65
2026-10-08 13:45:27,22244.75,2026-10-13,22450.0,PE,44611,257.5,1854840,86831875,256.9,257.1,65
2026-10-08 13:45:27,22244.75,2026-10-13,22000.0,CE,44572,323.2,729755,3419975,323.3,324.15,65
2026-10-08 13:45:27,22244.75,2026-10-13,22650.0,CE,44618,31.2,5733195,41202655,31.1,31.2,65
2026-10-08 13:45:27,22244.75,2026-10-13,22600.0,PE,44617,369.9,3639805,57458960,370.75,371.4,65
2026-10-08 13:45:27,22244.75,2026-10-13,22650.0,PE,44619,413.0,931515,12037545,412.25,413.0,65
2026-10-08 13:45:27,22244.75,2026-10-13,22550.0,CE,44614,48.55,7190365,63641500,48.55,48.7,65
2026-10-08 13:45:27,22244.75,2026-10-13,22500.0,PE,44613,292.8,3988920,137048730,291.85,292.55,65
2026-10-08 13:45:27,22244.75,2026-10-13,22600.0,CE,44616,39.05,12667135,98601685,39.05,39.2,65
2026-10-08 13:45:27,22244.75,2026-10-13,22550.0,PE,44615,330.4,1423435,56894825,329.6,330.05,65
2026-10-08 13:45:27,22244.75,2026-10-13,21950.0,PE,44571,45.6,1571960,27167530,45.55,45.7,65
2026-10-08 13:45:27,22244.75,2026-10-13,21950.0,CE,44570,363.0,40495,124215,362.5,363.6,65
2026-10-08 13:45:27,22244.75,2026-10-13,21850.0,CE,44566,458.0,8125,18850,447.7,449.45,65
2026-10-08 13:45:27,22244.75,2026-10-13,21800.0,PE,44565,24.85,6561945,42903705,24.75,24.85,65
2026-10-08 13:45:27,22244.75,2026-10-13,21900.0,CE,44568,406.55,71955,236080,403.9,404.95,65
2026-10-08 13:45:27,22244.75,2026-10-13,22350.0,PE,44601,192.45,1975870,82077450,191.6,192.1,65
2026-10-08 13:45:27,22244.75,2026-10-13,22350.0,CE,44600,109.8,3760315,38076480,110.2,110.45,65
2026-10-08 13:45:27,22244.75,2026-10-13,21850.0,PE,44567,30.4,2478645,25828790,30.3,30.4,65
2026-10-08 13:45:27,22244.75,2026-10-13,21750.0,CE,44562,551.45,3315,8125,537.65,539.75,65
2026-10-08 13:45:27,22244.75,2026-10-13,21700.0,PE,44561,17.35,5484960,34534110,17.25,17.35,65
2026-10-08 13:45:27,22244.75,2026-10-13,21800.0,CE,44564,498.0,56485,134030,492.85,494.05,65
2026-10-08 13:45:27,22244.75,2026-10-13,21750.0,PE,44563,20.95,1194180,21094060,20.9,21.0,65
2026-10-08 13:45:27,22244.75,2026-10-13,22450.0,CE,44608,74.15,5414825,60820435,74.2,74.35,65
2026-10-08 13:45:27,22244.75,2026-10-13,21900.0,PE,44569,37.4,3969030,41036190,37.35,37.45,65
2026-10-08 13:45:27,22244.75,2026-10-13,22400.0,CE,44602,91.15,8533005,77543765,90.95,91.15,65
2026-10-08 13:45:27,22244.75,2026-10-13,22400.0,PE,44604,222.55,4040140,131421810,222.15,222.75,65
2026-10-08 13:45:27,22244.75,2026-10-13,22300.0,PE,44599,164.3,5617690,130354055,164.3,164.7,65
2026-10-08 13:45:27,22244.75,2026-10-13,22300.0,CE,44598,132.0,6370845,50244805,132.05,132.35,65
2026-10-08 13:45:27,22244.75,2026-10-13,21650.0,PE,44557,14.35,2718950,17096365,14.3,14.35,65
2026-10-08 13:45:27,22244.75,2026-10-13,21650.0,CE,44556,655.25,1690,1235,628.55,633.7,65
2026-10-08 13:45:27,22244.75,2026-10-13,22200.0,PE,44595,117.65,8294325,106324270,116.75,117.05,65
2026-10-08 13:45:27,22244.75,2026-10-13,22250.0,PE,44597,139.7,3042130,71988800,139.55,139.9,65
2026-10-08 13:45:27,22244.75,2026-10-13,22250.0,CE,44596,157.7,2029040,16672500,157.1,157.45,65
2026-10-08 13:45:27,22244.75,2026-10-13,21700.0,CE,44558,593.05,9750,25675,583.8,585.3,65
2026-10-08 13:45:27,22244.75,2026-10-13,22150.0,PE,44591,98.25,2038465,42775785,97.9,98.2,65
2026-10-08 13:45:27,22244.75,2026-10-13,22200.0,CE,44592,185.45,2663310,16421340,185.5,186.0,65
2026-10-08 13:50:16,22239.15,2026-10-13,22700.0,PE,44621,457.75,3329625,17826250,455.8,457.0,65
2026-10-08 13:50:16,22239.15,2026-10-13,22700.0,CE,44620,24.6,12643085,81052725,24.6,24.65,65
2026-10-08 13:50:16,22239.15,2026-10-13,22750.0,PE,44623,497.0,540085,3610035,500.55,501.85,65
2026-10-08 13:50:16,22239.15,2026-10-13,22750.0,CE,44622,19.6,5417685,34353540,19.6,19.7,65
2026-10-08 13:50:16,22239.15,2026-10-13,22100.0,CE,44584,249.75,566735,2827110,249.75,250.35,65
2026-10-08 13:50:16,22239.15,2026-10-13,22050.0,PE,44583,68.05,1758640,33893470,68.05,68.25,65
2026-10-08 13:50:16,22239.15,2026-10-13,22150.0,CE,44586,216.7,368095,2333175,216.7,216.75,65
2026-10-08 13:50:16,22239.15,2026-10-13,22100.0,PE,44585,81.85,4279665,64611235,81.9,82.15,65
2026-10-08 13:50:16,22239.15,2026-10-13,22800.0,PE,44625,546.35,1296620,5629650,546.35,547.95,65
2026-10-08 13:50:16,22239.15,2026-10-13,22800.0,CE,44624,15.55,10065250,65017420,15.45,15.5,65
2026-10-08 13:50:16,22239.15,2026-10-13,22850.0,PE,44627,591.75,206830,680810,593.35,594.9,65
2026-10-08 13:50:16,22239.15,2026-10-13,22850.0,CE,44626,12.3,3846765,26364455,12.3,12.35,65
2026-10-08 13:50:16,22239.15,2026-10-13,22050.0,CE,44582,286.5,108420,451685,286.0,286.15,65
2026-10-08 13:50:16,22239.15,2026-10-13,22000.0,PE,44581,56.25,8205990,92420055,56.05,56.25,65
2026-10-08 13:50:16,22239.15,2026-10-13,22500.0,CE,44612,60.3,13845065,126931805,60.2,60.3,65
2026-10-08 13:50:16,22239.15,2026-10-13,22450.0,PE,44611,256.35,1826955,87030450,256.5,256.95,65
2026-10-08 13:50:16,22239.15,2026-10-13,22000.0,CE,44572,325.0,745485,3510325,324.1,324.85,65
2026-10-08 13:50:16,22239.15,2026-10-13,22650.0,CE,44618,30.95,5741645,41474030,31.0,31.05,65
2026-10-08 13:50:16,22239.15,2026-10-13,22600.0,PE,44617,371.0,3627325,57601830,370.7,371.55,65
2026-10-08 13:50:16,22239.15,2026-10-13,22650.0,PE,44619,412.5,927875,12061660,411.25,412.2,65
2026-10-08 13:50:16,22239.15,2026-10-13,22550.0,CE,44614,48.25,7201090,64028055,48.1,48.25,65
2026-10-08 13:50:16,22239.15,2026-10-13,22500.0,PE,44613,292.5,3999125,137442890,292.55,293.0,65
2026-10-08 13:50:16,22239.15,2026-10-13,22600.0,CE,44616,39.05,12733565,99393840,38.95,39.0,65
2026-10-08 13:50:16,22239.15,2026-10-13,22550.0,PE,44615,330.0,1401985,56975360,330.05,330.9,65
2026-10-08 13:50:16,22239.15,2026-10-13,21950.0,PE,44571,45.8,1590615,27514305,45.75,45.9,65
2026-10-08 13:50:16,22239.15,2026-10-13,21950.0,CE,44570,367.25,41015,126945,364.1,364.9,65
2026-10-08 13:50:16,22239.15,2026-10-13,21850.0,CE,44566,452.05,9230,19630,447.55,449.2,65
2026-10-08 13:50:16,22239.15,2026-10-13,21800.0,PE,44565,25.1,6582940,43729790,25.1,25.2,65
2026-10-08 13:50:16,22239.15,2026-10-13,21900.0,CE,44568,405.75,72475,243165,404.8,406.2,65
2026-10-08 13:50:16,22239.15,2026-10-13,22350.0,PE,44601,191.8,1924390,82601480,191.8,192.2,65
2026-10-08 13:50:16,22239.15,2026-10-13,22350.0,CE,44600,110.6,3821480,38610260,110.3,110.6,65
2026-10-08 13:50:16,22239.15,2026-10-13,21850.0,PE,44567,30.45,2484755,26383110,30.6,30.75,65
2026-10-08 13:50:16,22239.15,2026-10-13,21750.0,CE,44562,542.0,3640,8385,537.35,538.75,65
2026-10-08 13:50:16,22239.15,2026-10-13,21700.0,PE,44561,17.3,5499650,34855535,17.3,17.4,65
2026-10-08 13:50:16,22239.15,2026-10-13,21800.0,CE,44564,495.2,58240,138320,491.9,493.4,65
2026-10-08 13:50:16,22239.15,2026-10-13,21750.0,PE,44563,20.95,1174745,21601515,20.95,21.05,65
2026-10-08 13:50:16,22239.15,2026-10-13,22450.0,CE,44608,74.25,5449730,61172735,74.1,74.25,65
2026-10-08 13:50:16,22239.15,2026-10-13,21900.0,PE,44569,37.7,3944655,41800330,37.7,37.8,65
2026-10-08 13:50:16,22239.15,2026-10-13,22400.0,CE,44602,91.1,8643245,78491725,90.7,90.95,65
2026-10-08 13:50:16,22239.15,2026-10-13,22400.0,PE,44604,222.3,4006925,132079610,223.05,223.35,65
2026-10-08 13:50:16,22239.15,2026-10-13,22300.0,PE,44599,163.75,5490485,132266745,164.15,164.5,65
2026-10-08 13:50:16,22239.15,2026-10-13,22300.0,CE,44598,132.65,6536985,51625210,132.85,132.95,65
2026-10-08 13:50:16,22239.15,2026-10-13,21650.0,PE,44557,14.4,2814500,17350775,14.3,14.4,65
2026-10-08 13:50:16,22239.15,2026-10-13,21650.0,CE,44556,655.25,1690,1235,629.1,633.5,65
2026-10-08 13:50:16,22239.15,2026-10-13,22200.0,PE,44595,117.7,7961850,108785625,117.7,117.85,65
2026-10-08 13:50:16,22239.15,2026-10-13,22250.0,PE,44597,139.75,2887820,74110010,139.95,140.15,65
2026-10-08 13:50:16,22239.15,2026-10-13,22250.0,CE,44596,158.05,2163330,17772300,157.6,157.95,65
2026-10-08 13:50:16,22239.15,2026-10-13,21700.0,CE,44558,585.0,9360,29185,583.45,585.55,65
2026-10-08 13:50:16,22239.15,2026-10-13,22150.0,PE,44591,99.0,1984060,43820595,98.8,99.0,65
2026-10-08 13:50:16,22239.15,2026-10-13,22200.0,CE,44592,185.45,2810470,17156165,185.5,185.85,65
2026-10-08 13:55:25,22239.9,2026-10-13,22700.0,PE,44621,453.75,3333720,17881175,453.25,454.35,65
2026-10-08 13:55:25,22239.9,2026-10-13,22700.0,CE,44620,24.35,12702235,81641560,24.25,24.35,65
2026-10-08 13:55:25,22239.9,2026-10-13,22750.0,PE,44623,504.75,540735,3620955,497.5,498.95,65
2026-10-08 13:55:25,22239.9,2026-10-13,22750.0,CE,44622,19.35,5473455,34718645,19.35,19.45,65
2026-10-08 13:55:25,22239.9,2026-10-13,22100.0,CE,44584,251.0,597025,3028870,250.9,251.6,65
2026-10-08 13:55:25,22239.9,2026-10-13,22050.0,PE,44583,66.8,1781520,34432060,66.8,66.95,65
2026-10-08 13:55:25,22239.9,2026-10-13,22150.0,CE,44586,217.5,392340,2422485,217.1,217.7,65
2026-10-08 13:55:25,22239.9,2026-10-13,22100.0,PE,44585,80.65,4206345,65644150,80.5,80.7,65
2026-10-08 13:55:25,22239.9,2026-10-13,22800.0,PE,44625,543.8,1282970,5656625,543.0,544.7,65
2026-10-08 13:55:25,22239.9,2026-10-13,22800.0,CE,44624,15.25,10066875,65420875,15.25,15.35,65
2026-10-08 13:55:25,22239.9,2026-10-13,22850.0,PE,44627,597.8,206375,689260,589.85,591.0,65
2026-10-08 13:55:25,22239.9,2026-10-13,22850.0,CE,44626,12.15,3874585,26603720,12.15,12.2,65
2026-10-08 13:55:25,22239.9,2026-10-13,22050.0,CE,44582,286.65,116675,574665,286.6,287.35,65
2026-10-08 13:55:25,22239.9,2026-10-13,22000.0,PE,44581,55.3,8414510,93723825,55.1,55.3,65
2026-10-08 13:55:25,22239.9,2026-10-13,22500.0,CE,44612,59.95,13928525,127909405,59.85,59.95,65
2026-10-08 13:55:25,22239.9,2026-10-13,22450.0,PE,44611,253.85,1818310,87220250,253.25,253.8,65
2026-10-08 13:55:25,22239.9,2026-10-13,22000.0,CE,44572,326.0,775775,3572140,325.05,325.9,65
2026-10-08 13:55:25,22239.9,2026-10-13,22650.0,CE,44618,30.75,5793580,41744235,30.6,30.7,65
2026-10-08 13:55:25,22239.9,2026-10-13,22600.0,PE,44617,368.4,3600090,57738525,367.35,368.35,65
2026-10-08 13:55:25,22239.9,2026-10-13,22650.0,PE,44619,409.75,926640,12088375,408.9,410.05,65
2026-10-08 13:55:25,22239.9,2026-10-13,22550.0,CE,44614,47.95,7248150,64501320,47.75,47.9,65
2026-10-08 13:55:25,22239.9,2026-10-13,22500.0,PE,44613,289.8,3980730,137718685,289.25,290.05,65
2026-10-08 13:55:25,22239.9,2026-10-13,22600.0,CE,44616,38.55,12833145,100068150,38.55,38.6,65
2026-10-08 13:55:25,22239.9,2026-10-13,22550.0,PE,44615,326.8,1397175,57046600,326.85,327.7,65
2026-10-08 13:55:25,22239.9,2026-10-13,21950.0,PE,44571,45.05,1595685,27933880,45.05,45.2,65
2026-10-08 13:55:25,22239.9,2026-10-13,21950.0,CE,44570,366.15,38610,133445,364.65,365.8,65
2026-10-08 13:55:25,22239.9,2026-10-13,21850.0,CE,44566,449.85,9295,20085,449.7,452.25,65
2026-10-08 13:55:25,22239.9,2026-10-13,21800.0,PE,44565,24.6,6601595,44288010,24.55,24.65,65
2026-10-08 13:55:25,22239.9,2026-10-13,21900.0,CE,44568,400.0,72475,251875,406.35,407.45,65
2026-10-08 13:55:25,22239.9,2026-10-13,22350.0,PE,44601,189.35,1911130,82998110,189.3,189.65,65
2026-10-08 13:55:25,22239.9,2026-10-13,22350.0,CE,44600,110.0,3856060,39065780,110.05,110.3,65
2026-10-08 13:55:25,22239.9,2026-10-13,21850.0,PE,44567,30.0,2490150,26793520,30.0,30.1,65
2026-10-08 13:55:25,22239.9,2026-10-13,21750.0,CE,44562,536.9,3705,8775,539.65,541.35,65
2026-10-08 13:55:25,22239.9,2026-10-13,21700.0,PE,44561,17.0,5496985,35225970,16.9,17.0,65
2026-10-08 13:55:25,22239.9,2026-10-13,21800.0,CE,44564,492.35,58110,139945,494.6,495.95,65
2026-10-08 13:55:25,22239.9,2026-10-13,21750.0,PE,44563,20.55,1204515,21863205,20.5,20.6,65
2026-10-08 13:55:25,22239.9,2026-10-13,22450.0,CE,44608,73.95,5482295,61548370,73.85,74.0,65
2026-10-08 13:55:25,22239.9,2026-10-13,21900.0,PE,44569,36.9,3954990,42350425,36.85,37.0,65
2026-10-08 13:55:25,22239.9,2026-10-13,22400.0,CE,44602,90.75,8725665,79300130,90.45,90.55,65
2026-10-08 13:55:25,22239.9,2026-10-13,22400.0,PE,44604,220.6,3937440,132569385,219.95,220.35,65
2026-10-08 13:55:25,22239.9,2026-10-13,22300.0,PE,44599,162.2,5605730,133599570,161.85,162.15,65
2026-10-08 13:55:25,22239.9,2026-10-13,22300.0,CE,44598,132.55,6788535,52779870,132.25,132.65,65
2026-10-08 13:55:25,22239.9,2026-10-13,21650.0,PE,44557,14.1,2818790,17552080,14.05,14.1,65
2026-10-08 13:55:25,22239.9,2026-10-13,21650.0,CE,44556,655.25,1690,1235,631.05,636.0,65
2026-10-08 13:55:25,22239.9,2026-10-13,22200.0,PE,44595,115.6,7918885,110656065,115.5,115.75,65
2026-10-08 13:55:25,22239.9,2026-10-13,22250.0,PE,44597,137.5,2958800,75673130,137.2,137.5,65
2026-10-08 13:55:25,22239.9,2026-10-13,22250.0,CE,44596,158.25,2451085,18759520,158.0,158.25,65
2026-10-08 13:55:25,22239.9,2026-10-13,21700.0,CE,44558,588.65,12090,29510,586.3,588.1,65
2026-10-08 13:55:25,22239.9,2026-10-13,22150.0,PE,44591,96.9,1998685,44717790,96.75,97.0,65
2026-10-08 13:55:25,22239.9,2026-10-13,22200.0,CE,44592,186.55,2962115,17776395,186.05,186.55,65
2026-10-08 14:00:30,22231.1,2026-10-13,22700.0,PE,44621,462.6,3332355,17919525,461.65,463.0,65
2026-10-08 14:00:30,22231.1,2026-10-13,22700.0,CE,44620,23.35,12700155,82170205,23.3,23.35,65
2026-10-08 14:00:30,22231.1,2026-10-13,22750.0,PE,44623,507.4,538720,3628625,506.4,507.9,65
2026-10-08 14:00:30,22231.1,2026-10-13,22750.0,CE,44622,18.55,5498805,35104550,18.5,18.55,65
2026-10-08 14:00:30,22231.1,2026-10-13,22100.0,CE,44584,245.1,621920,3168880,244.45,245.0,65
2026-10-08 14:00:30,22231.1,2026-10-13,22050.0,PE,44583,69.95,1767545,34839935,69.75,69.95,65
2026-10-08 14:00:30,22231.1,2026-10-13,22150.0,CE,44586,211.65,390520,2543320,211.75,212.3,65
2026-10-08 14:00:30,22231.1,2026-10-13,22100.0,PE,44585,84.45,4261010,66666080,84.25,84.45,65
2026-10-08 14:00:30,22231.1,2026-10-13,22800.0,PE,44625,552.1,1272505,5691920,552.7,554.5,65
2026-10-08 14:00:30,22231.1,2026-10-13,22800.0,CE,44624,14.65,10313680,66210690,14.6,14.65,65
2026-10-08 14:00:30,22231.1,2026-10-13,22850.0,PE,44627,599.95,206245,692900,599.45,601.2,65
2026-10-08 14:00:30,22231.1,2026-10-13,22850.0,CE,44626,11.65,4176900,27250080,11.65,11.75,65
2026-10-08 14:00:30,22231.1,2026-10-13,22050.0,CE,44582,278.5,117065,588835,280.2,280.9,65
2026-10-08 14:00:30,22231.1,2026-10-13,22000.0,PE,44581,58.0,8449350,94765255,57.7,57.9,65
2026-10-08 14:00:30,22231.1,2026-10-13,22500.0,CE,44612,57.7,14031290,129051260,57.65,57.8,65
2026-10-08 14:00:30,22231.1,2026-10-13,22450.0,PE,44611,260.1,1829425,87428510,260.65,261.25,65
2026-10-08 14:00:30,22231.1,2026-10-13,22000.0,CE,44572,318.55,802295,3670095,318.0,318.8,65
2026-10-08 14:00:30,22231.1,2026-10-13,22650.0,CE,44618,29.4,5813145,42034200,29.35,29.45,65
2026-10-08 14:00:30,22231.1,2026-10-13,22600.0,PE,44617,376.2,3586960,57851430,375.25,376.3,65
2026-10-08 14:00:30,22231.1,2026-10-13,22650.0,PE,44619,417.8,923910,12107940,417.2,418.4,65
2026-10-08 14:00:30,22231.1,2026-10-13,22550.0,CE,44614,45.95,7256535,64887810,45.8,45.95,65
2026-10-08 14:00:30,22231.1,2026-10-13,22500.0,PE,44613,297.65,3973450,138013005,296.4,296.85,65
2026-10-08 14:00:30,22231.1,2026-10-13,22600.0,CE,44616,37.0,12916540,100796280,36.95,37.05,65
2026-10-08 14:00:30,22231.1,2026-10-13,22550.0,PE,44615,335.35,1391845,57105815,334.9,335.8,65
2026-10-08 14:00:30,22231.1,2026-10-13,21950.0,PE,44571,47.1,1611610,28290275,47.15,47.35,65
2026-10-08 14:00:30,22231.1,2026-10-13,21950.0,CE,44570,358.9,39130,137345,357.85,358.9,65
2026-10-08 14:00:30,22231.1,2026-10-13,21850.0,CE,44566,445.0,9360,20475,441.35,443.0,65
2026-10-08 14:00:30,22231.1,2026-10-13,21800.0,PE,44565,25.85,6598605,44817500,25.85,25.95,65
2026-10-08 14:00:30,22231.1,2026-10-13,21900.0,CE,44568,399.0,66235,274105,398.55,399.75,65
2026-10-08 14:00:30,22231.1,2026-10-13,22350.0,PE,44601,196.4,1876615,83414565,195.3,195.75,65
2026-10-08 14:00:30,22231.1,2026-10-13,22350.0,CE,44600,106.4,3892070,39572455,106.4,106.7,65
2026-10-08 14:00:30,22231.1,2026-10-13,21850.0,PE,44567,31.5,2484625,27138995,31.6,31.65,65
2026-10-08 14:00:30,22231.1,2026-10-13,21750.0,CE,44562,535.0,3705,9100,530.6,532.05,65
2026-10-08 14:00:30,22231.1,2026-10-13,21700.0,PE,44561,17.85,5509790,35577555,17.8,17.9,65
2026-10-08 14:00:30,22231.1,2026-10-13,21800.0,CE,44564,485.0,61100,143910,486.3,487.7,65
2026-10-08 14:00:30,22231.1,2026-10-13,21750.0,PE,44563,21.7,1229345,22136075,21.6,21.7,65
2026-10-08 14:00:30,22231.1,2026-10-13,22450.0,CE,44608,71.1,5458960,62001745,71.0,71.1,65
2026-10-08 14:00:30,22231.1,2026-10-13,21900.0,PE,44569,38.75,3969160,42848130,38.8,38.9,65
2026-10-08 14:00:30,22231.1,2026-10-13,22400.0,CE,44602,87.4,8781500,80237560,87.3,87.5,65
2026-10-08 14:00:30,22231.1,2026-10-13,22400.0,PE,44604,226.5,3928730,133101085,226.4,226.95,65
2026-10-08 14:00:30,22231.1,2026-10-13,22300.0,PE,44599,167.7,5688150,134736225,167.45,167.85,65
2026-10-08 14:00:30,22231.1,2026-10-13,22300.0,CE,44598,128.3,6905860,54007720,128.15,128.45,65
2026-10-08 14:00:30,22231.1,2026-10-13,21650.0,PE,44557,14.8,2811185,17759885,14.75,14.8,65
2026-10-08 14:00:30,22231.1,2026-10-13,21650.0,CE,44556,655.25,1690,1235,622.55,627.25,65
2026-10-08 14:00:30,22231.1,2026-10-13,22200.0,PE,44595,120.45,7978425,112538400,120.3,120.6,65
2026-10-08 14:00:30,22231.1,2026-10-13,22250.0,PE,44597,142.75,3022500,77100595,142.35,142.75,65
2026-10-08 14:00:30,22231.1,2026-10-13,22250.0,CE,44596,153.65,2573935,19939855,153.3,153.65,65
2026-10-08 14:00:30,22231.1,2026-10-13,21700.0,CE,44558,584.0,12025,29705,576.45,579.0,65
2026-10-08 14:00:30,22231.1,2026-10-13,22150.0,PE,44591,101.05,2037295,45513650,100.75,101.0,65
2026-10-08 14:00:30,22231.1,2026-10-13,22200.0,CE,44592,181.2,3027050,18591820,180.75,181.25,65
2026-10-08 14:06:04,22221.8,2026-10-13,22700.0,PE,44621,469.25,3325920,18006950,468.7,469.95,65
2026-10-08 14:06:04,22221.8,2026-10-13,21600.0,CE,44544,666.9,4290,4485,664.1,667.2,65
2026-10-08 14:06:04,22221.8,2026-10-13,22700.0,CE,44620,23.05,12823850,83285670,23.0,23.1,65
2026-10-08 14:06:04,22221.8,2026-10-13,22750.0,PE,44623,515.25,538395,3647280,513.25,514.6,65
2026-10-08 14:06:04,22221.8,2026-10-13,22750.0,CE,44622,18.5,5479500,35607585,18.5,18.6,65
2026-10-08 14:06:04,22221.8,2026-10-13,22100.0,CE,44584,239.4,661960,3498430,239.4,239.85,65
2026-10-08 14:06:04,22221.8,2026-10-13,22050.0,PE,44583,70.55,1752725,35759165,71.0,71.25,65
2026-10-08 14:06:04,22221.8,2026-10-13,22150.0,CE,44586,206.9,412295,2787915,206.15,206.7,65
2026-10-08 14:06:04,22221.8,2026-10-13,22100.0,PE,44585,85.05,4431700,68877185,85.0,85.25,65
2026-10-08 14:06:04,22221.8,2026-10-13,22800.0,PE,44625,560.85,1261455,5735275,558.6,560.4,65
2026-10-08 14:06:04,22221.8,2026-10-13,22800.0,CE,44624,14.7,10163010,67224495,14.7,14.75,65
2026-10-08 14:06:04,22221.8,2026-10-13,22050.0,CE,44582,274.85,127335,635830,274.3,275.0,65
2026-10-08 14:06:04,22221.8,2026-10-13,22000.0,PE,44581,58.55,8472490,97215560,58.7,58.9,65
2026-10-08 14:06:04,22221.8,2026-10-13,22500.0,CE,44612,56.0,14253525,131580800,55.95,56.1,65
2026-10-08 14:06:04,22221.8,2026-10-13,22450.0,PE,44611,264.6,1809665,87714055,264.3,264.95,65
2026-10-08 14:06:04,22221.8,2026-10-13,22000.0,CE,44572,313.2,823290,3965975,312.05,312.75,65
2026-10-08 14:06:04,22221.8,2026-10-13,22650.0,CE,44618,29.0,5816200,42618160,29.05,29.15,65
2026-10-08 14:06:04,22221.8,2026-10-13,22600.0,PE,44617,382.1,3555955,58099730,381.2,382.2,65
2026-10-08 14:06:04,22221.8,2026-10-13,22650.0,PE,44619,423.35,917280,12151880,423.05,424.15,65
2026-10-08 14:06:04,22221.8,2026-10-13,22550.0,CE,44614,44.95,6964100,66399450,44.85,45.0,65
2026-10-08 14:06:04,22221.8,2026-10-13,22500.0,PE,44613,302.6,3869320,138689330,301.8,302.55,65
2026-10-08 14:06:04,22221.8,2026-10-13,22600.0,CE,44616,36.4,12845170,102766430,36.35,36.45,65
2026-10-08 14:06:04,22221.8,2026-10-13,22550.0,PE,44615,341.25,1362660,57253950,340.0,340.65,65
2026-10-08 14:06:04,22221.8,2026-10-13,21950.0,PE,44571,47.85,1577875,28993770,47.85,48.0,65
2026-10-08 14:06:04,22221.8,2026-10-13,21950.0,CE,44570,350.65,39845,144040,351.65,352.75,65
2026-10-08 14:06:04,22221.8,2026-10-13,21850.0,CE,44566,432.55,9230,23270,435.2,436.7,65
2026-10-08 14:06:04,22221.8,2026-10-13,21800.0,PE,44565,26.3,6589570,45929260,26.3,26.4,65
2026-10-08 14:06:04,22221.8,2026-10-13,21900.0,CE,44568,393.65,78780,309725,393.0,394.1,65
2026-10-08 14:06:04,22221.8,2026-10-13,22350.0,PE,44601,198.55,1783860,84262230,199.1,199.6,65
2026-10-08 14:06:04,22221.8,2026-10-13,22350.0,CE,44600,103.2,3895775,40676285,103.2,103.4,65
2026-10-08 14:06:04,22221.8,2026-10-13,21850.0,PE,44567,32.15,2461875,27636505,31.9,31.95,65
2026-10-08 14:06:04,22221.8,2026-10-13,21750.0,CE,44562,516.45,3900,10465,525.15,527.1,65
2026-10-08 14:06:04,22221.8,2026-10-13,21700.0,PE,44561,18.1,5502120,36211955,18.15,18.2,65
2026-10-08 14:06:04,22221.8,2026-10-13,21800.0,CE,44564,481.1,63570,154310,479.7,481.05,65
2026-10-08 14:06:04,22221.8,2026-10-13,21750.0,PE,44563,21.8,1228630,22626500,21.8,21.9,65
2026-10-08 14:06:04,22221.8,2026-10-13,22450.0,CE,44608,69.15,5454540,62951590,69.05,69.25,65
2026-10-08 14:06:04,22221.8,2026-10-13,21900.0,PE,44569,39.2,3964090,43740580,39.25,39.35,65
2026-10-08 14:06:04,22221.8,2026-10-13,22400.0,CE,44602,84.95,9027330,82990895,84.45,84.65,65
2026-10-08 14:06:04,22221.8,2026-10-13,22400.0,PE,44604,230.0,3891940,134128605,230.0,230.15,65
2026-10-08 14:06:04,22221.8,2026-10-13,22300.0,PE,44599,170.25,5546190,137434440,170.0,170.4,65
2026-10-08 14:06:04,22221.8,2026-10-13,21600.0,PE,44555,12.9,3437005,26572000,12.85,12.95,65
2026-10-08 14:06:04,22221.8,2026-10-13,22300.0,CE,44598,124.9,7053605,56249245,124.5,124.75,65
2026-10-08 14:06:04,22221.8,2026-10-13,21650.0,PE,44557,15.0,2811055,18041920,14.95,15.05,65
2026-10-08 14:06:04,22221.8,2026-10-13,21650.0,CE,44556,622.0,1690,1300,615.95,620.6,65
2026-10-08 14:06:04,22221.8,2026-10-13,22200.0,PE,44595,122.25,7766395,117264225,122.0,122.1,65
2026-10-08 14:06:04,22221.8,2026-10-13,22250.0,PE,44597,144.75,2767440,80215525,144.65,145.0,65
2026-10-08 14:06:04,22221.8,2026-10-13,22250.0,CE,44596,149.05,2690740,21812700,148.9,149.2,65
2026-10-08 14:06:04,22221.8,2026-10-13,21700.0,CE,44558,562.25,12090,31850,571.25,572.9,65
2026-10-08 14:06:04,22221.8,2026-10-13,22150.0,PE,44591,102.35,2045875,47090485,102.5,102.8,65
2026-10-08 14:06:04,22221.8,2026-10-13,22200.0,CE,44592,176.4,3226275,20223775,176.35,176.8,65
2026-10-08 14:10:38,22210.05,2026-10-13,22700.0,PE,44621,480.75,3327155,18081375,479.15,480.45,65
2026-10-08 14:10:38,22210.05,2026-10-13,21600.0,CE,44544,660.0,4225,4680,653.05,656.9,65
2026-10-08 14:10:38,22210.05,2026-10-13,22700.0,CE,44620,21.9,12640290,84290765,22.0,22.05,65
2026-10-08 14:10:38,22210.05,2026-10-13,22750.0,PE,44623,524.85,534235,3656640,524.2,525.6,65
2026-10-08 14:10:38,22210.05,2026-10-13,22750.0,CE,44622,17.7,5490030,36027290,17.7,17.8,65
2026-10-08 14:10:38,22210.05,2026-10-13,22100.0,CE,44584,233.15,684190,3637595,232.75,232.85,65
2026-10-08 14:10:38,22210.05,2026-10-13,22050.0,PE,44583,75.6,1744665,36420020,75.35,75.55,65
2026-10-08 14:10:38,22210.05,2026-10-13,22150.0,CE,44586,200.75,451750,2919345,200.3,200.8,65
2026-10-08 14:10:38,22210.05,2026-10-13,22100.0,PE,44585,90.6,4577495,70004155,90.6,90.75,65
2026-10-08 14:10:38,22210.05,2026-10-13,22800.0,PE,44625,572.85,1257685,5749055,570.85,572.6,65
2026-10-08 14:10:38,22210.05,2026-10-13,22800.0,CE,44624,14.15,10225410,67769455,14.05,14.15,65
2026-10-08 14:10:38,22210.05,2026-10-13,22050.0,CE,44582,267.5,130000,659165,267.5,268.2,65
2026-10-08 14:10:38,22210.05,2026-10-13,22000.0,PE,44581,63.0,8744060,99312330,62.85,63.05,65
2026-10-08 14:10:38,22210.05,2026-10-13,22500.0,CE,44612,53.15,14071395,133112460,53.35,53.5,65
2026-10-08 14:10:38,22210.05,2026-10-13,22450.0,PE,44611,274.45,1753375,87821695,273.8,274.3,65
2026-10-08 14:10:38,22210.05,2026-10-13,22000.0,CE,44572,305.2,857415,4108065,304.65,305.3,65
2026-10-08 14:10:38,22210.05,2026-10-13,22650.0,CE,44618,27.6,5800210,43081090,27.5,27.6,65
2026-10-08 14:10:38,22210.05,2026-10-13,22600.0,PE,44617,392.65,3519425,58217640,391.75,392.9,65
2026-10-08 14:10:38,22210.05,2026-10-13,22650.0,PE,44619,435.0,915590,12169690,433.95,435.05,65
2026-10-08 14:10:38,22210.05,2026-10-13,22550.0,CE,44614,42.55,6962410,66978080,42.55,42.65,65
2026-10-08 14:10:38,22210.05,2026-10-13,22500.0,PE,44613,311.1,3800290,139074975,311.05,311.75,65
2026-10-08 14:10:38,22210.05,2026-10-13,22600.0,CE,44616,34.5,12769315,104977340,34.5,34.55,65
2026-10-08 14:10:38,22210.05,2026-10-13,22550.0,PE,44615,350.75,1352585,57313620,349.8,350.65,65
2026-10-08 14:10:38,22210.05,2026-10-13,21950.0,PE,44571,51.5,1752075,29546075,51.45,51.6,65
2026-10-08 14:10:38,22210.05,2026-10-13,21950.0,CE,44570,343.65,43875,153075,343.4,344.3,65
2026-10-08 14:10:38,22210.05,2026-10-13,21850.0,CE,44566,426.1,9035,26325,425.5,426.85,65
2026-10-08 14:10:38,22210.05,2026-10-13,21800.0,PE,44565,28.5,6803225,46916350,28.4,28.55,65
2026-10-08 14:10:38,22210.05,2026-10-13,21900.0,CE,44568,384.4,88790,325390,384.05,385.15,65
2026-10-08 14:10:38,22210.05,2026-10-13,22350.0,PE,44601,206.75,1750970,84630260,206.8,207.3,65
2026-10-08 14:10:38,22210.05,2026-10-13,22350.0,CE,44600,99.2,3935750,41270190,99.2,99.4,65
2026-10-08 14:10:38,22210.05,2026-10-13,21850.0,PE,44567,34.6,2467660,28025725,34.55,34.7,65
2026-10-08 14:10:38,22210.05,2026-10-13,21750.0,CE,44562,516.45,3900,10465,514.4,516.6,65
2026-10-08 14:10:38,22210.05,2026-10-13,21700.0,PE,44561,19.65,5468580,36779275,19.7,19.8,65
2026-10-08 14:10:38,22210.05,2026-10-13,21800.0,CE,44564,468.4,66495,162695,470.25,471.55,65
2026-10-08 14:10:38,22210.05,2026-10-13,21750.0,PE,44563,23.9,1245400,22942920,23.75,23.85,65
2026-10-08 14:10:38,22210.05,2026-10-13,22450.0,CE,44608,65.75,5397860,63435905,65.75,65.95,65
2026-10-08 14:10:38,22210.05,2026-10-13,21900.0,PE,44569,42.5,3947775,44370495,42.4,42.55,65
2026-10-08 14:10:38,22210.05,2026-10-13,22400.0,CE,44602,80.8,9325355,84244485,81.0,81.2,65
2026-10-08 14:10:38,22210.05,2026-10-13,22400.0,PE,44604,239.3,3847480,134619680,238.4,238.95,65
2026-10-08 14:10:38,22210.05,2026-10-13,22300.0,PE,44599,178.3,5543395,138676915,177.7,178.2,65
2026-10-08 14:10:38,22210.05,2026-10-13,21600.0,PE,44555,14.1,3423550,26995930,14.0,14.1,65
2026-10-08 14:10:38,22210.05,2026-10-13,22300.0,CE,44598,120.1,7179835,57347225,120.1,120.3,65
2026-10-08 14:10:38,22210.05,2026-10-13,21650.0,PE,44557,16.4,2805465,18297045,16.3,16.4,65
2026-10-08 14:10:38,22210.05,2026-10-13,21650.0,CE,44556,622.0,1690,1300,604.7,609.8,65
2026-10-08 14:10:38,22210.05,2026-10-13,22200.0,PE,44595,128.75,7696455,119922725,128.75,129.0,65
2026-10-08 14:10:38,22210.05,2026-10-13,22250.0,PE,44597,152.2,2752490,81723070,151.8,152.15,65
2026-10-08 14:10:38,22210.05,2026-10-13,22250.0,CE,44596,143.95,3135990,22991930,143.95,144.25,65
2026-10-08 14:10:38,22210.05,2026-10-13,21700.0,CE,44558,567.5,15275,33670,560.4,561.95,65
2026-10-08 14:10:38,22210.05,2026-10-13,22150.0,PE,44591,108.6,2017405,47968050,108.25,108.55,65
2026-10-08 14:10:38,22210.05,2026-10-13,22200.0,CE,44592,170.55,3485495,21385585,170.8,171.1,65
2026-10-08 14:15:22,22232.45,2026-10-13,22700.0,PE,44621,461.0,3275350,18421390,459.65,460.75,65
2026-10-08 14:15:22,22232.45,2026-10-13,22700.0,CE,44620,22.65,12521665,85390565,22.7,22.75,65
2026-10-08 14:15:22,22232.45,2026-10-13,22750.0,PE,44623,502.5,530855,3670160,505.0,506.2,65
2026-10-08 14:15:22,22232.45,2026-10-13,22750.0,CE,44622,18.0,5438615,36619050,18.05,18.1,65
2026-10-08 14:15:22,22232.45,2026-10-13,22100.0,CE,44584,245.4,726570,3906695,245.3,245.85,65
2026-10-08 14:15:22,22232.45,2026-10-13,22050.0,PE,44583,69.75,1790490,37261380,69.4,69.6,65
2026-10-08 14:15:22,22232.45,2026-10-13,22150.0,CE,44586,211.8,488475,3202095,211.25,211.8,65
2026-10-08 14:15:22,22232.45,2026-10-13,22100.0,PE,44585,83.65,4696120,71650540,83.1,83.3,65
2026-10-08 14:15:22,22232.45,2026-10-13,22800.0,PE,44625,552.0,1249495,5782205,551.0,552.6,65
2026-10-08 14:15:22,22232.45,2026-10-13,22800.0,CE,44624,14.35,10298665,68696355,14.25,14.35,65
2026-10-08 14:15:22,22232.45,2026-10-13,22850.0,PE,44627,600.25,203320,717405,598.8,600.55,65
2026-10-08 14:15:22,22232.45,2026-10-13,22850.0,CE,44626,11.5,4114630,28360930,11.5,11.55,65
2026-10-08 14:15:22,22232.45,2026-10-13,22050.0,CE,44582,280.75,138060,703105,280.7,281.25,65
2026-10-08 14:15:22,22232.45,2026-10-13,22000.0,PE,44581,58.15,8947770,102095110,57.65,57.8,65
2026-10-08 14:15:22,22232.45,2026-10-13,22500.0,CE,44612,56.15,13812955,135885880,56.0,56.15,65
2026-10-08 14:15:22,22232.45,2026-10-13,22450.0,PE,44611,258.3,1750840,87985820,257.25,257.6,65
2026-10-08 14:15:22,22232.45,2026-10-13,22000.0,CE,44572,319.05,879060,4369365,319.55,320.3,65
2026-10-08 14:15:22,22232.45,2026-10-13,22650.0,CE,44618,28.6,5811715,43617470,28.5,28.55,65
2026-10-08 14:15:22,22232.45,2026-10-13,22600.0,PE,44617,374.0,3473795,58468930,373.3,374.2,65
2026-10-08 14:15:22,22232.45,2026-10-13,22650.0,PE,44619,416.75,910390,12218245,415.75,416.85,65
2026-10-08 14:15:22,22232.45,2026-10-13,22550.0,CE,44614,44.7,7019675,68097055,44.55,44.7,65
2026-10-08 14:15:22,22232.45,2026-10-13,22500.0,PE,44613,295.1,3724760,139546550,294.35,295.05,65
2026-10-08 14:15:22,22232.45,2026-10-13,22600.0,CE,44616,35.9,12571130,107295435,35.85,35.95,65
2026-10-08 14:15:22,22232.45,2026-10-13,22550.0,PE,44615,332.35,1346280,57400460,332.5,333.35,65
2026-10-08 14:15:22,22232.45,2026-10-13,21950.0,PE,44571,47.7,2059005,30558645,47.5,47.7,65
2026-10-08 14:15:22,22232.45,2026-10-13,21950.0,CE,44570,359.35,45695,170625,358.5,359.55,65
2026-10-08 14:15:22,22232.45,2026-10-13,21850.0,CE,44566,442.45,9945,30355,443.4,444.7,65
2026-10-08 14:15:22,22232.45,2026-10-13,21800.0,PE,44565,26.45,7005310,48070165,26.35,26.45,65
2026-10-08 14:15:22,22232.45,2026-10-13,21900.0,CE,44568,400.0,90285,353600,400.25,401.15,65
2026-10-08 14:15:22,22232.45,2026-10-13,22350.0,PE,44601,193.3,1731795,85166120,192.6,193.05,65
2026-10-08 14:15:22,22232.45,2026-10-13,22350.0,CE,44600,105.0,3951480,42250845,105.35,105.6,65
2026-10-08 14:15:22,22232.45,2026-10-13,21850.0,PE,44567,32.0,2445105,28553265,31.95,32.05,65
2026-10-08 14:15:22,22232.45,2026-10-13,21750.0,CE,44562,533.55,4095,10985,530.9,533.6,65
2026-10-08 14:15:22,22232.45,2026-10-13,21700.0,PE,44561,18.4,5435040,37470355,18.3,18.4,65
2026-10-08 14:15:22,22232.45,2026-10-13,21800.0,CE,44564,488.35,68185,174265,487.45,488.7,65
2026-10-08 14:15:22,22232.45,2026-10-13,21750.0,PE,44563,22.0,1269580,23377900,22.15,22.2,65
2026-10-08 14:15:22,22232.45,2026-10-13,22450.0,CE,44608,69.45,5424510,64396605,69.6,69.65,65
2026-10-08 14:15:22,22232.45,2026-10-13,21900.0,PE,44569,39.3,4042935,45238440,39.05,39.15,65
2026-10-08 14:15:22,22232.45,2026-10-13,22400.0,CE,44602,85.55,9597315,86325265,85.85,85.95,65
2026-10-08 14:15:22,22232.45,2026-10-13,22400.0,PE,44604,224.45,3829215,135274685,223.35,223.85,65
2026-10-08 14:15:22,22232.45,2026-10-13,22300.0,PE,44599,166.0,5507645,140485865,165.65,166.0,65
2026-10-08 14:15:22,22232.45,2026-10-13,22300.0,CE,44598,127.3,7231445,59352280,127.0,127.3,65
2026-10-08 14:15:22,22232.45,2026-10-13,21650.0,PE,44557,15.3,2799680,18597930,15.2,15.3,65
2026-10-08 14:15:22,22232.45,2026-10-13,21650.0,CE,44556,622.0,1690,1300,624.2,628.2,65
2026-10-08 14:15:22,22232.45,2026-10-13,22200.0,PE,44595,119.15,7727655,123808555,119.1,119.4,65
2026-10-08 14:15:22,22232.45,2026-10-13,22250.0,PE,44597,140.9,2701205,83600985,140.9,140.95,65
2026-10-08 14:15:22,22232.45,2026-10-13,22250.0,CE,44596,152.5,3275155,24864125,152.5,152.9,65
2026-10-08 14:15:22,22232.45,2026-10-13,21700.0,CE,44558,586.75,15795,35165,578.1,580.9,65
2026-10-08 14:15:22,22232.45,2026-10-13,22150.0,PE,44591,100.5,2020590,49139480,100.2,100.5,65
2026-10-08 14:15:22,22232.45,2026-10-13,22200.0,CE,44592,180.9,3793985,23464545,180.4,180.85,65
2026-10-08 14:20:28,22213.35,2026-10-13,22700.0,PE,44621,473.85,3256630,18509270,473.4,474.0,65
2026-10-08 14:20:28,22213.35,2026-10-13,21600.0,CE,44544,670.0,4355,5590,660.05,663.0,65
2026-10-08 14:20:28,22213.35,2026-10-13,22700.0,CE,44620,22.05,12513475,86242520,22.1,22.15,65
2026-10-08 14:20:28,22213.35,2026-10-13,22750.0,PE,44623,517.55,527865,3685045,516.8,518.0,65
2026-10-08 14:20:28,22213.35,2026-10-13,22750.0,CE,44622,17.7,5452655,37016330,17.75,17.8,65
2026-10-08 14:20:28,22213.35,2026-10-13,22100.0,CE,44584,236.0,730535,4126460,235.3,235.85,65
2026-10-08 14:20:28,22213.35,2026-10-13,22050.0,PE,44583,73.25,1853540,37940370,72.9,73.1,65
2026-10-08 14:20:28,22213.35,2026-10-13,22150.0,CE,44586,202.85,486980,3437915,202.85,203.1,65
2026-10-08 14:20:28,22213.35,2026-10-13,22100.0,PE,44585,88.2,4770870,72891455,88.15,88.4,65
2026-10-08 14:20:28,22213.35,2026-10-13,22800.0,PE,44625,565.0,1246700,5816720,565.6,567.5,65
2026-10-08 14:20:28,22213.35,2026-10-13,22800.0,CE,44624,14.2,10354565,69449640,14.15,14.2,65
2026-10-08 14:20:28,22213.35,2026-10-13,22050.0,CE,44582,272.0,127010,739765,271.95,272.55,65
2026-10-08 14:20:28,22213.35,2026-10-13,22000.0,PE,44581,61.1,9072375,103826710,61.0,61.15,65
2026-10-08 14:20:28,22213.35,2026-10-13,22500.0,CE,44612,53.7,14086475,137508020,53.55,53.7,65
2026-10-08 14:20:28,22213.35,2026-10-13,22450.0,PE,44611,268.15,1778790,88181080,268.95,269.55,65
2026-10-08 14:20:28,22213.35,2026-10-13,22000.0,CE,44572,308.05,861640,4513990,309.0,309.75,65
2026-10-08 14:20:28,22213.35,2026-10-13,22650.0,CE,44618,27.75,5795400,44231980,27.7,27.8,65
2026-10-08 14:20:28,22213.35,2026-10-13,22600.0,PE,44617,386.35,3444025,58649890,386.35,387.5,65
2026-10-08 14:20:28,22213.35,2026-10-13,22650.0,PE,44619,428.0,894985,12263810,426.8,427.75,65
2026-10-08 14:20:28,22213.35,2026-10-13,22550.0,CE,44614,42.8,6909695,69191395,42.9,43.0,65
2026-10-08 14:20:28,22213.35,2026-10-13,22500.0,PE,44613,306.25,3674060,139995570,306.1,306.25,65
2026-10-08 14:20:28,22213.35,2026-10-13,22600.0,CE,44616,34.7,12486955,108307355,34.7,34.85,65
2026-10-08 14:20:28,22213.35,2026-10-13,22550.0,PE,44615,345.0,1333215,57487495,343.9,344.75,65
2026-10-08 14:20:28,22213.35,2026-10-13,21950.0,PE,44571,50.25,2033395,30952415,49.75,49.9,65
2026-10-08 14:20:28,22213.35,2026-10-13,21950.0,CE,44570,349.35,45435,179075,348.7,349.75,65
2026-10-08 14:20:28,22213.35,2026-10-13,21850.0,CE,44566,435.55,9035,35035,430.8,432.3,65
2026-10-08 14:20:28,22213.35,2026-10-13,21800.0,PE,44565,27.85,6976190,48787375,27.75,27.85,65
2026-10-08 14:20:28,22213.35,2026-10-13,21900.0,CE,44568,390.65,80340,417235,388.6,389.6,65
2026-10-08 14:20:28,22213.35,2026-10-13,22350.0,PE,44601,202.05,1748240,85637955,201.65,202.0,65
2026-10-08 14:20:28,22213.35,2026-10-13,22350.0,CE,44600,100.35,3931330,43010370,100.45,100.5,65
2026-10-08 14:20:28,22213.35,2026-10-13,21850.0,PE,44567,33.75,2478450,28905240,33.65,33.75,65
2026-10-08 14:20:28,22213.35,2026-10-13,21750.0,CE,44562,522.3,4160,12675,519.55,521.3,65
2026-10-08 14:20:28,22213.35,2026-10-13,21700.0,PE,44561,19.2,5456035,38017395,19.1,19.15,65
2026-10-08 14:20:28,22213.35,2026-10-13,21800.0,CE,44564,477.7,64805,184730,474.35,475.8,65
2026-10-08 14:20:28,22213.35,2026-10-13,21750.0,PE,44563,23.25,1255085,23731695,23.15,23.25,65
2026-10-08 14:20:28,22213.35,2026-10-13,22450.0,CE,44608,66.4,5562700,65211120,66.25,66.45,65
2026-10-08 14:20:28,22213.35,2026-10-13,21900.0,PE,44569,41.4,4078685,46162090,41.3,41.45,65
2026-10-08 14:20:28,22213.35,2026-10-13,22400.0,CE,44602,81.65,9739665,87860110,81.45,81.6,65
2026-10-08 14:20:28,22213.35,2026-10-13,22400.0,PE,44604,234.05,3803865,135859360,234.1,234.65,65
2026-10-08 14:20:28,22213.35,2026-10-13,22300.0,PE,44599,174.0,5542225,141984700,173.65,174.0,65
2026-10-08 14:20:28,22213.35,2026-10-13,21600.0,PE,44555,13.65,3405415,28260570,13.55,13.65,65
2026-10-08 14:20:28,22213.35,2026-10-13,22300.0,CE,44598,121.5,7166380,61070490,121.25,121.5,65
2026-10-08 14:20:28,22213.35,2026-10-13,21650.0,PE,44557,15.9,2815670,18848310,15.85,15.9,65
2026-10-08 14:20:28,22213.35,2026-10-13,21650.0,CE,44556,611.5,1560,1885,610.3,614.65,65
2026-10-08 14:20:28,22213.35,2026-10-13,22200.0,PE,44595,125.7,7834255,127130315,124.85,125.0,65
2026-10-08 14:20:28,22213.35,2026-10-13,22250.0,PE,44597,148.0,2847780,85540845,148.0,148.35,65
2026-10-08 14:20:28,22213.35,2026-10-13,22250.0,CE,44596,145.65,3209050,26507195,145.6,146.0,65
2026-10-08 14:20:28,22213.35,2026-10-13,21700.0,CE,44558,568.2,15015,36985,567.25,569.05,65
2026-10-08 14:20:28,22213.35,2026-10-13,22150.0,PE,44591,105.5,2072135,50313640,105.55,105.75,65
2026-10-08 14:20:28,22213.35,2026-10-13,22200.0,CE,44592,173.25,3789240,25080965,173.2,173.65,65
2026-10-08 14:25:34,22212.6,2026-10-13,22700.0,PE,44621,471.0,3200210,18623085,473.0,474.3,65
2026-10-08 14:25:34,22212.6,2026-10-13,21600.0,CE,44544,660.0,4420,5655,660.95,664.6,65
2026-10-08 14:25:34,22212.6,2026-10-13,22700.0,CE,44620,22.25,12504635,87279465,22.15,22.25,65
2026-10-08 14:25:34,22212.6,2026-10-13,22750.0,PE,44623,517.25,515710,3712930,517.7,519.05,65
2026-10-08 14:25:34,22212.6,2026-10-13,22750.0,CE,44622,17.9,5480215,37751545,17.85,17.9,65
2026-10-08 14:25:34,22212.6,2026-10-13,22100.0,CE,44584,238.0,778180,4454060,236.7,237.2,65
2026-10-08 14:25:34,22212.6,2026-10-13,22050.0,PE,44583,73.15,1757600,38953330,73.5,73.7,65
2026-10-08 14:25:34,22212.6,2026-10-13,22150.0,CE,44586,205.0,565175,3790150,204.65,205.0,65
2026-10-08 14:25:34,22212.6,2026-10-13,22100.0,PE,44585,87.8,4893330,75155210,88.05,88.35,65
2026-10-08 14:25:34,22212.6,2026-10-13,22800.0,PE,44625,566.85,1247740,5854680,564.3,566.05,65
2026-10-08 14:25:34,22212.6,2026-10-13,22800.0,CE,44624,14.15,10295415,70452850,14.2,14.25,65
2026-10-08 14:25:34,22212.6,2026-10-13,22050.0,CE,44582,272.85,128635,782145,271.9,272.5,65
2026-10-08 14:25:34,22212.6,2026-10-13,22000.0,PE,44581,60.95,9064055,106646930,61.25,61.5,65
2026-10-08 14:25:34,22212.6,2026-10-13,22500.0,CE,44612,54.4,13933010,139182485,54.25,54.4,65
2026-10-08 14:25:34,22212.6,2026-10-13,22450.0,PE,44611,268.0,1742520,88391745,268.15,268.8,65
2026-10-08 14:25:34,22212.6,2026-10-13,22000.0,CE,44572,311.0,904735,4745715,309.35,310.0,65
2026-10-08 14:25:34,22212.6,2026-10-13,22650.0,CE,44618,28.0,5794555,44670470,27.9,28.0,65
2026-10-08 14:25:34,22212.6,2026-10-13,22600.0,PE,44617,384.75,3357120,58877390,384.75,385.25,65
2026-10-08 14:25:34,22212.6,2026-10-13,22650.0,PE,44619,429.2,889850,12311910,427.85,428.6,65
2026-10-08 14:25:34,22212.6,2026-10-13,22550.0,CE,44614,43.25,6766435,70399290,43.2,43.35,65
2026-10-08 14:25:34,22212.6,2026-10-13,22500.0,PE,44613,303.05,3562650,140547615,304.5,304.85,65
2026-10-08 14:25:34,22212.6,2026-10-13,22600.0,CE,44616,35.15,12403885,109520385,34.95,35.05,65
2026-10-08 14:25:34,22212.6,2026-10-13,22550.0,PE,44615,344.05,1315925,57575245,344.05,344.45,65
2026-10-08 14:25:34,22212.6,2026-10-13,21950.0,PE,44571,49.5,2017990,31763030,50.25,50.4,65
2026-10-08 14:25:34,22212.6,2026-10-13,21950.0,CE,44570,348.0,44590,187070,348.5,349.5,65
2026-10-08 14:25:34,22212.6,2026-10-13,21850.0,CE,44566,432.35,9425,38220,432.45,433.9,65
2026-10-08 14:25:34,22212.6,2026-10-13,21800.0,PE,44565,27.95,6854900,50186825,27.7,27.75,65
2026-10-08 14:25:34,22212.6,2026-10-13,21900.0,CE,44568,389.35,95355,446420,390.55,391.6,65
2026-10-08 14:25:34,22212.6,2026-10-13,22350.0,PE,44601,201.2,1654250,86307780,202.05,202.55,65
2026-10-08 14:25:34,22212.6,2026-10-13,22350.0,CE,44600,101.35,3964220,43854265,100.65,100.9,65
2026-10-08 14:25:34,22212.6,2026-10-13,21850.0,PE,44567,33.6,2484365,29448770,33.85,33.9,65
2026-10-08 14:25:34,22212.6,2026-10-13,21750.0,CE,44562,522.3,4160,12675,520.25,523.2,65
2026-10-08 14:25:34,22212.6,2026-10-13,21700.0,PE,44561,19.2,5448755,38878775,19.1,19.2,65
2026-10-08 14:25:34,22212.6,2026-10-13,21800.0,CE,44564,473.35,67990,197860,476.7,478.1,65
2026-10-08 14:25:34,22212.6,2026-10-13,21750.0,PE,44563,23.15,1433315,24370320,23.25,23.35,65
2026-10-08 14:25:34,22212.6,2026-10-13,22450.0,CE,44608,67.3,5439265,66006395,66.85,67.05,65
2026-10-08 14:25:34,22212.6,2026-10-13,21900.0,PE,44569,40.95,3971760,47487700,41.25,41.4,65
2026-10-08 14:25:34,22212.6,2026-10-13,22400.0,CE,44602,82.7,10045945,89751155,82.15,82.3,65
2026-10-08 14:25:34,22212.6,2026-10-13,22400.0,PE,44604,232.55,3749980,136649630,233.7,234.15,65
2026-10-08 14:25:34,22212.6,2026-10-13,22300.0,PE,44599,171.4,5495035,143919035,173.45,173.95,65
2026-10-08 14:25:34,22212.6,2026-10-13,21600.0,PE,44555,13.4,3441230,28971605,13.5,13.55,65
2026-10-08 14:25:34,22212.6,2026-10-13,22300.0,CE,44598,123.3,7251400,63072165,122.0,122.25,65
2026-10-08 14:25:34,22212.6,2026-10-13,21650.0,PE,44557,15.75,2768155,19212765,15.75,15.85,65
2026-10-08 14:25:34,22212.6,2026-10-13,21650.0,CE,44556,611.9,1560,2015,612.45,616.9,65
2026-10-08 14:25:34,22212.6,2026-10-13,22200.0,PE,44595,124.75,7591545,132421315,125.25,125.6,65
2026-10-08 14:25:34,22212.6,2026-10-13,22250.0,PE,44597,146.45,2553460,88056280,147.15,147.4,65
2026-10-08 14:25:34,22212.6,2026-10-13,22250.0,CE,44596,147.85,3358160,27987700,146.9,147.15,65
2026-10-08 14:25:34,22212.6,2026-10-13,21700.0,CE,44558,568.0,15860,38415,566.8,568.45,65
2026-10-08 14:25:34,22212.6,2026-10-13,22150.0,PE,44591,105.0,2033265,52021125,105.0,105.2,65
2026-10-08 14:25:34,22212.6,2026-10-13,22200.0,CE,44592,174.85,4121975,27243320,173.7,174.0,65
2026-10-08 14:30:53,22217.5,2026-10-13,22700.0,PE,44621,461.25,3182205,18686590,464.05,465.4,65
2026-10-08 14:30:53,22217.5,2026-10-13,21600.0,CE,44544,665.0,4810,6045,672.7,676.3,65
2026-10-08 14:30:53,22217.5,2026-10-13,22700.0,CE,44620,22.85,12478570,88032815,22.55,22.65,65
2026-10-08 14:30:53,22217.5,2026-10-13,22750.0,PE,44623,508.15,509600,3726125,505.05,506.7,65
2026-10-08 14:30:53,22217.5,2026-10-13,22750.0,CE,44622,18.35,5445830,38210900,18.35,18.4,65
2026-10-08 14:30:53,22217.5,2026-10-13,22100.0,CE,44584,244.25,889720,4801940,243.45,243.85,65
2026-10-08 14:30:53,22217.5,2026-10-13,22050.0,PE,44583,68.35,1810055,39679640,68.8,68.95,65
2026-10-08 14:30:53,22217.5,2026-10-13,22150.0,CE,44586,211.8,605280,4131725,211.6,212.2,65
2026-10-08 14:30:53,22217.5,2026-10-13,22100.0,PE,44585,82.5,4903730,76630515,82.6,82.7,65
2026-10-08 14:30:53,22217.5,2026-10-13,22800.0,PE,44625,553.0,1245270,5878665,551.15,553.0,65
2026-10-08 14:30:53,22217.5,2026-10-13,22800.0,CE,44624,14.75,10144875,71197620,14.65,14.7,65
2026-10-08 14:30:53,22217.5,2026-10-13,22050.0,CE,44582,279.7,131820,819715,279.6,280.35,65
2026-10-08 14:30:53,22217.5,2026-10-13,22000.0,PE,44581,57.0,9288890,108710810,57.85,58.0,65
2026-10-08 14:30:53,22217.5,2026-10-13,22500.0,CE,44612,56.2,13973895,140608455,56.15,56.3,65
2026-10-08 14:30:53,22217.5,2026-10-13,22450.0,PE,44611,256.8,1742780,88513295,258.0,258.5,65
2026-10-08 14:30:53,22217.5,2026-10-13,22000.0,CE,44572,318.0,907660,4914520,315.15,315.9,65
2026-10-08 14:30:53,22217.5,2026-10-13,22650.0,CE,44618,28.85,5772715,45104345,28.75,28.85,65
2026-10-08 14:30:53,22217.5,2026-10-13,22600.0,PE,44617,372.0,3343145,58987435,371.0,371.7,65
2026-10-08 14:30:53,22217.5,2026-10-13,22650.0,PE,44619,414.1,890890,12345515,415.5,416.55,65
2026-10-08 14:30:53,22217.5,2026-10-13,22550.0,CE,44614,45.1,6701175,70936645,45.0,45.2,65
2026-10-08 14:30:53,22217.5,2026-10-13,22500.0,PE,44613,292.6,3548350,140853635,292.05,292.7,65
2026-10-08 14:30:53,22217.5,2026-10-13,22600.0,CE,44616,36.1,12310155,110434610,35.65,35.75,65
2026-10-08 14:30:53,22217.5,2026-10-13,22550.0,PE,44615,330.05,1310725,57643430,329.8,330.65,65
2026-10-08 14:30:53,22217.5,2026-10-13,21950.0,PE,44571,46.5,2025855,32233045,47.1,47.3,65
2026-10-08 14:30:53,22217.5,2026-10-13,21950.0,CE,44570,355.7,44915,191685,357.2,358.35,65
2026-10-08 14:30:53,22217.5,2026-10-13,21850.0,CE,44566,442.95,11635,41600,439.5,441.0,65
2026-10-08 14:30:53,22217.5,2026-10-13,21800.0,PE,44565,25.25,6916195,51168585,25.25,25.35,65
2026-10-08 14:30:53,22217.5,2026-10-13,21900.0,CE,44568,400.0,91650,460525,396.4,397.5,65
2026-10-08 14:30:53,22217.5,2026-10-13,22350.0,PE,44601,192.25,1652820,86695375,194.55,195.15,65
2026-10-08 14:30:53,22217.5,2026-10-13,22350.0,CE,44600,104.4,4020965,44535595,102.8,103.0,65
2026-10-08 14:30:53,22217.5,2026-10-13,21850.0,PE,44567,30.7,2471495,29773900,30.7,30.85,65
2026-10-08 14:30:53,22217.5,2026-10-13,21750.0,CE,44562,521.2,4420,13130,532.05,534.05,65
2026-10-08 14:30:53,22217.5,2026-10-13,21700.0,PE,44561,17.65,5456425,39454675,17.65,17.75,65
2026-10-08 14:30:53,22217.5,2026-10-13,21800.0,CE,44564,482.35,69615,203385,488.75,490.45,65
2026-10-08 14:30:53,22217.5,2026-10-13,21750.0,PE,44563,21.35,1447745,24626355,21.35,21.4,65
2026-10-08 14:30:53,22217.5,2026-10-13,22450.0,CE,44608,69.0,5404945,66602055,69.0,69.2,65
2026-10-08 14:30:53,22217.5,2026-10-13,21900.0,PE,44569,38.35,4063085,48209395,39.0,39.1,65
2026-10-08 14:30:53,22217.5,2026-10-13,22400.0,CE,44602,84.85,10031190,90830415,84.6,84.8,65
2026-10-08 14:30:53,22217.5,2026-10-13,22400.0,PE,44604,223.95,3737760,137174245,224.15,224.7,65
2026-10-08 14:30:53,22217.5,2026-10-13,22300.0,PE,44599,164.4,5564715,145221830,166.25,166.6,65
2026-10-08 14:30:53,22217.5,2026-10-13,21600.0,PE,44555,12.55,3452085,29390725,12.5,12.55,65
2026-10-08 14:30:53,22217.5,2026-10-13,22300.0,CE,44598,126.35,7317830,64407265,124.85,125.0,65
2026-10-08 14:30:53,22217.5,2026-10-13,21650.0,PE,44557,14.6,2763800,19394245,14.55,14.65,65
2026-10-08 14:30:53,22217.5,2026-10-13,21650.0,CE,44556,621.0,1560,2145,621.75,628.0,65
2026-10-08 14:30:53,22217.5,2026-10-13,22200.0,PE,44595,116.55,7703800,135938725,116.5,116.7,65
2026-10-08 14:30:53,22217.5,2026-10-13,22250.0,PE,44597,138.2,2792595,89754990,138.0,138.2,65
2026-10-08 14:30:53,22217.5,2026-10-13,22250.0,CE,44596,153.0,3458000,29336060,152.75,153.0,65
2026-10-08 14:30:53,22217.5,2026-10-13,21700.0,CE,44558,580.0,17485,42250,578.6,580.0,65
2026-10-08 14:30:53,22217.5,2026-10-13,22150.0,PE,44591,97.85,2106845,53215240,97.8,98.0,65
2026-10-08 14:30:53,22217.5,2026-10-13,22200.0,CE,44592,181.1,4345120,29052725,180.8,181.3,65
2026-10-08 14:35:19,22237.55,2026-10-13,22700.0,PE,44621,450.35,3177070,18744570,449.2,450.25,65
2026-10-08 14:35:19,22237.55,2026-10-13,22700.0,CE,44620,22.45,12330370,90192635,22.4,22.5,65
2026-10-08 14:35:19,22237.55,2026-10-13,22750.0,PE,44623,491.4,504010,3740035,491.9,493.0,65
2026-10-08 14:35:19,22237.55,2026-10-13,22750.0,CE,44622,17.9,5437315,38764635,17.95,18.0,65
2026-10-08 14:35:19,22237.55,2026-10-13,22100.0,CE,44584,248.15,832845,5093270,248.8,249.3,65
2026-10-08 14:35:19,22237.55,2026-10-13,22050.0,PE,44583,61.65,1907750,40444430,61.45,61.65,65
2026-10-08 14:35:19,22237.55,2026-10-13,22150.0,CE,44586,214.65,529945,4481360,213.35,213.9,65
2026-10-08 14:35:19,22237.55,2026-10-13,22100.0,PE,44585,74.9,4931680,78606905,74.5,74.65,65
2026-10-08 14:35:19,22237.55,2026-10-13,22800.0,PE,44625,538.25,1242735,5907395,538.15,539.95,65
2026-10-08 14:35:19,22237.55,2026-10-13,22800.0,CE,44624,14.25,10138570,72138105,14.15,14.25,65
2026-10-08 14:35:19,22237.55,2026-10-13,22850.0,PE,44627,583.1,200005,737750,586.7,588.5,65
2026-10-08 14:35:19,22237.55,2026-10-13,22850.0,CE,44626,11.4,4183140,30334525,11.35,11.4,65
2026-10-08 14:35:19,22237.55,2026-10-13,22050.0,CE,44582,285.35,130715,855985,285.45,286.3,65
2026-10-08 14:35:19,22237.55,2026-10-13,22000.0,PE,44581,51.15,9506380,111721090,51.1,51.2,65
2026-10-08 14:35:19,22237.55,2026-10-13,22500.0,CE,44612,55.35,14102725,142505285,55.0,55.1,65
2026-10-08 14:35:19,22237.55,2026-10-13,22450.0,PE,44611,245.15,1719510,88695945,244.45,245.1,65
2026-10-08 14:35:19,22237.55,2026-10-13,22000.0,CE,44572,325.0,862420,5170100,323.7,324.45,65
2026-10-08 14:35:19,22237.55,2026-10-13,22650.0,CE,44618,28.35,5784415,45760195,28.3,28.35,65
2026-10-08 14:35:19,22237.55,2026-10-13,22600.0,PE,44617,362.1,3305770,59151820,361.75,362.6,65
2026-10-08 14:35:19,22237.55,2026-10-13,22650.0,PE,44619,404.25,882895,12391730,402.65,403.45,65
2026-10-08 14:35:19,22237.55,2026-10-13,22550.0,CE,44614,44.1,6676215,71805045,43.95,44.05,65
2026-10-08 14:35:19,22237.55,2026-10-13,22500.0,PE,44613,281.6,3543085,141155690,281.75,282.45,65
2026-10-08 14:35:19,22237.55,2026-10-13,22600.0,CE,44616,35.45,12372685,113138545,35.35,35.45,65
2026-10-08 14:35:19,22237.55,2026-10-13,22550.0,PE,44615,319.2,1305655,57705505,319.2,320.05,65
2026-10-08 14:35:19,22237.55,2026-10-13,21950.0,PE,44571,41.25,2010125,32869850,41.4,41.55,65
2026-10-08 14:35:19,22237.55,2026-10-13,21950.0,CE,44570,365.65,44005,199550,364.6,365.85,65
2026-10-08 14:35:19,22237.55,2026-10-13,21850.0,CE,44566,452.15,10985,49075,450.95,452.55,65
2026-10-08 14:35:19,22237.55,2026-10-13,21800.0,PE,44565,22.45,6895785,52391755,22.55,22.65,65
2026-10-08 14:35:19,22237.55,2026-10-13,21900.0,CE,44568,408.0,76570,482040,407.55,408.95,65
2026-10-08 14:35:19,22237.55,2026-10-13,22350.0,PE,44601,180.25,1669525,87118590,181.05,181.45,65
2026-10-08 14:35:19,22237.55,2026-10-13,22350.0,CE,44600,104.95,4148105,45697665,104.2,104.5,65
2026-10-08 14:35:19,22237.55,2026-10-13,21850.0,PE,44567,27.5,2489695,30302870,27.45,27.6,65
2026-10-08 14:35:19,22237.55,2026-10-13,21750.0,CE,44562,544.05,4810,13780,541.95,543.6,65
2026-10-08 14:35:19,22237.55,2026-10-13,21700.0,PE,44561,15.4,5526040,40267695,15.35,15.4,65
2026-10-08 14:35:19,22237.55,2026-10-13,21800.0,CE,44564,497.1,68640,211380,494.85,496.45,65
2026-10-08 14:35:19,22237.55,2026-10-13,21750.0,PE,44563,18.6,1446055,25006410,18.6,18.7,65
2026-10-08 14:35:19,22237.55,2026-10-13,22450.0,CE,44608,68.9,5395520,67373800,68.8,69.0,65
2026-10-08 14:35:19,22237.55,2026-10-13,21900.0,PE,44569,34.15,4135365,49213515,33.85,34.0,65
2026-10-08 14:35:19,22237.55,2026-10-13,22400.0,CE,44602,85.05,10088390,92622530,85.1,85.35,65
2026-10-08 14:35:19,22237.55,2026-10-13,22400.0,PE,44604,210.95,3706170,137766915,210.4,210.95,65
2026-10-08 14:35:19,22237.55,2026-10-13,22300.0,PE,44599,152.8,5735925,147233710,153.3,153.65,65
2026-10-08 14:35:19,22237.55,2026-10-13,22300.0,CE,44598,127.5,7352410,66827280,127.2,127.5,65
2026-10-08 14:35:19,22237.55,2026-10-13,21650.0,PE,44557,12.7,2723890,19801470,12.65,12.75,65
2026-10-08 14:35:19,22237.55,2026-10-13,21650.0,CE,44556,645.0,1625,2405,634.05,638.7,65
2026-10-08 14:35:19,22237.55,2026-10-13,22200.0,PE,44595,108.2,7599800,139063405,108.3,108.6,65
2026-10-08 14:35:19,22237.55,2026-10-13,22250.0,PE,44597,128.95,2797405,91403975,129.9,130.0,65
2026-10-08 14:35:19,22237.55,2026-10-13,22250.0,CE,44596,153.8,3430180,31220085,152.8,153.2,65
2026-10-08 14:35:19,22237.55,2026-10-13,21700.0,CE,44558,590.8,15145,46865,588.85,590.8,65
2026-10-08 14:35:19,22237.55,2026-10-13,22150.0,PE,44591,90.0,2210845,54512705,89.6,89.85,65
2026-10-08 14:35:19,22237.55,2026-10-13,22200.0,CE,44592,182.55,4052360,31154760,182.4,182.75,65
2026-10-08 14:40:31,22248.15,2026-10-13,22700.0,PE,44621,443.35,3168620,18824715,441.95,443.1,65
2026-10-08 14:40:31,22248.15,2026-10-13,22700.0,CE,44620,22.75,12350845,91219505,22.75,22.85,65
2026-10-08 14:40:31,22248.15,2026-10-13,22750.0,PE,44623,487.25,498875,3750110,486.55,487.8,65
2026-10-08 14:40:31,22248.15,2026-10-13,22750.0,CE,44622,18.2,5412680,39072930,18.2,18.25,65
2026-10-08 14:40:31,22248.15,2026-10-13,22100.0,CE,44584,252.25,850720,5298410,252.05,252.65,65
2026-10-08 14:40:31,22248.15,2026-10-13,22050.0,PE,44583,59.15,1942590,41012595,59.05,59.25,65
2026-10-08 14:40:31,22248.15,2026-10-13,22150.0,CE,44586,216.6,537160,4761835,216.4,216.9,65
2026-10-08 14:40:31,22248.15,2026-10-13,22100.0,PE,44585,71.25,4952870,79813175,71.15,71.35,65
2026-10-08 14:40:31,22248.15,2026-10-13,22800.0,PE,44625,532.85,1241110,5923320,531.6,533.45,65
2026-10-08 14:40:31,22248.15,2026-10-13,22800.0,CE,44624,14.45,10277020,73077810,14.45,14.5,65
2026-10-08 14:40:31,22248.15,2026-10-13,22850.0,PE,44627,572.4,199485,738205,579.45,581.4,65
2026-10-08 14:40:31,22248.15,2026-10-13,22850.0,CE,44626,11.7,4147065,30879030,11.65,11.7,65
2026-10-08 14:40:31,22248.15,2026-10-13,22050.0,CE,44582,289.9,135850,885690,288.65,289.35,65
2026-10-08 14:40:31,22248.15,2026-10-13,22000.0,PE,44581,48.8,10110750,114415990,48.7,48.8,65
2026-10-08 14:40:31,22248.15,2026-10-13,22500.0,CE,44612,55.8,14304485,143996060,55.65,55.8,65
2026-10-08 14:40:31,22248.15,2026-10-13,22450.0,PE,44611,239.55,1685905,88846940,238.4,238.9,65
2026-10-08 14:40:31,22248.15,2026-10-13,22000.0,CE,44572,328.8,861120,5265650,328.45,329.3,65
2026-10-08 14:40:31,22248.15,2026-10-13,22650.0,CE,44618,28.7,5786495,46139080,28.65,28.7,65
2026-10-08 14:40:31,22248.15,2026-10-13,22600.0,PE,44617,354.55,3252860,59304895,354.75,355.6,65
2026-10-08 14:40:31,22248.15,2026-10-13,22650.0,PE,44619,397.4,859885,12425660,396.7,397.4,65
2026-10-08 14:40:31,22248.15,2026-10-13,22550.0,CE,44614,44.4,6636240,72387315,44.4,44.55,65
2026-10-08 14:40:31,22248.15,2026-10-13,22500.0,PE,44613,275.3,3536325,141489465,275.45,276.05,65
2026-10-08 14:40:31,22248.15,2026-10-13,22600.0,CE,44616,35.85,12335505,114708945,35.9,36.0,65
2026-10-08 14:40:31,22248.15,2026-10-13,22550.0,PE,44615,315.0,1289860,57768490,312.95,313.8,65
2026-10-08 14:40:31,22248.15,2026-10-13,21950.0,PE,44571,39.8,2011295,33379775,39.65,39.75,65
2026-10-08 14:40:31,22248.15,2026-10-13,21950.0,CE,44570,370.5,45240,202410,369.75,370.9,65
2026-10-08 14:40:31,22248.15,2026-10-13,21850.0,CE,44566,456.0,11245,50505,456.0,457.55,65
2026-10-08 14:40:31,22248.15,2026-10-13,21800.0,PE,44565,21.85,6892405,53504035,21.85,21.95,65
2026-10-08 14:40:31,22248.15,2026-10-13,21900.0,CE,44568,411.3,76960,490035,412.4,413.6,65
2026-10-08 14:40:31,22248.15,2026-10-13,22350.0,PE,44601,175.2,1668160,87499685,175.05,175.5,65
2026-10-08 14:40:31,22248.15,2026-10-13,22350.0,CE,44600,105.55,4261335,46483710,105.55,105.8,65
2026-10-08 14:40:31,22248.15,2026-10-13,21850.0,PE,44567,26.5,2512445,30695925,26.5,26.6,65
2026-10-08 14:40:31,22248.15,2026-10-13,21750.0,CE,44562,550.8,5330,14430,546.6,549.4,65
2026-10-08 14:40:31,22248.15,2026-10-13,21700.0,PE,44561,15.25,5744245,41103790,15.2,15.25,65
2026-10-08 14:40:31,22248.15,2026-10-13,21800.0,CE,44564,504.75,69420,216515,501.3,502.75,65
2026-10-08 14:40:31,22248.15,2026-10-13,21750.0,PE,44563,18.2,1456455,25273170,18.25,18.3,65
2026-10-08 14:40:31,22248.15,2026-10-13,22450.0,CE,44608,69.45,5416125,67984345,69.45,69.65,65
2026-10-08 14:40:31,22248.15,2026-10-13,21900.0,PE,44569,32.85,4160195,49887370,32.7,32.85,65
2026-10-08 14:40:31,22248.15,2026-10-13,22400.0,CE,44602,86.0,10214165,93998190,85.65,85.85,65
2026-10-08 14:40:31,22248.15,2026-10-13,22400.0,PE,44604,205.65,3752775,138306545,205.3,205.8,65
2026-10-08 14:40:31,22248.15,2026-10-13,22300.0,PE,44599,148.5,6209125,149153810,148.3,148.4,65
2026-10-08 14:40:31,22248.15,2026-10-13,22300.0,CE,44598,128.55,7744100,68688490,128.6,128.95,65
2026-10-08 14:40:31,22248.15,2026-10-13,21650.0,PE,44557,12.6,2763150,20176585,12.5,12.6,65
2026-10-08 14:40:31,22248.15,2026-10-13,21650.0,CE,44556,640.05,1625,2470,639.55,643.85,65
2026-10-08 14:40:31,22248.15,2026-10-13,22200.0,PE,44595,104.05,7702175,141534640,103.8,104.05,65
2026-10-08 14:40:31,22248.15,2026-10-13,22250.0,PE,44597,124.8,3046095,92798095,124.65,124.9,65
2026-10-08 14:40:31,22248.15,2026-10-13,22250.0,CE,44596,154.9,3622710,32662565,154.9,155.2,65
2026-10-08 14:40:31,22248.15,2026-10-13,21700.0,CE,44558,595.15,16250,49140,594.7,596.35,65
2026-10-08 14:40:31,22248.15,2026-10-13,22150.0,PE,44591,86.6,2269605,55617965,86.5,86.75,65
2026-10-08 14:40:31,22248.15,2026-10-13,22200.0,CE,44592,185.2,4050865,32466525,184.8,185.15,65
2026-10-08 14:45:38,22224.3,2026-10-13,22700.0,PE,44621,468.55,3160300,18897255,467.55,468.8,65
2026-10-08 14:45:38,22224.3,2026-10-13,21600.0,CE,44544,670.0,5135,7670,663.8,668.0,65
2026-10-08 14:45:38,22224.3,2026-10-13,22700.0,CE,44620,22.2,12425335,92220245,22.2,22.3,65
2026-10-08 14:45:38,22224.3,2026-10-13,22750.0,PE,44623,512.65,499655,3761420,511.6,512.75,65
2026-10-08 14:45:38,22224.3,2026-10-13,22750.0,CE,44622,18.0,5411705,39296855,17.9,17.95,65
2026-10-08 14:45:38,22224.3,2026-10-13,22100.0,CE,44584,238.55,842335,5496335,238.0,238.6,65
2026-10-08 14:45:38,22224.3,2026-10-13,22050.0,PE,44583,69.9,1859650,41898155,69.7,69.95,65
2026-10-08 14:45:38,22224.3,2026-10-13,22150.0,CE,44586,205.0,520780,4969315,204.55,205.05,65
2026-10-08 14:45:38,22224.3,2026-10-13,22100.0,PE,44585,84.0,4923295,81543540,83.8,84.05,65
2026-10-08 14:45:38,22224.3,2026-10-13,22800.0,PE,44625,558.15,1232790,5945550,558.55,560.45,65
2026-10-08 14:45:38,22224.3,2026-10-13,22800.0,CE,44624,14.4,10349625,73865675,14.25,14.3,65
2026-10-08 14:45:38,22224.3,2026-10-13,22050.0,CE,44582,273.7,138710,917410,273.85,274.5,65
2026-10-08 14:45:38,22224.3,2026-10-13,22000.0,PE,44581,58.05,10365030,116948130,57.85,58.05,65
2026-10-08 14:45:38,22224.3,2026-10-13,22500.0,CE,44612,53.4,14328015,145537730,53.4,53.55,65
2026-10-08 14:45:38,22224.3,2026-10-13,22450.0,PE,44611,261.5,1657760,89057800,261.45,262.0,65
2026-10-08 14:45:38,22224.3,2026-10-13,22000.0,CE,44572,312.9,872690,5515575,311.2,312.2,65
2026-10-08 14:45:38,22224.3,2026-10-13,22650.0,CE,44618,28.05,5771480,46624630,27.95,28.0,65
2026-10-08 14:45:38,22224.3,2026-10-13,22600.0,PE,44617,379.45,3231215,59426770,380.15,381.25,65
2026-10-08 14:45:38,22224.3,2026-10-13,22650.0,PE,44619,422.0,859170,12448085,422.3,423.25,65
2026-10-08 14:45:38,22224.3,2026-10-13,22550.0,CE,44614,42.9,6570590,73057985,42.6,42.75,65
2026-10-08 14:45:38,22224.3,2026-10-13,22500.0,PE,44613,299.5,3539705,142032020,298.7,299.55,65
2026-10-08 14:45:38,22224.3,2026-10-13,22600.0,CE,44616,34.9,12350975,115919895,34.6,34.7,65
2026-10-08 14:45:38,22224.3,2026-10-13,22550.0,PE,44615,340.0,1259440,57854420,338.45,339.2,65
2026-10-08 14:45:38,22224.3,2026-10-13,21950.0,PE,44571,47.45,1983995,33870980,47.45,47.65,65
2026-10-08 14:45:38,22224.3,2026-10-13,21950.0,CE,44570,353.9,45760,206050,350.95,351.8,65
2026-10-08 14:45:38,22224.3,2026-10-13,21850.0,CE,44566,435.25,11505,52910,434.75,436.5,65
2026-10-08 14:45:38,22224.3,2026-10-13,21800.0,PE,44565,26.05,6871995,54409615,26.1,26.15,65
2026-10-08 14:45:38,22224.3,2026-10-13,21900.0,CE,44568,393.35,77415,497835,392.5,393.7,65
2026-10-08 14:45:38,22224.3,2026-10-13,22350.0,PE,44601,196.1,1643200,88040290,195.4,195.9,65
2026-10-08 14:45:38,22224.3,2026-10-13,22350.0,CE,44600,100.3,4238260,47430630,100.05,100.3,65
2026-10-08 14:45:38,22224.3,2026-10-13,21850.0,PE,44567,32.1,2526290,31110560,31.9,32.0,65
2026-10-08 14:45:38,22224.3,2026-10-13,21750.0,CE,44562,529.0,5590,15210,525.2,527.35,65
2026-10-08 14:45:38,22224.3,2026-10-13,21700.0,PE,44561,18.0,5724810,41925520,18.1,18.2,65
2026-10-08 14:45:38,22224.3,2026-10-13,21800.0,CE,44564,480.0,70135,218790,479.7,481.35,65
2026-10-08 14:45:38,22224.3,2026-10-13,21750.0,PE,44563,21.75,1473745,25650365,21.85,21.95,65
2026-10-08 14:45:38,22224.3,2026-10-13,22450.0,CE,44608,66.25,5320965,68744000,66.25,66.45,65
2026-10-08 14:45:38,22224.3,2026-10-13,21900.0,PE,44569,39.1,4298580,50917360,39.15,39.3,65
2026-10-08 14:45:38,22224.3,2026-10-13,22400.0,CE,44602,81.75,10228335,95490915,81.55,81.75,65
2026-10-08 14:45:38,22224.3,2026-10-13,22400.0,PE,44604,227.3,3677115,139116055,226.8,227.3,65
2026-10-08 14:45:38,22224.3,2026-10-13,22300.0,PE,44599,167.45,6406790,151273785,167.5,167.9,65
2026-10-08 14:45:38,22224.3,2026-10-13,21600.0,PE,44555,12.55,3530150,31144425,12.5,12.6,65
2026-10-08 14:45:38,22224.3,2026-10-13,22300.0,CE,44598,121.95,7735195,70692440,121.4,121.7,65
2026-10-08 14:45:38,22224.3,2026-10-13,21650.0,PE,44557,14.8,2734875,20478315,14.95,15.05,65
2026-10-08 14:45:38,22224.3,2026-10-13,21650.0,CE,44556,616.45,1625,2535,614.75,619.9,65
2026-10-08 14:45:38,22224.3,2026-10-13,22200.0,PE,44595,120.2,7680790,144787435,119.8,120.1,65
2026-10-08 14:45:38,22224.3,2026-10-13,22250.0,PE,44597,142.35,3097900,95086745,142.45,142.85,65
2026-10-08 14:45:38,22224.3,2026-10-13,22250.0,CE,44596,146.85,3448510,34212685,146.15,146.45,65
2026-10-08 14:45:38,22224.3,2026-10-13,21700.0,CE,44558,571.2,16185,49595,570.35,572.4,65
2026-10-08 14:45:38,22224.3,2026-10-13,22150.0,PE,44591,101.0,2145325,57210205,100.8,101.0,65
2026-10-08 14:45:38,22224.3,2026-10-13,22200.0,CE,44592,174.45,3833245,33819825,173.95,174.35,65
2026-10-08 14:50:27,22216.3,2026-10-13,22700.0,PE,44621,474.0,3159390,18950360,474.2,475.3,65
2026-10-08 14:50:27,22216.3,2026-10-13,21600.0,CE,44544,670.0,5135,7670,656.45,659.9,65
2026-10-08 14:50:27,22216.3,2026-10-13,22700.0,CE,44620,20.75,12428325,93606630,20.65,20.75,65
2026-10-08 14:50:27,22216.3,2026-10-13,22750.0,PE,44623,517.85,496925,3779165,517.6,518.35,65
2026-10-08 14:50:27,22216.3,2026-10-13,22750.0,CE,44622,16.8,5424640,39648115,16.7,16.8,65
2026-10-08 14:50:27,22216.3,2026-10-13,22100.0,CE,44584,230.7,758810,5796245,229.55,230.1,65
2026-10-08 14:50:27,22216.3,2026-10-13,22050.0,PE,44583,68.75,1814670,42882515,68.55,68.7,65
2026-10-08 14:50:27,22216.3,2026-10-13,22150.0,CE,44586,197.05,518635,5258500,196.55,197.0,65
2026-10-08 14:50:27,22216.3,2026-10-13,22100.0,PE,44585,82.6,4741620,83746195,83.15,83.35,65
2026-10-08 14:50:27,22216.3,2026-10-13,22800.0,PE,44625,565.0,1231165,5969925,565.0,566.5,65
2026-10-08 14:50:27,22216.3,2026-10-13,22800.0,CE,44624,13.5,10403510,74829170,13.45,13.55,65
2026-10-08 14:50:27,22216.3,2026-10-13,22050.0,CE,44582,267.1,138190,945425,265.9,266.7,65
2026-10-08 14:50:27,22216.3,2026-10-13,22000.0,PE,44581,56.95,10415600,119581800,57.15,57.3,65
2026-10-08 14:50:27,22216.3,2026-10-13,22500.0,CE,44612,49.2,14301235,147858750,49.1,49.2,65
2026-10-08 14:50:27,22216.3,2026-10-13,22450.0,PE,44611,263.8,1636440,89267035,264.55,265.15,65
2026-10-08 14:50:27,22216.3,2026-10-13,22000.0,CE,44572,304.65,922675,5687500,302.65,303.45,65
2026-10-08 14:50:27,22216.3,2026-10-13,22650.0,CE,44618,25.8,5716360,47255715,25.75,25.85,65
2026-10-08 14:50:27,22216.3,2026-10-13,22600.0,PE,44617,384.9,3215095,59574320,383.25,384.3,65
2026-10-08 14:50:27,22216.3,2026-10-13,22650.0,PE,44619,428.0,856570,12470900,426.25,427.25,65
2026-10-08 14:50:27,22216.3,2026-10-13,22550.0,CE,44614,39.45,6475300,73999250,39.3,39.45,65
2026-10-08 14:50:27,22216.3,2026-10-13,22500.0,PE,44613,301.65,3544450,142422735,302.3,303.1,65
2026-10-08 14:50:27,22216.3,2026-10-13,22600.0,CE,44616,32.1,12248275,116994215,32.05,32.1,65
2026-10-08 14:50:27,22216.3,2026-10-13,22550.0,PE,44615,343.15,1236170,57955690,341.4,342.15,65
2026-10-08 14:50:27,22216.3,2026-10-13,21950.0,PE,44571,46.3,1967095,34501870,46.4,46.5,65
2026-10-08 14:50:27,22216.3,2026-10-13,21950.0,CE,44570,340.35,45435,210275,343.55,344.5,65
2026-10-08 14:50:27,22216.3,2026-10-13,21850.0,CE,44566,424.15,11765,53495,426.25,428.25,65
2026-10-08 14:50:27,22216.3,2026-10-13,21800.0,PE,44565,25.9,6723730,55449745,25.8,25.9,65
2026-10-08 14:50:27,22216.3,2026-10-13,21900.0,CE,44568,381.65,77285,508495,385.55,386.55,65
2026-10-08 14:50:27,22216.3,2026-10-13,22350.0,PE,44601,196.05,1586195,88569780,197.0,197.5,65
2026-10-08 14:50:27,22216.3,2026-10-13,22350.0,CE,44600,93.7,4102540,48678825,93.55,93.65,65
2026-10-08 14:50:27,22216.3,2026-10-13,21850.0,PE,44567,31.25,2474485,31568095,31.1,31.25,65
2026-10-08 14:50:27,22216.3,2026-10-13,21750.0,CE,44562,515.25,6045,15535,516.6,518.15,65
2026-10-08 14:50:27,22216.3,2026-10-13,21700.0,PE,44561,17.7,5686915,42625180,17.75,17.8,65
2026-10-08 14:50:27,22216.3,2026-10-13,21800.0,CE,44564,472.95,73970,226330,471.65,472.95,65
2026-10-08 14:50:27,22216.3,2026-10-13,21750.0,PE,44563,21.45,1438255,26077025,21.35,21.45,65
2026-10-08 14:50:27,22216.3,2026-10-13,22450.0,CE,44608,61.6,5259410,69835285,61.2,61.4,65
2026-10-08 14:50:27,22216.3,2026-10-13,21900.0,PE,44569,38.35,4272905,51751180,38.05,38.15,65
2026-10-08 14:50:27,22216.3,2026-10-13,22400.0,CE,44602,76.15,10127325,97130540,76.0,76.2,65
2026-10-08 14:50:27,22216.3,2026-10-13,22400.0,PE,44604,228.25,3613090,139752860,228.85,229.35,65
2026-10-08 14:50:27,22216.3,2026-10-13,22300.0,PE,44599,166.75,6536595,153149100,167.65,168.1,65
2026-10-08 14:50:27,22216.3,2026-10-13,21600.0,PE,44555,12.45,3577210,31584150,12.55,12.6,65
2026-10-08 14:50:27,22216.3,2026-10-13,22300.0,CE,44598,115.25,7783880,72562165,114.45,114.75,65
2026-10-08 14:50:27,22216.3,2026-10-13,21650.0,PE,44557,14.65,2717195,20783880,14.65,14.75,65
2026-10-08 14:50:27,22216.3,2026-10-13,21650.0,CE,44556,616.45,1625,2535,607.6,613.85,65
2026-10-08 14:50:27,22216.3,2026-10-13,22200.0,PE,44595,119.5,7692620,148446870,119.15,119.45,65
2026-10-08 14:50:27,22216.3,2026-10-13,22250.0,PE,44597,141.55,2985905,97426550,141.15,141.55,65
2026-10-08 14:50:27,22216.3,2026-10-13,22250.0,CE,44596,139.35,3182855,35868300,139.3,139.55,65
2026-10-08 14:50:27,22216.3,2026-10-13,21700.0,CE,44558,561.5,16575,50765,563.75,565.2,65
2026-10-08 14:50:27,22216.3,2026-10-13,22150.0,PE,44591,99.15,2123550,58934135,100.2,100.45,65
2026-10-08 14:50:27,22216.3,2026-10-13,22200.0,CE,44592,166.6,3762265,35152000,166.55,167.05,65
2026-10-08 14:55:31,22217.25,2026-10-13,22700.0,PE,44621,480.15,3161990,18993585,478.35,479.5,65
2026-10-08 14:55:31,22217.25,2026-10-13,21600.0,CE,44544,670.0,5135,7670,652.4,655.85,65
2026-10-08 14:55:31,22217.25,2026-10-13,22700.0,CE,44620,20.65,12425075,95137640,20.7,20.75,65
2026-10-08 14:55:31,22217.25,2026-10-13,22750.0,PE,44623,524.7,495820,3784430,522.25,523.2,65
2026-10-08 14:55:31,22217.25,2026-10-13,22750.0,CE,44622,16.65,5356065,40238380,16.65,16.75,65
2026-10-08 14:55:31,22217.25,2026-10-13,22100.0,CE,44584,226.4,773110,6059820,227.35,227.4,65
2026-10-08 14:55:31,22217.25,2026-10-13,22050.0,PE,44583,70.6,1833325,43379895,70.35,70.6,65
2026-10-08 14:55:31,22217.25,2026-10-13,22150.0,CE,44586,195.0,541320,5471245,194.2,194.75,65
2026-10-08 14:55:31,22217.25,2026-10-13,22100.0,PE,44585,84.85,4790695,85238660,84.4,84.65,65
2026-10-08 14:55:31,22217.25,2026-10-13,22800.0,PE,44625,570.0,1227460,5995860,570.0,570.85,65
2026-10-08 14:55:31,22217.25,2026-10-13,22800.0,CE,44624,13.4,10417030,75637185,13.4,13.45,65
2026-10-08 14:55:31,22217.25,2026-10-13,22050.0,CE,44582,263.4,142740,979680,262.0,262.65,65
2026-10-08 14:55:31,22217.25,2026-10-13,22000.0,PE,44581,58.45,10550150,121404855,58.3,58.5,65
2026-10-08 14:55:31,22217.25,2026-10-13,22500.0,CE,44612,48.95,14533805,149642675,48.9,48.95,65
2026-10-08 14:55:31,22217.25,2026-10-13,22450.0,PE,44611,269.6,1641380,89402365,267.6,268.35,65
2026-10-08 14:55:31,22217.25,2026-10-13,22000.0,CE,44572,300.3,955630,5801640,299.45,300.3,65
2026-10-08 14:55:31,22217.25,2026-10-13,22650.0,CE,44618,25.85,5727995,47727615,25.9,25.95,65
2026-10-08 14:55:31,22217.25,2026-10-13,22600.0,PE,44617,388.95,3207425,59667010,388.7,388.95,65
2026-10-08 14:55:31,22217.25,2026-10-13,22650.0,PE,44619,432.7,855270,12498915,431.1,432.2,65
2026-10-08 14:55:31,22217.25,2026-10-13,22550.0,CE,44614,39.4,6050070,75858185,39.4,39.5,65
2026-10-08 14:55:31,22217.25,2026-10-13,22500.0,PE,44613,306.3,3505840,142727260,305.95,306.8,65
2026-10-08 14:55:31,22217.25,2026-10-13,22600.0,CE,44616,32.1,12199720,118169675,32.1,32.2,65
2026-10-08 14:55:31,22217.25,2026-10-13,22550.0,PE,44615,346.75,1230515,58009900,345.35,346.15,65
2026-10-08 14:55:31,22217.25,2026-10-13,21950.0,PE,44571,47.45,2062970,34998665,47.45,47.6,65
2026-10-08 14:55:31,22217.25,2026-10-13,21950.0,CE,44570,338.85,46670,213850,340.5,341.5,65
2026-10-08 14:55:31,22217.25,2026-10-13,21850.0,CE,44566,423.85,11765,56485,423.3,424.6,65
2026-10-08 14:55:31,22217.25,2026-10-13,21800.0,PE,44565,26.45,6766695,56206345,26.4,26.5,65
2026-10-08 14:55:31,22217.25,2026-10-13,21900.0,CE,44568,380.2,78390,515060,381.65,382.8,65
2026-10-08 14:55:31,22217.25,2026-10-13,22350.0,PE,44601,200.25,1570465,88866570,200.35,200.9,65
2026-10-08 14:55:31,22217.25,2026-10-13,22350.0,CE,44600,92.65,4116515,49717785,92.4,92.6,65
2026-10-08 14:55:31,22217.25,2026-10-13,21850.0,PE,44567,32.05,2532725,31900375,32.05,32.15,65
2026-10-08 14:55:31,22217.25,2026-10-13,21750.0,CE,44562,515.25,6045,15535,513.95,515.35,65
2026-10-08 14:55:31,22217.25,2026-10-13,21700.0,PE,44561,18.3,5406700,43744285,18.2,18.3,65
2026-10-08 14:55:31,22217.25,2026-10-13,21800.0,CE,44564,468.65,75985,235690,467.6,469.05,65
2026-10-08 14:55:31,22217.25,2026-10-13,21750.0,PE,44563,21.95,1437865,26372515,21.85,21.9,65
2026-10-08 14:55:31,22217.25,2026-10-13,22450.0,CE,44608,60.85,5178680,70555355,61.0,61.15,65
2026-10-08 14:55:31,22217.25,2026-10-13,21900.0,PE,44569,39.35,4338035,52351130,39.1,39.25,65
2026-10-08 14:55:31,22217.25,2026-10-13,22400.0,CE,44602,74.85,11038170,99769150,74.75,74.85,65
2026-10-08 14:55:31,22217.25,2026-10-13,22400.0,PE,44604,232.6,3586765,140205325,232.65,232.7,65
2026-10-08 14:55:31,22217.25,2026-10-13,22300.0,PE,44599,170.75,6568575,154321895,170.15,170.55,65
2026-10-08 14:55:31,22217.25,2026-10-13,21600.0,PE,44555,12.8,3585335,31913245,12.75,12.8,65
2026-10-08 14:55:31,22217.25,2026-10-13,22300.0,CE,44598,113.55,7856420,74243845,113.4,113.7,65
2026-10-08 14:55:31,22217.25,2026-10-13,21650.0,PE,44557,15.05,2726425,20998965,15.0,15.1,65
2026-10-08 14:55:31,22217.25,2026-10-13,21650.0,CE,44556,616.45,1625,2535,603.3,609.05,65
2026-10-08 14:55:31,22217.25,2026-10-13,22200.0,PE,44595,121.95,7909070,151218405,121.5,121.75,65
2026-10-08 14:55:31,22217.25,2026-10-13,22250.0,PE,44597,144.3,2904785,98803055,144.35,144.7,65
2026-10-08 14:55:31,22217.25,2026-10-13,22250.0,CE,44596,137.05,3337945,37259625,137.15,137.5,65
2026-10-08 14:55:31,22217.25,2026-10-13,21700.0,CE,44558,566.0,16445,51155,560.25,561.95,65
2026-10-08 14:55:31,22217.25,2026-10-13,22150.0,PE,44591,102.25,2204150,59779590,101.9,102.15,65
2026-10-08 14:55:31,22217.25,2026-10-13,22200.0,CE,44592,164.45,3904615,36729225,164.7,164.95,65
2026-10-08 15:00:28,22208.7,2026-10-13,22700.0,PE,44621,477.75,3151785,19019000,476.5,477.65,65
2026-10-08 15:00:28,22208.7,2026-10-13,21600.0,CE,44544,648.1,5265,7930,654.2,657.35,65
2026-10-08 15:00:28,22208.7,2026-10-13,22700.0,CE,44620,20.5,12893985,96720520,20.4,20.5,65
2026-10-08 15:00:28,22208.7,2026-10-13,22750.0,PE,44623,519.45,492960,3790930,521.15,522.5,65
2026-10-08 15:00:28,22208.7,2026-10-13,22750.0,CE,44622,16.35,5179980,40769690,16.35,16.45,65
2026-10-08 15:00:28,22208.7,2026-10-13,22100.0,CE,44584,228.05,850980,6289660,228.1,228.7,65
2026-10-08 15:00:28,22208.7,2026-10-13,22050.0,PE,44583,70.4,1822210,44056675,70.15,70.35,65
2026-10-08 15:00:28,22208.7,2026-10-13,22150.0,CE,44586,195.75,549900,5696405,195.15,195.7,65
2026-10-08 15:00:28,22208.7,2026-10-13,22100.0,PE,44585,84.75,4787055,86775585,84.55,84.8,65
2026-10-08 15:00:28,22208.7,2026-10-13,22800.0,PE,44625,568.05,1222325,6016855,568.25,570.1,65
2026-10-08 15:00:28,22208.7,2026-10-13,22800.0,CE,44624,13.3,10413910,76667435,13.2,13.3,65
2026-10-08 15:00:28,22208.7,2026-10-13,22050.0,CE,44582,264.15,151450,1018160,263.85,264.55,65
2026-10-08 15:00:28,22208.7,2026-10-13,22000.0,PE,44581,58.65,10671310,123717945,58.45,58.65,65
2026-10-08 15:00:28,22208.7,2026-10-13,22500.0,CE,44612,48.65,14472315,150983625,48.45,48.6,65
2026-10-08 15:00:28,22208.7,2026-10-13,22450.0,PE,44611,266.75,1606670,89562135,266.45,266.75,65
2026-10-08 15:00:28,22208.7,2026-10-13,22000.0,CE,44572,302.25,1000220,5956470,301.35,302.1,65
2026-10-08 15:00:28,22208.7,2026-10-13,22650.0,CE,44618,25.45,5689710,48201465,25.35,25.45,65
2026-10-08 15:00:28,22208.7,2026-10-13,22600.0,PE,44617,387.5,3160170,59784075,387.25,388.2,65
2026-10-08 15:00:28,22208.7,2026-10-13,22650.0,PE,44619,430.95,848055,12542725,429.7,430.85,65
2026-10-08 15:00:28,22208.7,2026-10-13,22550.0,CE,44614,39.1,5943860,76447865,39.0,39.1,65
2026-10-08 15:00:28,22208.7,2026-10-13,22500.0,PE,44613,304.7,3437850,143027820,304.45,305.2,65
2026-10-08 15:00:28,22208.7,2026-10-13,22600.0,CE,44616,31.65,12098840,119160405,31.55,31.65,65
2026-10-08 15:00:28,22208.7,2026-10-13,22550.0,PE,44615,345.5,1210560,58090435,344.4,345.35,65
2026-10-08 15:00:28,22208.7,2026-10-13,21950.0,PE,44571,48.0,2077790,35499490,47.8,47.95,65
2026-10-08 15:00:28,22208.7,2026-10-13,21950.0,CE,44570,342.15,47125,218010,341.15,342.05,65
2026-10-08 15:00:28,22208.7,2026-10-13,21850.0,CE,44566,421.85,11635,58370,424.65,426.8,65
2026-10-08 15:00:28,22208.7,2026-10-13,21800.0,PE,44565,26.65,6780735,57088200,26.65,26.75,65
2026-10-08 15:00:28,22208.7,2026-10-13,21900.0,CE,44568,378.9,80080,524095,382.55,383.7,65
2026-10-08 15:00:28,22208.7,2026-10-13,22350.0,PE,44601,198.8,1571310,89245000,198.85,199.3,65
2026-10-08 15:00:28,22208.7,2026-10-13,22350.0,CE,44600,92.75,4039100,50498695,92.55,92.75,65
2026-10-08 15:00:28,22208.7,2026-10-13,21850.0,PE,44567,32.3,2530450,32301360,32.25,32.35,65
2026-10-08 15:00:28,22208.7,2026-10-13,21750.0,CE,44562,510.7,6500,16770,514.9,516.35,65
2026-10-08 15:00:28,22208.7,2026-10-13,21700.0,PE,44561,18.7,5317390,44606575,18.65,18.75,65
2026-10-08 15:00:28,22208.7,2026-10-13,21800.0,CE,44564,472.0,77610,241670,469.55,471.1,65
2026-10-08 15:00:28,22208.7,2026-10-13,21750.0,PE,44563,22.35,1458405,26780000,22.2,22.3,65
2026-10-08 15:00:28,22208.7,2026-10-13,22450.0,CE,44608,60.55,5102955,71153420,60.4,60.5,65
2026-10-08 15:00:28,22208.7,2026-10-13,21900.0,PE,44569,39.55,4348370,53207115,39.5,39.6,65
2026-10-08 15:00:28,22208.7,2026-10-13,22400.0,CE,44602,74.8,11201515,101210460,74.75,74.85,65
2026-10-08 15:00:28,22208.7,2026-10-13,22400.0,PE,44604,231.4,3567850,140757955,230.6,231.15,65
2026-10-08 15:00:28,22208.7,2026-10-13,22300.0,PE,44599,169.45,6525285,155710425,169.4,169.8,65
2026-10-08 15:00:28,22208.7,2026-10-13,21600.0,PE,44555,13.1,3823495,32868940,13.05,13.1,65
2026-10-08 15:00:28,22208.7,2026-10-13,22300.0,CE,44598,113.6,7839910,75591750,113.35,113.6,65
2026-10-08 15:00:28,22208.7,2026-10-13,21650.0,PE,44557,15.45,2723045,21496670,15.3,15.4,65
2026-10-08 15:00:28,22208.7,2026-10-13,21650.0,CE,44556,616.45,1625,2535,604.35,610.6,65
2026-10-08 15:00:28,22208.7,2026-10-13,22200.0,PE,44595,121.55,7873125,154342695,121.25,121.6,65
2026-10-08 15:00:28,22208.7,2026-10-13,22250.0,PE,44597,143.85,2839850,100419930,143.65,143.85,65
2026-10-08 15:00:28,22208.7,2026-10-13,22250.0,CE,44596,137.8,3405025,38289160,137.7,138.0,65
2026-10-08 15:00:28,22208.7,2026-10-13,21700.0,CE,44558,556.2,17485,52975,561.0,562.5,65
2026-10-08 15:00:28,22208.7,2026-10-13,22150.0,PE,44591,101.7,2158715,61064575,101.65,101.9,65
2026-10-08 15:00:28,22208.7,2026-10-13,22200.0,CE,44592,165.35,3996005,37920610,165.0,165.4,65
2026-10-08 15:05:27,22189.55,2026-10-13,22700.0,PE,44621,482.85,3127540,19079060,481.65,482.75,65
2026-10-08 15:05:27,22189.55,2026-10-13,21600.0,CE,44544,649.4,5330,8125,645.65,648.9,65
2026-10-08 15:05:27,22189.55,2026-10-13,22700.0,CE,44620,18.3,12696125,98592715,18.3,18.4,65
2026-10-08 15:05:27,22189.55,2026-10-13,22750.0,PE,44623,528.15,489125,3808805,527.1,528.25,65
2026-10-08 15:05:27,22189.55,2026-10-13,22750.0,CE,44622,14.8,5164250,41412020,14.8,14.85,65
2026-10-08 15:05:27,22189.55,2026-10-13,22100.0,CE,44584,222.5,841945,6517355,222.9,223.45,65
2026-10-08 15:05:27,22189.55,2026-10-13,22050.0,PE,44583,72.95,1875640,44934760,72.65,72.85,65
2026-10-08 15:05:27,22189.55,2026-10-13,22150.0,CE,44586,190.15,544765,5899465,190.15,190.6,65
2026-10-08 15:05:27,22189.55,2026-10-13,22100.0,PE,44585,87.35,4663230,88464285,87.45,87.65,65
2026-10-08 15:05:27,22189.55,2026-10-13,22800.0,PE,44625,576.0,1178515,6095570,574.0,575.8,65
2026-10-08 15:05:27,22189.55,2026-10-13,22800.0,CE,44624,11.85,10164180,78069030,11.8,11.9,65
2026-10-08 15:05:27,22189.55,2026-10-13,22050.0,CE,44582,258.7,154765,1056770,258.3,258.9,65
2026-10-08 15:05:27,22189.55,2026-10-13,22000.0,PE,44581,60.55,10873590,126102080,60.4,60.6,65
2026-10-08 15:05:27,22189.55,2026-10-13,22500.0,CE,44612,45.4,14335815,152735700,45.45,45.55,65
2026-10-08 15:05:27,22189.55,2026-10-13,22450.0,PE,44611,271.95,1562210,89791195,271.5,271.95,65
2026-10-08 15:05:27,22189.55,2026-10-13,22000.0,CE,44572,296.05,1045135,6228170,295.45,296.2,65
2026-10-08 15:05:27,22189.55,2026-10-13,22650.0,CE,44618,23.1,5668260,48823125,23.1,23.2,65
2026-10-08 15:05:27,22189.55,2026-10-13,22600.0,PE,44617,391.55,3081715,60151650,391.85,392.75,65
2026-10-08 15:05:27,22189.55,2026-10-13,22650.0,PE,44619,436.4,836420,12583610,435.6,436.7,65
2026-10-08 15:05:27,22189.55,2026-10-13,22550.0,CE,44614,36.2,5884385,77206610,36.15,36.3,65
2026-10-08 15:05:27,22189.55,2026-10-13,22500.0,PE,44613,309.5,3429595,143379080,309.8,310.5,65
2026-10-08 15:05:27,22189.55,2026-10-13,22600.0,CE,44616,28.95,11302850,121486430,28.95,29.05,65
2026-10-08 15:05:27,22189.55,2026-10-13,22550.0,PE,44615,350.45,1192685,58193980,349.9,350.65,65
2026-10-08 15:05:27,22189.55,2026-10-13,21950.0,PE,44571,49.7,2099500,35943570,49.7,49.8,65
2026-10-08 15:05:27,22189.55,2026-10-13,21950.0,CE,44570,335.0,47255,226915,334.6,335.55,65
2026-10-08 15:05:27,22189.55,2026-10-13,21850.0,CE,44566,420.0,12480,63505,417.95,419.3,65
2026-10-08 15:05:27,22189.55,2026-10-13,21800.0,PE,44565,27.65,6733350,58047470,27.6,27.7,65
2026-10-08 15:05:27,22189.55,2026-10-13,21900.0,CE,44568,376.8,80470,533000,376.25,377.3,65
2026-10-08 15:05:27,22189.55,2026-10-13,22350.0,PE,44601,203.5,1521065,89628955,203.0,203.5,65
2026-10-08 15:05:27,22189.55,2026-10-13,22350.0,CE,44600,88.9,3998670,51402650,88.85,88.9,65
2026-10-08 15:05:27,22189.55,2026-10-13,21850.0,PE,44567,33.6,2478580,32707350,33.55,33.65,65
2026-10-08 15:05:27,22189.55,2026-10-13,21750.0,CE,44562,508.6,7410,18395,508.05,509.6,65
2026-10-08 15:05:27,22189.55,2026-10-13,21700.0,PE,44561,19.15,5091255,45660030,19.15,19.25,65
2026-10-08 15:05:27,22189.55,2026-10-13,21800.0,CE,44564,461.05,77220,246025,461.7,463.3,65
2026-10-08 15:05:27,22189.55,2026-10-13,21750.0,PE,44563,23.15,1463150,27200615,23.0,23.15,65
2026-10-08 15:05:27,22189.55,2026-10-13,22450.0,CE,44608,57.25,5090085,72098650,57.3,57.4,65
2026-10-08 15:05:27,22189.55,2026-10-13,21900.0,PE,44569,40.9,4304040,54325115,40.8,40.95,65
2026-10-08 15:05:27,22189.55,2026-10-13,22400.0,CE,44602,71.25,11233690,102718005,71.25,71.4,65
2026-10-08 15:05:27,22189.55,2026-10-13,22400.0,PE,44604,235.4,3513120,141245585,235.2,235.7,65
2026-10-08 15:05:27,22189.55,2026-10-13,22300.0,PE,44599,173.45,6428045,157144000,173.75,174.1,65
2026-10-08 15:05:27,22189.55,2026-10-13,21600.0,PE,44555,13.3,3760770,33443085,13.25,13.3,65
2026-10-08 15:05:27,22189.55,2026-10-13,22300.0,CE,44598,109.45,7749365,77154415,109.4,109.65,65
2026-10-08 15:05:27,22189.55,2026-10-13,21650.0,PE,44557,15.6,2749500,21793265,15.6,15.7,65
2026-10-08 15:05:27,22189.55,2026-10-13,21650.0,CE,44556,616.45,1625,2535,595.85,604.85,65
2026-10-08 15:05:27,22189.55,2026-10-13,22200.0,PE,44595,125.5,7867730,157335945,125.1,125.45,65
2026-10-08 15:05:27,22189.55,2026-10-13,22250.0,PE,44597,147.6,2845245,101799880,147.65,147.95,65
2026-10-08 15:05:27,22189.55,2026-10-13,22250.0,CE,44596,133.4,3399760,39384215,133.15,133.45,65
2026-10-08 15:05:27,22189.55,2026-10-13,21700.0,CE,44558,556.0,20345,61295,553.9,555.65,65
2026-10-08 15:05:27,22189.55,2026-10-13,22150.0,PE,44591,105.45,2138175,62331165,105.2,105.45,65
2026-10-08 15:05:27,22189.55,2026-10-13,22200.0,CE,44592,160.2,3844295,39448825,160.25,160.6,65
2026-10-08 15:10:20,22191.65,2026-10-13,22700.0,PE,44621,464.0,3079310,19186245,464.0,464.8,65
2026-10-08 15:10:20,22191.65,2026-10-13,21600.0,CE,44544,659.1,5590,8840,664.6,668.15,65
2026-10-08 15:10:20,22191.65,2026-10-13,22700.0,CE,44620,19.65,12598755,99942765,19.7,19.75,65
2026-10-08 15:10:20,22191.65,2026-10-13,22750.0,PE,44623,508.5,481195,3821285,508.5,508.75,65
2026-10-08 15:10:20,22191.65,2026-10-13,22750.0,CE,44622,15.8,5161780,42206645,15.8,15.85,65
2026-10-08 15:10:20,22191.65,2026-10-13,22100.0,CE,44584,234.75,816270,6892340,234.15,234.65,65
2026-10-08 15:10:20,22191.65,2026-10-13,22050.0,PE,44583,65.5,1822340,45908005,65.4,65.6,65
2026-10-08 15:10:20,22191.65,2026-10-13,22150.0,CE,44586,201.35,561665,6289205,200.95,201.45,65
2026-10-08 15:10:20,22191.65,2026-10-13,22100.0,PE,44585,79.25,4503525,90245025,79.2,79.3,65
2026-10-08 15:10:20,22191.65,2026-10-13,22800.0,PE,44625,556.2,1172470,6124170,554.5,556.15,65
2026-10-08 15:10:20,22191.65,2026-10-13,22800.0,CE,44624,12.6,10156510,79287780,12.65,12.7,65
2026-10-08 15:10:20,22191.65,2026-10-13,22050.0,CE,44582,271.7,153725,1097785,271.0,271.6,65
2026-10-08 15:10:20,22191.65,2026-10-13,22000.0,PE,44581,54.05,11137165,128934130,54.2,54.3,65
2026-10-08 15:10:20,22191.65,2026-10-13,22500.0,CE,44612,48.55,14459965,155579840,48.6,48.75,65
2026-10-08 15:10:20,22191.65,2026-10-13,22450.0,PE,44611,256.4,1521260,90038780,255.7,256.4,65
2026-10-08 15:10:20,22191.65,2026-10-13,22000.0,CE,44572,309.15,1029210,6515015,308.6,309.3,65
2026-10-08 15:10:20,22191.65,2026-10-13,22650.0,CE,44618,24.9,5604235,49424570,24.85,24.95,65
2026-10-08 15:10:20,22191.65,2026-10-13,22600.0,PE,44617,375.2,3115125,60468980,374.5,375.55,65
2026-10-08 15:10:20,22191.65,2026-10-13,22650.0,PE,44619,417.0,826865,12626770,417.5,417.9,65
2026-10-08 15:10:20,22191.65,2026-10-13,22550.0,CE,44614,38.95,5721170,78155350,38.85,39.0,65
2026-10-08 15:10:20,22191.65,2026-10-13,22500.0,PE,44613,292.2,3380520,143867620,292.15,292.95,65
2026-10-08 15:10:20,22191.65,2026-10-13,22600.0,CE,44616,31.15,11191245,123485700,31.2,31.25,65
2026-10-08 15:10:20,22191.65,2026-10-13,22550.0,PE,44615,332.0,1169090,58341595,331.95,332.65,65
2026-10-08 15:10:20,22191.65,2026-10-13,21950.0,PE,44571,44.15,2081105,36442250,44.25,44.4,65
2026-10-08 15:10:20,22191.65,2026-10-13,21950.0,CE,44570,350.0,49140,241995,349.35,350.3,65
2026-10-08 15:10:20,22191.65,2026-10-13,21850.0,CE,44566,431.0,13650,69160,434.4,435.65,65
2026-10-08 15:10:20,22191.65,2026-10-13,21800.0,PE,44565,24.3,6855615,59255690,24.25,24.35,65
2026-10-08 15:10:20,22191.65,2026-10-13,21900.0,CE,44568,391.15,84045,551915,391.7,392.45,65
2026-10-08 15:10:20,22191.65,2026-10-13,22350.0,PE,44601,189.1,1453075,90049310,189.15,189.35,65
2026-10-08 15:10:20,22191.65,2026-10-13,22350.0,CE,44600,94.95,3843775,52527670,94.7,94.8,65
2026-10-08 15:10:20,22191.65,2026-10-13,21850.0,PE,44567,29.55,2494765,33274605,29.55,29.7,65
2026-10-08 15:10:20,22191.65,2026-10-13,21750.0,CE,44562,520.5,8515,22295,525.55,527.2,65
2026-10-08 15:10:20,22191.65,2026-10-13,21700.0,PE,44561,17.15,5053620,47367840,17.1,17.15,65
2026-10-08 15:10:20,22191.65,2026-10-13,21800.0,CE,44564,476.25,75660,257075,479.4,480.95,65
2026-10-08 15:10:20,22191.65,2026-10-13,21750.0,PE,44563,20.15,1456455,27650090,20.15,20.25,65
2026-10-08 15:10:20,22191.65,2026-10-13,22450.0,CE,44608,61.15,4902885,73296405,61.15,61.35,65
2026-10-08 15:10:20,22191.65,2026-10-13,21900.0,PE,44569,36.25,4206605,55183050,36.3,36.45,65
2026-10-08 15:10:20,22191.65,2026-10-13,22400.0,CE,44602,76.2,10905180,104532025,76.15,76.3,65
2026-10-08 15:10:20,22191.65,2026-10-13,22400.0,PE,44604,220.5,3421860,141833510,220.15,220.6,65
2026-10-08 15:10:20,22191.65,2026-10-13,22300.0,PE,44599,160.3,6360770,158579785,160.7,161.0,65
2026-10-08 15:10:20,22191.65,2026-10-13,21600.0,PE,44555,11.75,3690830,34010015,11.7,11.8,65
2026-10-08 15:10:20,22191.65,2026-10-13,22300.0,CE,44598,116.7,7539805,78944320,116.25,116.45,65
2026-10-08 15:10:20,22191.65,2026-10-13,21650.0,PE,44557,13.95,2730000,22180210,13.85,13.95,65
2026-10-08 15:10:20,22191.65,2026-10-13,21650.0,CE,44556,611.0,1625,2665,616.4,622.05,65
2026-10-08 15:10:20,22191.65,2026-10-13,22200.0,PE,44595,114.25,7747805,160354675,114.25,114.45,65
2026-10-08 15:10:20,22191.65,2026-10-13,22250.0,PE,44597,135.7,2731950,102995360,135.95,136.25,65
2026-10-08 15:10:20,22191.65,2026-10-13,22250.0,CE,44596,141.25,3238040,40558960,141.15,141.45,65
2026-10-08 15:10:20,22191.65,2026-10-13,21700.0,CE,44558,570.2,19760,65650,571.4,573.2,65
2026-10-08 15:10:20,22191.65,2026-10-13,22150.0,PE,44591,95.2,2183545,64018890,95.15,95.35,65
2026-10-08 15:10:20,22191.65,2026-10-13,22200.0,CE,44592,170.0,3729960,41282735,169.65,170.0,65
