time,spot,expiry,strike,type,token,ltp,oi,volume,bid,ask,lot
2026-10-07 09:20:22,22620.35,2026-10-13,22700.0,PE,44621,202.3,5389410,6857045,201.7,202.2,65
2026-10-07 09:20:22,22620.35,2026-10-13,22700.0,CE,44620,117.5,6241495,6406725,117.45,117.7,65
2026-10-07 09:20:22,22620.35,2026-10-13,22750.0,PE,44623,230.9,1032655,1487265,231.15,231.8,65
2026-10-07 09:20:22,22620.35,2026-10-13,22750.0,CE,44622,97.0,2155075,2533050,97.0,97.2,65
2026-10-07 09:20:22,22620.35,2026-10-13,22100.0,CE,44584,540.7,78715,13065,541.3,542.8,65
2026-10-07 09:20:22,22620.35,2026-10-13,22050.0,PE,44583,22.95,872170,1288300,23.0,23.1,65
2026-10-07 09:20:22,22620.35,2026-10-13,22150.0,CE,44586,496.15,13455,5655,495.25,496.9,65
2026-10-07 09:20:22,22620.35,2026-10-13,22100.0,PE,44585,27.25,2553005,2417155,27.1,27.2,65
2026-10-07 09:20:22,22620.35,2026-10-13,22900.0,PE,44629,335.0,857480,308360,333.35,334.15,65
2026-10-07 09:20:22,22620.35,2026-10-13,22900.0,CE,44628,51.15,3370055,3157895,51.1,51.25,65
2026-10-07 09:20:22,22620.35,2026-10-13,22800.0,PE,44625,263.55,2151825,1781455,263.0,263.6,65
2026-10-07 09:20:22,22620.35,2026-10-13,22800.0,CE,44624,79.25,6366295,5741320,79.0,79.2,65
2026-10-07 09:20:22,22620.35,2026-10-13,22850.0,PE,44627,298.2,295685,296270,297.85,298.2,65
2026-10-07 09:20:22,22620.35,2026-10-13,22850.0,CE,44626,64.25,1505725,1867320,64.05,64.2,65
2026-10-07 09:20:22,22620.35,2026-10-13,22050.0,CE,44582,587.85,5590,7150,586.7,588.25,65
2026-10-07 09:20:22,22620.35,2026-10-13,22000.0,PE,44581,19.45,5266950,4128735,19.2,19.3,65
2026-10-07 09:20:22,22620.35,2026-10-13,23200.0,PE,44653,594.55,267605,36010,595.1,596.75,65
2026-10-07 09:20:22,22620.35,2026-10-13,22500.0,CE,44612,225.8,1693055,1458795,225.4,225.7,65
2026-10-07 09:20:22,22620.35,2026-10-13,22450.0,PE,44611,93.3,2157480,3298490,93.05,93.2,65
2026-10-07 09:20:22,22620.35,2026-10-13,23200.0,CE,44650,12.0,4718155,3940040,12.0,12.05,65
2026-10-07 09:20:22,22620.35,2026-10-13,22000.0,CE,44572,633.85,259155,53170,633.15,634.85,65
2026-10-07 09:20:22,22620.35,2026-10-13,22650.0,CE,44618,141.3,2044055,4222985,140.7,141.0,65
2026-10-07 09:20:22,22620.35,2026-10-13,22600.0,PE,44617,151.55,5967065,11291410,151.15,151.55,65
2026-10-07 09:20:22,22620.35,2026-10-13,22650.0,PE,44619,175.3,2242305,5999305,175.0,175.3,65
2026-10-07 09:20:22,22620.35,2026-10-13,22550.0,CE,44614,194.7,513825,797550,194.15,194.55,65
2026-10-07 09:20:22,22620.35,2026-10-13,22500.0,PE,44613,109.8,5195385,6524180,109.8,110.05,65
2026-10-07 09:20:22,22620.35,2026-10-13,22600.0,CE,44616,166.75,4224740,6188650,166.3,166.5,65
2026-10-07 09:20:22,22620.35,2026-10-13,22550.0,PE,44615,129.65,1539525,3359395,129.7,129.95,65
2026-10-07 09:20:22,22620.35,2026-10-13,22350.0,PE,44601,66.55,947765,1652040,66.05,66.25,65
2026-10-07 09:20:22,22620.35,2026-10-13,23050.0,PE,44645,458.85,66560,51545,457.95,459.4,65
2026-10-07 09:20:22,22620.35,2026-10-13,22350.0,CE,44600,331.8,74295,47970,331.05,331.8,65
2026-10-07 09:20:22,22620.35,2026-10-13,22450.0,CE,44608,259.25,123110,156195,258.2,258.9,65
2026-10-07 09:20:22,22620.35,2026-10-13,23100.0,PE,44647,502.2,334685,46930,503.1,504.1,65
2026-10-07 09:20:22,22620.35,2026-10-13,22400.0,CE,44602,294.35,614705,267345,293.65,294.2,65
2026-10-07 09:20:22,22620.35,2026-10-13,23100.0,CE,44646,19.6,3926390,3149250,19.6,19.65,65
2026-10-07 09:20:22,22620.35,2026-10-13,23150.0,PE,44649,548.1,19630,4355,546.2,547.95,65
2026-10-07 09:20:22,22620.35,2026-10-13,23150.0,CE,44648,15.4,1143480,1714960,15.4,15.45,65
2026-10-07 09:20:22,22620.35,2026-10-13,22400.0,PE,44604,79.15,3245125,4012515,78.85,79.0,65
2026-10-07 09:20:22,22620.35,2026-10-13,22300.0,PE,44599,55.45,3270345,3417375,55.3,55.5,65
2026-10-07 09:20:22,22620.35,2026-10-13,23000.0,CE,44632,32.15,6488235,6252155,32.15,32.25,65
2026-10-07 09:20:22,22620.35,2026-10-13,22300.0,CE,44598,370.9,227955,124085,369.85,370.95,65
2026-10-07 09:20:22,22620.35,2026-10-13,22950.0,PE,44631,373.8,232895,101270,374.7,375.75,65
2026-10-07 09:20:22,22620.35,2026-10-13,23000.0,PE,44633,415.95,1459965,472030,414.45,415.4,65
2026-10-07 09:20:22,22620.35,2026-10-13,22200.0,PE,44595,38.9,3492970,3146910,38.9,39.0,65
2026-10-07 09:20:22,22620.35,2026-10-13,22250.0,PE,44597,46.4,1061255,1976715,46.5,46.6,65
2026-10-07 09:20:22,22620.35,2026-10-13,22950.0,CE,44630,40.5,1670370,2019940,40.45,40.55,65
2026-10-07 09:20:22,22620.35,2026-10-13,22250.0,CE,44596,410.85,40950,11310,409.7,411.05,65
2026-10-07 09:20:22,22620.35,2026-10-13,23050.0,CE,44636,25.2,959790,1391195,25.2,25.3,65
2026-10-07 09:20:22,22620.35,2026-10-13,22150.0,PE,44591,32.55,869180,1198210,32.45,32.6,65
2026-10-07 09:20:22,22620.35,2026-10-13,22200.0,CE,44592,454.0,292045,54275,453.7,455.15,65
2026-10-07 09:25:31,22613.8,2026-10-13,22700.0,PE,44621,205.8,5910905,9199970,205.3,205.75,65
2026-10-07 09:25:31,22613.8,2026-10-13,22700.0,CE,44620,113.15,6870110,9245405,113.0,113.1,65
2026-10-07 09:25:31,22613.8,2026-10-13,22750.0,PE,44623,234.9,1122875,2082860,234.65,235.25,65
2026-10-07 09:25:31,22613.8,2026-10-13,22750.0,CE,44622,92.8,2471170,3907020,92.9,93.1,65
2026-10-07 09:25:31,22613.8,2026-10-13,22100.0,CE,44584,534.4,79885,16705,534.3,535.7,65
2026-10-07 09:25:31,22613.8,2026-10-13,22050.0,PE,44583,23.7,1003990,2090985,23.6,23.7,65
2026-10-07 09:25:31,22613.8,2026-10-13,22150.0,CE,44586,494.0,14170,7280,489.35,490.95,65
2026-10-07 09:25:31,22613.8,2026-10-13,22100.0,PE,44585,28.15,2502305,3477305,27.9,28.05,65
2026-10-07 09:25:31,22613.8,2026-10-13,22900.0,PE,44629,339.85,872235,411515,339.85,340.6,65
2026-10-07 09:25:31,22613.8,2026-10-13,22900.0,CE,44628,48.55,3575780,4216030,48.4,48.5,65
2026-10-07 09:25:31,22613.8,2026-10-13,22800.0,PE,44625,268.0,2172625,2399735,267.65,268.0,65
2026-10-07 09:25:31,22613.8,2026-10-13,22800.0,CE,44624,75.2,7567495,8379020,75.25,75.45,65
2026-10-07 09:25:31,22613.8,2026-10-13,22850.0,PE,44627,302.35,322205,373945,302.4,303.15,65
2026-10-07 09:25:31,22613.8,2026-10-13,22850.0,CE,44626,60.75,1626365,2793505,60.9,61.0,65
2026-10-07 09:25:31,22613.8,2026-10-13,22050.0,CE,44582,586.25,5590,8645,579.5,581.1,65
2026-10-07 09:25:31,22613.8,2026-10-13,22000.0,PE,44581,19.95,5463510,5939115,19.9,19.95,65
2026-10-07 09:25:31,22613.8,2026-10-13,23200.0,PE,44653,600.0,267670,48165,601.8,603.4,65
2026-10-07 09:25:31,22613.8,2026-10-13,22500.0,CE,44612,219.65,1848925,2012855,219.45,219.95,65
2026-10-07 09:25:31,22613.8,2026-10-13,22450.0,PE,44611,95.2,2567890,5198570,95.15,95.4,65
2026-10-07 09:25:31,22613.8,2026-10-13,23200.0,CE,44650,11.5,5042115,4827875,11.4,11.5,65
2026-10-07 09:25:31,22613.8,2026-10-13,22000.0,CE,44572,627.6,263120,72540,626.5,627.65,65
2026-10-07 09:25:31,22613.8,2026-10-13,22650.0,CE,44618,136.05,2623335,6191250,135.85,136.15,65
2026-10-07 09:25:31,22613.8,2026-10-13,22600.0,PE,44617,153.5,7306975,17201795,153.95,154.0,65
2026-10-07 09:25:31,22613.8,2026-10-13,22650.0,PE,44619,178.45,2850185,8693165,177.9,178.4,65
2026-10-07 09:25:31,22613.8,2026-10-13,22550.0,CE,44614,189.75,635180,1167075,189.0,189.45,65
2026-10-07 09:25:31,22613.8,2026-10-13,22500.0,PE,44613,111.9,5961475,9666280,111.7,111.95,65
2026-10-07 09:25:31,22613.8,2026-10-13,22600.0,CE,44616,161.55,5168800,9475375,161.0,161.35,65
2026-10-07 09:25:31,22613.8,2026-10-13,22550.0,PE,44615,131.3,1853540,4930900,131.55,131.9,65
2026-10-07 09:25:31,22613.8,2026-10-13,22350.0,PE,44601,67.6,1106885,2387710,67.55,67.75,65
2026-10-07 09:25:31,22613.8,2026-10-13,23050.0,PE,44645,464.2,65260,57785,464.3,465.6,65
2026-10-07 09:25:31,22613.8,2026-10-13,22350.0,CE,44600,324.7,91455,70135,324.75,325.55,65
2026-10-07 09:25:31,22613.8,2026-10-13,22450.0,CE,44608,252.65,141050,219115,252.55,253.15,65
2026-10-07 09:25:31,22613.8,2026-10-13,23100.0,PE,44647,509.45,331565,63375,509.2,510.6,65
2026-10-07 09:25:31,22613.8,2026-10-13,22400.0,CE,44602,288.35,658970,422500,287.75,288.45,65
2026-10-07 09:25:31,22613.8,2026-10-13,23100.0,CE,44646,18.5,4033120,4117100,18.45,18.55,65
2026-10-07 09:25:31,22613.8,2026-10-13,23150.0,PE,44649,548.55,19890,5265,553.85,557.05,65
2026-10-07 09:25:31,22613.8,2026-10-13,23150.0,CE,44648,14.6,1181440,2106260,14.6,14.7,65
2026-10-07 09:25:31,22613.8,2026-10-13,22400.0,PE,44604,80.3,3493230,5559840,80.15,80.35,65
2026-10-07 09:25:31,22613.8,2026-10-13,22300.0,PE,44599,56.95,3414905,5044845,56.7,56.8,65
2026-10-07 09:25:31,22613.8,2026-10-13,23000.0,CE,44632,30.45,6674395,8180120,30.35,30.45,65
2026-10-07 09:25:31,22613.8,2026-10-13,22300.0,CE,44598,364.55,239915,162305,363.45,364.4,65
2026-10-07 09:25:31,22613.8,2026-10-13,22950.0,PE,44631,379.7,232635,114335,379.8,380.1,65
2026-10-07 09:25:31,22613.8,2026-10-13,23000.0,PE,44633,422.0,1468025,555230,420.7,421.65,65
2026-10-07 09:25:31,22613.8,2026-10-13,22200.0,PE,44595,39.75,3621150,4502160,39.75,39.85,65
2026-10-07 09:25:31,22613.8,2026-10-13,22250.0,PE,44597,47.35,1338480,2854085,47.6,47.75,65
2026-10-07 09:25:31,22613.8,2026-10-13,22950.0,CE,44630,38.45,1725360,2526225,38.35,38.4,65
2026-10-07 09:25:31,22613.8,2026-10-13,22250.0,CE,44596,403.9,43030,14365,403.9,405.1,65
2026-10-07 09:25:31,22613.8,2026-10-13,23050.0,CE,44636,23.8,956150,1918475,23.8,23.9,65
2026-10-07 09:25:31,22613.8,2026-10-13,22150.0,PE,44591,33.35,975910,1744990,33.25,33.35,65
2026-10-07 09:25:31,22613.8,2026-10-13,22200.0,CE,44592,447.9,307125,84305,446.05,447.25,65
2026-10-07 09:30:30,22619.75,2026-10-13,22700.0,PE,44621,199.35,6023355,11121500,198.9,199.35,65
2026-10-07 09:30:30,22619.75,2026-10-13,22700.0,CE,44620,117.8,7349290,11743875,117.45,117.75,65
2026-10-07 09:30:30,22619.75,2026-10-13,22750.0,PE,44623,228.5,1174810,2511795,228.0,228.55,65
2026-10-07 09:30:30,22619.75,2026-10-13,22750.0,CE,44622,96.9,2767440,5068505,96.7,96.9,65
2026-10-07 09:30:30,22619.75,2026-10-13,22100.0,CE,44584,543.45,80535,18915,544.1,545.5,65
2026-10-07 09:30:30,22619.75,2026-10-13,22050.0,PE,44583,22.4,1052285,2580825,22.3,22.4,65
2026-10-07 09:30:30,22619.75,2026-10-13,22150.0,CE,44586,498.2,14495,9425,499.45,501.0,65
2026-10-07 09:30:30,22619.75,2026-10-13,22100.0,PE,44585,26.7,2524210,4015635,26.5,26.6,65
2026-10-07 09:30:30,22619.75,2026-10-13,22900.0,PE,44629,332.4,873795,532155,330.4,331.3,65
2026-10-07 09:30:30,22619.75,2026-10-13,22900.0,CE,44628,51.0,3800355,5295095,51.1,51.25,65
2026-10-07 09:30:30,22619.75,2026-10-13,22800.0,PE,44625,260.55,2231385,2877875,259.1,259.7,65
2026-10-07 09:30:30,22619.75,2026-10-13,22800.0,CE,44624,78.85,8296730,10483655,78.85,79.05,65
2026-10-07 09:30:30,22619.75,2026-10-13,22850.0,PE,44627,295.4,323895,448435,295.1,295.8,65
2026-10-07 09:30:30,22619.75,2026-10-13,22850.0,CE,44626,63.75,1780480,3579225,63.9,64.05,65
2026-10-07 09:30:30,22619.75,2026-10-13,22050.0,CE,44582,591.95,5785,9295,589.65,591.85,65
2026-10-07 09:30:30,22619.75,2026-10-13,22000.0,PE,44581,18.85,5610280,7722130,18.9,19.0,65
2026-10-07 09:30:30,22619.75,2026-10-13,23200.0,PE,44653,592.8,266760,55120,590.75,592.25,65
2026-10-07 09:30:30,22619.75,2026-10-13,22500.0,CE,44612,226.4,1981330,2644785,226.4,226.45,65
2026-10-07 09:30:30,22619.75,2026-10-13,22450.0,PE,44611,91.55,2846740,6658275,91.0,91.25,65
2026-10-07 09:30:30,22619.75,2026-10-13,23200.0,CE,44650,12.1,5070065,5572515,12.05,12.1,65
2026-10-07 09:30:30,22619.75,2026-10-13,22000.0,CE,44572,635.4,260975,96200,635.3,636.8,65
2026-10-07 09:30:30,22619.75,2026-10-13,22650.0,CE,44618,141.25,3070730,8157240,141.4,141.7,65
2026-10-07 09:30:30,22619.75,2026-10-13,22600.0,PE,44617,149.0,7977125,22375080,148.8,149.0,65
2026-10-07 09:30:30,22619.75,2026-10-13,22650.0,PE,44619,172.75,3195010,11075025,171.95,172.3,65
2026-10-07 09:30:30,22619.75,2026-10-13,22550.0,CE,44614,195.35,700180,1584245,196.0,196.35,65
2026-10-07 09:30:30,22619.75,2026-10-13,22500.0,PE,44613,108.15,6372210,12076480,108.2,108.4,65
2026-10-07 09:30:30,22619.75,2026-10-13,22600.0,CE,44616,166.55,5928845,12933310,166.55,166.9,65
2026-10-07 09:30:30,22619.75,2026-10-13,22550.0,PE,44615,127.1,2068950,6535490,126.55,126.9,65
2026-10-07 09:30:30,22619.75,2026-10-13,22350.0,PE,44601,65.0,1137435,2943135,64.8,65.0,65
2026-10-07 09:30:30,22619.75,2026-10-13,23050.0,PE,44645,456.6,64935,64935,455.25,456.8,65
2026-10-07 09:30:30,22619.75,2026-10-13,22350.0,CE,44600,334.0,91390,87490,332.5,333.35,65
2026-10-07 09:30:30,22619.75,2026-10-13,22450.0,CE,44608,259.7,146770,288600,260.3,260.95,65
2026-10-07 09:30:30,22619.75,2026-10-13,23100.0,PE,44647,499.1,332475,71760,498.45,499.8,65
2026-10-07 09:30:30,22619.75,2026-10-13,22400.0,CE,44602,295.85,667095,569855,295.9,296.6,65
2026-10-07 09:30:30,22619.75,2026-10-13,23100.0,CE,44646,19.55,4143620,4786080,19.5,19.6,65
2026-10-07 09:30:30,22619.75,2026-10-13,23150.0,PE,44649,551.95,20410,6630,542.65,546.65,65
2026-10-07 09:30:30,22619.75,2026-10-13,23150.0,CE,44648,15.5,1187940,2331355,15.35,15.45,65
2026-10-07 09:30:30,22619.75,2026-10-13,22400.0,PE,44604,77.1,3701685,7076290,77.05,77.2,65
2026-10-07 09:30:30,22619.75,2026-10-13,22300.0,PE,44599,54.4,3511950,6480695,54.05,54.1,65
2026-10-07 09:30:30,22619.75,2026-10-13,23000.0,CE,44632,32.05,7047755,9606155,32.1,32.2,65
2026-10-07 09:30:30,22619.75,2026-10-13,22300.0,CE,44598,371.9,240305,236535,372.45,373.55,65
2026-10-07 09:30:30,22619.75,2026-10-13,22950.0,PE,44631,371.15,234130,130975,369.5,370.55,65
2026-10-07 09:30:30,22619.75,2026-10-13,23000.0,PE,44633,410.8,1484730,659555,410.5,411.45,65
2026-10-07 09:30:30,22619.75,2026-10-13,22200.0,PE,44595,37.85,3952975,5946525,37.7,37.85,65
2026-10-07 09:30:30,22619.75,2026-10-13,22250.0,PE,44597,45.4,1395615,3397095,45.45,45.6,65
2026-10-07 09:30:30,22619.75,2026-10-13,22950.0,CE,44630,40.3,1761955,2941315,40.4,40.55,65
2026-10-07 09:30:30,22619.75,2026-10-13,22250.0,CE,44596,413.1,43225,17485,413.0,414.35,65
2026-10-07 09:30:30,22619.75,2026-10-13,23050.0,CE,44636,25.1,1000870,2303665,25.0,25.1,65
2026-10-07 09:30:30,22619.75,2026-10-13,22150.0,PE,44591,31.8,924560,2341625,31.6,31.75,65
2026-10-07 09:30:30,22619.75,2026-10-13,22200.0,CE,44592,454.6,320255,112255,456.0,457.3,65
2026-10-07 09:35:54,22610.75,2026-10-13,22700.0,PE,44621,203.8,6150950,13313235,203.4,203.9,65
2026-10-07 09:35:54,22610.75,2026-10-13,22700.0,CE,44620,115.75,7630805,15425280,115.5,115.75,65
2026-10-07 09:35:54,22610.75,2026-10-13,22750.0,PE,44623,232.85,1190215,2909985,232.85,233.45,65
2026-10-07 09:35:54,22610.75,2026-10-13,22750.0,CE,44622,95.3,2809495,6570200,95.1,95.35,65
2026-10-07 09:35:54,22610.75,2026-10-13,22100.0,CE,44584,541.4,81055,22360,538.0,539.45,65
2026-10-07 09:35:54,22610.75,2026-10-13,22050.0,PE,44583,23.3,1061385,2956525,23.25,23.3,65
2026-10-07 09:35:54,22610.75,2026-10-13,22150.0,CE,44586,496.75,14625,12155,493.25,494.85,65
2026-10-07 09:35:54,22610.75,2026-10-13,22100.0,PE,44585,27.7,2541500,4560335,27.6,27.7,65
2026-10-07 09:35:54,22610.75,2026-10-13,22900.0,PE,44629,337.65,875355,670215,337.1,338.05,65
2026-10-07 09:35:54,22610.75,2026-10-13,22900.0,CE,44628,50.3,3869060,6600035,50.2,50.3,65
2026-10-07 09:35:54,22610.75,2026-10-13,22800.0,PE,44625,265.35,2266420,3484195,265.15,265.75,65
2026-10-07 09:35:54,22610.75,2026-10-13,22800.0,CE,44624,77.35,8555430,12828985,77.35,77.5,65
2026-10-07 09:35:54,22610.75,2026-10-13,22850.0,PE,44627,300.95,323635,516360,300.15,300.95,65
2026-10-07 09:35:54,22610.75,2026-10-13,22850.0,CE,44626,62.7,1826240,4475510,62.7,62.9,65
2026-10-07 09:35:54,22610.75,2026-10-13,22050.0,CE,44582,586.95,5720,10920,583.4,585.35,65
2026-10-07 09:35:54,22610.75,2026-10-13,22000.0,PE,44581,19.7,5703035,9128340,19.6,19.7,65
2026-10-07 09:35:54,22610.75,2026-10-13,23200.0,PE,44653,599.25,266760,63700,598.5,600.3,65
2026-10-07 09:35:54,22610.75,2026-10-13,22500.0,CE,44612,223.0,1995695,3396575,222.85,223.45,65
2026-10-07 09:35:54,22610.75,2026-10-13,22450.0,PE,44611,94.25,2922725,8237840,94.05,94.25,65
2026-10-07 09:35:54,22610.75,2026-10-13,23200.0,CE,44650,11.95,5330910,6441305,11.95,12.0,65
2026-10-07 09:35:54,22610.75,2026-10-13,22000.0,CE,44572,631.0,259935,109005,629.7,631.1,65
2026-10-07 09:35:54,22610.75,2026-10-13,22650.0,CE,44618,138.95,3230760,11351340,138.55,138.85,65
2026-10-07 09:35:54,22610.75,2026-10-13,22600.0,PE,44617,152.65,8418280,27690065,152.3,152.65,65
2026-10-07 09:35:54,22610.75,2026-10-13,22650.0,PE,44619,177.0,3427580,13958815,176.7,177.15,65
2026-10-07 09:35:54,22610.75,2026-10-13,22550.0,CE,44614,192.8,761215,2259075,192.25,192.7,65
2026-10-07 09:35:54,22610.75,2026-10-13,22500.0,PE,44613,111.4,6463535,15000960,111.0,111.3,65
2026-10-07 09:35:54,22610.75,2026-10-13,22600.0,CE,44616,164.4,6093490,17476225,164.25,164.5,65
2026-10-07 09:35:54,22610.75,2026-10-13,22550.0,PE,44615,130.8,2263560,8163285,130.65,130.95,65
2026-10-07 09:35:54,22610.75,2026-10-13,22350.0,PE,44601,66.9,1193400,3526900,66.9,67.1,65
2026-10-07 09:35:54,22610.75,2026-10-13,23050.0,PE,44645,460.75,63570,72410,460.8,462.2,65
2026-10-07 09:35:54,22610.75,2026-10-13,22350.0,CE,44600,327.7,95225,112320,328.4,329.2,65
2026-10-07 09:35:54,22610.75,2026-10-13,22450.0,CE,44608,255.75,153530,384345,255.95,256.6,65
2026-10-07 09:35:54,22610.75,2026-10-13,23100.0,PE,44647,503.6,332605,78975,505.4,506.8,65
2026-10-07 09:35:54,22610.75,2026-10-13,22400.0,CE,44602,291.4,673400,752440,291.05,291.7,65
2026-10-07 09:35:54,22610.75,2026-10-13,23100.0,CE,44646,19.3,4330820,5760430,19.3,19.4,65
2026-10-07 09:35:54,22610.75,2026-10-13,23150.0,PE,44649,550.3,20280,7995,551.8,554.7,65
2026-10-07 09:35:54,22610.75,2026-10-13,23150.0,CE,44648,15.3,1350830,2852655,15.2,15.3,65
2026-10-07 09:35:54,22610.75,2026-10-13,22400.0,PE,44604,79.7,3781050,8742435,79.45,79.7,65
2026-10-07 09:35:54,22610.75,2026-10-13,22300.0,PE,44599,56.25,3498235,7784530,56.1,56.25,65
2026-10-07 09:35:54,22610.75,2026-10-13,23000.0,CE,44632,31.7,7260175,11219455,31.65,31.75,65
2026-10-07 09:35:54,22610.75,2026-10-13,22300.0,CE,44598,367.25,238160,291785,367.3,368.2,65
2026-10-07 09:35:54,22610.75,2026-10-13,22950.0,PE,44631,378.0,234585,148395,376.7,377.65,65
2026-10-07 09:35:54,22610.75,2026-10-13,23000.0,PE,44633,418.7,1488370,813280,418.1,419.0,65
2026-10-07 09:35:54,22610.75,2026-10-13,22200.0,PE,44595,39.3,3968900,6877975,39.25,39.3,65
2026-10-07 09:35:54,22610.75,2026-10-13,22250.0,PE,44597,47.05,1423045,3870295,46.9,47.05,65
2026-10-07 09:35:54,22610.75,2026-10-13,22950.0,CE,44630,39.95,1804010,3558165,39.8,39.9,65
2026-10-07 09:35:54,22610.75,2026-10-13,22250.0,CE,44596,409.0,42965,23725,407.6,409.05,65
2026-10-07 09:35:54,22610.75,2026-10-13,23050.0,CE,44636,24.9,1140230,2793375,24.8,24.9,65
2026-10-07 09:35:54,22610.75,2026-10-13,22150.0,PE,44591,33.2,947440,2717910,32.95,33.1,65
2026-10-07 09:35:54,22610.75,2026-10-13,22200.0,CE,44592,450.05,323700,132535,450.0,451.25,65
2026-10-07 09:40:47,22587.95,2026-10-13,22700.0,PE,44621,222.7,5786040,16259230,222.45,223.0,65
2026-10-07 09:40:47,22587.95,2026-10-13,22700.0,CE,44620,105.55,7959835,18214430,105.4,105.65,65
2026-10-07 09:40:47,22587.95,2026-10-13,22750.0,PE,44623,254.45,1139775,3495050,253.7,254.35,65
2026-10-07 09:40:47,22587.95,2026-10-13,22750.0,CE,44622,86.3,2902575,7742605,86.35,86.55,65
2026-10-07 09:40:47,22587.95,2026-10-13,22100.0,CE,44584,514.25,82550,26325,512.3,513.8,65
2026-10-07 09:40:47,22587.95,2026-10-13,22050.0,PE,44583,26.7,1031615,3376230,26.6,26.7,65
2026-10-07 09:40:47,22587.95,2026-10-13,22150.0,CE,44586,472.8,14950,13195,468.15,470.5,65
2026-10-07 09:40:47,22587.95,2026-10-13,22100.0,PE,44585,31.8,2550340,5222035,31.75,31.85,65
2026-10-07 09:40:47,22587.95,2026-10-13,22900.0,PE,44629,362.1,870545,782275,361.35,362.25,65
2026-10-07 09:40:47,22587.95,2026-10-13,22900.0,CE,44628,45.45,4062305,7860190,45.35,45.5,65
2026-10-07 09:40:47,22587.95,2026-10-13,22800.0,PE,44625,286.95,2180425,4270955,287.3,287.6,65
2026-10-07 09:40:47,22587.95,2026-10-13,22800.0,CE,44624,70.05,9027785,15077140,70.0,70.1,65
2026-10-07 09:40:47,22587.95,2026-10-13,22850.0,PE,44627,324.45,316940,601120,323.3,324.15,65
2026-10-07 09:40:47,22587.95,2026-10-13,22850.0,CE,44626,56.85,1883830,5171790,56.7,56.85,65
2026-10-07 09:40:47,22587.95,2026-10-13,22050.0,CE,44582,586.95,5720,10920,558.2,560.05,65
2026-10-07 09:40:47,22587.95,2026-10-13,22000.0,PE,44581,22.45,5703945,11018605,22.4,22.5,65
2026-10-07 09:40:47,22587.95,2026-10-13,23200.0,PE,44653,624.0,266175,74750,626.3,627.9,65
2026-10-07 09:40:47,22587.95,2026-10-13,22500.0,CE,44612,207.3,2104960,4212585,207.0,207.25,65
2026-10-07 09:40:47,22587.95,2026-10-13,22450.0,PE,44611,106.3,2472015,11117990,106.15,106.35,65
2026-10-07 09:40:47,22587.95,2026-10-13,23200.0,CE,44650,10.95,5425615,7412210,10.95,11.0,65
2026-10-07 09:40:47,22587.95,2026-10-13,22000.0,CE,44572,604.9,263055,125060,603.65,605.05,65
2026-10-07 09:40:47,22587.95,2026-10-13,22650.0,CE,44618,126.9,3506100,13446485,127.05,127.35,65
2026-10-07 09:40:47,22587.95,2026-10-13,22600.0,PE,44617,168.45,8364005,36002915,168.5,168.9,65
2026-10-07 09:40:47,22587.95,2026-10-13,22650.0,PE,44619,195.0,2971150,17609150,194.1,194.6,65
2026-10-07 09:40:47,22587.95,2026-10-13,22550.0,CE,44614,178.0,810355,2890225,177.7,178.0,65
2026-10-07 09:40:47,22587.95,2026-10-13,22500.0,PE,44613,124.45,5998850,19120140,124.25,124.5,65
2026-10-07 09:40:47,22587.95,2026-10-13,22600.0,CE,44616,151.3,6463730,21151650,150.95,151.3,65
2026-10-07 09:40:47,22587.95,2026-10-13,22550.0,PE,44615,145.5,2368080,10984285,145.2,145.5,65
2026-10-07 09:40:47,22587.95,2026-10-13,22350.0,PE,44601,76.3,1195220,4422795,75.9,76.1,65
2026-10-07 09:40:47,22587.95,2026-10-13,23050.0,PE,44645,488.95,63830,78520,488.15,489.7,65
2026-10-07 09:40:47,22587.95,2026-10-13,22350.0,CE,44600,309.0,97565,129155,308.0,308.8,65
2026-10-07 09:40:47,22587.95,2026-10-13,22450.0,CE,44608,238.55,169845,469365,238.1,238.6,65
2026-10-07 09:40:47,22587.95,2026-10-13,23100.0,PE,44647,532.4,334295,91390,532.65,534.1,65
2026-10-07 09:40:47,22587.95,2026-10-13,22400.0,CE,44602,272.8,706485,915655,272.4,272.85,65
2026-10-07 09:40:47,22587.95,2026-10-13,23100.0,CE,44646,17.7,4369560,6437990,17.7,17.75,65
2026-10-07 09:40:47,22587.95,2026-10-13,23150.0,PE,44649,577.7,20150,9165,579.3,581.5,65
2026-10-07 09:40:47,22587.95,2026-10-13,23150.0,CE,44648,13.95,1444365,3217240,14.0,14.05,65
2026-10-07 09:40:47,22587.95,2026-10-13,22400.0,PE,44604,90.0,3711500,11142690,89.95,90.2,65
2026-10-07 09:40:47,22587.95,2026-10-13,22300.0,PE,44599,64.05,3564145,9408230,63.8,64.0,65
2026-10-07 09:40:47,22587.95,2026-10-13,23000.0,CE,44632,28.6,7499570,12723945,28.65,28.75,65
2026-10-07 09:40:47,22587.95,2026-10-13,22300.0,CE,44598,346.0,250185,335530,346.0,346.75,65
2026-10-07 09:40:47,22587.95,2026-10-13,22950.0,PE,44631,402.75,235430,160290,402.3,403.55,65
2026-10-07 09:40:47,22587.95,2026-10-13,23000.0,PE,44633,445.0,1483300,964730,444.25,445.0,65
2026-10-07 09:40:47,22587.95,2026-10-13,22200.0,PE,44595,45.0,4069260,8294000,44.9,45.05,65
2026-10-07 09:40:47,22587.95,2026-10-13,22250.0,PE,44597,53.9,1387750,4616300,53.7,53.85,65
2026-10-07 09:40:47,22587.95,2026-10-13,22950.0,CE,44630,36.1,1857180,4152005,36.1,36.2,65
2026-10-07 09:40:47,22587.95,2026-10-13,22250.0,CE,44596,386.2,46085,29445,386.2,386.55,65
2026-10-07 09:40:47,22587.95,2026-10-13,23050.0,CE,44636,22.5,1134120,3300115,22.55,22.65,65
2026-10-07 09:40:47,22587.95,2026-10-13,22150.0,PE,44591,37.8,924170,3350750,37.85,37.9,65
2026-10-07 09:40:47,22587.95,2026-10-13,22200.0,CE,44592,427.25,333060,165295,427.0,427.9,65
2026-10-07 09:45:26,22617.7,2026-10-13,22700.0,PE,44621,199.05,5579860,18493930,198.65,199.0,65
2026-10-07 09:45:26,22617.7,2026-10-13,22700.0,CE,44620,116.65,7814885,21506095,116.75,116.95,65
2026-10-07 09:45:26,22617.7,2026-10-13,22750.0,PE,44623,228.35,905255,3921840,227.7,228.0,65
2026-10-07 09:45:26,22617.7,2026-10-13,22750.0,CE,44622,95.8,2892045,9237930,96.1,96.15,65
2026-10-07 09:45:26,22617.7,2026-10-13,22100.0,CE,44584,548.9,84890,32110,543.9,545.45,65
2026-10-07 09:45:26,22617.7,2026-10-13,22050.0,PE,44583,22.85,1041885,3736850,22.9,22.95,65
2026-10-07 09:45:26,22617.7,2026-10-13,22150.0,CE,44586,499.25,15275,15210,499.25,500.5,65
2026-10-07 09:45:26,22617.7,2026-10-13,22100.0,PE,44585,27.2,2777125,6146660,27.1,27.2,65
2026-10-07 09:45:26,22617.7,2026-10-13,22900.0,PE,44629,331.6,895375,908115,331.25,332.1,65
2026-10-07 09:45:26,22617.7,2026-10-13,22900.0,CE,44628,49.85,4245410,9929595,50.0,50.1,65
2026-10-07 09:45:26,22617.7,2026-10-13,22800.0,PE,44625,260.0,2192970,4815590,259.9,259.95,65
2026-10-07 09:45:26,22617.7,2026-10-13,22800.0,CE,44624,77.6,9040785,17577300,77.65,77.85,65
2026-10-07 09:45:26,22617.7,2026-10-13,22850.0,PE,44627,294.0,318045,666770,294.4,295.15,65
2026-10-07 09:45:26,22617.7,2026-10-13,22850.0,CE,44626,62.6,1890590,6056310,62.7,62.85,65
2026-10-07 09:45:26,22617.7,2026-10-13,22050.0,CE,44582,595.05,5980,12220,588.2,590.45,65
2026-10-07 09:45:26,22617.7,2026-10-13,22000.0,PE,44581,19.4,5669235,12551825,19.35,19.4,65
2026-10-07 09:45:26,22617.7,2026-10-13,23200.0,PE,44653,587.65,264680,81965,591.7,593.25,65
2026-10-07 09:45:26,22617.7,2026-10-13,22500.0,CE,44612,225.65,2089165,5262920,226.15,226.65,65
2026-10-07 09:45:26,22617.7,2026-10-13,22450.0,PE,44611,91.95,2607085,12842830,91.95,92.15,65
2026-10-07 09:45:26,22617.7,2026-10-13,23200.0,CE,44650,11.55,5535205,8367710,11.6,11.65,65
2026-10-07 09:45:26,22617.7,2026-10-13,22000.0,CE,44572,635.3,263185,140790,635.05,636.55,65
2026-10-07 09:45:26,22617.7,2026-10-13,22650.0,CE,44618,140.1,3409575,16419455,139.95,140.3,65
2026-10-07 09:45:26,22617.7,2026-10-13,22600.0,PE,44617,149.0,8363095,42369405,148.45,148.8,65
2026-10-07 09:45:26,22617.7,2026-10-13,22650.0,PE,44619,172.75,2757560,20426640,172.65,173.0,65
2026-10-07 09:45:26,22617.7,2026-10-13,22550.0,CE,44614,195.4,897325,3913975,195.3,195.6,65
2026-10-07 09:45:26,22617.7,2026-10-13,22500.0,PE,44613,108.65,6062810,22759750,108.5,108.7,65
2026-10-07 09:45:26,22617.7,2026-10-13,22600.0,CE,44616,165.85,6772935,26536055,166.65,166.95,65
2026-10-07 09:45:26,22617.7,2026-10-13,22550.0,PE,44615,127.65,2610140,13655200,127.4,127.7,65
2026-10-07 09:45:26,22617.7,2026-10-13,22350.0,PE,44601,65.7,1222520,5250895,65.45,65.65,65
2026-10-07 09:45:26,22617.7,2026-10-13,23050.0,PE,44645,451.7,64090,81900,454.9,456.55,65
2026-10-07 09:45:26,22617.7,2026-10-13,22350.0,CE,44600,332.5,98410,147160,332.6,333.5,65
2026-10-07 09:45:26,22617.7,2026-10-13,22450.0,CE,44608,259.5,172445,596505,259.65,260.3,65
2026-10-07 09:45:26,22617.7,2026-10-13,23100.0,PE,44647,497.75,335270,99970,499.25,500.9,65
2026-10-07 09:45:26,22617.7,2026-10-13,22400.0,CE,44602,296.0,641810,1162460,295.05,295.85,65
2026-10-07 09:45:26,22617.7,2026-10-13,23100.0,CE,44646,18.95,4445285,7076420,18.9,18.95,65
2026-10-07 09:45:26,22617.7,2026-10-13,23150.0,PE,44649,546.55,20800,10465,544.4,546.45,65
2026-10-07 09:45:26,22617.7,2026-10-13,23150.0,CE,44648,14.8,1513915,3552965,14.9,14.95,65
2026-10-07 09:45:26,22617.7,2026-10-13,22400.0,PE,44604,78.0,3760770,12816895,77.85,78.0,65
2026-10-07 09:45:26,22617.7,2026-10-13,22300.0,PE,44599,55.15,3656640,10923640,55.05,55.2,65
2026-10-07 09:45:26,22617.7,2026-10-13,23000.0,CE,44632,31.15,7374900,14216540,31.2,31.25,65
2026-10-07 09:45:26,22617.7,2026-10-13,22300.0,CE,44598,372.95,272545,422435,371.9,372.75,65
2026-10-07 09:45:26,22617.7,2026-10-13,22950.0,PE,44631,371.3,237055,176215,370.35,371.5,65
2026-10-07 09:45:26,22617.7,2026-10-13,23000.0,PE,44633,411.85,1486225,1061775,412.15,413.0,65
2026-10-07 09:45:26,22617.7,2026-10-13,22200.0,PE,44595,38.65,4114175,9787700,38.55,38.65,65
2026-10-07 09:45:26,22617.7,2026-10-13,22250.0,PE,44597,46.1,1497340,5336175,46.05,46.15,65
2026-10-07 09:45:26,22617.7,2026-10-13,22950.0,CE,44630,39.5,1495650,4921215,39.6,39.75,65
2026-10-07 09:45:26,22617.7,2026-10-13,22250.0,CE,44596,414.4,47515,36270,413.2,414.25,65
2026-10-07 09:45:26,22617.7,2026-10-13,23050.0,CE,44636,24.45,1127295,3684460,24.45,24.5,65
2026-10-07 09:45:26,22617.7,2026-10-13,22150.0,PE,44591,32.5,954785,3771300,32.45,32.55,65
2026-10-07 09:45:26,22617.7,2026-10-13,22200.0,CE,44592,456.0,335400,200070,456.0,456.85,65
2026-10-07 09:50:19,22617.7,2026-10-13,22700.0,PE,44621,199.75,5736445,19946485,201.0,201.4,65
2026-10-07 09:50:19,22617.7,2026-10-13,22700.0,CE,44620,117.75,7862205,23296520,116.8,117.0,65
2026-10-07 09:50:19,22617.7,2026-10-13,22750.0,PE,44623,230.0,908635,4180995,229.15,229.7,65
2026-10-07 09:50:19,22617.7,2026-10-13,22750.0,CE,44622,96.5,2952560,10037235,96.45,96.5,65
2026-10-07 09:50:19,22617.7,2026-10-13,22100.0,CE,44584,542.0,86840,34710,543.15,544.65,65
2026-10-07 09:50:19,22617.7,2026-10-13,22050.0,PE,44583,23.1,1067625,3945305,23.1,23.15,65
2026-10-07 09:50:19,22617.7,2026-10-13,22150.0,CE,44586,492.55,15795,15795,496.45,498.9,65
2026-10-07 09:50:19,22617.7,2026-10-13,22100.0,PE,44585,27.45,2825940,6680635,27.4,27.5,65
2026-10-07 09:50:19,22617.7,2026-10-13,22900.0,PE,44629,332.35,891345,975780,333.45,334.15,65
2026-10-07 09:50:19,22617.7,2026-10-13,22900.0,CE,44628,50.25,4218045,10605725,50.1,50.25,65
2026-10-07 09:50:19,22617.7,2026-10-13,22800.0,PE,44625,260.95,2178930,5178420,260.95,261.55,65
2026-10-07 09:50:19,22617.7,2026-10-13,22800.0,CE,44624,78.25,9081930,18767255,78.2,78.3,65
2026-10-07 09:50:19,22617.7,2026-10-13,22850.0,PE,44627,297.45,315900,703430,296.55,297.3,65
2026-10-07 09:50:19,22617.7,2026-10-13,22850.0,CE,44626,63.35,1924260,6472895,62.85,63.05,65
2026-10-07 09:50:19,22617.7,2026-10-13,22050.0,CE,44582,582.8,6630,13325,587.1,589.2,65
2026-10-07 09:50:19,22617.7,2026-10-13,22000.0,PE,44581,19.5,5763160,13451295,19.6,19.65,65
2026-10-07 09:50:19,22617.7,2026-10-13,23200.0,PE,44653,597.05,265200,84175,593.95,595.5,65
2026-10-07 09:50:19,22617.7,2026-10-13,22500.0,CE,44612,226.4,2129725,5767060,225.65,226.0,65
2026-10-07 09:50:19,22617.7,2026-10-13,22450.0,PE,44611,93.15,2549885,14117220,93.15,93.35,65
2026-10-07 09:50:19,22617.7,2026-10-13,23200.0,CE,44650,11.6,5561400,8775715,11.55,11.6,65
2026-10-07 09:50:19,22617.7,2026-10-13,22000.0,CE,44572,634.0,261040,152880,632.75,634.0,65
2026-10-07 09:50:19,22617.7,2026-10-13,22650.0,CE,44618,141.05,3552055,17951570,140.15,140.5,65
2026-10-07 09:50:19,22617.7,2026-10-13,22600.0,PE,44617,150.2,8912345,46509645,150.3,150.6,65
2026-10-07 09:50:19,22617.7,2026-10-13,22650.0,PE,44619,173.45,3016585,22476090,174.4,174.85,65
2026-10-07 09:50:19,22617.7,2026-10-13,22550.0,CE,44614,195.35,1018940,4558710,194.85,195.2,65
2026-10-07 09:50:19,22617.7,2026-10-13,22500.0,PE,44613,109.85,6175975,24727365,110.1,110.4,65
2026-10-07 09:50:19,22617.7,2026-10-13,22600.0,CE,44616,166.8,6943820,29099655,166.4,166.8,65
2026-10-07 09:50:19,22617.7,2026-10-13,22550.0,PE,44615,129.0,2744365,15173275,129.15,129.45,65
2026-10-07 09:50:19,22617.7,2026-10-13,22350.0,PE,44601,66.5,1249755,5822050,66.65,66.85,65
2026-10-07 09:50:19,22617.7,2026-10-13,23050.0,PE,44645,459.3,63960,83655,457.05,458.55,65
2026-10-07 09:50:19,22617.7,2026-10-13,22350.0,CE,44600,331.75,100035,163930,331.75,332.6,65
2026-10-07 09:50:19,22617.7,2026-10-13,22450.0,CE,44608,260.0,182585,650780,259.75,260.0,65
2026-10-07 09:50:19,22617.7,2026-10-13,23100.0,PE,44647,501.0,335400,105755,499.85,501.25,65
2026-10-07 09:50:19,22617.7,2026-10-13,22400.0,CE,44602,295.0,658450,1253135,295.1,295.8,65
2026-10-07 09:50:19,22617.7,2026-10-13,23100.0,CE,44646,19.0,4497480,7486375,18.95,19.0,65
2026-10-07 09:50:19,22617.7,2026-10-13,23150.0,PE,44649,549.0,20995,11505,545.65,547.65,65
2026-10-07 09:50:19,22617.7,2026-10-13,23150.0,CE,44648,14.9,1504295,3720925,14.85,14.9,65
2026-10-07 09:50:19,22617.7,2026-10-13,22400.0,PE,44604,78.9,4010630,14092585,78.8,79.0,65
2026-10-07 09:50:19,22617.7,2026-10-13,22300.0,PE,44599,55.65,3648970,11847615,56.0,56.15,65
2026-10-07 09:50:19,22617.7,2026-10-13,23000.0,CE,44632,31.6,7405840,15205320,31.3,31.4,65
2026-10-07 09:50:19,22617.7,2026-10-13,22300.0,CE,44598,372.0,296660,459160,370.85,371.9,65
2026-10-07 09:50:19,22617.7,2026-10-13,22950.0,PE,44631,373.4,237120,187590,372.6,373.45,65
2026-10-07 09:50:19,22617.7,2026-10-13,23000.0,PE,44633,415.6,1489215,1120990,413.95,414.85,65
2026-10-07 09:50:19,22617.7,2026-10-13,22200.0,PE,44595,39.1,4422860,10769265,39.15,39.3,65
2026-10-07 09:50:19,22617.7,2026-10-13,22250.0,PE,44597,46.7,1532245,5777005,46.75,46.9,65
2026-10-07 09:50:19,22617.7,2026-10-13,22950.0,CE,44630,39.85,1469065,5356130,39.75,39.85,65
2026-10-07 09:50:19,22617.7,2026-10-13,22250.0,CE,44596,411.55,50310,39130,412.25,413.75,65
2026-10-07 09:50:19,22617.7,2026-10-13,23050.0,CE,44636,24.55,1120665,3960255,24.5,24.55,65
2026-10-07 09:50:19,22617.7,2026-10-13,22150.0,PE,44591,32.85,978120,4085510,32.85,33.0,65
2026-10-07 09:50:19,22617.7,2026-10-13,22200.0,CE,44592,454.25,340990,210470,453.9,455.25,65
2026-10-07 09:55:27,22614.0,2026-10-13,22700.0,PE,44621,204.4,5744375,21218275,203.85,204.0,65
2026-10-07 09:55:27,22614.0,2026-10-13,22700.0,CE,44620,114.55,7892950,25669280,114.3,114.55,65
2026-10-07 09:55:27,22614.0,2026-10-13,22750.0,PE,44623,233.9,867945,4540965,233.25,233.75,65
2026-10-07 09:55:27,22614.0,2026-10-13,22750.0,CE,44622,94.15,3010085,10956335,93.85,94.1,65
2026-10-07 09:55:27,22614.0,2026-10-13,22100.0,CE,44584,533.7,86775,36790,536.45,537.9,65
2026-10-07 09:55:27,22614.0,2026-10-13,22050.0,PE,44583,23.4,1076400,4263610,23.5,23.6,65
2026-10-07 09:55:27,22614.0,2026-10-13,22150.0,CE,44586,503.1,15860,16315,491.25,492.9,65
2026-10-07 09:55:27,22614.0,2026-10-13,22100.0,PE,44585,28.0,2911675,7218900,27.9,28.0,65
2026-10-07 09:55:27,22614.0,2026-10-13,22900.0,PE,44629,338.35,897715,1036295,338.2,339.1,65
2026-10-07 09:55:27,22614.0,2026-10-13,22900.0,CE,44628,49.0,4280315,11371815,48.8,48.95,65
2026-10-07 09:55:27,22614.0,2026-10-13,22800.0,PE,44625,266.4,2175875,5537220,265.9,266.6,65
2026-10-07 09:55:27,22614.0,2026-10-13,22800.0,CE,44624,75.9,9168510,20334340,75.9,76.15,65
2026-10-07 09:55:27,22614.0,2026-10-13,22850.0,PE,44627,300.25,318890,763230,301.25,302.1,65
2026-10-07 09:55:27,22614.0,2026-10-13,22850.0,CE,44626,61.4,1935310,6918080,61.2,61.35,65
2026-10-07 09:55:27,22614.0,2026-10-13,22050.0,CE,44582,582.8,6630,13325,581.25,583.1,65
2026-10-07 09:55:27,22614.0,2026-10-13,22000.0,PE,44581,19.85,5788380,14371435,19.8,19.9,65
2026-10-07 09:55:27,22614.0,2026-10-13,23200.0,PE,44653,588.45,266175,86580,599.7,601.55,65
2026-10-07 09:55:27,22614.0,2026-10-13,22500.0,CE,44612,222.2,2099695,6287840,221.3,221.8,65
2026-10-07 09:55:27,22614.0,2026-10-13,22450.0,PE,44611,95.1,2586220,14889030,95.1,95.35,65
2026-10-07 09:55:27,22614.0,2026-10-13,23200.0,CE,44650,11.35,5579470,9346285,11.35,11.4,65
2026-10-07 09:55:27,22614.0,2026-10-13,22000.0,CE,44572,626.0,260065,158600,627.45,628.9,65
2026-10-07 09:55:27,22614.0,2026-10-13,22650.0,CE,44618,137.3,3668600,20006220,137.15,137.4,65
2026-10-07 09:55:27,22614.0,2026-10-13,22600.0,PE,44617,153.4,8925930,49606765,153.05,153.4,65
2026-10-07 09:55:27,22614.0,2026-10-13,22650.0,PE,44619,177.1,2973035,24139700,177.3,177.7,65
2026-10-07 09:55:27,22614.0,2026-10-13,22550.0,CE,44614,191.65,1020890,5147545,190.85,191.2,65
2026-10-07 09:55:27,22614.0,2026-10-13,22500.0,PE,44613,111.85,6197620,26467675,112.15,112.4,65
2026-10-07 09:55:27,22614.0,2026-10-13,22600.0,CE,44616,162.8,7063420,31963425,162.9,163.3,65
2026-10-07 09:55:27,22614.0,2026-10-13,22550.0,PE,44615,131.3,2720900,16217565,131.4,131.75,65
2026-10-07 09:55:27,22614.0,2026-10-13,22350.0,PE,44601,67.9,1274585,6212180,67.65,67.85,65
2026-10-07 09:55:27,22614.0,2026-10-13,23050.0,PE,44645,463.15,64805,86905,461.9,463.7,65
2026-10-07 09:55:27,22614.0,2026-10-13,22350.0,CE,44600,327.15,102180,187070,327.35,328.15,65
2026-10-07 09:55:27,22614.0,2026-10-13,22450.0,CE,44608,255.2,187850,713375,254.5,255.2,65
2026-10-07 09:55:27,22614.0,2026-10-13,23100.0,PE,44647,507.25,335205,109980,506.75,508.15,65
2026-10-07 09:55:27,22614.0,2026-10-13,22400.0,CE,44602,289.9,656760,1336010,290.1,290.85,65
2026-10-07 09:55:27,22614.0,2026-10-13,23100.0,CE,44646,18.45,4637425,8198450,18.45,18.5,65
2026-10-07 09:55:27,22614.0,2026-10-13,23150.0,PE,44649,553.2,21190,12350,551.8,554.2,65
2026-10-07 09:55:27,22614.0,2026-10-13,23150.0,CE,44648,14.55,1508650,4001270,14.5,14.55,65
2026-10-07 09:55:27,22614.0,2026-10-13,22400.0,PE,44604,80.55,4213755,15114645,80.4,80.55,65
2026-10-07 09:55:27,22614.0,2026-10-13,22300.0,PE,44599,56.9,3697395,12586730,56.9,57.1,65
2026-10-07 09:55:27,22614.0,2026-10-13,23000.0,CE,44632,30.7,7503990,16535740,30.6,30.65,65
2026-10-07 09:55:27,22614.0,2026-10-13,22300.0,CE,44598,367.55,278785,501475,365.9,366.95,65
2026-10-07 09:55:27,22614.0,2026-10-13,22950.0,PE,44631,378.0,239395,200655,377.25,378.35,65
2026-10-07 09:55:27,22614.0,2026-10-13,23000.0,PE,44633,418.45,1506830,1185145,419.4,420.4,65
2026-10-07 09:55:27,22614.0,2026-10-13,22200.0,PE,44595,39.7,4500405,11498630,39.8,39.9,65
2026-10-07 09:55:27,22614.0,2026-10-13,22250.0,PE,44597,47.5,1568970,6154785,47.45,47.6,65
2026-10-07 09:55:27,22614.0,2026-10-13,22950.0,CE,44630,38.65,1498510,5673720,38.75,38.9,65
2026-10-07 09:55:27,22614.0,2026-10-13,22250.0,CE,44596,404.2,52845,43550,407.05,408.05,65
2026-10-07 09:55:27,22614.0,2026-10-13,23050.0,CE,44636,23.95,1131000,4165135,23.85,23.95,65
2026-10-07 09:55:27,22614.0,2026-10-13,22150.0,PE,44591,33.4,978640,4334200,33.45,33.55,65
2026-10-07 09:55:27,22614.0,2026-10-13,22200.0,CE,44592,448.95,343655,224575,448.4,449.7,65
2026-10-07 10:00:23,22615.0,2026-10-13,22700.0,PE,44621,201.15,5788575,22260355,201.05,201.4,65
2026-10-07 10:00:23,22615.0,2026-10-13,22700.0,CE,44620,113.65,8043230,27273090,113.4,113.5,65
2026-10-07 10:00:23,22615.0,2026-10-13,22750.0,PE,44623,230.7,884195,4773990,230.65,231.15,65
2026-10-07 10:00:23,22615.0,2026-10-13,22750.0,CE,44622,93.45,2995720,11647870,93.3,93.55,65
2026-10-07 10:00:23,22615.0,2026-10-13,22100.0,CE,44584,534.15,87165,37505,536.85,538.2,65
2026-10-07 10:00:23,22615.0,2026-10-13,22050.0,PE,44583,22.1,1081470,4607330,22.1,22.2,65
2026-10-07 10:00:23,22615.0,2026-10-13,22150.0,CE,44586,485.95,15925,16510,491.55,494.5,65
2026-10-07 10:00:23,22615.0,2026-10-13,22100.0,PE,44585,26.35,2936700,7527975,26.3,26.4,65
2026-10-07 10:00:23,22615.0,2026-10-13,22900.0,PE,44629,335.25,891345,1078155,335.6,336.3,65
2026-10-07 10:00:23,22615.0,2026-10-13,22900.0,CE,44628,48.65,4381000,12008620,48.65,48.85,65
2026-10-07 10:00:23,22615.0,2026-10-13,22800.0,PE,44625,262.85,2143115,5867680,263.0,263.55,65
2026-10-07 10:00:23,22615.0,2026-10-13,22800.0,CE,44624,75.95,9278815,21571745,75.55,75.75,65
2026-10-07 10:00:23,22615.0,2026-10-13,22850.0,PE,44627,298.85,315250,797095,298.2,298.9,65
2026-10-07 10:00:23,22615.0,2026-10-13,22850.0,CE,44626,61.3,1974960,7331870,61.1,61.3,65
2026-10-07 10:00:23,22615.0,2026-10-13,22050.0,CE,44582,582.8,6630,13325,581.7,585.05,65
2026-10-07 10:00:23,22615.0,2026-10-13,22000.0,PE,44581,18.8,6073990,15466620,18.75,18.8,65
2026-10-07 10:00:23,22615.0,2026-10-13,23200.0,PE,44653,604.95,265915,87490,596.95,598.9,65
2026-10-07 10:00:23,22615.0,2026-10-13,22500.0,CE,44612,221.25,2118545,6718335,220.8,221.25,65
2026-10-07 10:00:23,22615.0,2026-10-13,22450.0,PE,44611,91.95,2659865,15782650,91.85,92.1,65
2026-10-07 10:00:23,22615.0,2026-10-13,23200.0,CE,44650,11.35,5623020,9753185,11.25,11.3,65
2026-10-07 10:00:23,22615.0,2026-10-13,22000.0,CE,44572,627.7,260650,165685,628.65,630.15,65
2026-10-07 10:00:23,22615.0,2026-10-13,22650.0,CE,44618,136.6,3845660,21317140,136.2,136.55,65
2026-10-07 10:00:23,22615.0,2026-10-13,22600.0,PE,44617,149.6,9113195,53225055,149.5,149.85,65
2026-10-07 10:00:23,22615.0,2026-10-13,22650.0,PE,44619,174.0,3016975,26012155,174.15,174.6,65
2026-10-07 10:00:23,22615.0,2026-10-13,22550.0,CE,44614,190.4,1090960,5499390,189.9,190.3,65
2026-10-07 10:00:23,22615.0,2026-10-13,22500.0,PE,44613,108.65,6287125,28182310,108.6,108.9,65
2026-10-07 10:00:23,22615.0,2026-10-13,22600.0,CE,44616,162.25,7313020,34208590,161.8,162.0,65
2026-10-07 10:00:23,22615.0,2026-10-13,22550.0,PE,44615,128.0,2798900,17445090,127.95,128.3,65
2026-10-07 10:00:23,22615.0,2026-10-13,22350.0,PE,44601,65.05,1296880,6634485,65.05,65.25,65
2026-10-07 10:00:23,22615.0,2026-10-13,23050.0,PE,44645,462.95,64675,88010,459.7,462.0,65
2026-10-07 10:00:23,22615.0,2026-10-13,22350.0,CE,44600,323.0,100360,198640,326.4,327.25,65
2026-10-07 10:00:23,22615.0,2026-10-13,22450.0,CE,44608,253.85,196040,760435,253.9,254.4,65
2026-10-07 10:00:23,22615.0,2026-10-13,23100.0,PE,44647,510.85,335725,114010,504.7,506.05,65
2026-10-07 10:00:23,22615.0,2026-10-13,22400.0,CE,44602,289.8,653965,1409005,289.35,289.8,65
2026-10-07 10:00:23,22615.0,2026-10-13,23100.0,CE,44646,18.45,4721665,8723845,18.4,18.45,65
2026-10-07 10:00:23,22615.0,2026-10-13,23150.0,PE,44649,562.3,21255,13000,547.9,553.0,65
2026-10-07 10:00:23,22615.0,2026-10-13,23150.0,CE,44648,14.55,1507090,4137640,14.45,14.5,65
2026-10-07 10:00:23,22615.0,2026-10-13,22400.0,PE,44604,77.8,4456400,16196245,77.5,77.7,65
2026-10-07 10:00:23,22615.0,2026-10-13,22300.0,PE,44599,54.3,3745495,13229255,54.25,54.4,65
2026-10-07 10:00:23,22615.0,2026-10-13,23000.0,CE,44632,30.55,7740135,17394130,30.5,30.55,65
2026-10-07 10:00:23,22615.0,2026-10-13,22300.0,CE,44598,365.75,282685,539370,365.9,366.9,65
2026-10-07 10:00:23,22615.0,2026-10-13,22950.0,PE,44631,375.65,240110,208650,375.05,376.05,65
2026-10-07 10:00:23,22615.0,2026-10-13,23000.0,PE,44633,417.5,1521585,1231815,416.3,417.5,65
2026-10-07 10:00:23,22615.0,2026-10-13,22200.0,PE,44595,37.65,4792320,12413245,37.7,37.75,65
2026-10-07 10:00:23,22615.0,2026-10-13,22250.0,PE,44597,45.25,1596270,6557265,45.2,45.3,65
2026-10-07 10:00:23,22615.0,2026-10-13,22950.0,CE,44630,38.7,1515800,5928975,38.5,38.6,65
2026-10-07 10:00:23,22615.0,2026-10-13,22250.0,CE,44596,404.9,54275,49920,406.2,407.65,65
2026-10-07 10:00:23,22615.0,2026-10-13,23050.0,CE,44636,23.8,1177020,4453410,23.7,23.8,65
2026-10-07 10:00:23,22615.0,2026-10-13,22150.0,PE,44591,31.65,1009385,4524455,31.6,31.65,65
2026-10-07 10:00:23,22615.0,2026-10-13,22200.0,CE,44592,448.4,351390,237510,449.15,450.0,65
2026-10-07 10:05:18,22608.8,2026-10-13,22700.0,PE,44621,205.95,5611450,25056655,208.0,208.45,65
2026-10-07 10:05:18,22608.8,2026-10-13,22700.0,CE,44620,110.5,8376030,30811105,108.7,108.95,65
2026-10-07 10:05:18,22608.8,2026-10-13,22750.0,PE,44623,235.45,852150,5331430,235.45,236.0,65
2026-10-07 10:05:18,22608.8,2026-10-13,22750.0,CE,44622,90.7,3173820,13402155,90.45,90.7,65
2026-10-07 10:05:18,22608.8,2026-10-13,22100.0,CE,44584,530.0,89115,45825,529.5,531.2,65
2026-10-07 10:05:18,22608.8,2026-10-13,22050.0,PE,44583,22.25,1212510,5419765,22.2,22.25,65
2026-10-07 10:05:18,22608.8,2026-10-13,22150.0,CE,44586,482.0,17615,21385,481.95,483.45,65
2026-10-07 10:05:18,22608.8,2026-10-13,22100.0,PE,44585,26.6,2994550,8586565,26.6,26.65,65
2026-10-07 10:05:18,22608.8,2026-10-13,22900.0,PE,44629,342.75,893100,1180010,342.75,343.35,65
2026-10-07 10:05:18,22608.8,2026-10-13,22900.0,CE,44628,46.9,4436770,13409630,46.55,46.7,65
2026-10-07 10:05:18,22608.8,2026-10-13,22800.0,PE,44625,269.2,2104570,6529965,268.2,268.9,65
2026-10-07 10:05:18,22608.8,2026-10-13,22800.0,CE,44624,73.5,9273030,24452025,73.25,73.35,65
2026-10-07 10:05:18,22608.8,2026-10-13,22850.0,PE,44627,304.65,317720,904280,304.1,304.45,65
2026-10-07 10:05:18,22608.8,2026-10-13,22850.0,CE,44626,59.1,1987765,8247980,59.05,59.25,65
2026-10-07 10:05:18,22608.8,2026-10-13,22050.0,CE,44582,575.0,8060,14625,571.75,575.4,65
2026-10-07 10:05:18,22608.8,2026-10-13,22000.0,PE,44581,18.8,6371105,17257435,19.05,19.1,65
2026-10-07 10:05:18,22608.8,2026-10-13,23200.0,PE,44653,611.75,266045,92105,608.2,609.9,65
2026-10-07 10:05:18,22608.8,2026-10-13,22500.0,CE,44612,215.4,2351050,8102510,215.4,215.9,65
2026-10-07 10:05:18,22608.8,2026-10-13,22450.0,PE,44611,94.0,2533960,18112900,94.0,94.2,65
2026-10-07 10:05:18,22608.8,2026-10-13,23200.0,CE,44650,10.8,5805215,11132875,10.65,10.7,65
2026-10-07 10:05:18,22608.8,2026-10-13,22000.0,CE,44572,620.4,265005,183625,618.0,619.85,65
2026-10-07 10:05:18,22608.8,2026-10-13,22650.0,CE,44618,133.0,3967990,24062675,131.0,131.35,65
2026-10-07 10:05:18,22608.8,2026-10-13,22600.0,PE,44617,153.4,8635575,61676160,153.9,154.0,65
2026-10-07 10:05:18,22608.8,2026-10-13,22650.0,PE,44619,178.4,2719665,29565055,180.45,180.7,65
2026-10-07 10:05:18,22608.8,2026-10-13,22550.0,CE,44614,185.15,1314755,6793345,184.0,184.4,65
2026-10-07 10:05:18,22608.8,2026-10-13,22500.0,PE,44613,111.45,6315465,32227325,111.15,111.45,65
2026-10-07 10:05:18,22608.8,2026-10-13,22600.0,CE,44616,157.7,7780110,39558285,157.05,157.2,65
2026-10-07 10:05:18,22608.8,2026-10-13,22550.0,PE,44615,132.0,2794415,20576400,132.25,132.4,65
2026-10-07 10:05:18,22608.8,2026-10-13,22350.0,PE,44601,66.4,1346475,7634445,67.35,67.5,65
2026-10-07 10:05:18,22608.8,2026-10-13,23050.0,PE,44645,474.35,63570,95485,468.15,469.7,65
2026-10-07 10:05:18,22608.8,2026-10-13,22350.0,CE,44600,317.45,107835,229125,317.3,318.0,65
2026-10-07 10:05:18,22608.8,2026-10-13,22450.0,CE,44608,248.1,206570,903890,248.35,248.85,65
2026-10-07 10:05:18,22608.8,2026-10-13,23100.0,PE,44647,515.35,335725,128830,511.2,512.4,65
2026-10-07 10:05:18,22608.8,2026-10-13,22400.0,CE,44602,283.0,679770,1620320,283.15,283.8,65
2026-10-07 10:05:18,22608.8,2026-10-13,23100.0,CE,44646,17.45,4921865,9831965,17.35,17.45,65
2026-10-07 10:05:18,22608.8,2026-10-13,23150.0,PE,44649,564.15,22100,17030,557.75,560.2,65
2026-10-07 10:05:18,22608.8,2026-10-13,23150.0,CE,44648,13.9,1553565,4696120,13.85,13.95,65
2026-10-07 10:05:18,22608.8,2026-10-13,22400.0,PE,44604,79.25,4485715,18916755,79.15,79.25,65
2026-10-07 10:05:18,22608.8,2026-10-13,22300.0,PE,44599,55.4,3839810,15034045,56.15,56.3,65
2026-10-07 10:05:18,22608.8,2026-10-13,23000.0,CE,44632,29.45,8235110,19898060,28.9,29.0,65
2026-10-07 10:05:18,22608.8,2026-10-13,22300.0,CE,44598,356.9,294710,621725,356.05,356.75,65
2026-10-07 10:05:18,22608.8,2026-10-13,22950.0,PE,44631,385.2,241670,238485,382.5,383.55,65
2026-10-07 10:05:18,22608.8,2026-10-13,23000.0,PE,44633,428.0,1513135,1374490,426.35,427.55,65
2026-10-07 10:05:18,22608.8,2026-10-13,22200.0,PE,44595,38.35,4894825,13936065,38.5,38.65,65
2026-10-07 10:05:18,22608.8,2026-10-13,22250.0,PE,44597,46.4,1623570,7590635,46.2,46.35,65
2026-10-07 10:05:18,22608.8,2026-10-13,22950.0,CE,44630,37.25,1598480,6755515,37.1,37.2,65
2026-10-07 10:05:18,22608.8,2026-10-13,22250.0,CE,44596,396.6,57785,65065,399.05,400.4,65
2026-10-07 10:05:18,22608.8,2026-10-13,23050.0,CE,44636,23.0,1333085,5160025,22.6,22.7,65
2026-10-07 10:05:18,22608.8,2026-10-13,22150.0,PE,44591,31.95,1050465,5197270,31.9,32.0,65
2026-10-07 10:05:18,22608.8,2026-10-13,22200.0,CE,44592,441.95,359060,263575,440.95,442.4,65
2026-10-07 10:10:26,22616.45,2026-10-13,22700.0,PE,44621,201.65,5855525,26802880,201.45,202.05,65
2026-10-07 10:10:26,22616.45,2026-10-13,22700.0,CE,44620,111.2,8560565,33872735,111.3,111.55,65
2026-10-07 10:10:26,22616.45,2026-10-13,22750.0,PE,44623,231.75,888420,5717270,230.75,231.35,65
2026-10-07 10:10:26,22616.45,2026-10-13,22750.0,CE,44622,91.4,3171415,14856010,91.7,91.95,65
2026-10-07 10:10:26,22616.45,2026-10-13,22100.0,CE,44584,536.05,88140,51610,534.0,535.45,65
2026-10-07 10:10:26,22616.45,2026-10-13,22050.0,PE,44583,21.7,1244815,5869305,21.5,21.6,65
2026-10-07 10:10:26,22616.45,2026-10-13,22150.0,CE,44586,496.0,19305,28925,489.4,491.15,65
2026-10-07 10:10:26,22616.45,2026-10-13,22100.0,PE,44585,26.1,3066050,9390940,26.05,26.1,65
2026-10-07 10:10:26,22616.45,2026-10-13,22900.0,PE,44629,334.7,905905,1266460,335.9,336.65,65
2026-10-07 10:10:26,22616.45,2026-10-13,22900.0,CE,44628,47.0,4364945,14861405,46.7,46.85,65
2026-10-07 10:10:26,22616.45,2026-10-13,22800.0,PE,44625,264.05,2111720,6974370,264.1,264.3,65
2026-10-07 10:10:26,22616.45,2026-10-13,22800.0,CE,44624,73.7,9523930,27008605,73.5,73.65,65
2026-10-07 10:10:26,22616.45,2026-10-13,22850.0,PE,44627,298.35,326950,1006980,297.6,298.3,65
2026-10-07 10:10:26,22616.45,2026-10-13,22850.0,CE,44626,58.95,2073500,9043255,59.2,59.4,65
2026-10-07 10:10:26,22616.45,2026-10-13,22050.0,CE,44582,581.95,8255,17940,581.65,583.35,65
2026-10-07 10:10:26,22616.45,2026-10-13,22000.0,PE,44581,18.35,6630455,19211790,18.25,18.35,65
2026-10-07 10:10:26,22616.45,2026-10-13,23200.0,PE,44653,600.0,265720,94965,597.85,600.05,65
2026-10-07 10:10:26,22616.45,2026-10-13,22500.0,CE,44612,218.65,2401555,9027785,219.45,220.0,65
2026-10-07 10:10:26,22616.45,2026-10-13,22450.0,PE,44611,92.5,2750085,19624995,92.45,92.7,65
2026-10-07 10:10:26,22616.45,2026-10-13,23200.0,CE,44650,10.2,5933655,12053080,10.1,10.2,65
2026-10-07 10:10:26,22616.45,2026-10-13,22000.0,CE,44572,627.1,265265,196235,626.65,628.1,65
2026-10-07 10:10:26,22616.45,2026-10-13,22650.0,CE,44618,134.45,4148885,26803400,135.05,135.4,65
2026-10-07 10:10:26,22616.45,2026-10-13,22600.0,PE,44617,150.9,9534720,67683980,150.65,151.0,65
2026-10-07 10:10:26,22616.45,2026-10-13,22650.0,PE,44619,175.05,2987335,31988775,173.75,174.2,65
2026-10-07 10:10:26,22616.45,2026-10-13,22550.0,CE,44614,188.15,1319370,7771465,187.8,188.3,65
2026-10-07 10:10:26,22616.45,2026-10-13,22500.0,PE,44613,109.25,6658665,35057100,108.5,108.8,65
2026-10-07 10:10:26,22616.45,2026-10-13,22600.0,CE,44616,159.95,8148010,44843500,159.75,159.95,65
2026-10-07 10:10:26,22616.45,2026-10-13,22550.0,PE,44615,128.25,3027440,22755720,128.7,129.0,65
2026-10-07 10:10:26,22616.45,2026-10-13,22350.0,PE,44601,65.1,1429675,8392930,65.0,65.2,65
2026-10-07 10:10:26,22616.45,2026-10-13,23050.0,PE,44645,458.2,64025,104195,459.65,461.2,65
2026-10-07 10:10:26,22616.45,2026-10-13,22350.0,CE,44600,324.75,101790,252590,324.25,325.05,65
2026-10-07 10:10:26,22616.45,2026-10-13,22450.0,CE,44608,253.25,212810,1043770,251.25,251.9,65
2026-10-07 10:10:26,22616.45,2026-10-13,23100.0,PE,44647,501.45,336050,146120,504.2,505.45,65
2026-10-07 10:10:26,22616.45,2026-10-13,22400.0,CE,44602,286.5,669370,1840410,287.95,288.75,65
2026-10-07 10:10:26,22616.45,2026-10-13,23100.0,CE,44646,17.0,5154630,10987405,17.0,17.05,65
2026-10-07 10:10:26,22616.45,2026-10-13,23150.0,PE,44649,547.3,21060,21775,551.25,553.35,65
2026-10-07 10:10:26,22616.45,2026-10-13,23150.0,CE,44648,13.1,1617395,5168800,13.1,13.2,65
2026-10-07 10:10:26,22616.45,2026-10-13,22400.0,PE,44604,77.5,4689100,21461960,77.5,77.65,65
2026-10-07 10:10:26,22616.45,2026-10-13,22300.0,PE,44599,54.35,3955510,16498170,53.85,54.0,65
2026-10-07 10:10:26,22616.45,2026-10-13,23000.0,CE,44632,28.6,8327215,21622055,28.85,28.95,65
2026-10-07 10:10:26,22616.45,2026-10-13,22300.0,CE,44598,364.65,290485,686855,364.45,365.55,65
2026-10-07 10:10:26,22616.45,2026-10-13,22950.0,PE,44631,378.35,242905,265980,375.85,376.95,65
2026-10-07 10:10:26,22616.45,2026-10-13,23000.0,PE,44633,416.15,1513330,1460290,416.0,417.1,65
2026-10-07 10:10:26,22616.45,2026-10-13,22200.0,PE,44595,37.3,5013320,15330185,37.5,37.6,65
2026-10-07 10:10:26,22616.45,2026-10-13,22250.0,PE,44597,45.4,1725815,8428485,45.25,45.4,65
2026-10-07 10:10:26,22616.45,2026-10-13,22950.0,CE,44630,36.7,1664585,7402265,36.65,36.75,65
2026-10-07 10:10:26,22616.45,2026-10-13,22250.0,CE,44596,405.0,58110,72410,404.4,405.7,65
2026-10-07 10:10:26,22616.45,2026-10-13,23050.0,CE,44636,22.1,1374100,5800210,22.15,22.25,65
2026-10-07 10:10:26,22616.45,2026-10-13,22150.0,PE,44591,31.3,1126775,5728970,31.1,31.2,65
2026-10-07 10:10:26,22616.45,2026-10-13,22200.0,CE,44592,445.35,360685,282295,446.45,447.9,65
2026-10-07 10:15:27,22617.35,2026-10-13,22700.0,PE,44621,202.0,5876260,27581645,201.2,201.7,65
2026-10-07 10:15:27,22617.35,2026-10-13,22700.0,CE,44620,109.2,8700705,35534395,109.2,109.5,65
2026-10-07 10:15:27,22617.35,2026-10-13,22750.0,PE,44623,232.25,955825,5967455,231.25,231.85,65
2026-10-07 10:15:27,22617.35,2026-10-13,22750.0,CE,44622,89.55,3207295,15633280,89.3,89.55,65
2026-10-07 10:15:27,22617.35,2026-10-13,22100.0,CE,44584,532.3,88010,53755,531.45,533.0,65
2026-10-07 10:15:27,22617.35,2026-10-13,22050.0,PE,44583,20.6,1257750,6092450,20.55,20.6,65
2026-10-07 10:15:27,22617.35,2026-10-13,22150.0,CE,44586,489.05,19305,29835,486.1,488.45,65
2026-10-07 10:15:27,22617.35,2026-10-13,22100.0,PE,44585,24.95,3137745,9769825,24.8,24.9,65
2026-10-07 10:15:27,22617.35,2026-10-13,22900.0,PE,44629,337.0,908765,1302535,336.65,337.6,65
2026-10-07 10:15:27,22617.35,2026-10-13,22900.0,CE,44628,45.9,4354090,15556580,45.85,45.9,65
2026-10-07 10:15:27,22617.35,2026-10-13,22800.0,PE,44625,264.4,2109575,7174310,263.75,264.35,65
2026-10-07 10:15:27,22617.35,2026-10-13,22800.0,CE,44624,72.1,9581455,28483260,72.0,72.2,65
2026-10-07 10:15:27,22617.35,2026-10-13,22850.0,PE,44627,300.6,329615,1031160,299.05,299.95,65
2026-10-07 10:15:27,22617.35,2026-10-13,22850.0,CE,44626,57.95,2144025,9603815,57.85,58.05,65
2026-10-07 10:15:27,22617.35,2026-10-13,22050.0,CE,44582,581.0,8580,18525,576.55,578.6,65
2026-10-07 10:15:27,22617.35,2026-10-13,22000.0,PE,44581,17.25,6718400,20169890,17.25,17.3,65
2026-10-07 10:15:27,22617.35,2026-10-13,23200.0,PE,44653,599.6,266240,96395,599.8,601.55,65
2026-10-07 10:15:27,22617.35,2026-10-13,22500.0,CE,44612,215.25,2458885,9499230,215.45,215.85,65
2026-10-07 10:15:27,22617.35,2026-10-13,22450.0,PE,44611,91.2,2937480,20443020,90.9,91.15,65
2026-10-07 10:15:27,22617.35,2026-10-13,23200.0,CE,44650,10.0,5893030,12596870,9.95,10.0,65
2026-10-07 10:15:27,22617.35,2026-10-13,22000.0,CE,44572,624.7,265785,202410,623.2,625.1,65
2026-10-07 10:15:27,22617.35,2026-10-13,22650.0,CE,44618,132.15,4227210,28249715,132.1,132.35,65
2026-10-07 10:15:27,22617.35,2026-10-13,22600.0,PE,44617,149.9,9863100,70313360,149.5,149.9,65
2026-10-07 10:15:27,22617.35,2026-10-13,22650.0,PE,44619,174.7,3073460,33133165,173.9,174.3,65
2026-10-07 10:15:27,22617.35,2026-10-13,22550.0,CE,44614,185.2,1354275,8192210,185.25,185.75,65
2026-10-07 10:15:27,22617.35,2026-10-13,22500.0,PE,44613,108.15,6816615,36276435,107.9,108.1,65
2026-10-07 10:15:27,22617.35,2026-10-13,22600.0,CE,44616,157.3,8331245,47464170,157.0,157.3,65
2026-10-07 10:15:27,22617.35,2026-10-13,22550.0,PE,44615,127.5,3092180,23505690,127.5,127.65,65
2026-10-07 10:15:27,22617.35,2026-10-13,22350.0,PE,44601,63.7,1493895,8723975,63.55,63.65,65
2026-10-07 10:15:27,22617.35,2026-10-13,23050.0,PE,44645,461.95,64675,106015,462.3,464.05,65
2026-10-07 10:15:27,22617.35,2026-10-13,22350.0,CE,44600,321.7,103805,262340,321.0,321.9,65
2026-10-07 10:15:27,22617.35,2026-10-13,22450.0,CE,44608,249.6,224380,1092195,248.55,249.25,65
2026-10-07 10:15:27,22617.35,2026-10-13,23100.0,PE,44647,504.2,337350,148200,506.65,508.15,65
2026-10-07 10:15:27,22617.35,2026-10-13,22400.0,CE,44602,283.95,679965,1918280,283.4,284.3,65
2026-10-07 10:15:27,22617.35,2026-10-13,23100.0,CE,44646,16.65,5360875,11503765,16.55,16.65,65
2026-10-07 10:15:27,22617.35,2026-10-13,23150.0,PE,44649,552.95,21450,22295,552.85,554.65,65
2026-10-07 10:15:27,22617.35,2026-10-13,23150.0,CE,44648,13.05,1554735,5479825,12.95,13.0,65
2026-10-07 10:15:27,22617.35,2026-10-13,22400.0,PE,44604,76.3,4820335,22274200,76.2,76.4,65
2026-10-07 10:15:27,22617.35,2026-10-13,22300.0,PE,44599,52.95,4012580,17107545,52.7,52.9,65
2026-10-07 10:15:27,22617.35,2026-10-13,23000.0,CE,44632,28.25,8401965,22476155,28.1,28.2,65
2026-10-07 10:15:27,22617.35,2026-10-13,22300.0,CE,44598,361.45,294125,704210,360.0,361.05,65
2026-10-07 10:15:27,22617.35,2026-10-13,22950.0,PE,44631,376.15,244530,274105,377.0,378.1,65
2026-10-07 10:15:27,22617.35,2026-10-13,23000.0,PE,44633,419.15,1513850,1489215,418.5,419.6,65
2026-10-07 10:15:27,22617.35,2026-10-13,22200.0,PE,44595,36.0,5109585,15794870,36.05,36.2,65
2026-10-07 10:15:27,22617.35,2026-10-13,22250.0,PE,44597,43.9,1738620,8757190,43.75,43.9,65
2026-10-07 10:15:27,22617.35,2026-10-13,22950.0,CE,44630,36.0,1672710,7728175,35.85,36.0,65
2026-10-07 10:15:27,22617.35,2026-10-13,22250.0,CE,44596,401.55,58435,74100,401.1,402.4,65
2026-10-07 10:15:27,22617.35,2026-10-13,23050.0,CE,44636,21.8,1407835,6108635,21.7,21.8,65
2026-10-07 10:15:27,22617.35,2026-10-13,22150.0,PE,44591,30.0,1161290,5967845,29.95,30.05,65
2026-10-07 10:15:27,22617.35,2026-10-13,22200.0,CE,44592,445.25,366275,297115,443.05,444.5,65
2026-10-07 10:20:29,22669.6,2026-10-13,22700.0,PE,44621,167.45,6113835,31103670,167.5,167.95,65
2026-10-07 10:20:29,22669.6,2026-10-13,22700.0,CE,44620,139.55,8142290,44778175,139.05,139.45,65
2026-10-07 10:20:29,22669.6,2026-10-13,22750.0,PE,44623,194.15,1040975,6872060,193.6,194.1,65
2026-10-07 10:20:29,22669.6,2026-10-13,22750.0,CE,44622,116.0,2987530,19881745,115.7,116.0,65
2026-10-07 10:20:29,22669.6,2026-10-13,22100.0,CE,44584,594.8,86125,59800,592.0,593.9,65
2026-10-07 10:20:29,22669.6,2026-10-13,22050.0,PE,44583,17.4,1278290,6915480,17.35,17.4,65
2026-10-07 10:20:29,22669.6,2026-10-13,22150.0,CE,44586,547.95,20605,34320,545.35,547.2,65
2026-10-07 10:20:29,22669.6,2026-10-13,22100.0,PE,44585,20.65,3167385,11115390,20.65,20.75,65
2026-10-07 10:20:29,22669.6,2026-10-13,22900.0,PE,44629,289.6,921180,1504880,288.5,289.2,65
2026-10-07 10:20:29,22669.6,2026-10-13,22900.0,CE,44628,62.0,4102540,19432465,61.9,62.0,65
2026-10-07 10:20:29,22669.6,2026-10-13,22800.0,PE,44625,223.15,2160470,8105175,222.5,223.05,65
2026-10-07 10:20:29,22669.6,2026-10-13,22800.0,CE,44624,95.4,9516130,35634690,94.85,95.1,65
2026-10-07 10:20:29,22669.6,2026-10-13,22850.0,PE,44627,254.75,329875,1169545,254.15,254.85,65
2026-10-07 10:20:29,22669.6,2026-10-13,22850.0,CE,44626,77.5,2220595,11964810,77.1,77.25,65
2026-10-07 10:20:29,22669.6,2026-10-13,22050.0,CE,44582,638.4,9295,20475,638.7,641.05,65
2026-10-07 10:20:29,22669.6,2026-10-13,23250.0,CE,44654,10.85,1784315,6342960,10.8,10.9,65
2026-10-07 10:20:29,22669.6,2026-10-13,23200.0,PE,44653,539.25,268060,108095,538.6,540.3,65
2026-10-07 10:20:29,22669.6,2026-10-13,22500.0,CE,44612,260.0,2349555,11582675,259.15,259.8,65
2026-10-07 10:20:29,22669.6,2026-10-13,23250.0,PE,44655,599.55,182455,50505,585.35,588.8,65
2026-10-07 10:20:29,22669.6,2026-10-13,22450.0,PE,44611,73.5,2712710,22771580,73.6,73.8,65
2026-10-07 10:20:29,22669.6,2026-10-13,23200.0,CE,44650,13.75,5726045,14952210,13.65,13.7,65
2026-10-07 10:20:29,22669.6,2026-10-13,22650.0,CE,44618,165.6,3770195,35805315,165.3,165.65,65
2026-10-07 10:20:29,22669.6,2026-10-13,22600.0,PE,44617,121.9,9884810,80509390,122.25,122.45,65
2026-10-07 10:20:29,22669.6,2026-10-13,22650.0,PE,44619,143.5,3194490,37003720,143.6,144.0,65
2026-10-07 10:20:29,22669.6,2026-10-13,22550.0,CE,44614,226.3,1066260,10350145,226.0,226.5,65
2026-10-07 10:20:29,22669.6,2026-10-13,22500.0,PE,44613,87.15,6687135,40955005,87.4,87.65,65
2026-10-07 10:20:29,22669.6,2026-10-13,22600.0,CE,44616,195.1,6821620,59022210,194.4,194.85,65
2026-10-07 10:20:29,22669.6,2026-10-13,22550.0,PE,44615,103.75,2853760,26327210,103.7,103.85,65
2026-10-07 10:20:29,22669.6,2026-10-13,22350.0,PE,44601,51.4,1368965,9987185,51.45,51.6,65
2026-10-07 10:20:29,22669.6,2026-10-13,23050.0,PE,44645,406.4,65585,115765,406.15,407.3,65
2026-10-07 10:20:29,22669.6,2026-10-13,22350.0,CE,44600,373.9,98475,303680,372.55,373.75,65
2026-10-07 10:20:29,22669.6,2026-10-13,22450.0,CE,44608,295.5,174785,1333280,295.5,296.25,65
2026-10-07 10:20:29,22669.6,2026-10-13,23100.0,PE,44647,448.85,337545,181805,448.7,449.6,65
2026-10-07 10:20:29,22669.6,2026-10-13,22400.0,CE,44602,334.0,647075,2280655,333.0,333.75,65
2026-10-07 10:20:29,22669.6,2026-10-13,23100.0,CE,44646,22.9,5350150,13543790,22.75,22.85,65
2026-10-07 10:20:29,22669.6,2026-10-13,23150.0,PE,44649,496.25,22035,25285,493.3,495.3,65
2026-10-07 10:20:29,22669.6,2026-10-13,23150.0,CE,44648,17.7,1653600,6782945,17.75,17.85,65
2026-10-07 10:20:29,22669.6,2026-10-13,22400.0,PE,44604,61.8,4736875,25711530,61.7,61.9,65
2026-10-07 10:20:29,22669.6,2026-10-13,22300.0,PE,44599,42.7,3912220,19357845,42.8,42.9,65
2026-10-07 10:20:29,22669.6,2026-10-13,23000.0,CE,44632,38.6,8192015,27590940,38.2,38.35,65
2026-10-07 10:20:29,22669.6,2026-10-13,22300.0,CE,44598,413.9,272610,855205,412.95,414.3,65
2026-10-07 10:20:29,22669.6,2026-10-13,22950.0,PE,44631,326.8,246025,308945,325.85,326.75,65
2026-10-07 10:20:29,22669.6,2026-10-13,23000.0,PE,44633,362.95,1513980,1677780,365.55,366.45,65
2026-10-07 10:20:29,22669.6,2026-10-13,22200.0,PE,44595,29.8,5943080,20090395,29.65,29.75,65
2026-10-07 10:20:29,22669.6,2026-10-13,22250.0,PE,44597,35.6,1735110,9947210,35.55,35.7,65
2026-10-07 10:20:29,22669.6,2026-10-13,22950.0,CE,44630,49.0,1970605,10080135,48.7,48.85,65
2026-10-07 10:20:29,22669.6,2026-10-13,22250.0,CE,44596,456.95,58045,83200,457.05,458.65,65
2026-10-07 10:20:29,22669.6,2026-10-13,23050.0,CE,44636,29.85,1498380,7822815,29.65,29.8,65
2026-10-07 10:20:29,22669.6,2026-10-13,22150.0,PE,44591,24.75,1110005,6975280,24.75,24.85,65
2026-10-07 10:20:29,22669.6,2026-10-13,22200.0,CE,44592,502.0,339105,374790,500.95,502.0,65
2026-10-07 10:25:31,22673.65,2026-10-13,22700.0,PE,44621,165.25,6579755,33979010,165.0,165.15,65
2026-10-07 10:25:31,22673.65,2026-10-13,22700.0,CE,44620,139.95,8910655,51355655,139.55,139.9,65
2026-10-07 10:25:31,22673.65,2026-10-13,22750.0,PE,44623,191.3,1103505,7383935,191.4,191.9,65
2026-10-07 10:25:31,22673.65,2026-10-13,22750.0,CE,44622,115.9,3070535,22332050,115.75,116.0,65
2026-10-07 10:25:31,22673.65,2026-10-13,22100.0,CE,44584,593.45,86840,63375,593.1,594.9,65
2026-10-07 10:25:31,22673.65,2026-10-13,22050.0,PE,44583,16.55,1292135,7246980,16.5,16.55,65
2026-10-07 10:25:31,22673.65,2026-10-13,22150.0,CE,44586,544.45,20020,39130,547.3,548.95,65
2026-10-07 10:25:31,22673.65,2026-10-13,22100.0,PE,44585,19.65,3245580,11762660,19.65,19.7,65
2026-10-07 10:25:31,22673.65,2026-10-13,22900.0,PE,44629,287.05,913900,1656915,287.15,287.8,65
2026-10-07 10:25:31,22673.65,2026-10-13,22900.0,CE,44628,61.95,4104035,21627580,61.75,61.9,65
2026-10-07 10:25:31,22673.65,2026-10-13,22800.0,PE,44625,220.8,2236390,8903440,220.2,220.7,65
2026-10-07 10:25:31,22673.65,2026-10-13,22800.0,CE,44624,95.1,9646520,40179555,94.8,94.95,65
2026-10-07 10:25:31,22673.65,2026-10-13,22850.0,PE,44627,252.1,342420,1279590,252.1,252.8,65
2026-10-07 10:25:31,22673.65,2026-10-13,22850.0,CE,44626,77.35,2278185,13644345,77.1,77.3,65
2026-10-07 10:25:31,22673.65,2026-10-13,22050.0,CE,44582,637.55,9750,21645,637.8,643.65,65
2026-10-07 10:25:31,22673.65,2026-10-13,23250.0,CE,44654,10.95,1881230,7026370,10.85,10.95,65
2026-10-07 10:25:31,22673.65,2026-10-13,23200.0,PE,44653,541.6,273585,118105,537.1,538.6,65
2026-10-07 10:25:31,22673.65,2026-10-13,22500.0,CE,44612,259.5,2327455,12344150,259.5,260.2,65
2026-10-07 10:25:31,22673.65,2026-10-13,23250.0,PE,44655,587.95,182260,51610,582.85,585.15,65
2026-10-07 10:25:31,22673.65,2026-10-13,22450.0,PE,44611,71.9,2761265,23712715,71.75,71.9,65
2026-10-07 10:25:31,22673.65,2026-10-13,23200.0,CE,44650,13.85,5852795,16497195,13.85,13.9,65
2026-10-07 10:25:31,22673.65,2026-10-13,22650.0,CE,44618,165.65,3862235,39791700,165.9,166.0,65
2026-10-07 10:25:31,22673.65,2026-10-13,22600.0,PE,44617,120.0,9953645,84451640,120.05,120.4,65
2026-10-07 10:25:31,22673.65,2026-10-13,22650.0,PE,44619,141.6,3511495,39445380,141.05,141.4,65
2026-10-07 10:25:31,22673.65,2026-10-13,22550.0,CE,44614,226.3,890435,11241555,225.35,225.9,65
2026-10-07 10:25:31,22673.65,2026-10-13,22500.0,PE,44613,85.7,7080905,43429035,85.55,85.75,65
2026-10-07 10:25:31,22673.65,2026-10-13,22600.0,CE,44616,194.45,6557655,63901760,194.4,194.85,65
2026-10-07 10:25:31,22673.65,2026-10-13,22550.0,PE,44615,101.75,2991625,27581385,102.0,102.3,65
2026-10-07 10:25:31,22673.65,2026-10-13,22350.0,PE,44601,49.85,1416350,10529740,49.9,50.05,65
2026-10-07 10:25:31,22673.65,2026-10-13,23050.0,PE,44645,404.0,67600,126295,405.0,406.4,65
2026-10-07 10:25:31,22673.65,2026-10-13,22350.0,CE,44600,374.0,96980,325715,373.4,374.6,65
2026-10-07 10:25:31,22673.65,2026-10-13,22450.0,CE,44608,296.8,183885,1453270,296.05,296.75,65
2026-10-07 10:25:31,22673.65,2026-10-13,23100.0,PE,44647,451.0,340210,194480,446.4,448.1,65
2026-10-07 10:25:31,22673.65,2026-10-13,22400.0,CE,44602,334.0,645905,2420405,334.1,334.95,65
2026-10-07 10:25:31,22673.65,2026-10-13,23100.0,CE,44646,23.0,5429645,15203435,23.1,23.15,65
2026-10-07 10:25:31,22673.65,2026-10-13,23150.0,PE,44649,496.6,23205,27365,491.7,493.25,65
2026-10-07 10:25:31,22673.65,2026-10-13,23150.0,CE,44648,18.0,1681420,7628010,17.95,18.0,65
2026-10-07 10:25:31,22673.65,2026-10-13,22400.0,PE,44604,60.0,4861935,27089595,60.05,60.2,65
2026-10-07 10:25:31,22673.65,2026-10-13,22300.0,PE,44599,41.35,4315805,20831590,41.2,41.35,65
2026-10-07 10:25:31,22673.65,2026-10-13,23000.0,CE,44632,38.35,8287305,30820010,38.7,38.8,65
2026-10-07 10:25:31,22673.65,2026-10-13,22300.0,CE,44598,416.25,268125,912730,415.15,416.3,65
2026-10-07 10:25:31,22673.65,2026-10-13,22950.0,PE,44631,326.55,246935,330915,323.65,324.55,65
2026-10-07 10:25:31,22673.65,2026-10-13,23000.0,PE,44633,362.8,1542450,1821430,362.8,363.7,65
2026-10-07 10:25:31,22673.65,2026-10-13,22200.0,PE,44595,28.55,6201520,21624525,28.6,28.65,65
2026-10-07 10:25:31,22673.65,2026-10-13,22250.0,PE,44597,34.5,1585740,10885225,34.4,34.5,65
2026-10-07 10:25:31,22673.65,2026-10-13,22950.0,CE,44630,49.15,2003625,11228815,48.95,49.1,65
2026-10-07 10:25:31,22673.65,2026-10-13,22250.0,CE,44596,458.0,56940,89310,457.4,459.2,65
2026-10-07 10:25:31,22673.65,2026-10-13,23050.0,CE,44636,30.05,1569620,8796970,29.95,30.1,65
2026-10-07 10:25:31,22673.65,2026-10-13,22150.0,PE,44591,23.65,1122615,7412275,23.65,23.75,65
2026-10-07 10:25:31,22673.65,2026-10-13,22200.0,CE,44592,501.45,338455,390715,501.0,502.45,65
2026-10-07 10:30:27,22691.1,2026-10-13,22700.0,PE,44621,154.7,6439615,37842155,154.15,154.55,65
2026-10-07 10:30:27,22691.1,2026-10-13,22700.0,CE,44620,147.2,8704020,57924165,147.0,147.4,65
2026-10-07 10:30:27,22691.1,2026-10-13,22750.0,PE,44623,179.45,1174290,7963800,179.55,179.7,65
2026-10-07 10:30:27,22691.1,2026-10-13,22750.0,CE,44622,122.7,3001310,24655085,122.6,122.8,65
2026-10-07 10:30:27,22691.1,2026-10-13,22100.0,CE,44584,611.15,86840,79300,609.3,611.0,65
2026-10-07 10:30:27,22691.1,2026-10-13,22150.0,CE,44586,563.85,20215,41145,563.15,564.5,65
2026-10-07 10:30:27,22691.1,2026-10-13,22100.0,PE,44585,18.3,3162965,12970815,18.25,18.35,65
2026-10-07 10:30:27,22691.1,2026-10-13,22900.0,PE,44629,272.1,933855,1854580,272.2,272.75,65
2026-10-07 10:30:27,22691.1,2026-10-13,22900.0,CE,44628,65.8,4023045,23697310,65.75,65.95,65
2026-10-07 10:30:27,22691.1,2026-10-13,22800.0,PE,44625,207.75,2368340,9714120,207.75,208.15,65
2026-10-07 10:30:27,22691.1,2026-10-13,22800.0,CE,44624,100.9,8985925,45104020,100.7,100.9,65
2026-10-07 10:30:27,22691.1,2026-10-13,22850.0,PE,44627,239.15,354380,1412060,238.5,238.9,65
2026-10-07 10:30:27,22691.1,2026-10-13,22850.0,CE,44626,82.05,2333175,15677285,82.05,82.2,65
2026-10-07 10:30:27,22691.1,2026-10-13,23250.0,CE,44654,11.15,1898195,7565155,11.15,11.2,65
2026-10-07 10:30:27,22691.1,2026-10-13,23200.0,PE,44653,520.55,275210,129415,519.6,521.1,65
2026-10-07 10:30:27,22691.1,2026-10-13,22500.0,CE,44612,271.1,2291120,13013910,271.0,271.75,65
2026-10-07 10:30:27,22691.1,2026-10-13,23300.0,CE,44656,8.75,4410120,13404170,8.7,8.75,65
2026-10-07 10:30:27,22691.1,2026-10-13,23250.0,PE,44655,585.85,182130,51870,564.75,568.6,65
2026-10-07 10:30:27,22691.1,2026-10-13,22450.0,PE,44611,66.25,2779400,24935105,66.05,66.25,65
2026-10-07 10:30:27,22691.1,2026-10-13,23200.0,CE,44650,14.35,5931965,17751825,14.3,14.4,65
2026-10-07 10:30:27,22691.1,2026-10-13,22650.0,CE,44618,174.7,3563430,43460625,174.45,174.7,65
2026-10-07 10:30:27,22691.1,2026-10-13,22600.0,PE,44617,111.5,10158200,88086440,111.4,111.7,65
2026-10-07 10:30:27,22691.1,2026-10-13,22650.0,PE,44619,131.9,3753815,41686385,131.6,131.75,65
2026-10-07 10:30:27,22691.1,2026-10-13,22550.0,CE,44614,236.45,807820,11872900,236.25,236.85,65
2026-10-07 10:30:27,22691.1,2026-10-13,23300.0,PE,44657,630.05,234520,35035,613.3,615.0,65
2026-10-07 10:30:27,22691.1,2026-10-13,22500.0,PE,44613,78.85,7478315,46469540,78.65,78.85,65
2026-10-07 10:30:27,22691.1,2026-10-13,22600.0,CE,44616,204.55,6054295,67926690,204.0,204.5,65
2026-10-07 10:30:27,22691.1,2026-10-13,22550.0,PE,44615,94.15,3106805,28955420,94.2,94.4,65
2026-10-07 10:30:27,22691.1,2026-10-13,22350.0,PE,44601,45.85,1408550,11100440,45.7,45.8,65
2026-10-07 10:30:27,22691.1,2026-10-13,23050.0,PE,44645,387.3,67795,135200,388.2,389.25,65
2026-10-07 10:30:27,22691.1,2026-10-13,22350.0,CE,44600,388.2,97045,343200,387.45,388.6,65
2026-10-07 10:30:27,22691.1,2026-10-13,22450.0,CE,44608,309.1,171665,1548625,308.15,309.0,65
2026-10-07 10:30:27,22691.1,2026-10-13,23100.0,PE,44647,431.85,352365,247325,430.2,431.4,65
2026-10-07 10:30:27,22691.1,2026-10-13,22400.0,CE,44602,346.85,635895,2557685,346.85,347.8,65
2026-10-07 10:30:27,22691.1,2026-10-13,23100.0,CE,44646,24.35,5416905,17260490,24.4,24.45,65
2026-10-07 10:30:27,22691.1,2026-10-13,23150.0,PE,44649,475.4,23855,29315,474.45,476.0,65
2026-10-07 10:30:27,22691.1,2026-10-13,23150.0,CE,44648,18.8,1725880,8450715,18.8,18.85,65
2026-10-07 10:30:27,22691.1,2026-10-13,22400.0,PE,44604,55.15,4882995,28574650,55.05,55.15,65
2026-10-07 10:30:27,22691.1,2026-10-13,22300.0,PE,44599,37.95,4360005,22016020,37.8,37.95,65
2026-10-07 10:30:27,22691.1,2026-10-13,23000.0,CE,44632,40.9,8193705,33419360,40.9,40.95,65
2026-10-07 10:30:27,22691.1,2026-10-13,22300.0,CE,44598,431.5,272415,972075,429.35,430.6,65
2026-10-07 10:30:27,22691.1,2026-10-13,22950.0,PE,44631,308.65,246545,357370,308.15,309.05,65
2026-10-07 10:30:27,22691.1,2026-10-13,23000.0,PE,44633,347.35,1493115,2041845,347.35,348.25,65
2026-10-07 10:30:27,22691.1,2026-10-13,22200.0,PE,44595,26.2,6387810,23541245,26.15,26.25,65
2026-10-07 10:30:27,22691.1,2026-10-13,22250.0,PE,44597,31.6,1643135,11363820,31.5,31.6,65
2026-10-07 10:30:27,22691.1,2026-10-13,22950.0,CE,44630,52.05,2020200,12168390,51.95,52.1,65
2026-10-07 10:30:27,22691.1,2026-10-13,22250.0,CE,44596,473.3,56810,91325,472.8,474.3,65
2026-10-07 10:30:27,22691.1,2026-10-13,23050.0,CE,44636,31.8,1587690,9831055,31.75,31.8,65
2026-10-07 10:30:27,22691.1,2026-10-13,22150.0,PE,44591,21.85,1154855,7848620,21.75,21.85,65
2026-10-07 10:30:27,22691.1,2026-10-13,22200.0,CE,44592,517.65,339560,405145,517.4,518.9,65
2026-10-07 10:35:25,22659.9,2026-10-13,22700.0,PE,44621,168.9,6971380,41722915,169.05,169.45,65
2026-10-07 10:35:25,22659.9,2026-10-13,22700.0,CE,44620,130.35,8412625,63615110,129.85,130.2,65
2026-10-07 10:35:25,22659.9,2026-10-13,22750.0,PE,44623,196.3,1287260,8720140,195.6,196.1,65
2026-10-07 10:35:25,22659.9,2026-10-13,22750.0,CE,44622,106.9,2965235,26759395,107.45,107.75,65
2026-10-07 10:35:25,22659.9,2026-10-13,22100.0,CE,44584,580.55,87035,83200,579.65,581.35,65
2026-10-07 10:35:25,22659.9,2026-10-13,22050.0,PE,44583,16.65,1228240,8335015,16.6,16.7,65
2026-10-07 10:35:25,22659.9,2026-10-13,22150.0,CE,44586,537.55,20865,43420,534.0,535.3,65
2026-10-07 10:35:25,22659.9,2026-10-13,22100.0,PE,44585,19.9,3170635,13482950,19.9,20.0,65
2026-10-07 10:35:25,22659.9,2026-10-13,22900.0,PE,44629,293.65,943085,2082990,294.0,294.65,65
2026-10-07 10:35:25,22659.9,2026-10-13,22900.0,CE,44628,55.75,4271800,26016445,55.5,55.7,65
2026-10-07 10:35:25,22659.9,2026-10-13,22800.0,PE,44625,225.75,2463825,10578490,225.75,226.15,65
2026-10-07 10:35:25,22659.9,2026-10-13,22800.0,CE,44624,87.35,8001240,50433630,87.05,87.3,65
2026-10-07 10:35:25,22659.9,2026-10-13,22850.0,PE,44627,258.0,374010,1561755,258.5,258.9,65
2026-10-07 10:35:25,22659.9,2026-10-13,22850.0,CE,44626,70.35,2240615,17134130,70.3,70.45,65
2026-10-07 10:35:25,22659.9,2026-10-13,22050.0,CE,44582,630.2,10465,23465,626.4,629.0,65
2026-10-07 10:35:25,22659.9,2026-10-13,23250.0,CE,44654,9.25,1961895,8209435,9.2,9.3,65
2026-10-07 10:35:25,22659.9,2026-10-13,23200.0,PE,44653,549.55,275925,134875,548.15,550.25,65
2026-10-07 10:35:25,22659.9,2026-10-13,22500.0,CE,44612,248.75,2258490,13557570,247.9,248.5,65
2026-10-07 10:35:25,22659.9,2026-10-13,23250.0,PE,44655,577.1,182195,51935,593.45,597.6,65
2026-10-07 10:35:25,22659.9,2026-10-13,22450.0,PE,44611,73.5,2839590,25953135,73.25,73.5,65
2026-10-07 10:35:25,22659.9,2026-10-13,23200.0,CE,44650,11.8,6012630,19277505,11.75,11.85,65
2026-10-07 10:35:25,22659.9,2026-10-13,22650.0,CE,44618,156.1,3257670,46128615,155.8,156.15,65
2026-10-07 10:35:25,22659.9,2026-10-13,22600.0,PE,44617,122.95,10400780,92314170,122.85,123.15,65
2026-10-07 10:35:25,22659.9,2026-10-13,22650.0,PE,44619,144.95,4051125,44353725,144.4,144.75,65
2026-10-07 10:35:25,22659.9,2026-10-13,22550.0,CE,44614,214.8,788645,12269725,214.15,214.75,65
2026-10-07 10:35:25,22659.9,2026-10-13,22500.0,PE,44613,87.35,7827885,48875580,87.3,87.5,65
2026-10-07 10:35:25,22659.9,2026-10-13,22600.0,CE,44616,184.85,5886400,70708950,183.95,184.4,65
2026-10-07 10:35:25,22659.9,2026-10-13,22550.0,PE,44615,104.35,3226925,30412135,104.3,104.65,65
2026-10-07 10:35:25,22659.9,2026-10-13,22350.0,PE,44601,50.7,1612065,12180480,50.75,50.85,65
2026-10-07 10:35:25,22659.9,2026-10-13,23050.0,PE,44645,416.6,67730,143780,413.4,414.8,65
2026-10-07 10:35:25,22659.9,2026-10-13,22350.0,CE,44600,360.0,98085,354575,360.5,361.6,65
2026-10-07 10:35:25,22659.9,2026-10-13,22450.0,CE,44608,283.7,178230,1607450,284.0,284.6,65
2026-10-07 10:35:25,22659.9,2026-10-13,23100.0,PE,44647,457.45,349700,269230,457.15,458.45,65
2026-10-07 10:35:25,22659.9,2026-10-13,22400.0,CE,44602,322.5,629980,2661425,321.6,322.35,65
2026-10-07 10:35:25,22659.9,2026-10-13,23100.0,CE,44646,20.05,5457660,18738785,20.1,20.15,65
2026-10-07 10:35:25,22659.9,2026-10-13,23150.0,PE,44649,499.5,23725,32045,500.7,503.2,65
2026-10-07 10:35:25,22659.9,2026-10-13,23150.0,CE,44648,15.5,1689350,9445410,15.45,15.55,65
2026-10-07 10:35:25,22659.9,2026-10-13,22400.0,PE,44604,61.45,5104905,29969160,61.05,61.25,65
2026-10-07 10:35:25,22659.9,2026-10-13,22300.0,PE,44599,42.05,4198740,23928320,42.0,42.05,65
2026-10-07 10:35:25,22659.9,2026-10-13,23000.0,CE,44632,34.2,8625370,36615865,34.2,34.35,65
2026-10-07 10:35:25,22659.9,2026-10-13,22300.0,CE,44598,403.35,270270,1010490,402.1,403.2,65
2026-10-07 10:35:25,22659.9,2026-10-13,22950.0,PE,44631,334.05,246155,395200,330.85,331.95,65
2026-10-07 10:35:25,22659.9,2026-10-13,23000.0,PE,44633,372.9,1488305,2163135,371.55,372.55,65
2026-10-07 10:35:25,22659.9,2026-10-13,22200.0,PE,44595,29.0,6473350,24742250,28.85,29.0,65
2026-10-07 10:35:25,22659.9,2026-10-13,22250.0,PE,44597,34.8,1671410,11830650,34.75,34.85,65
2026-10-07 10:35:25,22659.9,2026-10-13,22950.0,CE,44630,43.9,1844180,13866905,44.0,44.15,65
2026-10-07 10:35:25,22659.9,2026-10-13,22250.0,CE,44596,448.1,58110,95095,445.0,447.05,65
2026-10-07 10:35:25,22659.9,2026-10-13,23050.0,CE,44636,26.35,1624285,10691265,26.35,26.45,65
2026-10-07 10:35:25,22659.9,2026-10-13,22150.0,PE,44591,23.95,1188785,8191495,23.9,24.0,65
2026-10-07 10:35:25,22659.9,2026-10-13,22200.0,CE,44592,489.8,340730,422175,488.15,489.55,65
2026-10-07 10:40:31,22645.65,2026-10-13,22700.0,PE,44621,176.95,6485115,46764250,176.55,177.0,65
2026-10-07 10:40:31,22645.65,2026-10-13,22700.0,CE,44620,126.3,8857160,69090710,126.2,126.5,65
2026-10-07 10:40:31,22645.65,2026-10-13,22750.0,PE,44623,204.5,1168570,9633000,204.45,204.95,65
2026-10-07 10:40:31,22645.65,2026-10-13,22750.0,CE,44622,104.1,3031795,28715895,104.0,104.25,65
2026-10-07 10:40:31,22645.65,2026-10-13,22100.0,CE,44584,562.8,87750,85865,567.55,569.2,65
2026-10-07 10:40:31,22645.65,2026-10-13,22050.0,PE,44583,17.65,1144260,8917155,17.75,17.85,65
2026-10-07 10:40:31,22645.65,2026-10-13,22150.0,CE,44586,519.75,22100,47385,522.1,523.85,65
2026-10-07 10:40:31,22645.65,2026-10-13,22100.0,PE,44585,21.25,3106935,14330810,21.15,21.25,65
2026-10-07 10:40:31,22645.65,2026-10-13,22900.0,PE,44629,305.15,937170,2293135,305.25,306.1,65
2026-10-07 10:40:31,22645.65,2026-10-13,22900.0,CE,44628,54.35,4431895,28014610,54.05,54.2,65
2026-10-07 10:40:31,22645.65,2026-10-13,22800.0,PE,44625,236.6,2345070,11699285,236.1,236.7,65
2026-10-07 10:40:31,22645.65,2026-10-13,22800.0,CE,44624,84.3,8142095,54241655,84.2,84.4,65
2026-10-07 10:40:31,22645.65,2026-10-13,22850.0,PE,44627,269.0,361140,1705470,269.45,270.2,65
2026-10-07 10:40:31,22645.65,2026-10-13,22850.0,CE,44626,68.15,2196025,18381935,67.95,68.15,65
2026-10-07 10:40:31,22645.65,2026-10-13,22050.0,CE,44582,603.55,10985,26780,611.35,614.15,65
2026-10-07 10:40:31,22645.65,2026-10-13,23250.0,CE,44654,9.35,2012920,8872695,9.3,9.35,65
2026-10-07 10:40:31,22645.65,2026-10-13,23200.0,PE,44653,566.65,275990,146185,562.0,563.75,65
2026-10-07 10:40:31,22645.65,2026-10-13,22500.0,CE,44612,240.7,2335385,14356745,239.95,240.6,65
2026-10-07 10:40:31,22645.65,2026-10-13,23250.0,PE,44655,600.0,182195,52260,605.8,610.85,65
2026-10-07 10:40:31,22645.65,2026-10-13,22450.0,PE,44611,78.2,2732470,27502280,78.0,78.15,65
2026-10-07 10:40:31,22645.65,2026-10-13,23200.0,CE,44650,11.9,6163430,20644195,11.8,11.85,65
2026-10-07 10:40:31,22645.65,2026-10-13,22650.0,CE,44618,151.0,3589300,49632830,150.5,150.85,65
2026-10-07 10:40:31,22645.65,2026-10-13,22600.0,PE,44617,129.15,10073115,99706490,129.2,129.55,65
2026-10-07 10:40:31,22645.65,2026-10-13,22650.0,PE,44619,152.0,3734965,49166715,152.35,152.6,65
2026-10-07 10:40:31,22645.65,2026-10-13,22550.0,CE,44614,208.6,826540,12852450,207.7,208.2,65
2026-10-07 10:40:31,22645.65,2026-10-13,22500.0,PE,44613,93.05,7560800,52944190,92.7,92.9,65
2026-10-07 10:40:31,22645.65,2026-10-13,22600.0,CE,44616,178.55,6091020,74372480,178.55,178.95,65
2026-10-07 10:40:31,22645.65,2026-10-13,22550.0,PE,44615,109.7,3096015,32793670,110.15,110.45,65
2026-10-07 10:40:31,22645.65,2026-10-13,22350.0,PE,44601,53.75,1564680,13103155,53.65,53.85,65
2026-10-07 10:40:31,22645.65,2026-10-13,23050.0,PE,44645,430.5,65975,153790,425.5,426.95,65
2026-10-07 10:40:31,22645.65,2026-10-13,22350.0,CE,44600,352.0,101140,368160,352.15,353.05,65
2026-10-07 10:40:31,22645.65,2026-10-13,22450.0,CE,44608,276.3,183690,1706705,275.05,275.75,65
2026-10-07 10:40:31,22645.65,2026-10-13,23100.0,PE,44647,469.15,346775,287040,469.35,470.55,65
2026-10-07 10:40:31,22645.65,2026-10-13,22400.0,CE,44602,313.05,637455,2802865,313.25,314.0,65
2026-10-07 10:40:31,22645.65,2026-10-13,23100.0,CE,44646,19.95,5628610,20513870,19.95,20.0,65
2026-10-07 10:40:31,22645.65,2026-10-13,23150.0,PE,44649,520.75,24310,34710,515.5,517.5,65
2026-10-07 10:40:31,22645.65,2026-10-13,23150.0,CE,44648,15.4,1725230,10158720,15.4,15.45,65
2026-10-07 10:40:31,22645.65,2026-10-13,22400.0,PE,44604,65.1,5169125,32485115,64.8,65.0,65
2026-10-07 10:40:31,22645.65,2026-10-13,22300.0,PE,44599,44.9,4110860,25514515,44.6,44.75,65
2026-10-07 10:40:31,22645.65,2026-10-13,23000.0,CE,44632,33.65,8896355,39160940,33.5,33.6,65
2026-10-07 10:40:31,22645.65,2026-10-13,22300.0,CE,44598,392.15,271050,1072435,392.65,393.85,65
2026-10-07 10:40:31,22645.65,2026-10-13,22950.0,PE,44631,345.0,248625,439920,342.3,343.3,65
2026-10-07 10:40:31,22645.65,2026-10-13,23000.0,PE,44633,384.0,1485185,2325570,382.9,383.85,65
2026-10-07 10:40:31,22645.65,2026-10-13,22200.0,PE,44595,30.55,6383000,26405665,30.7,30.8,65
2026-10-07 10:40:31,22645.65,2026-10-13,22250.0,PE,44597,37.0,1719315,12783550,36.95,37.1,65
2026-10-07 10:40:31,22645.65,2026-10-13,22950.0,CE,44630,43.0,1866670,14898455,42.9,43.0,65
2026-10-07 10:40:31,22645.65,2026-10-13,22250.0,CE,44596,431.5,59150,98735,435.15,436.65,65
2026-10-07 10:40:31,22645.65,2026-10-13,23050.0,CE,44636,26.0,1658020,11462685,26.0,26.1,65
2026-10-07 10:40:31,22645.65,2026-10-13,22150.0,PE,44591,25.45,1157260,8783580,25.5,25.6,65
2026-10-07 10:40:31,22645.65,2026-10-13,22200.0,CE,44592,473.15,348140,448565,477.45,478.8,65
2026-10-07 10:45:27,22653.55,2026-10-13,22700.0,PE,44621,172.3,6513715,48256260,172.0,172.35,65
2026-10-07 10:45:27,22653.55,2026-10-13,22700.0,CE,44620,127.45,9129250,71768190,127.5,127.8,65
2026-10-07 10:45:27,22653.55,2026-10-13,22750.0,PE,44623,199.65,1200225,9977695,199.65,200.0,65
2026-10-07 10:45:27,22653.55,2026-10-13,22750.0,CE,44622,105.2,3138070,29753750,104.9,105.15,65
2026-10-07 10:45:27,22653.55,2026-10-13,22100.0,CE,44584,579.4,88465,86905,574.15,575.75,65
2026-10-07 10:45:27,22653.55,2026-10-13,22050.0,PE,44583,17.05,1173835,9129965,17.05,17.1,65
2026-10-07 10:45:27,22653.55,2026-10-13,22150.0,CE,44586,535.55,22490,48165,528.7,530.0,65
2026-10-07 10:45:27,22653.55,2026-10-13,22100.0,PE,44585,20.3,3199300,14910220,20.25,20.35,65
2026-10-07 10:45:27,22653.55,2026-10-13,22900.0,PE,44629,298.25,935285,2363205,298.3,299.0,65
2026-10-07 10:45:27,22653.55,2026-10-13,22900.0,CE,44628,54.2,4846725,29358160,54.15,54.3,65
2026-10-07 10:45:27,22653.55,2026-10-13,22800.0,PE,44625,230.1,2393690,12072515,229.85,230.4,65
2026-10-07 10:45:27,22653.55,2026-10-13,22800.0,CE,44624,85.3,8449025,56175275,85.25,85.5,65
2026-10-07 10:45:27,22653.55,2026-10-13,22850.0,PE,44627,263.0,364910,1764685,262.85,263.45,65
2026-10-07 10:45:27,22653.55,2026-10-13,22850.0,CE,44626,68.65,2297815,19015490,68.55,68.65,65
2026-10-07 10:45:27,22653.55,2026-10-13,22050.0,CE,44582,628.7,11050,26975,619.75,622.2,65
2026-10-07 10:45:27,22653.55,2026-10-13,23250.0,CE,44654,8.9,2015130,9076405,8.9,9.0,65
2026-10-07 10:45:27,22653.55,2026-10-13,23200.0,PE,44653,554.45,295490,190190,554.65,556.0,65
2026-10-07 10:45:27,22653.55,2026-10-13,22500.0,CE,44612,243.95,2365415,14779375,244.0,244.3,65
2026-10-07 10:45:27,22653.55,2026-10-13,23250.0,PE,44655,594.15,182325,52325,601.35,604.5,65
2026-10-07 10:45:27,22653.55,2026-10-13,22450.0,PE,44611,75.1,2669680,28114645,74.9,75.15,65
2026-10-07 10:45:27,22653.55,2026-10-13,23200.0,CE,44650,11.4,6262620,21230430,11.4,11.45,65
2026-10-07 10:45:27,22653.55,2026-10-13,22650.0,CE,44618,152.6,3805295,51819625,152.6,153.0,65
2026-10-07 10:45:27,22653.55,2026-10-13,22600.0,PE,44617,125.95,10090210,102247600,125.55,125.8,65
2026-10-07 10:45:27,22653.55,2026-10-13,22650.0,PE,44619,148.1,3819075,50890580,147.55,147.9,65
2026-10-07 10:45:27,22653.55,2026-10-13,22550.0,CE,44614,211.4,863200,13170430,211.0,211.4,65
2026-10-07 10:45:27,22653.55,2026-10-13,22500.0,PE,44613,89.25,7616375,54461810,89.25,89.45,65
2026-10-07 10:45:27,22653.55,2026-10-13,22600.0,CE,44616,180.4,6113510,76365575,180.7,181.05,65
2026-10-07 10:45:27,22653.55,2026-10-13,22550.0,PE,44615,106.45,3052205,33577245,106.2,106.4,65
2026-10-07 10:45:27,22653.55,2026-10-13,22350.0,PE,44601,52.0,1575535,13469560,51.75,51.9,65
2026-10-07 10:45:27,22653.55,2026-10-13,23050.0,PE,44645,418.7,67210,157950,419.25,420.55,65
2026-10-07 10:45:27,22653.55,2026-10-13,22350.0,CE,44600,357.4,101075,376480,356.4,357.45,65
2026-10-07 10:45:27,22653.55,2026-10-13,22450.0,CE,44608,280.6,189605,1754155,279.65,280.4,65
2026-10-07 10:45:27,22653.55,2026-10-13,23100.0,PE,44647,463.85,348205,300365,462.85,464.05,65
2026-10-07 10:45:27,22653.55,2026-10-13,22400.0,CE,44602,317.35,647140,2873390,316.75,317.35,65
2026-10-07 10:45:27,22653.55,2026-10-13,23100.0,CE,44646,19.45,5586880,21225750,19.45,19.5,65
2026-10-07 10:45:27,22653.55,2026-10-13,23150.0,PE,44649,499.3,25090,35555,507.4,509.5,65
2026-10-07 10:45:27,22653.55,2026-10-13,23150.0,CE,44648,15.1,1755650,10479885,15.0,15.1,65
2026-10-07 10:45:27,22653.55,2026-10-13,22400.0,PE,44604,62.8,5237440,33444450,62.55,62.75,65
2026-10-07 10:45:27,22653.55,2026-10-13,22300.0,PE,44599,43.0,4103775,26252395,42.95,43.1,65
2026-10-07 10:45:27,22653.55,2026-10-13,23000.0,CE,44632,33.25,8853195,40382485,33.1,33.25,65
2026-10-07 10:45:27,22653.55,2026-10-13,22300.0,CE,44598,399.5,275600,1094210,396.9,398.15,65
2026-10-07 10:45:27,22653.55,2026-10-13,22950.0,PE,44631,335.65,248625,452335,336.1,337.2,65
2026-10-07 10:45:27,22653.55,2026-10-13,23000.0,PE,44633,377.3,1508650,2387710,376.75,377.7,65
2026-10-07 10:45:27,22653.55,2026-10-13,22200.0,PE,44595,29.45,6464835,27115075,29.5,29.55,65
2026-10-07 10:45:27,22653.55,2026-10-13,22250.0,PE,44597,35.7,1664130,13140790,35.6,35.7,65
2026-10-07 10:45:27,22653.55,2026-10-13,22950.0,CE,44630,42.7,1911130,15303730,42.6,42.75,65
2026-10-07 10:45:27,22653.55,2026-10-13,22250.0,CE,44596,440.35,59410,101465,439.75,441.3,65
2026-10-07 10:45:27,22653.55,2026-10-13,23050.0,CE,44636,25.6,1716195,11823110,25.55,25.65,65
2026-10-07 10:45:27,22653.55,2026-10-13,22150.0,PE,44591,24.6,1151670,9018230,24.4,24.55,65
2026-10-07 10:45:27,22653.55,2026-10-13,22200.0,CE,44592,483.2,349895,452660,483.2,484.7,65
2026-10-07 10:50:21,22659.35,2026-10-13,22700.0,PE,44621,170.2,6570200,49473450,169.7,170.05,65
2026-10-07 10:50:21,22659.35,2026-10-13,22700.0,CE,44620,128.35,9317035,73686015,128.55,128.9,65
2026-10-07 10:50:21,22659.35,2026-10-13,22750.0,PE,44623,197.9,1233700,10205260,197.1,197.6,65
2026-10-07 10:50:21,22659.35,2026-10-13,22750.0,CE,44622,106.0,3183960,30555590,105.75,106.0,65
2026-10-07 10:50:21,22659.35,2026-10-13,22100.0,CE,44584,576.5,89115,87880,576.7,578.45,65
2026-10-07 10:50:21,22659.35,2026-10-13,22050.0,PE,44583,16.5,1187160,9285770,16.45,16.5,65
2026-10-07 10:50:21,22659.35,2026-10-13,22150.0,CE,44586,534.45,22945,49335,530.9,532.55,65
2026-10-07 10:50:21,22659.35,2026-10-13,22100.0,PE,44585,19.65,3458455,15594085,19.6,19.65,65
2026-10-07 10:50:21,22659.35,2026-10-13,22900.0,PE,44629,295.2,936000,2415335,295.2,295.95,65
2026-10-07 10:50:21,22659.35,2026-10-13,22900.0,CE,44628,54.5,5233735,30668560,54.5,54.65,65
2026-10-07 10:50:21,22659.35,2026-10-13,22800.0,PE,44625,227.85,2361645,12329330,227.2,227.75,65
2026-10-07 10:50:21,22659.35,2026-10-13,22800.0,CE,44624,86.1,8487505,57536440,85.85,86.1,65
2026-10-07 10:50:21,22659.35,2026-10-13,22850.0,PE,44627,259.15,365430,1811875,260.1,260.85,65
2026-10-07 10:50:21,22659.35,2026-10-13,22850.0,CE,44626,69.05,2331420,19559020,69.0,69.2,65
2026-10-07 10:50:21,22659.35,2026-10-13,22050.0,CE,44582,628.45,11245,27235,623.6,625.45,65
2026-10-07 10:50:21,22659.35,2026-10-13,23250.0,CE,44654,8.9,2034890,9362600,8.9,8.95,65
2026-10-07 10:50:21,22659.35,2026-10-13,23200.0,PE,44653,554.2,289120,203385,551.25,552.75,65
2026-10-07 10:50:21,22659.35,2026-10-13,22500.0,CE,44612,245.8,2375815,15063620,245.35,246.0,65
2026-10-07 10:50:21,22659.35,2026-10-13,23250.0,PE,44655,594.3,182260,52520,597.9,600.4,65
2026-10-07 10:50:21,22659.35,2026-10-13,22450.0,PE,44611,73.9,2683655,28538575,73.65,73.85,65
2026-10-07 10:50:21,22659.35,2026-10-13,23200.0,CE,44650,11.45,6269900,21802170,11.45,11.5,65
2026-10-07 10:50:21,22659.35,2026-10-13,22650.0,CE,44618,153.8,3939910,53471470,153.85,154.2,65
2026-10-07 10:50:21,22659.35,2026-10-13,22600.0,PE,44617,124.0,10224045,104061100,123.4,123.7,65
2026-10-07 10:50:21,22659.35,2026-10-13,22650.0,PE,44619,145.5,3897465,52135590,145.5,145.85,65
2026-10-07 10:50:21,22659.35,2026-10-13,22550.0,CE,44614,212.8,854035,13352495,212.55,213.1,65
2026-10-07 10:50:21,22659.35,2026-10-13,22500.0,PE,44613,87.55,7690930,55552315,87.65,87.9,65
2026-10-07 10:50:21,22659.35,2026-10-13,22600.0,CE,44616,182.25,6153550,77629630,182.1,182.55,65
2026-10-07 10:50:21,22659.35,2026-10-13,22550.0,PE,44615,104.75,3096990,34143525,104.45,104.75,65
2026-10-07 10:50:21,22659.35,2026-10-13,22350.0,PE,44601,50.6,1576250,13727220,50.55,50.7,65
2026-10-07 10:50:21,22659.35,2026-10-13,23050.0,PE,44645,415.4,69615,163345,415.95,417.05,65
2026-10-07 10:50:21,22659.35,2026-10-13,22350.0,CE,44600,357.2,103545,380185,358.2,359.35,65
2026-10-07 10:50:21,22659.35,2026-10-13,22450.0,CE,44608,281.6,190125,1786525,281.1,281.85,65
2026-10-07 10:50:21,22659.35,2026-10-13,23100.0,PE,44647,458.35,349180,303030,459.7,460.85,65
2026-10-07 10:50:21,22659.35,2026-10-13,22400.0,CE,44602,319.75,644735,2924935,319.0,319.85,65
2026-10-07 10:50:21,22659.35,2026-10-13,23100.0,CE,44646,19.65,5674760,21954985,19.55,19.65,65
2026-10-07 10:50:21,22659.35,2026-10-13,23150.0,PE,44649,497.0,25350,36010,504.35,505.75,65
2026-10-07 10:50:21,22659.35,2026-10-13,23150.0,CE,44648,15.0,1741870,10707970,15.05,15.1,65
2026-10-07 10:50:21,22659.35,2026-10-13,22400.0,PE,44604,61.5,5277090,34001110,61.3,61.45,65
2026-10-07 10:50:21,22659.35,2026-10-13,22300.0,PE,44599,42.05,4149730,26711100,41.9,42.05,65
2026-10-07 10:50:21,22659.35,2026-10-13,23000.0,CE,44632,33.35,8924435,41176070,33.4,33.5,65
2026-10-07 10:50:21,22659.35,2026-10-13,22300.0,CE,44598,397.85,276835,1107470,399.2,400.55,65
2026-10-07 10:50:21,22659.35,2026-10-13,22950.0,PE,44631,334.15,249470,466960,332.85,333.7,65
2026-10-07 10:50:21,22659.35,2026-10-13,23000.0,PE,44633,373.4,1512680,2422550,373.7,374.6,65
2026-10-07 10:50:21,22659.35,2026-10-13,22200.0,PE,44595,28.65,6470035,27590095,28.6,28.7,65
2026-10-07 10:50:21,22659.35,2026-10-13,22250.0,PE,44597,34.75,1680380,13391430,34.7,34.85,65
2026-10-07 10:50:21,22659.35,2026-10-13,22950.0,CE,44630,42.8,1926990,15649140,42.9,43.05,65
2026-10-07 10:50:21,22659.35,2026-10-13,22250.0,CE,44596,442.4,59540,102505,442.2,443.65,65
2026-10-07 10:50:21,22659.35,2026-10-13,23050.0,CE,44636,25.65,1736995,12167675,25.65,25.75,65
2026-10-07 10:50:21,22659.35,2026-10-13,22150.0,PE,44591,23.7,1154010,9243780,23.7,23.8,65
2026-10-07 10:50:21,22659.35,2026-10-13,22200.0,CE,44592,489.9,351845,459680,485.8,487.3,65
2026-10-07 10:55:13,22679.05,2026-10-13,22700.0,PE,44621,156.15,6631885,50832210,156.4,156.55,65
2026-10-07 10:55:13,22679.05,2026-10-13,22700.0,CE,44620,140.5,9243325,77135760,140.7,141.0,65
2026-10-07 10:55:13,22679.05,2026-10-13,22750.0,PE,44623,183.0,1275755,10566595,182.65,183.1,65
2026-10-07 10:55:13,22679.05,2026-10-13,22750.0,CE,44622,115.95,3178825,31860855,115.9,116.15,65
2026-10-07 10:55:13,22679.05,2026-10-13,22100.0,CE,44584,598.8,89180,88400,601.0,602.6,65
2026-10-07 10:55:13,22679.05,2026-10-13,22150.0,CE,44586,536.45,23335,49790,550.6,554.7,65
2026-10-07 10:55:13,22679.05,2026-10-13,22100.0,PE,44585,17.65,3550560,15954380,17.65,17.75,65
2026-10-07 10:55:13,22679.05,2026-10-13,22900.0,PE,44629,276.45,936065,2500160,276.0,276.7,65
2026-10-07 10:55:13,22679.05,2026-10-13,22900.0,CE,44628,60.85,5953805,32620380,61.0,61.1,65
2026-10-07 10:55:13,22679.05,2026-10-13,22800.0,PE,44625,211.85,2335125,12698465,211.25,211.6,65
2026-10-07 10:55:13,22679.05,2026-10-13,22800.0,CE,44624,94.8,8433685,59836400,94.95,95.0,65
2026-10-07 10:55:13,22679.05,2026-10-13,22850.0,PE,44627,242.4,368290,1874860,242.1,242.65,65
2026-10-07 10:55:13,22679.05,2026-10-13,22850.0,CE,44626,76.8,2379845,20397845,76.75,76.95,65
2026-10-07 10:55:13,22679.05,2026-10-13,23250.0,CE,44654,9.85,2034890,9710155,9.85,9.9,65
2026-10-07 10:55:13,22679.05,2026-10-13,23200.0,PE,44653,528.85,289835,205465,528.1,529.7,65
2026-10-07 10:55:13,22679.05,2026-10-13,22500.0,CE,44612,264.0,2355795,15495935,263.05,263.7,65
2026-10-07 10:55:13,22679.05,2026-10-13,23300.0,CE,44656,7.65,4573530,17889365,7.6,7.65,65
2026-10-07 10:55:13,22679.05,2026-10-13,23250.0,PE,44655,580.0,182260,52715,572.15,576.25,65
2026-10-07 10:55:13,22679.05,2026-10-13,22450.0,PE,44611,66.45,2630745,29086980,66.35,66.5,65
2026-10-07 10:55:13,22679.05,2026-10-13,23200.0,CE,44650,12.75,6276985,22397375,12.65,12.7,65
2026-10-07 10:55:13,22679.05,2026-10-13,22650.0,CE,44618,166.85,4054505,55991130,166.75,167.0,65
2026-10-07 10:55:13,22679.05,2026-10-13,22600.0,PE,44617,113.0,10204285,106115230,112.9,113.0,65
2026-10-07 10:55:13,22679.05,2026-10-13,22650.0,PE,44619,133.95,4029480,53675765,133.85,133.95,65
2026-10-07 10:55:13,22679.05,2026-10-13,22550.0,CE,44614,228.5,839280,13686075,229.0,229.5,65
2026-10-07 10:55:13,22679.05,2026-10-13,23300.0,PE,44657,628.05,239915,52845,620.3,622.7,65
2026-10-07 10:55:13,22679.05,2026-10-13,22500.0,PE,44613,79.4,7713030,56915560,79.45,79.55,65
2026-10-07 10:55:13,22679.05,2026-10-13,22600.0,CE,44616,197.4,6139250,79530815,196.8,197.25,65
2026-10-07 10:55:13,22679.05,2026-10-13,22550.0,PE,44615,95.5,3150940,34903505,95.05,95.3,65
2026-10-07 10:55:13,22679.05,2026-10-13,22350.0,PE,44601,45.7,1677130,14182025,45.55,45.7,65
2026-10-07 10:55:13,22679.05,2026-10-13,23050.0,PE,44645,394.3,68835,168545,393.1,394.25,65
2026-10-07 10:55:13,22679.05,2026-10-13,22350.0,CE,44600,378.85,104260,389220,378.95,380.2,65
2026-10-07 10:55:13,22679.05,2026-10-13,22450.0,CE,44608,299.4,191035,1834885,299.45,300.3,65
2026-10-07 10:55:13,22679.05,2026-10-13,23100.0,PE,44647,436.0,348595,308750,435.85,437.05,65
2026-10-07 10:55:13,22679.05,2026-10-13,22400.0,CE,44602,338.2,642785,2976740,339.1,340.05,65
2026-10-07 10:55:13,22679.05,2026-10-13,23100.0,CE,44646,21.85,5478785,23008050,21.95,22.05,65
2026-10-07 10:55:13,22679.05,2026-10-13,23150.0,PE,44649,485.95,26520,37960,480.65,482.3,65
2026-10-07 10:55:13,22679.05,2026-10-13,23150.0,CE,44648,16.9,1761240,10994685,16.85,16.9,65
2026-10-07 10:55:13,22679.05,2026-10-13,22400.0,PE,44604,55.6,5297175,34840845,55.15,55.35,65
2026-10-07 10:55:13,22679.05,2026-10-13,22300.0,PE,44599,37.95,4193345,27359345,37.8,37.95,65
2026-10-07 10:55:13,22679.05,2026-10-13,23000.0,CE,44632,37.2,8818680,42626285,37.2,37.35,65
2026-10-07 10:55:13,22679.05,2026-10-13,22300.0,CE,44598,420.4,273065,1129440,420.0,421.15,65
2026-10-07 10:55:13,22679.05,2026-10-13,22950.0,PE,44631,312.65,249925,489385,312.65,313.5,65
2026-10-07 10:55:13,22679.05,2026-10-13,23000.0,PE,44633,352.8,1520220,2479945,352.9,353.8,65
2026-10-07 10:55:13,22679.05,2026-10-13,22200.0,PE,44595,26.0,6500650,28162355,25.75,25.85,65
2026-10-07 10:55:13,22679.05,2026-10-13,22250.0,PE,44597,31.15,1712100,13681005,31.2,31.3,65
2026-10-07 10:55:13,22679.05,2026-10-13,22950.0,CE,44630,48.0,1942395,16074045,48.0,48.1,65
2026-10-07 10:55:13,22679.05,2026-10-13,22250.0,CE,44596,464.25,59475,103480,464.15,465.8,65
2026-10-07 10:55:13,22679.05,2026-10-13,23050.0,CE,44636,28.8,1720030,12602980,28.8,28.9,65
2026-10-07 10:55:13,22679.05,2026-10-13,22150.0,PE,44591,21.4,1142700,9522630,21.45,21.5,65
2026-10-07 10:55:13,22679.05,2026-10-13,22200.0,CE,44592,509.75,352170,468455,508.55,510.1,65
2026-10-07 11:00:47,22700.1,2026-10-13,22700.0,PE,44621,147.25,7246005,54334020,146.25,146.5,65
2026-10-07 11:00:47,22700.1,2026-10-13,22700.0,CE,44620,151.2,8650590,84634680,152.25,152.3,65
2026-10-07 11:00:47,22700.1,2026-10-13,22750.0,PE,44623,172.0,1382420,11371815,171.55,171.95,65
2026-10-07 11:00:47,22700.1,2026-10-13,22750.0,CE,44622,125.4,3052205,35243845,125.55,125.8,65
2026-10-07 11:00:47,22700.1,2026-10-13,22100.0,CE,44584,626.85,90025,92105,621.05,622.65,65
2026-10-07 11:00:47,22700.1,2026-10-13,22150.0,CE,44586,578.25,24635,52455,572.8,576.0,65
2026-10-07 11:00:47,22700.1,2026-10-13,22100.0,PE,44585,17.2,3589820,16615950,17.1,17.2,65
2026-10-07 11:00:47,22700.1,2026-10-13,22900.0,PE,44629,262.3,987480,2682615,260.45,261.0,65
2026-10-07 11:00:47,22700.1,2026-10-13,22900.0,CE,44628,65.7,5838560,35340370,66.65,66.8,65
2026-10-07 11:00:47,22700.1,2026-10-13,22800.0,PE,44625,198.25,2602990,13643695,197.7,198.0,65
2026-10-07 11:00:47,22700.1,2026-10-13,22800.0,CE,44624,103.2,8464625,64633335,103.7,103.8,65
2026-10-07 11:00:47,22700.1,2026-10-13,22850.0,PE,44627,229.05,396110,2027090,227.85,228.3,65
2026-10-07 11:00:47,22700.1,2026-10-13,22850.0,CE,44626,83.5,2239250,22173970,83.95,84.1,65
2026-10-07 11:00:47,22700.1,2026-10-13,23250.0,CE,44654,10.4,1973725,10502830,10.4,10.45,65
2026-10-07 11:00:47,22700.1,2026-10-13,23200.0,PE,44653,505.0,291785,213265,507.45,509.5,65
2026-10-07 11:00:47,22700.1,2026-10-13,22500.0,CE,44612,278.3,2273635,16200275,279.45,280.05,65
2026-10-07 11:00:47,22700.1,2026-10-13,23300.0,CE,44656,7.95,4518020,18883475,7.95,8.0,65
2026-10-07 11:00:47,22700.1,2026-10-13,23250.0,PE,44655,549.25,182195,53170,554.0,557.5,65
2026-10-07 11:00:47,22700.1,2026-10-13,22450.0,PE,44611,62.85,2718495,30218110,62.45,62.55,65
2026-10-07 11:00:47,22700.1,2026-10-13,23200.0,CE,44650,13.6,6195215,23696790,13.7,13.75,65
2026-10-07 11:00:47,22700.1,2026-10-13,22650.0,CE,44618,179.85,3431545,60273785,179.4,179.8,65
2026-10-07 11:00:47,22700.1,2026-10-13,22600.0,PE,44617,105.75,10432370,109775315,105.35,105.5,65
2026-10-07 11:00:47,22700.1,2026-10-13,22650.0,PE,44619,125.5,4375150,56129190,125.2,125.5,65
2026-10-07 11:00:47,22700.1,2026-10-13,22550.0,CE,44614,242.8,756080,14296620,244.0,244.6,65
2026-10-07 11:00:47,22700.1,2026-10-13,23300.0,PE,44657,598.05,239980,55705,599.75,601.75,65
2026-10-07 11:00:47,22700.1,2026-10-13,22500.0,PE,44613,74.9,7950865,59365670,74.4,74.6,65
2026-10-07 11:00:47,22700.1,2026-10-13,22600.0,CE,44616,210.9,5482750,83379075,211.15,211.45,65
2026-10-07 11:00:47,22700.1,2026-10-13,22550.0,PE,44615,89.85,3325075,36148450,88.85,89.0,65
2026-10-07 11:00:47,22700.1,2026-10-13,22350.0,PE,44601,43.4,1738490,14819480,43.1,43.2,65
2026-10-07 11:00:47,22700.1,2026-10-13,23050.0,PE,44645,372.4,70655,179790,374.65,375.75,65
2026-10-07 11:00:47,22700.1,2026-10-13,22350.0,CE,44600,400.8,105430,402155,397.8,399.1,65
2026-10-07 11:00:47,22700.1,2026-10-13,22450.0,CE,44608,315.8,184210,1923415,317.3,318.15,65
2026-10-07 11:00:47,22700.1,2026-10-13,23100.0,PE,44647,414.95,352885,320320,419.3,420.55,65
2026-10-07 11:00:47,22700.1,2026-10-13,22400.0,CE,44602,355.7,645450,3153865,355.05,356.05,65
2026-10-07 11:00:47,22700.1,2026-10-13,23100.0,CE,44646,23.5,5420480,24728795,23.55,23.6,65
2026-10-07 11:00:47,22700.1,2026-10-13,23150.0,PE,44649,457.9,27560,42445,461.25,462.6,65
2026-10-07 11:00:47,22700.1,2026-10-13,23150.0,CE,44648,18.05,1768715,11875695,18.1,18.2,65
2026-10-07 11:00:47,22700.1,2026-10-13,22400.0,PE,44604,52.65,5216770,36465975,52.4,52.5,65
2026-10-07 11:00:47,22700.1,2026-10-13,22300.0,PE,44599,35.95,4378400,28577250,35.9,36.0,65
2026-10-07 11:00:47,22700.1,2026-10-13,23000.0,CE,44632,40.7,8628425,45712290,40.7,40.75,65
2026-10-07 11:00:47,22700.1,2026-10-13,22300.0,CE,44598,442.3,290615,1208805,438.85,440.15,65
2026-10-07 11:00:47,22700.1,2026-10-13,22950.0,PE,44631,296.95,264095,517465,296.1,296.7,65
2026-10-07 11:00:47,22700.1,2026-10-13,23000.0,PE,44633,335.65,1537510,2650440,335.3,336.0,65
2026-10-07 11:00:47,22700.1,2026-10-13,22200.0,PE,44595,24.9,6716970,29455595,24.75,24.85,65
2026-10-07 11:00:47,22700.1,2026-10-13,22250.0,PE,44597,29.8,1796795,14179425,29.75,29.8,65
2026-10-07 11:00:47,22700.1,2026-10-13,22950.0,CE,44630,52.45,1919970,17264650,52.55,52.7,65
2026-10-07 11:00:47,22700.1,2026-10-13,22250.0,CE,44596,488.8,59930,106925,484.1,485.65,65
2026-10-07 11:00:47,22700.1,2026-10-13,23050.0,CE,44636,31.4,1709565,13550290,31.35,31.45,65
2026-10-07 11:00:47,22700.1,2026-10-13,22150.0,PE,44591,20.7,1205490,9991540,20.6,20.7,65
2026-10-07 11:00:47,22700.1,2026-10-13,22200.0,CE,44592,532.65,355420,491205,528.9,530.4,65
2026-10-07 11:05:25,22695.05,2026-10-13,22700.0,PE,44621,146.45,7694895,57026060,146.4,146.75,65
2026-10-07 11:05:25,22695.05,2026-10-13,22700.0,CE,44620,150.3,8653190,87952670,150.25,150.65,65
2026-10-07 11:05:25,22695.05,2026-10-13,22750.0,PE,44623,171.5,1452490,11890645,171.05,171.5,65
2026-10-07 11:05:25,22695.05,2026-10-13,22750.0,CE,44622,125.25,3046030,36541050,125.0,125.25,65
2026-10-07 11:05:25,22695.05,2026-10-13,22100.0,CE,44584,619.55,91585,97240,617.75,619.9,65
2026-10-07 11:05:25,22695.05,2026-10-13,22150.0,CE,44586,584.9,25740,54340,572.25,573.9,65
2026-10-07 11:05:25,22695.05,2026-10-13,22100.0,PE,44585,16.55,3635710,17113980,16.5,16.55,65
2026-10-07 11:05:25,22695.05,2026-10-13,22900.0,PE,44629,262.35,999830,2803710,261.8,262.4,65
2026-10-07 11:05:25,22695.05,2026-10-13,22900.0,CE,44628,66.45,4725825,38455235,66.25,66.4,65
2026-10-07 11:05:25,22695.05,2026-10-13,22800.0,PE,44625,199.1,2734030,14273415,198.75,198.95,65
2026-10-07 11:05:25,22695.05,2026-10-13,22800.0,CE,44624,102.3,8265140,66631370,102.5,102.75,65
2026-10-07 11:05:25,22695.05,2026-10-13,22850.0,PE,44627,229.5,404170,2134080,229.1,229.65,65
2026-10-07 11:05:25,22695.05,2026-10-13,22850.0,CE,44626,83.0,2234050,23053225,82.95,83.15,65
2026-10-07 11:05:25,22695.05,2026-10-13,23250.0,CE,44654,10.45,1986660,10996115,10.4,10.5,65
2026-10-07 11:05:25,22695.05,2026-10-13,23200.0,PE,44653,513.35,292435,218465,508.4,509.75,65
2026-10-07 11:05:25,22695.05,2026-10-13,22500.0,CE,44612,276.95,2241525,16478475,276.65,277.35,65
2026-10-07 11:05:25,22695.05,2026-10-13,23300.0,CE,44656,7.95,4589845,19553170,7.95,8.0,65
2026-10-07 11:05:25,22695.05,2026-10-13,23250.0,PE,44655,559.0,182130,57655,554.9,556.95,65
2026-10-07 11:05:25,22695.05,2026-10-13,22450.0,PE,44611,61.9,2763020,30859075,61.7,61.9,65
2026-10-07 11:05:25,22695.05,2026-10-13,23200.0,CE,44650,13.75,6230315,24549720,13.7,13.75,65
2026-10-07 11:05:25,22695.05,2026-10-13,22650.0,CE,44618,178.4,3390140,61604660,178.25,178.6,65
2026-10-07 11:05:25,22695.05,2026-10-13,22600.0,PE,44617,105.55,10699910,112015670,105.55,105.8,65
2026-10-07 11:05:25,22695.05,2026-10-13,22650.0,PE,44619,124.8,4631185,57691790,124.8,125.1,65
2026-10-07 11:05:25,22695.05,2026-10-13,22550.0,CE,44614,241.6,738790,14494025,241.7,242.3,65
2026-10-07 11:05:25,22695.05,2026-10-13,23300.0,PE,44657,595.0,240240,57590,601.6,603.85,65
2026-10-07 11:05:25,22695.05,2026-10-13,22500.0,PE,44613,73.95,8112845,60696090,73.95,74.2,65
2026-10-07 11:05:25,22695.05,2026-10-13,22600.0,CE,44616,208.55,5447065,84706440,208.25,208.55,65
2026-10-07 11:05:25,22695.05,2026-10-13,22550.0,PE,44615,88.7,3418155,37103105,88.5,88.7,65
2026-10-07 11:05:25,22695.05,2026-10-13,22350.0,PE,44601,42.3,1793285,15207595,42.3,42.45,65
2026-10-07 11:05:25,22695.05,2026-10-13,23050.0,PE,44645,378.75,75725,199485,376.5,377.6,65
2026-10-07 11:05:25,22695.05,2026-10-13,22350.0,CE,44600,396.3,108745,416325,395.1,396.15,65
2026-10-07 11:05:25,22695.05,2026-10-13,22450.0,CE,44608,315.3,182455,1961700,314.8,315.7,65
2026-10-07 11:05:25,22695.05,2026-10-13,23100.0,PE,44647,425.0,357500,339105,418.9,419.85,65
2026-10-07 11:05:25,22695.05,2026-10-13,22400.0,CE,44602,355.2,645190,3207230,354.2,355.2,65
2026-10-07 11:05:25,22695.05,2026-10-13,23100.0,CE,44646,23.9,5493540,25681695,23.8,23.9,65
2026-10-07 11:05:25,22695.05,2026-10-13,23150.0,PE,44649,463.6,27950,44915,462.65,464.05,65
2026-10-07 11:05:25,22695.05,2026-10-13,23150.0,CE,44648,18.05,1801475,12288250,18.05,18.15,65
2026-10-07 11:05:25,22695.05,2026-10-13,22400.0,PE,44604,51.25,5330975,37400285,51.25,51.4,65
2026-10-07 11:05:25,22695.05,2026-10-13,22300.0,PE,44599,35.0,4494165,29290365,35.0,35.05,65
2026-10-07 11:05:25,22695.05,2026-10-13,23000.0,CE,44632,40.8,8673080,47549905,40.65,40.8,65
2026-10-07 11:05:25,22695.05,2026-10-13,22300.0,CE,44598,436.9,287560,1224665,436.95,438.0,65
2026-10-07 11:05:25,22695.05,2026-10-13,22950.0,PE,44631,298.55,265135,545675,298.0,298.8,65
2026-10-07 11:05:25,22695.05,2026-10-13,23000.0,PE,44633,335.85,1545830,2751580,336.2,337.0,65
2026-10-07 11:05:25,22695.05,2026-10-13,22200.0,PE,44595,23.85,6897670,30415580,23.85,23.95,65
2026-10-07 11:05:25,22695.05,2026-10-13,22250.0,PE,44597,29.05,1814605,14453530,28.95,29.05,65
2026-10-07 11:05:25,22695.05,2026-10-13,22950.0,CE,44630,52.1,1990430,17928235,51.95,52.1,65
2026-10-07 11:05:25,22695.05,2026-10-13,22250.0,CE,44596,490.1,59930,108810,481.4,482.95,65
2026-10-07 11:05:25,22695.05,2026-10-13,23050.0,CE,44636,31.35,1667575,14109355,31.3,31.45,65
2026-10-07 11:05:25,22695.05,2026-10-13,22150.0,PE,44591,19.9,1268150,10260835,19.8,19.9,65
2026-10-07 11:05:25,22695.05,2026-10-13,22200.0,CE,44592,525.7,356070,497900,526.4,527.8,65
2026-10-07 11:10:24,22695.05,2026-10-13,22700.0,PE,44621,147.15,7807930,59203235,146.75,147.0,65
2026-10-07 11:10:24,22695.05,2026-10-13,22700.0,CE,44620,149.8,8978710,91947830,149.85,150.2,65
2026-10-07 11:10:24,22695.05,2026-10-13,22750.0,PE,44623,171.55,1522300,12380030,171.55,171.85,65
2026-10-07 11:10:24,22695.05,2026-10-13,22750.0,CE,44622,125.0,3619005,38973090,125.0,125.25,65
2026-10-07 11:10:24,22695.05,2026-10-13,22100.0,CE,44584,617.6,92560,98670,616.95,618.9,65
2026-10-07 11:10:24,22695.05,2026-10-13,22150.0,CE,44586,571.8,25935,54535,571.5,573.15,65
2026-10-07 11:10:24,22695.05,2026-10-13,22100.0,PE,44585,16.45,3612245,17641910,16.45,16.5,65
2026-10-07 11:10:24,22695.05,2026-10-13,22900.0,PE,44629,263.3,1013415,2893085,262.8,263.4,65
2026-10-07 11:10:24,22695.05,2026-10-13,22900.0,CE,44628,66.4,4781985,39893555,66.45,66.6,65
2026-10-07 11:10:24,22695.05,2026-10-13,22800.0,PE,44625,199.0,2807805,14715480,199.0,199.4,65
2026-10-07 11:10:24,22695.05,2026-10-13,22800.0,CE,44624,102.4,8654165,69166825,102.4,102.7,65
2026-10-07 11:10:24,22695.05,2026-10-13,22850.0,PE,44627,230.2,418015,2218450,229.8,230.2,65
2026-10-07 11:10:24,22695.05,2026-10-13,22850.0,CE,44626,83.05,2386150,24084645,83.15,83.35,65
2026-10-07 11:10:24,22695.05,2026-10-13,23250.0,CE,44654,10.55,2013765,11339250,10.55,10.6,65
2026-10-07 11:10:24,22695.05,2026-10-13,23200.0,PE,44653,509.25,293020,223470,509.3,510.6,65
2026-10-07 11:10:24,22695.05,2026-10-13,22500.0,CE,44612,276.4,2286765,17088435,276.35,277.0,65
2026-10-07 11:10:24,22695.05,2026-10-13,23300.0,CE,44656,8.0,4585230,19965660,8.05,8.1,65
2026-10-07 11:10:24,22695.05,2026-10-13,23250.0,PE,44655,550.0,182325,59410,555.75,557.45,65
2026-10-07 11:10:24,22695.05,2026-10-13,22450.0,PE,44611,61.85,2720315,31336240,61.65,61.85,65
2026-10-07 11:10:24,22695.05,2026-10-13,23200.0,CE,44650,13.85,6262490,25267710,13.85,13.95,65
2026-10-07 11:10:24,22695.05,2026-10-13,22650.0,CE,44618,178.0,3384420,63147305,177.65,178.05,65
2026-10-07 11:10:24,22695.05,2026-10-13,22600.0,PE,44617,105.45,10667410,113801545,105.2,105.45,65
2026-10-07 11:10:24,22695.05,2026-10-13,22650.0,PE,44619,125.15,4499365,58892990,125.0,125.15,65
2026-10-07 11:10:24,22695.05,2026-10-13,22550.0,CE,44614,241.8,749645,14692535,241.0,241.65,65
2026-10-07 11:10:24,22695.05,2026-10-13,23300.0,PE,44657,598.55,240045,59670,602.5,604.55,65
2026-10-07 11:10:24,22695.05,2026-10-13,22500.0,PE,44613,74.0,8004815,61792705,73.85,74.0,65
2026-10-07 11:10:24,22695.05,2026-10-13,22600.0,CE,44616,207.85,5512065,86273135,207.9,208.4,65
2026-10-07 11:10:24,22695.05,2026-10-13,22550.0,PE,44615,88.4,3338205,37841180,88.5,88.75,65
2026-10-07 11:10:24,22695.05,2026-10-13,22350.0,PE,44601,42.55,1696305,15944565,42.4,42.55,65
2026-10-07 11:10:24,22695.05,2026-10-13,23050.0,PE,44645,377.85,79560,207090,377.3,378.35,65
2026-10-07 11:10:24,22695.05,2026-10-13,22350.0,CE,44600,395.0,110760,427765,394.4,395.4,65
2026-10-07 11:10:24,22695.05,2026-10-13,22450.0,CE,44608,314.75,184470,1995045,314.2,315.0,65
2026-10-07 11:10:24,22695.05,2026-10-13,23100.0,PE,44647,419.0,358995,348335,419.7,420.85,65
2026-10-07 11:10:24,22695.05,2026-10-13,22400.0,CE,44602,353.5,651755,3280030,353.6,354.0,65
2026-10-07 11:10:24,22695.05,2026-10-13,23100.0,CE,44646,24.1,5361135,26606840,23.95,24.05,65
2026-10-07 11:10:24,22695.05,2026-10-13,23150.0,PE,44649,462.5,28600,46735,463.7,465.4,65
2026-10-07 11:10:24,22695.05,2026-10-13,23150.0,CE,44648,18.3,1817400,12738960,18.2,18.35,65
2026-10-07 11:10:24,22695.05,2026-10-13,22400.0,PE,44604,51.3,5452525,38545065,51.1,51.25,65
2026-10-07 11:10:24,22695.05,2026-10-13,22300.0,PE,44599,35.0,4541420,30009720,34.95,35.05,65
2026-10-07 11:10:24,22695.05,2026-10-13,23000.0,CE,44632,40.95,8871850,49525905,40.9,41.0,65
2026-10-07 11:10:24,22695.05,2026-10-13,22300.0,CE,44598,438.4,273130,1263925,436.5,437.65,65
2026-10-07 11:10:24,22695.05,2026-10-13,22950.0,PE,44631,299.9,268125,573170,298.4,299.0,65
2026-10-07 11:10:24,22695.05,2026-10-13,23000.0,PE,44633,337.45,1549210,2826005,337.05,337.75,65
2026-10-07 11:10:24,22695.05,2026-10-13,22200.0,PE,44595,23.85,6866925,30996550,23.85,23.95,65
2026-10-07 11:10:24,22695.05,2026-10-13,22250.0,PE,44597,29.05,1805245,14706900,28.95,29.05,65
2026-10-07 11:10:24,22695.05,2026-10-13,22950.0,CE,44630,52.4,2059915,18684705,52.45,52.6,65
2026-10-07 11:10:24,22695.05,2026-10-13,22250.0,CE,44596,482.35,59930,109590,480.05,481.75,65
2026-10-07 11:10:24,22695.05,2026-10-13,23050.0,CE,44636,31.45,1703715,14679665,31.45,31.55,65
2026-10-07 11:10:24,22695.05,2026-10-13,22150.0,PE,44591,19.9,1289210,10440495,19.85,19.9,65
2026-10-07 11:10:24,22695.05,2026-10-13,22200.0,CE,44592,525.45,348985,512785,525.6,527.0,65
2026-10-07 11:15:44,22691.65,2026-10-13,22700.0,PE,44621,148.1,8237125,61303580,147.45,147.7,65
2026-10-07 11:15:44,22691.65,2026-10-13,22700.0,CE,44620,149.3,8919755,94212170,150.15,150.4,65
2026-10-07 11:15:44,22691.65,2026-10-13,22750.0,PE,44623,172.65,1580150,12826580,172.2,172.6,65
2026-10-07 11:15:44,22691.65,2026-10-13,22750.0,CE,44622,124.65,3556735,39872690,124.65,124.95,65
2026-10-07 11:15:44,22691.65,2026-10-13,22100.0,CE,44584,618.5,92690,99905,617.95,619.8,65
2026-10-07 11:15:44,22691.65,2026-10-13,22150.0,CE,44586,571.85,26780,55705,571.5,573.05,65
2026-10-07 11:15:44,22691.65,2026-10-13,22100.0,PE,44585,16.95,3620630,17866095,16.9,16.95,65
2026-10-07 11:15:44,22691.65,2026-10-13,22900.0,PE,44629,263.55,1018355,2965820,262.55,263.2,65
2026-10-07 11:15:44,22691.65,2026-10-13,22900.0,CE,44628,66.0,4675580,40741090,66.1,66.3,65
2026-10-07 11:15:44,22691.65,2026-10-13,22800.0,PE,44625,200.0,2866240,15091440,199.25,199.75,65
2026-10-07 11:15:44,22691.65,2026-10-13,22800.0,CE,44624,102.0,8614060,70370430,102.2,102.5,65
2026-10-07 11:15:44,22691.65,2026-10-13,22850.0,PE,44627,229.9,417235,2296905,229.6,230.15,65
2026-10-07 11:15:44,22691.65,2026-10-13,22850.0,CE,44626,82.95,2345265,24681020,83.0,83.25,65
2026-10-07 11:15:44,22691.65,2026-10-13,23250.0,CE,44654,10.4,2023645,11521835,10.25,10.3,65
2026-10-07 11:15:44,22691.65,2026-10-13,23200.0,PE,44653,510.4,292955,226980,509.0,510.35,65
2026-10-07 11:15:44,22691.65,2026-10-13,22500.0,CE,44612,276.0,2253160,17304885,276.8,277.5,65
2026-10-07 11:15:44,22691.65,2026-10-13,23300.0,CE,44656,7.75,4620265,20375355,7.75,7.8,65
2026-10-07 11:15:44,22691.65,2026-10-13,23250.0,PE,44655,556.35,182195,59995,554.8,557.45,65
2026-10-07 11:15:44,22691.65,2026-10-13,22450.0,PE,44611,62.6,2705950,31700630,62.6,62.65,65
2026-10-07 11:15:44,22691.65,2026-10-13,23200.0,CE,44650,13.55,6259890,25734150,13.55,13.6,65
2026-10-07 11:15:44,22691.65,2026-10-13,22650.0,CE,44618,177.35,3291990,64056655,178.05,178.45,65
2026-10-07 11:15:44,22691.65,2026-10-13,22600.0,PE,44617,106.3,10945415,115428690,106.1,106.3,65
2026-10-07 11:15:44,22691.65,2026-10-13,22650.0,PE,44619,125.9,4772235,60162830,125.4,125.7,65
2026-10-07 11:15:44,22691.65,2026-10-13,22550.0,CE,44614,241.95,719940,14816490,241.55,242.15,65
2026-10-07 11:15:44,22691.65,2026-10-13,23300.0,PE,44657,604.45,240500,60775,602.75,604.8,65
2026-10-07 11:15:44,22691.65,2026-10-13,22500.0,PE,44613,74.95,8221070,62987990,74.7,74.9,65
2026-10-07 11:15:44,22691.65,2026-10-13,22600.0,CE,44616,208.6,5440500,87018685,208.5,208.95,65
2026-10-07 11:15:44,22691.65,2026-10-13,22550.0,PE,44615,89.55,3534505,38550720,89.3,89.55,65
2026-10-07 11:15:44,22691.65,2026-10-13,22350.0,PE,44601,43.5,1750255,16198780,43.15,43.3,65
2026-10-07 11:15:44,22691.65,2026-10-13,23050.0,PE,44645,378.3,79105,211250,377.2,378.3,65
2026-10-07 11:15:44,22691.65,2026-10-13,22350.0,CE,44600,395.15,111020,432185,395.15,396.3,65
2026-10-07 11:15:44,22691.65,2026-10-13,22450.0,CE,44608,315.8,181935,2010970,314.65,315.65,65
2026-10-07 11:15:44,22691.65,2026-10-13,23100.0,PE,44647,419.15,359125,355745,420.35,421.5,65
2026-10-07 11:15:44,22691.65,2026-10-13,22400.0,CE,44602,354.7,648310,3301350,353.6,354.55,65
2026-10-07 11:15:44,22691.65,2026-10-13,23100.0,CE,44646,23.6,5322200,27028105,23.55,23.65,65
2026-10-07 11:15:44,22691.65,2026-10-13,23150.0,PE,44649,465.85,28340,47190,464.15,465.75,65
2026-10-07 11:15:44,22691.65,2026-10-13,23150.0,CE,44648,17.85,1834170,12996360,17.9,17.95,65
2026-10-07 11:15:44,22691.65,2026-10-13,22400.0,PE,44604,52.05,5465915,39141245,52.1,52.15,65
2026-10-07 11:15:44,22691.65,2026-10-13,22300.0,PE,44599,35.8,4615715,30445870,35.55,35.7,65
2026-10-07 11:15:44,22691.65,2026-10-13,23000.0,CE,44632,40.4,8866455,50696425,40.65,40.75,65
2026-10-07 11:15:44,22691.65,2026-10-13,22300.0,CE,44598,437.0,275990,1276665,437.1,438.3,65
2026-10-07 11:15:44,22691.65,2026-10-13,22950.0,PE,44631,299.4,269620,585585,298.35,299.15,65
2026-10-07 11:15:44,22691.65,2026-10-13,23000.0,PE,44633,338.0,1556295,2883335,336.55,337.35,65
2026-10-07 11:15:44,22691.65,2026-10-13,22200.0,PE,44595,24.35,6905600,31324540,24.45,24.5,65
2026-10-07 11:15:44,22691.65,2026-10-13,22250.0,PE,44597,29.7,1783665,14945580,29.5,29.65,65
2026-10-07 11:15:44,22691.65,2026-10-13,22950.0,CE,44630,52.1,2034175,19055985,52.1,52.25,65
2026-10-07 11:15:44,22691.65,2026-10-13,22250.0,CE,44596,481.0,60320,110760,480.85,482.65,65
2026-10-07 11:15:44,22691.65,2026-10-13,23050.0,CE,44636,30.9,1705600,14992445,31.1,31.25,65
2026-10-07 11:15:44,22691.65,2026-10-13,22150.0,PE,44591,20.45,1299935,10580830,20.35,20.45,65
2026-10-07 11:15:44,22691.65,2026-10-13,22200.0,CE,44592,527.5,348985,518245,525.5,527.0,65
2026-10-07 11:20:31,22676.0,2026-10-13,22700.0,PE,44621,152.25,8427900,64254125,152.65,153.05,65
2026-10-07 11:20:31,22676.0,2026-10-13,22700.0,CE,44620,144.55,8846955,96873205,143.5,143.8,65
2026-10-07 11:20:31,22676.0,2026-10-13,22750.0,PE,44623,177.05,1596920,13453050,177.2,177.6,65
2026-10-07 11:20:31,22676.0,2026-10-13,22750.0,CE,44622,120.25,3504930,41024360,119.95,120.25,65
2026-10-07 11:20:31,22676.0,2026-10-13,22100.0,CE,44584,602.3,93535,101335,605.8,609.2,65
2026-10-07 11:20:31,22676.0,2026-10-13,22150.0,CE,44586,559.5,27170,58175,560.6,562.35,65
2026-10-07 11:20:31,22676.0,2026-10-13,22100.0,PE,44585,17.25,3790605,18497180,17.25,17.35,65
2026-10-07 11:20:31,22676.0,2026-10-13,22900.0,PE,44629,270.0,1016860,3083210,270.0,270.5,65
2026-10-07 11:20:31,22676.0,2026-10-13,22900.0,CE,44628,63.3,4475640,42025490,63.0,63.2,65
2026-10-07 11:20:31,22676.0,2026-10-13,22800.0,PE,44625,205.9,2865070,15657720,206.2,206.75,65
2026-10-07 11:20:31,22676.0,2026-10-13,22800.0,CE,44624,97.8,8604570,72000825,97.15,97.4,65
2026-10-07 11:20:31,22676.0,2026-10-13,22850.0,PE,44627,237.9,419510,2403960,237.35,237.95,65
2026-10-07 11:20:31,22676.0,2026-10-13,22850.0,CE,44626,79.0,2326415,25370995,78.65,78.85,65
2026-10-07 11:20:31,22676.0,2026-10-13,23250.0,CE,44654,9.95,2050425,11772995,9.9,9.95,65
2026-10-07 11:20:31,22676.0,2026-10-13,23200.0,PE,44653,521.65,292305,230945,520.15,521.55,65
2026-10-07 11:20:31,22676.0,2026-10-13,22500.0,CE,44612,268.45,2254330,17533880,267.4,268.05,65
2026-10-07 11:20:31,22676.0,2026-10-13,23300.0,CE,44656,7.45,4756895,20922460,7.5,7.55,65
2026-10-07 11:20:31,22676.0,2026-10-13,23250.0,PE,44655,567.4,182130,60840,565.35,568.05,65
2026-10-07 11:20:31,22676.0,2026-10-13,22450.0,PE,44611,64.5,2721875,32187350,64.65,64.85,65
2026-10-07 11:20:31,22676.0,2026-10-13,23200.0,CE,44650,12.9,6240585,26211055,12.9,12.95,65
2026-10-07 11:20:31,22676.0,2026-10-13,22650.0,CE,44618,171.75,3220035,65008840,170.65,171.1,65
2026-10-07 11:20:31,22676.0,2026-10-13,22600.0,PE,44617,109.9,11003590,117557050,109.7,109.95,65
2026-10-07 11:20:31,22676.0,2026-10-13,22650.0,PE,44619,129.35,4869995,61766640,130.0,130.3,65
2026-10-07 11:20:31,22676.0,2026-10-13,22550.0,CE,44614,234.0,708435,14973400,233.4,233.95,65
2026-10-07 11:20:31,22676.0,2026-10-13,23300.0,PE,44657,616.0,240045,61165,611.9,615.1,65
2026-10-07 11:20:31,22676.0,2026-10-13,22500.0,PE,44613,77.3,8233485,64103390,77.35,77.55,65
2026-10-07 11:20:31,22676.0,2026-10-13,22600.0,CE,44616,201.1,5323110,88203765,200.85,201.1,65
2026-10-07 11:20:31,22676.0,2026-10-13,22550.0,PE,44615,92.25,3549845,39323440,92.2,92.45,65
2026-10-07 11:20:31,22676.0,2026-10-13,22350.0,PE,44601,44.35,1749605,16463200,44.5,44.6,65
2026-10-07 11:20:31,22676.0,2026-10-13,23050.0,PE,44645,390.1,79040,215865,387.45,388.6,65
2026-10-07 11:20:31,22676.0,2026-10-13,22350.0,CE,44600,383.55,111800,436280,384.35,385.6,65
2026-10-07 11:20:31,22676.0,2026-10-13,22450.0,CE,44608,306.25,182260,2030080,304.7,305.6,65
2026-10-07 11:20:31,22676.0,2026-10-13,23100.0,PE,44647,430.0,358540,363350,430.1,431.15,65
2026-10-07 11:20:31,22676.0,2026-10-13,22400.0,CE,44602,346.0,638105,3358615,343.85,344.6,65
2026-10-07 11:20:31,22676.0,2026-10-13,23100.0,CE,44646,22.65,5329285,27515475,22.35,22.45,65
2026-10-07 11:20:31,22676.0,2026-10-13,23150.0,PE,44649,477.9,28340,51220,473.75,475.25,65
2026-10-07 11:20:31,22676.0,2026-10-13,23150.0,CE,44648,17.05,1859390,13260195,17.05,17.1,65
2026-10-07 11:20:31,22676.0,2026-10-13,22400.0,PE,44604,53.45,5451485,39907985,53.35,53.5,65
2026-10-07 11:20:31,22676.0,2026-10-13,22300.0,PE,44599,36.55,4652245,30950790,36.7,36.8,65
2026-10-07 11:20:31,22676.0,2026-10-13,23000.0,CE,44632,38.8,8768500,52065585,38.45,38.6,65
2026-10-07 11:20:31,22676.0,2026-10-13,22300.0,CE,44598,425.2,276380,1284205,426.85,428.3,65
2026-10-07 11:20:31,22676.0,2026-10-13,22950.0,PE,44631,306.35,270335,612690,306.6,307.3,65
2026-10-07 11:20:31,22676.0,2026-10-13,23000.0,PE,44633,345.75,1551810,2946710,346.1,347.05,65
2026-10-07 11:20:31,22676.0,2026-10-13,22200.0,PE,44595,25.05,6862115,31841030,25.0,25.1,65
2026-10-07 11:20:31,22676.0,2026-10-13,22250.0,PE,44597,30.4,1788735,15134275,30.3,30.45,65
2026-10-07 11:20:31,22676.0,2026-10-13,22950.0,CE,44630,49.5,2030405,19552390,49.5,49.7,65
2026-10-07 11:20:31,22676.0,2026-10-13,22250.0,CE,44596,468.9,60385,112710,471.15,472.7,65
2026-10-07 11:20:31,22676.0,2026-10-13,23050.0,CE,44636,29.65,1706120,15364180,29.45,29.55,65
2026-10-07 11:20:31,22676.0,2026-10-13,22150.0,PE,44591,20.85,1300585,10755810,20.85,20.9,65
2026-10-07 11:20:31,22676.0,2026-10-13,22200.0,CE,44592,516.0,349375,523705,515.85,517.45,65
2026-10-07 11:25:24,22682.15,2026-10-13,22700.0,PE,44621,152.85,8398520,66130155,152.55,152.95,65
2026-10-07 11:25:24,22682.15,2026-10-13,22700.0,CE,44620,144.7,9095450,98698405,144.35,144.7,65
2026-10-07 11:25:24,22682.15,2026-10-13,22750.0,PE,44623,177.9,1566240,13828035,177.9,178.35,65
2026-10-07 11:25:24,22682.15,2026-10-13,22750.0,CE,44622,120.35,3633370,41771600,120.05,120.35,65
2026-10-07 11:25:24,22682.15,2026-10-13,22100.0,CE,44584,608.4,93665,102115,606.55,609.25,65
2026-10-07 11:25:24,22682.15,2026-10-13,22150.0,CE,44586,565.0,27885,59345,561.55,563.15,65
2026-10-07 11:25:24,22682.15,2026-10-13,22100.0,PE,44585,16.95,3929835,18788380,16.95,17.05,65
2026-10-07 11:25:24,22682.15,2026-10-13,22900.0,PE,44629,270.85,1012245,3167190,270.9,271.55,65
2026-10-07 11:25:24,22682.15,2026-10-13,22900.0,CE,44628,63.6,4403880,42810495,63.65,63.85,65
2026-10-07 11:25:24,22682.15,2026-10-13,22800.0,PE,44625,206.8,2766595,15962895,206.25,206.75,65
2026-10-07 11:25:24,22682.15,2026-10-13,22800.0,CE,44624,98.35,8579870,73070660,98.15,98.45,65
2026-10-07 11:25:24,22682.15,2026-10-13,22850.0,PE,44627,238.0,429325,2468960,237.45,238.0,65
2026-10-07 11:25:24,22682.15,2026-10-13,22850.0,CE,44626,79.7,2375035,25857455,79.7,79.95,65
2026-10-07 11:25:24,22682.15,2026-10-13,23250.0,CE,44654,10.1,2042040,11949795,10.0,10.1,65
2026-10-07 11:25:24,22682.15,2026-10-13,23200.0,PE,44653,516.05,292305,233675,519.85,521.3,65
2026-10-07 11:25:24,22682.15,2026-10-13,22500.0,CE,44612,268.2,2257645,17724395,268.05,268.75,65
2026-10-07 11:25:24,22682.15,2026-10-13,23300.0,CE,44656,7.6,4742920,21189610,7.6,7.65,65
2026-10-07 11:25:24,22682.15,2026-10-13,23250.0,PE,44655,562.6,182130,61425,565.1,568.35,65
2026-10-07 11:25:24,22682.15,2026-10-13,22450.0,PE,44611,64.3,2745145,32582290,64.3,64.45,65
2026-10-07 11:25:24,22682.15,2026-10-13,23200.0,CE,44650,13.3,6303830,26619775,13.15,13.25,65
2026-10-07 11:25:24,22682.15,2026-10-13,22650.0,CE,44618,171.95,3197090,65730925,171.6,171.95,65
2026-10-07 11:25:24,22682.15,2026-10-13,22600.0,PE,44617,109.9,11002615,119262520,109.6,109.9,65
2026-10-07 11:25:24,22682.15,2026-10-13,22650.0,PE,44619,130.2,4914065,62938850,129.9,130.2,65
2026-10-07 11:25:24,22682.15,2026-10-13,22550.0,CE,44614,234.4,712530,15076165,233.55,234.15,65
2026-10-07 11:25:24,22682.15,2026-10-13,23300.0,PE,44657,610.25,240045,61360,612.5,615.9,65
2026-10-07 11:25:24,22682.15,2026-10-13,22500.0,PE,44613,77.25,8222045,65223340,76.95,77.15,65
2026-10-07 11:25:24,22682.15,2026-10-13,22600.0,CE,44616,201.6,5287230,89054290,201.3,201.6,65
2026-10-07 11:25:24,22682.15,2026-10-13,22550.0,PE,44615,92.45,3566810,40014780,92.15,92.4,65
2026-10-07 11:25:24,22682.15,2026-10-13,22350.0,PE,44601,44.2,1756755,16692130,44.1,44.2,65
2026-10-07 11:25:24,22682.15,2026-10-13,23050.0,PE,44645,387.9,79755,220740,387.05,387.95,65
2026-10-07 11:25:24,22682.15,2026-10-13,22350.0,CE,44600,390.25,112255,441090,384.9,386.0,65
2026-10-07 11:25:24,22682.15,2026-10-13,22450.0,CE,44608,307.0,181675,2039245,305.5,306.35,65
2026-10-07 11:25:24,22682.15,2026-10-13,23100.0,PE,44647,430.75,359580,373490,429.55,430.75,65
2026-10-07 11:25:24,22682.15,2026-10-13,22400.0,CE,44602,344.45,640770,3383900,344.6,345.5,65
2026-10-07 11:25:24,22682.15,2026-10-13,23100.0,CE,44646,22.9,5411575,28120105,22.9,22.95,65
2026-10-07 11:25:24,22682.15,2026-10-13,23150.0,PE,44649,470.35,28275,51935,473.8,475.2,65
2026-10-07 11:25:24,22682.15,2026-10-13,23150.0,CE,44648,17.45,1861795,13439595,17.4,17.5,65
2026-10-07 11:25:24,22682.15,2026-10-13,22400.0,PE,44604,53.4,5419765,40371305,53.25,53.4,65
2026-10-07 11:25:24,22682.15,2026-10-13,22300.0,PE,44599,36.25,4671355,31354115,36.2,36.3,65
2026-10-07 11:25:24,22682.15,2026-10-13,23000.0,CE,44632,39.1,8828820,52904670,39.2,39.25,65
2026-10-07 11:25:24,22682.15,2026-10-13,22300.0,CE,44598,428.6,278655,1292525,427.7,428.3,65
2026-10-07 11:25:24,22682.15,2026-10-13,22950.0,PE,44631,307.45,270725,624065,307.25,307.95,65
2026-10-07 11:25:24,22682.15,2026-10-13,23000.0,PE,44633,346.85,1556100,2999230,346.2,346.9,65
2026-10-07 11:25:24,22682.15,2026-10-13,22200.0,PE,44595,24.85,6782815,32386770,24.75,24.8,65
2026-10-07 11:25:24,22682.15,2026-10-13,22250.0,PE,44597,30.0,1751165,15516605,29.95,30.1,65
2026-10-07 11:25:24,22682.15,2026-10-13,22950.0,CE,44630,50.05,2013700,19877650,50.1,50.25,65
2026-10-07 11:25:24,22682.15,2026-10-13,22250.0,CE,44596,475.35,60450,113035,470.55,472.25,65
2026-10-07 11:25:24,22682.15,2026-10-13,23050.0,CE,44636,30.1,1694355,15570685,30.0,30.15,65
2026-10-07 11:25:24,22682.15,2026-10-13,22150.0,PE,44591,20.55,1298115,10912200,20.5,20.6,65
2026-10-07 11:25:24,22682.15,2026-10-13,22200.0,CE,44592,517.65,348400,527995,515.35,516.65,65
2026-10-07 11:30:22,22681.45,2026-10-13,22700.0,PE,44621,152.3,8311680,67991690,152.65,153.05,65
2026-10-07 11:30:22,22681.45,2026-10-13,22700.0,CE,44620,144.25,9307285,101461880,143.8,144.2,65
2026-10-07 11:30:22,22681.45,2026-10-13,22750.0,PE,44623,178.45,1544400,14259635,177.9,178.25,65
2026-10-07 11:30:22,22681.45,2026-10-13,22750.0,CE,44622,120.0,3791905,42847415,119.65,119.85,65
2026-10-07 11:30:22,22681.45,2026-10-13,22100.0,CE,44584,611.95,93730,102505,607.2,609.35,65
2026-10-07 11:30:22,22681.45,2026-10-13,22150.0,CE,44586,572.0,27885,59735,560.2,561.85,65
2026-10-07 11:30:22,22681.45,2026-10-13,22100.0,PE,44585,17.05,3927235,19039215,17.0,17.1,65
2026-10-07 11:30:22,22681.45,2026-10-13,22900.0,PE,44629,271.0,1011985,3222180,270.6,271.3,65
2026-10-07 11:30:22,22681.45,2026-10-13,22900.0,CE,44628,63.65,4453085,43818125,63.6,63.8,65
2026-10-07 11:30:22,22681.45,2026-10-13,22800.0,PE,44625,205.75,2744885,16366610,205.75,206.2,65
2026-10-07 11:30:22,22681.45,2026-10-13,22800.0,CE,44624,98.45,8775325,74509305,98.2,98.45,65
2026-10-07 11:30:22,22681.45,2026-10-13,22850.0,PE,44627,237.95,440245,2527590,237.6,238.1,65
2026-10-07 11:30:22,22681.45,2026-10-13,22850.0,CE,44626,79.6,2435095,26583310,79.3,79.5,65
2026-10-07 11:30:22,22681.45,2026-10-13,23250.0,CE,44654,9.95,2251210,12565020,9.9,9.95,65
2026-10-07 11:30:22,22681.45,2026-10-13,23200.0,PE,44653,522.15,291135,239590,520.6,522.05,65
2026-10-07 11:30:22,22681.45,2026-10-13,22500.0,CE,44612,267.95,2257710,17940260,267.45,268.2,65
2026-10-07 11:30:22,22681.45,2026-10-13,23300.0,CE,44656,7.55,4845035,21555495,7.55,7.6,65
2026-10-07 11:30:22,22681.45,2026-10-13,23250.0,PE,44655,563.15,197925,81575,565.85,567.8,65
2026-10-07 11:30:22,22681.45,2026-10-13,22450.0,PE,44611,64.25,2698540,32964360,64.1,64.3,65
2026-10-07 11:30:22,22681.45,2026-10-13,23200.0,CE,44650,13.05,6279390,27027780,13.05,13.15,65
2026-10-07 11:30:22,22681.45,2026-10-13,22650.0,CE,44618,171.9,3336255,67026895,171.3,171.65,65
2026-10-07 11:30:22,22681.45,2026-10-13,22600.0,PE,44617,109.5,10743915,120971695,109.7,109.95,65
2026-10-07 11:30:22,22681.45,2026-10-13,22650.0,PE,44619,129.6,4809675,64036440,129.8,130.1,65
2026-10-07 11:30:22,22681.45,2026-10-13,22550.0,CE,44614,233.5,733200,15209545,233.8,234.4,65
2026-10-07 11:30:22,22681.45,2026-10-13,23300.0,PE,44657,612.15,240175,62595,611.9,616.55,65
2026-10-07 11:30:22,22681.45,2026-10-13,22500.0,PE,44613,77.0,8213400,66165320,77.05,77.25,65
2026-10-07 11:30:22,22681.45,2026-10-13,22600.0,CE,44616,201.0,5416320,90350195,200.6,201.1,65
2026-10-07 11:30:22,22681.45,2026-10-13,22550.0,PE,44615,92.3,3608085,40541800,91.95,92.15,65
2026-10-07 11:30:22,22681.45,2026-10-13,22350.0,PE,44601,44.0,1750905,16930745,44.05,44.15,65
2026-10-07 11:30:22,22681.45,2026-10-13,23050.0,PE,44645,385.1,80925,224510,387.5,388.75,65
2026-10-07 11:30:22,22681.45,2026-10-13,22350.0,CE,44600,388.0,112840,445575,384.3,385.5,65
2026-10-07 11:30:22,22681.45,2026-10-13,22450.0,CE,44608,306.25,184730,2059395,305.65,306.45,65
2026-10-07 11:30:22,22681.45,2026-10-13,23100.0,PE,44647,427.3,356330,384280,429.85,431.0,65
2026-10-07 11:30:22,22681.45,2026-10-13,22400.0,CE,44602,343.95,634270,3422055,343.95,344.85,65
2026-10-07 11:30:22,22681.45,2026-10-13,23100.0,CE,44646,22.65,5434195,28686060,22.7,22.75,65
2026-10-07 11:30:22,22681.45,2026-10-13,23150.0,PE,44649,472.7,29380,54015,474.45,477.55,65
2026-10-07 11:30:22,22681.45,2026-10-13,23150.0,CE,44648,17.4,1888510,13670800,17.25,17.35,65
2026-10-07 11:30:22,22681.45,2026-10-13,22400.0,PE,44604,53.35,5372380,40955330,53.2,53.35,65
2026-10-07 11:30:22,22681.45,2026-10-13,22300.0,PE,44599,36.3,4722640,31732415,36.25,36.35,65
2026-10-07 11:30:22,22681.45,2026-10-13,23000.0,CE,44632,39.05,8917740,54159365,38.95,39.05,65
2026-10-07 11:30:22,22681.45,2026-10-13,22300.0,CE,44598,426.3,278395,1301950,426.15,427.6,65
2026-10-07 11:30:22,22681.45,2026-10-13,22950.0,PE,44631,308.25,271570,632970,307.5,308.4,65
2026-10-07 11:30:22,22681.45,2026-10-13,23000.0,PE,44633,347.2,1556490,3049930,346.35,347.15,65
2026-10-07 11:30:22,22681.45,2026-10-13,22200.0,PE,44595,24.75,6761365,32698705,24.7,24.85,65
2026-10-07 11:30:22,22681.45,2026-10-13,22250.0,PE,44597,30.0,1752465,15904850,30.0,30.1,65
2026-10-07 11:30:22,22681.45,2026-10-13,22950.0,CE,44630,49.95,1989715,20378475,49.85,50.0,65
2026-10-07 11:30:22,22681.45,2026-10-13,22250.0,CE,44596,478.0,60385,113685,470.05,471.75,65
2026-10-07 11:30:22,22681.45,2026-10-13,23050.0,CE,44636,29.95,1714570,15880280,29.8,29.95,65
2026-10-07 11:30:22,22681.45,2026-10-13,22150.0,PE,44591,20.6,1292265,11059685,20.45,20.55,65
2026-10-07 11:30:22,22681.45,2026-10-13,22200.0,CE,44592,514.7,351520,537680,514.75,516.2,65
2026-10-07 11:35:18,22675.05,2026-10-13,22700.0,PE,44621,158.85,8042450,72597200,158.9,159.3,65
2026-10-07 11:35:18,22675.05,2026-10-13,22700.0,CE,44620,137.9,9128275,105641250,137.6,137.8,65
2026-10-07 11:35:18,22675.05,2026-10-13,22750.0,PE,44623,185.15,1436240,15260115,185.3,185.7,65
2026-10-07 11:35:18,22675.05,2026-10-13,22750.0,CE,44622,114.45,3758300,44479955,113.7,114.05,65
2026-10-07 11:35:18,22675.05,2026-10-13,22100.0,CE,44584,595.35,94185,103740,594.15,595.95,65
2026-10-07 11:35:18,22675.05,2026-10-13,22150.0,CE,44586,542.85,27755,61230,549.2,550.8,65
2026-10-07 11:35:18,22675.05,2026-10-13,22100.0,PE,44585,17.9,3887325,19542185,17.85,17.95,65
2026-10-07 11:35:18,22675.05,2026-10-13,22900.0,PE,44629,280.15,1006070,3398265,280.25,280.95,65
2026-10-07 11:35:18,22675.05,2026-10-13,22900.0,CE,44628,60.0,4344340,45251765,59.6,59.8,65
2026-10-07 11:35:18,22675.05,2026-10-13,22800.0,PE,44625,214.75,2612415,17306120,214.2,214.65,65
2026-10-07 11:35:18,22675.05,2026-10-13,22800.0,CE,44624,93.05,8609575,76846770,92.7,92.95,65
2026-10-07 11:35:18,22675.05,2026-10-13,22850.0,PE,44627,246.15,420225,2698735,245.3,246.0,65
2026-10-07 11:35:18,22675.05,2026-10-13,22850.0,CE,44626,75.25,2384005,27541930,75.2,75.4,65
2026-10-07 11:35:18,22675.05,2026-10-13,23250.0,CE,44654,9.45,2232945,12897625,9.35,9.45,65
2026-10-07 11:35:18,22675.05,2026-10-13,23200.0,PE,44653,530.0,283400,248885,531.45,533.05,65
2026-10-07 11:35:18,22675.05,2026-10-13,22500.0,CE,44612,259.65,2286180,18349760,259.1,259.75,65
2026-10-07 11:35:18,22675.05,2026-10-13,23300.0,CE,44656,7.2,4791345,21995610,7.15,7.2,65
2026-10-07 11:35:18,22675.05,2026-10-13,23250.0,PE,44655,582.3,197925,84370,578.65,580.7,65
2026-10-07 11:35:18,22675.05,2026-10-13,22450.0,PE,44611,67.7,2664480,33825220,67.45,67.65,65
2026-10-07 11:35:18,22675.05,2026-10-13,23200.0,CE,44650,12.3,6277375,27795170,12.3,12.35,65
2026-10-07 11:35:18,22675.05,2026-10-13,22650.0,CE,44618,164.65,3202810,68996980,164.0,164.25,65
2026-10-07 11:35:18,22675.05,2026-10-13,22600.0,PE,44617,114.9,10534160,125054670,114.85,115.15,65
2026-10-07 11:35:18,22675.05,2026-10-13,22650.0,PE,44619,135.3,4608370,67368340,135.45,135.7,65
2026-10-07 11:35:18,22675.05,2026-10-13,22550.0,CE,44614,225.6,729495,15457975,224.55,225.1,65
2026-10-07 11:35:18,22675.05,2026-10-13,23300.0,PE,44657,633.25,239850,64545,626.1,628.75,65
2026-10-07 11:35:18,22675.05,2026-10-13,22500.0,PE,44613,80.9,8176090,68591705,80.45,80.65,65
2026-10-07 11:35:18,22675.05,2026-10-13,22600.0,CE,44616,193.2,5366400,92229995,192.65,193.1,65
2026-10-07 11:35:18,22675.05,2026-10-13,22550.0,PE,44615,96.25,3529890,42099915,96.6,96.85,65
2026-10-07 11:35:18,22675.05,2026-10-13,22350.0,PE,44601,46.3,1785615,17506905,46.3,46.45,65
2026-10-07 11:35:18,22675.05,2026-10-13,23050.0,PE,44645,399.35,80405,229320,397.8,398.95,65
2026-10-07 11:35:18,22675.05,2026-10-13,22350.0,CE,44600,375.2,110175,455260,373.85,375.05,65
2026-10-07 11:35:18,22675.05,2026-10-13,22450.0,CE,44608,295.05,192075,2099110,295.25,296.05,65
2026-10-07 11:35:18,22675.05,2026-10-13,23100.0,PE,44647,441.15,351000,400140,441.4,442.65,65
2026-10-07 11:35:18,22675.05,2026-10-13,22400.0,CE,44602,333.95,634140,3508245,333.55,334.45,65
2026-10-07 11:35:18,22675.05,2026-10-13,23100.0,CE,44646,21.4,5335915,29677310,21.25,21.35,65
2026-10-07 11:35:18,22675.05,2026-10-13,23150.0,PE,44649,485.0,29250,55250,485.4,487.25,65
2026-10-07 11:35:18,22675.05,2026-10-13,23150.0,CE,44648,16.3,1874860,14066845,16.25,16.3,65
2026-10-07 11:35:18,22675.05,2026-10-13,22400.0,PE,44604,56.05,5387330,42356990,56.0,56.2,65
2026-10-07 11:35:18,22675.05,2026-10-13,22300.0,PE,44599,38.0,4698265,32815835,38.15,38.3,65
2026-10-07 11:35:18,22675.05,2026-10-13,23000.0,CE,44632,36.65,8902205,55902080,36.5,36.65,65
2026-10-07 11:35:18,22675.05,2026-10-13,22300.0,CE,44598,417.25,282035,1331590,415.4,416.65,65
2026-10-07 11:35:18,22675.05,2026-10-13,22950.0,PE,44631,316.25,268905,672035,317.3,318.0,65
2026-10-07 11:35:18,22675.05,2026-10-13,23000.0,PE,44633,356.0,1519960,3289845,356.55,357.6,65
2026-10-07 11:35:18,22675.05,2026-10-13,22200.0,PE,44595,26.05,6759155,33486635,26.0,26.1,65
2026-10-07 11:35:18,22675.05,2026-10-13,22250.0,PE,44597,31.5,1755260,16451760,31.5,31.65,65
2026-10-07 11:35:18,22675.05,2026-10-13,22950.0,CE,44630,46.95,1970215,21037510,46.85,47.0,65
2026-10-07 11:35:18,22675.05,2026-10-13,22250.0,CE,44596,458.55,60645,115050,459.35,460.4,65
2026-10-07 11:35:18,22675.05,2026-10-13,23050.0,CE,44636,28.1,1690780,16476200,28.1,28.15,65
2026-10-07 11:35:18,22675.05,2026-10-13,22150.0,PE,44591,21.45,1281215,11420565,21.45,21.55,65
2026-10-07 11:35:18,22675.05,2026-10-13,22200.0,CE,44592,503.05,354055,547690,503.1,504.6,65
2026-10-07 11:40:25,22686.25,2026-10-13,22700.0,PE,44621,150.6,7954700,75000965,150.2,150.6,65
2026-10-07 11:40:25,22686.25,2026-10-13,22700.0,CE,44620,145.0,9160775,109240560,145.0,145.35,65
2026-10-07 11:40:25,22686.25,2026-10-13,22750.0,PE,44623,176.1,1453920,15837185,175.85,176.3,65
2026-10-07 11:40:25,22686.25,2026-10-13,22750.0,CE,44622,120.8,3748615,45882785,120.3,120.55,65
2026-10-07 11:40:25,22686.25,2026-10-13,22100.0,CE,44584,618.95,94705,104910,608.9,610.75,65
2026-10-07 11:40:25,22686.25,2026-10-13,22150.0,CE,44586,570.8,27820,61685,562.55,564.1,65
2026-10-07 11:40:25,22686.25,2026-10-13,22100.0,PE,44585,16.65,3875105,19866535,16.65,16.7,65
2026-10-07 11:40:25,22686.25,2026-10-13,22900.0,PE,44629,268.95,999375,3517865,269.15,269.85,65
2026-10-07 11:40:25,22686.25,2026-10-13,22900.0,CE,44628,64.0,4308460,46515040,63.75,63.9,65
2026-10-07 11:40:25,22686.25,2026-10-13,22800.0,PE,44625,204.15,2633800,17901910,204.3,204.75,65
2026-10-07 11:40:25,22686.25,2026-10-13,22800.0,CE,44624,98.7,8579545,78928850,98.25,98.5,65
2026-10-07 11:40:25,22686.25,2026-10-13,22850.0,PE,44627,235.55,423345,2792270,235.4,236.0,65
2026-10-07 11:40:25,22686.25,2026-10-13,22850.0,CE,44626,79.95,2443805,28411955,79.8,80.05,65
2026-10-07 11:40:25,22686.25,2026-10-13,23250.0,CE,44654,10.15,2225015,13152425,10.05,10.15,65
2026-10-07 11:40:25,22686.25,2026-10-13,23200.0,PE,44653,509.6,283400,250315,517.85,519.25,65
2026-10-07 11:40:25,22686.25,2026-10-13,22500.0,CE,44612,269.05,2265835,18691270,268.7,269.0,65
2026-10-07 11:40:25,22686.25,2026-10-13,23300.0,CE,44656,7.65,4791995,22308910,7.65,7.7,65
2026-10-07 11:40:25,22686.25,2026-10-13,23250.0,PE,44655,562.1,197665,87815,562.95,565.9,65
2026-10-07 11:40:25,22686.25,2026-10-13,22450.0,PE,44611,63.0,2655770,34437325,63.0,63.1,65
2026-10-07 11:40:25,22686.25,2026-10-13,23200.0,CE,44650,13.25,6294405,28297230,13.25,13.3,65
2026-10-07 11:40:25,22686.25,2026-10-13,22650.0,CE,44618,172.25,3262350,70746455,172.3,172.7,65
2026-10-07 11:40:25,22686.25,2026-10-13,22600.0,PE,44617,107.75,10501270,127311925,108.0,108.25,65
2026-10-07 11:40:25,22686.25,2026-10-13,22650.0,PE,44619,128.15,4547205,69221165,127.8,128.15,65
2026-10-07 11:40:25,22686.25,2026-10-13,22550.0,CE,44614,234.7,720460,15709135,234.6,235.0,65
2026-10-07 11:40:25,22686.25,2026-10-13,23300.0,PE,44657,606.65,240110,65780,610.95,614.15,65
2026-10-07 11:40:25,22686.25,2026-10-13,22500.0,PE,44613,75.55,8144955,70010200,75.5,75.7,65
2026-10-07 11:40:25,22686.25,2026-10-13,22600.0,CE,44616,202.35,5352555,93902900,201.55,202.0,65
2026-10-07 11:40:25,22686.25,2026-10-13,22550.0,PE,44615,90.45,3518840,43048265,90.45,90.7,65
2026-10-07 11:40:25,22686.25,2026-10-13,22350.0,PE,44601,43.15,1790685,17937530,42.95,43.1,65
2026-10-07 11:40:25,22686.25,2026-10-13,23050.0,PE,44645,383.55,81445,235300,384.45,385.6,65
2026-10-07 11:40:25,22686.25,2026-10-13,22350.0,CE,44600,388.5,108680,463385,386.35,387.55,65
2026-10-07 11:40:25,22686.25,2026-10-13,22450.0,CE,44608,306.95,186940,2123875,306.0,306.95,65
2026-10-07 11:40:25,22686.25,2026-10-13,23100.0,PE,44647,428.0,356135,410215,427.5,428.7,65
2026-10-07 11:40:25,22686.25,2026-10-13,22400.0,CE,44602,347.05,637910,3580850,345.5,346.25,65
2026-10-07 11:40:25,22686.25,2026-10-13,23100.0,CE,44646,23.05,5397210,30496505,23.0,23.1,65
2026-10-07 11:40:25,22686.25,2026-10-13,23150.0,PE,44649,472.0,29900,57915,472.35,473.8,65
2026-10-07 11:40:25,22686.25,2026-10-13,23150.0,CE,44648,17.5,1882465,14373060,17.5,17.55,65
2026-10-07 11:40:25,22686.25,2026-10-13,22400.0,PE,44604,51.95,5284370,43278040,52.05,52.25,65
2026-10-07 11:40:25,22686.25,2026-10-13,22300.0,PE,44599,35.5,4686565,33539870,35.35,35.5,65
2026-10-07 11:40:25,22686.25,2026-10-13,23000.0,CE,44632,39.35,8961940,57609045,39.35,39.5,65
2026-10-07 11:40:25,22686.25,2026-10-13,22300.0,CE,44598,429.9,280215,1351220,428.75,429.9,65
2026-10-07 11:40:25,22686.25,2026-10-13,22950.0,PE,44631,304.4,271505,688350,305.15,306.05,65
2026-10-07 11:40:25,22686.25,2026-10-13,23000.0,PE,44633,343.4,1523405,3353090,343.5,344.3,65
2026-10-07 11:40:25,22686.25,2026-10-13,22200.0,PE,44595,24.2,6748105,34028735,24.2,24.25,65
2026-10-07 11:40:25,22686.25,2026-10-13,22250.0,PE,44597,29.2,1745640,16733990,29.25,29.35,65
2026-10-07 11:40:25,22686.25,2026-10-13,22950.0,CE,44630,50.35,1989390,21556600,50.25,50.4,65
2026-10-07 11:40:25,22686.25,2026-10-13,22250.0,CE,44596,479.05,60710,115830,471.75,473.6,65
2026-10-07 11:40:25,22686.25,2026-10-13,23050.0,CE,44636,30.3,1718340,16889730,30.3,30.35,65
2026-10-07 11:40:25,22686.25,2026-10-13,22150.0,PE,44591,20.05,1285830,11743680,19.95,20.05,65
2026-10-07 11:40:25,22686.25,2026-10-13,22200.0,CE,44592,520.0,352950,553540,516.45,517.85,65
2026-10-07 11:45:21,22672.25,2026-10-13,22700.0,PE,44621,162.1,8150675,77606555,161.6,162.0,65
2026-10-07 11:45:21,22672.25,2026-10-13,22700.0,CE,44620,134.0,9327695,111802275,133.75,134.1,65
2026-10-07 11:45:21,22672.25,2026-10-13,22750.0,PE,44623,188.5,1469195,16355105,188.15,188.6,65
2026-10-07 11:45:21,22672.25,2026-10-13,22750.0,CE,44622,110.8,3762525,46897500,110.5,110.8,65
2026-10-07 11:45:21,22672.25,2026-10-13,22100.0,CE,44584,591.05,95940,107965,587.9,589.5,65
2026-10-07 11:45:21,22672.25,2026-10-13,22050.0,PE,44583,15.05,1292200,11520080,15.0,15.05,65
2026-10-07 11:45:21,22672.25,2026-10-13,22150.0,CE,44586,545.0,27950,62725,543.15,544.75,65
2026-10-07 11:45:21,22672.25,2026-10-13,22100.0,PE,44585,17.95,3917745,20215780,18.0,18.05,65
2026-10-07 11:45:21,22672.25,2026-10-13,22900.0,PE,44629,284.65,997945,3643315,284.75,285.55,65
2026-10-07 11:45:21,22672.25,2026-10-13,22900.0,CE,44628,57.45,4329455,47362315,57.4,57.55,65
2026-10-07 11:45:21,22672.25,2026-10-13,22800.0,PE,44625,217.9,2643940,18521165,217.45,217.9,65
2026-10-07 11:45:21,22672.25,2026-10-13,22800.0,CE,44624,89.95,8511555,80415465,89.65,89.9,65
2026-10-07 11:45:21,22672.25,2026-10-13,22850.0,PE,44627,249.85,419835,2896790,249.2,249.7,65
2026-10-07 11:45:21,22672.25,2026-10-13,22850.0,CE,44626,72.6,2401425,29065595,72.5,72.7,65
2026-10-07 11:45:21,22672.25,2026-10-13,22050.0,CE,44582,646.65,14690,34775,634.4,637.9,65
2026-10-07 11:45:21,22672.25,2026-10-13,23250.0,CE,44654,9.1,2228200,13345605,9.0,9.05,65
2026-10-07 11:45:21,22672.25,2026-10-13,23200.0,PE,44653,536.95,283595,252200,537.55,539.0,65
2026-10-07 11:45:21,22672.25,2026-10-13,22500.0,CE,44612,254.05,2277275,18910840,253.5,254.2,65
2026-10-07 11:45:21,22672.25,2026-10-13,23250.0,PE,44655,584.35,197665,89375,584.05,585.95,65
2026-10-07 11:45:21,22672.25,2026-10-13,22450.0,PE,44611,68.9,2613975,35005880,68.7,68.9,65
2026-10-07 11:45:21,22672.25,2026-10-13,23200.0,CE,44650,11.8,6353425,28770560,11.7,11.8,65
2026-10-07 11:45:21,22672.25,2026-10-13,22650.0,CE,44618,160.0,3190785,71807645,160.0,160.4,65
2026-10-07 11:45:21,22672.25,2026-10-13,22600.0,PE,44617,117.0,10631205,129799735,116.8,117.0,65
2026-10-07 11:45:21,22672.25,2026-10-13,22650.0,PE,44619,138.25,4660825,71028035,137.8,138.2,65
2026-10-07 11:45:21,22672.25,2026-10-13,22550.0,CE,44614,220.35,717730,15854215,219.7,220.2,65
2026-10-07 11:45:21,22672.25,2026-10-13,22500.0,PE,44613,82.5,8135465,71452095,82.35,82.45,65
2026-10-07 11:45:21,22672.25,2026-10-13,22600.0,CE,44616,188.25,5304780,94959280,188.25,188.7,65
2026-10-07 11:45:21,22672.25,2026-10-13,22550.0,PE,44615,98.65,3594045,43999670,98.4,98.6,65
2026-10-07 11:45:21,22672.25,2026-10-13,22350.0,PE,44601,47.25,1834495,18293015,47.05,47.2,65
2026-10-07 11:45:21,22672.25,2026-10-13,23050.0,PE,44645,404.7,81770,239395,403.5,404.65,65
2026-10-07 11:45:21,22672.25,2026-10-13,22350.0,CE,44600,370.45,109460,467350,368.15,369.3,65
2026-10-07 11:45:21,22672.25,2026-10-13,22450.0,CE,44608,292.4,191295,2142335,290.0,290.8,65
2026-10-07 11:45:21,22672.25,2026-10-13,23100.0,PE,44647,446.15,355550,414310,446.7,447.85,65
2026-10-07 11:45:21,22672.25,2026-10-13,22400.0,CE,44602,329.0,637845,3622840,328.2,329.15,65
2026-10-07 11:45:21,22672.25,2026-10-13,23100.0,CE,44646,20.35,5394545,31096000,20.35,20.4,65
2026-10-07 11:45:21,22672.25,2026-10-13,23150.0,PE,44649,490.0,28535,61165,491.4,494.15,65
2026-10-07 11:45:21,22672.25,2026-10-13,23150.0,CE,44648,15.55,1881165,14579370,15.55,15.6,65
2026-10-07 11:45:21,22672.25,2026-10-13,22400.0,PE,44604,57.1,5364255,43968665,56.9,57.1,65
2026-10-07 11:45:21,22672.25,2026-10-13,22300.0,PE,44599,38.85,4718740,34099130,38.7,38.85,65
2026-10-07 11:45:21,22672.25,2026-10-13,23000.0,CE,44632,35.05,8869055,58938100,35.05,35.15,65
2026-10-07 11:45:21,22672.25,2026-10-13,22300.0,CE,44598,410.35,284895,1366755,410.0,410.9,65
2026-10-07 11:45:21,22672.25,2026-10-13,22950.0,PE,44631,320.0,274040,702195,322.05,323.0,65
2026-10-07 11:45:21,22672.25,2026-10-13,23000.0,PE,44633,362.0,1519375,3409315,361.7,362.5,65
2026-10-07 11:45:21,22672.25,2026-10-13,22200.0,PE,44595,26.35,6784830,34586955,26.35,26.4,65
2026-10-07 11:45:21,22672.25,2026-10-13,22250.0,PE,44597,32.1,1733940,16955185,32.0,32.1,65
2026-10-07 11:45:21,22672.25,2026-10-13,22950.0,CE,44630,45.15,1967680,21959795,44.95,45.05,65
2026-10-07 11:45:21,22672.25,2026-10-13,22250.0,CE,44596,452.9,60970,117325,452.55,454.35,65
2026-10-07 11:45:21,22672.25,2026-10-13,23050.0,CE,44636,26.9,1690910,17246385,26.85,26.9,65
2026-10-07 11:45:21,22672.25,2026-10-13,22150.0,PE,44591,21.8,1279720,11973520,21.65,21.8,65
2026-10-07 11:45:21,22672.25,2026-10-13,22200.0,CE,44592,499.7,352820,560430,497.05,498.45,65
2026-10-07 11:50:20,22686.85,2026-10-13,22700.0,PE,44621,149.8,8190715,79680900,149.45,149.8,65
2026-10-07 11:50:20,22686.85,2026-10-13,22700.0,CE,44620,142.85,9552010,114341565,142.55,142.9,65
2026-10-07 11:50:20,22686.85,2026-10-13,22750.0,PE,44623,174.9,1444755,16837210,175.0,175.4,65
2026-10-07 11:50:20,22686.85,2026-10-13,22750.0,CE,44622,118.4,3875495,47850010,118.0,118.2,65
2026-10-07 11:50:20,22686.85,2026-10-13,22100.0,CE,44584,606.4,96005,111410,606.8,608.4,65
2026-10-07 11:50:20,22686.85,2026-10-13,22150.0,CE,44586,558.85,27950,64090,560.8,562.5,65
2026-10-07 11:50:20,22686.85,2026-10-13,22100.0,PE,44585,16.0,4023760,20517315,15.95,16.05,65
2026-10-07 11:50:20,22686.85,2026-10-13,22900.0,PE,44629,268.8,989365,3726385,267.85,268.6,65
2026-10-07 11:50:20,22686.85,2026-10-13,22900.0,CE,44628,62.2,4379245,48145630,62.0,62.15,65
2026-10-07 11:50:20,22686.85,2026-10-13,22800.0,PE,44625,203.45,2655770,18977530,203.1,203.45,65
2026-10-07 11:50:20,22686.85,2026-10-13,22800.0,CE,44624,96.45,8670415,81884010,96.25,96.5,65
2026-10-07 11:50:20,22686.85,2026-10-13,22850.0,PE,44627,234.9,418210,2983370,234.45,235.0,65
2026-10-07 11:50:20,22686.85,2026-10-13,22850.0,CE,44626,78.1,2461615,29740620,77.85,78.1,65
2026-10-07 11:50:20,22686.85,2026-10-13,23250.0,CE,44654,9.55,2219685,13586495,9.45,9.55,65
2026-10-07 11:50:20,22686.85,2026-10-13,23200.0,PE,44653,519.75,285545,257985,517.5,518.95,65
2026-10-07 11:50:20,22686.85,2026-10-13,22500.0,CE,44612,267.5,2268695,19152185,266.95,267.7,65
2026-10-07 11:50:20,22686.85,2026-10-13,23300.0,CE,44656,7.2,4822545,23065380,7.2,7.25,65
2026-10-07 11:50:20,22686.85,2026-10-13,23250.0,PE,44655,567.75,197665,92300,563.9,565.9,65
2026-10-07 11:50:20,22686.85,2026-10-13,22450.0,PE,44611,61.95,2609230,35498320,61.95,62.15,65
2026-10-07 11:50:20,22686.85,2026-10-13,23200.0,CE,44650,12.5,6359990,29267875,12.45,12.55,65
2026-10-07 11:50:20,22686.85,2026-10-13,22650.0,CE,44618,169.95,3297775,72999355,169.5,169.9,65
2026-10-07 11:50:20,22686.85,2026-10-13,22600.0,PE,44617,107.1,10704135,131796795,106.65,106.95,65
2026-10-07 11:50:20,22686.85,2026-10-13,22650.0,PE,44619,127.0,4681950,72555470,126.95,127.25,65
2026-10-07 11:50:20,22686.85,2026-10-13,22550.0,CE,44614,232.4,726310,16036085,231.85,232.45,65
2026-10-07 11:50:20,22686.85,2026-10-13,23300.0,PE,44657,613.5,240110,68900,611.7,613.85,65
2026-10-07 11:50:20,22686.85,2026-10-13,22500.0,PE,44613,74.6,8244990,72755345,74.3,74.55,65
2026-10-07 11:50:20,22686.85,2026-10-13,22600.0,CE,44616,199.65,5346835,96133960,199.55,200.0,65
2026-10-07 11:50:20,22686.85,2026-10-13,22550.0,PE,44615,89.4,3573765,44823610,89.5,89.7,65
2026-10-07 11:50:20,22686.85,2026-10-13,22350.0,PE,44601,42.25,1824875,18739045,42.05,42.2,65
2026-10-07 11:50:20,22686.85,2026-10-13,23050.0,PE,44645,386.0,82875,246610,384.65,385.9,65
2026-10-07 11:50:20,22686.85,2026-10-13,22350.0,CE,44600,385.0,107445,476645,384.15,385.25,65
2026-10-07 11:50:20,22686.85,2026-10-13,22450.0,CE,44608,305.0,190580,2158715,304.25,305.05,65
2026-10-07 11:50:20,22686.85,2026-10-13,23100.0,PE,44647,427.35,359320,423280,427.2,428.3,65
2026-10-07 11:50:20,22686.85,2026-10-13,22400.0,CE,44602,344.5,645515,3687970,343.4,344.45,65
2026-10-07 11:50:20,22686.85,2026-10-13,23100.0,CE,44646,22.0,5414760,31834465,21.9,22.0,65
2026-10-07 11:50:20,22686.85,2026-10-13,23150.0,PE,44649,474.7,28145,63440,471.75,473.5,65
2026-10-07 11:50:20,22686.85,2026-10-13,23150.0,CE,44648,16.65,1893320,14871025,16.55,16.65,65
2026-10-07 11:50:20,22686.85,2026-10-13,22400.0,PE,44604,51.35,5409560,44742425,51.05,51.25,65
2026-10-07 11:50:20,22686.85,2026-10-13,22300.0,PE,44599,34.6,4676100,34694205,34.55,34.7,65
2026-10-07 11:50:20,22686.85,2026-10-13,23000.0,CE,44632,37.9,8882835,60229910,37.7,37.8,65
2026-10-07 11:50:20,22686.85,2026-10-13,22300.0,CE,44598,429.0,279305,1385735,426.45,427.65,65
2026-10-07 11:50:20,22686.85,2026-10-13,22950.0,PE,44631,304.0,274820,720850,304.5,305.35,65
2026-10-07 11:50:20,22686.85,2026-10-13,23000.0,PE,44633,344.75,1514305,3450720,343.95,344.7,65
2026-10-07 11:50:20,22686.85,2026-10-13,22200.0,PE,44595,23.5,6797245,35136270,23.4,23.5,65
2026-10-07 11:50:20,22686.85,2026-10-13,22250.0,PE,44597,28.45,1737385,17171310,28.4,28.55,65
2026-10-07 11:50:20,22686.85,2026-10-13,22950.0,CE,44630,48.75,1991080,22372740,48.7,48.85,65
2026-10-07 11:50:20,22686.85,2026-10-13,22250.0,CE,44596,469.9,60060,120835,470.45,472.1,65
2026-10-07 11:50:20,22686.85,2026-10-13,23050.0,CE,44636,29.05,1715610,17520555,28.9,29.0,65
2026-10-07 11:50:20,22686.85,2026-10-13,22150.0,PE,44591,19.35,1307085,12208820,19.35,19.4,65
2026-10-07 11:50:20,22686.85,2026-10-13,22200.0,CE,44592,513.95,353795,565890,515.3,516.75,65
2026-10-07 11:55:18,22689.2,2026-10-13,22700.0,PE,44621,147.85,8391760,80881710,147.75,148.0,65
2026-10-07 11:55:18,22689.2,2026-10-13,22700.0,CE,44620,145.4,9380410,115933480,145.1,145.3,65
2026-10-07 11:55:18,22689.2,2026-10-13,22750.0,PE,44623,173.2,1487720,17078880,172.8,173.15,65
2026-10-07 11:55:18,22689.2,2026-10-13,22750.0,CE,44622,120.35,3839485,48509890,120.5,120.8,65
2026-10-07 11:55:18,22689.2,2026-10-13,22100.0,CE,44584,611.8,96005,112580,610.45,612.65,65
2026-10-07 11:55:18,22689.2,2026-10-13,22150.0,CE,44586,567.25,27105,64350,565.2,567.05,65
2026-10-07 11:55:18,22689.2,2026-10-13,22100.0,PE,44585,15.95,4077125,20742995,15.95,16.0,65
2026-10-07 11:55:18,22689.2,2026-10-13,22900.0,PE,44629,264.6,990665,3797495,265.35,266.05,65
2026-10-07 11:55:18,22689.2,2026-10-13,22900.0,CE,44628,63.4,4363645,48711390,63.3,63.5,65
2026-10-07 11:55:18,22689.2,2026-10-13,22800.0,PE,44625,201.05,2685930,19234540,200.9,201.45,65
2026-10-07 11:55:18,22689.2,2026-10-13,22800.0,CE,44624,98.7,8708050,82927975,98.15,98.45,65
2026-10-07 11:55:18,22689.2,2026-10-13,22850.0,PE,44627,232.25,420680,3027050,232.0,232.5,65
2026-10-07 11:55:18,22689.2,2026-10-13,22850.0,CE,44626,79.9,2418715,30170595,79.5,79.75,65
2026-10-07 11:55:18,22689.2,2026-10-13,23250.0,CE,44654,9.65,2255240,13766155,9.6,9.65,65
2026-10-07 11:55:18,22689.2,2026-10-13,23200.0,PE,44653,512.45,285155,260585,513.55,515.0,65
2026-10-07 11:55:18,22689.2,2026-10-13,22500.0,CE,44612,271.0,2279290,19299215,270.1,270.8,65
2026-10-07 11:55:18,22689.2,2026-10-13,23300.0,CE,44656,7.3,4824430,23346635,7.3,7.35,65
2026-10-07 11:55:18,22689.2,2026-10-13,23250.0,PE,44655,562.5,197730,92625,559.0,561.25,65
2026-10-07 11:55:18,22689.2,2026-10-13,22450.0,PE,44611,61.5,2661880,35781460,61.5,61.65,65
2026-10-07 11:55:18,22689.2,2026-10-13,23200.0,CE,44650,12.7,6357975,29442270,12.65,12.7,65
2026-10-07 11:55:18,22689.2,2026-10-13,22650.0,CE,44618,173.1,3251235,73811335,172.8,173.25,65
2026-10-07 11:55:18,22689.2,2026-10-13,22600.0,PE,44617,106.0,10924095,132979470,105.7,105.95,65
2026-10-07 11:55:18,22689.2,2026-10-13,22650.0,PE,44619,125.9,4833855,73460530,125.35,125.7,65
2026-10-07 11:55:18,22689.2,2026-10-13,22550.0,CE,44614,235.4,734890,16145610,235.3,235.9,65
2026-10-07 11:55:18,22689.2,2026-10-13,23300.0,PE,44657,612.05,240110,69030,606.8,609.8,65
2026-10-07 11:55:18,22689.2,2026-10-13,22500.0,PE,44613,73.75,8331505,73444605,73.85,74.0,65
2026-10-07 11:55:18,22689.2,2026-10-13,22600.0,CE,44616,203.25,5356520,96798910,202.9,203.4,65
2026-10-07 11:55:18,22689.2,2026-10-13,22550.0,PE,44615,88.8,3658980,45324110,88.7,88.9,65
2026-10-07 11:55:18,22689.2,2026-10-13,22350.0,PE,44601,41.95,1931670,19283160,41.85,41.95,65
2026-10-07 11:55:18,22689.2,2026-10-13,23050.0,PE,44645,380.25,82290,248365,380.95,382.0,65
2026-10-07 11:55:18,22689.2,2026-10-13,22350.0,CE,44600,389.7,108875,479440,388.0,389.2,65
2026-10-07 11:55:18,22689.2,2026-10-13,22450.0,CE,44608,309.1,189605,2165345,307.7,308.55,65
2026-10-07 11:55:18,22689.2,2026-10-13,23100.0,PE,44647,424.1,359580,426465,423.3,424.4,65
2026-10-07 11:55:18,22689.2,2026-10-13,22400.0,CE,44602,347.3,647725,3711110,347.35,348.35,65
2026-10-07 11:55:18,22689.2,2026-10-13,23100.0,CE,44646,22.45,5456880,32180135,22.35,22.45,65
2026-10-07 11:55:18,22689.2,2026-10-13,23150.0,PE,44649,470.0,28535,64090,468.15,469.7,65
2026-10-07 11:55:18,22689.2,2026-10-13,23150.0,CE,44648,16.9,1872650,15040870,16.9,16.95,65
2026-10-07 11:55:18,22689.2,2026-10-13,22400.0,PE,44604,50.7,5464160,45167785,50.7,50.9,65
2026-10-07 11:55:18,22689.2,2026-10-13,22300.0,PE,44599,34.35,4710680,34948095,34.35,34.45,65
2026-10-07 11:55:18,22689.2,2026-10-13,23000.0,CE,44632,38.65,8960250,61068930,38.65,38.75,65
2026-10-07 11:55:18,22689.2,2026-10-13,22300.0,CE,44598,431.3,279435,1394445,430.2,431.55,65
2026-10-07 11:55:18,22689.2,2026-10-13,22950.0,PE,44631,301.0,275860,727740,301.0,301.8,65
2026-10-07 11:55:18,22689.2,2026-10-13,23000.0,PE,44633,341.2,1518530,3465605,339.8,340.75,65
2026-10-07 11:55:18,22689.2,2026-10-13,22200.0,PE,44595,23.45,6771635,35397570,23.35,23.45,65
2026-10-07 11:55:18,22689.2,2026-10-13,22250.0,PE,44597,28.35,1769690,17307875,28.35,28.4,65
2026-10-07 11:55:18,22689.2,2026-10-13,22950.0,CE,44630,49.85,2079805,22719515,49.75,49.95,65
2026-10-07 11:55:18,22689.2,2026-10-13,22250.0,CE,44596,477.0,59995,122590,474.5,476.15,65
2026-10-07 11:55:18,22689.2,2026-10-13,23050.0,CE,44636,29.5,1715480,17700215,29.55,29.6,65
2026-10-07 11:55:18,22689.2,2026-10-13,22150.0,PE,44591,19.3,1329055,12334725,19.3,19.4,65
2026-10-07 11:55:18,22689.2,2026-10-13,22200.0,CE,44592,520.85,353015,568425,519.2,520.5,65
2026-10-07 12:00:25,22687.3,2026-10-13,22700.0,PE,44621,148.6,8488025,82227275,148.7,148.95,65
2026-10-07 12:00:25,22687.3,2026-10-13,22700.0,CE,44620,145.45,9339265,117891345,145.15,145.45,65
2026-10-07 12:00:25,22687.3,2026-10-13,22750.0,PE,44623,173.9,1514890,17340245,173.8,174.0,65
2026-10-07 12:00:25,22687.3,2026-10-13,22750.0,CE,44622,120.8,3890640,49338510,120.8,121.05,65
2026-10-07 12:00:25,22687.3,2026-10-13,22100.0,CE,44584,610.8,95875,112905,610.65,612.65,65
2026-10-07 12:00:25,22687.3,2026-10-13,22150.0,CE,44586,567.5,27170,64480,565.25,566.9,65
2026-10-07 12:00:25,22687.3,2026-10-13,22100.0,PE,44585,16.05,4115280,20926750,16.05,16.15,65
2026-10-07 12:00:25,22687.3,2026-10-13,22900.0,PE,44629,266.7,1011595,3832140,266.15,266.8,65
2026-10-07 12:00:25,22687.3,2026-10-13,22900.0,CE,44628,63.7,4364035,49361000,63.55,63.75,65
2026-10-07 12:00:25,22687.3,2026-10-13,22800.0,PE,44625,201.9,2708875,19513130,201.5,202.0,65
2026-10-07 12:00:25,22687.3,2026-10-13,22800.0,CE,44624,98.75,8735090,84210100,98.5,98.75,65
2026-10-07 12:00:25,22687.3,2026-10-13,22850.0,PE,44627,231.4,420615,3077230,232.55,233.0,65
2026-10-07 12:00:25,22687.3,2026-10-13,22850.0,CE,44626,79.75,2438215,30689945,79.8,80.0,65
2026-10-07 12:00:25,22687.3,2026-10-13,23250.0,CE,44654,9.7,2280005,13927875,9.65,9.7,65
2026-10-07 12:00:25,22687.3,2026-10-13,23200.0,PE,44653,513.25,285610,261950,514.75,516.25,65
2026-10-07 12:00:25,22687.3,2026-10-13,22500.0,CE,44612,270.2,2294630,19502665,270.4,271.05,65
2026-10-07 12:00:25,22687.3,2026-10-13,23300.0,CE,44656,7.3,4832230,23701145,7.3,7.35,65
2026-10-07 12:00:25,22687.3,2026-10-13,23250.0,PE,44655,558.0,197730,93730,559.15,562.1,65
2026-10-07 12:00:25,22687.3,2026-10-13,22450.0,PE,44611,62.0,2639000,36117575,61.95,62.1,65
2026-10-07 12:00:25,22687.3,2026-10-13,23200.0,CE,44650,12.7,6371690,29753620,12.7,12.8,65
2026-10-07 12:00:25,22687.3,2026-10-13,22650.0,CE,44618,173.0,3377270,74910810,173.1,173.5,65
2026-10-07 12:00:25,22687.3,2026-10-13,22600.0,PE,44617,106.5,11020620,134133155,106.5,106.8,65
2026-10-07 12:00:25,22687.3,2026-10-13,22650.0,PE,44619,126.2,4912375,74251775,126.15,126.45,65
2026-10-07 12:00:25,22687.3,2026-10-13,22550.0,CE,44614,235.95,737100,16255720,235.95,236.45,65
2026-10-07 12:00:25,22687.3,2026-10-13,23300.0,PE,44657,614.0,240175,69290,607.85,610.0,65
2026-10-07 12:00:25,22687.3,2026-10-13,22500.0,PE,44613,74.55,8406580,74208615,74.4,74.55,65
2026-10-07 12:00:25,22687.3,2026-10-13,22600.0,CE,44616,202.75,5349565,97667960,202.75,203.2,65
2026-10-07 12:00:25,22687.3,2026-10-13,22550.0,PE,44615,89.5,3706105,45747520,89.3,89.5,65
2026-10-07 12:00:25,22687.3,2026-10-13,22350.0,PE,44601,42.05,1958710,19492200,42.1,42.25,65
2026-10-07 12:00:25,22687.3,2026-10-13,23050.0,PE,44645,377.3,82940,250250,381.25,382.35,65
2026-10-07 12:00:25,22687.3,2026-10-13,22350.0,CE,44600,390.0,109200,480545,388.4,389.55,65
2026-10-07 12:00:25,22687.3,2026-10-13,22450.0,CE,44608,307.95,189475,2173145,308.0,308.8,65
2026-10-07 12:00:25,22687.3,2026-10-13,23100.0,PE,44647,423.05,360620,429455,424.1,425.25,65
2026-10-07 12:00:25,22687.3,2026-10-13,22400.0,CE,44602,347.55,672750,3802695,347.2,348.1,65
2026-10-07 12:00:25,22687.3,2026-10-13,23100.0,CE,44646,22.4,5458895,32557395,22.4,22.5,65
2026-10-07 12:00:25,22687.3,2026-10-13,23150.0,PE,44649,469.4,28535,64155,468.4,470.15,65
2026-10-07 12:00:25,22687.3,2026-10-13,23150.0,CE,44648,16.9,1870765,15261350,16.9,17.0,65
2026-10-07 12:00:25,22687.3,2026-10-13,22400.0,PE,44604,51.15,5456555,45680050,51.15,51.3,65
2026-10-07 12:00:25,22687.3,2026-10-13,22300.0,PE,44599,34.7,4746365,35237540,34.65,34.75,65
2026-10-07 12:00:25,22687.3,2026-10-13,23000.0,CE,44632,38.75,8940815,61926800,38.85,38.95,65
2026-10-07 12:00:25,22687.3,2026-10-13,22300.0,CE,44598,431.55,280280,1408160,430.45,431.7,65
2026-10-07 12:00:25,22687.3,2026-10-13,22950.0,PE,44631,300.8,275730,741455,301.95,302.75,65
2026-10-07 12:00:25,22687.3,2026-10-13,23000.0,PE,44633,341.35,1522430,3492320,340.65,341.5,65
2026-10-07 12:00:25,22687.3,2026-10-13,22200.0,PE,44595,23.6,6776120,35698130,23.55,23.6,65
2026-10-07 12:00:25,22687.3,2026-10-13,22250.0,PE,44597,28.7,1772095,17422275,28.6,28.7,65
2026-10-07 12:00:25,22687.3,2026-10-13,22950.0,CE,44630,49.9,2078440,23079420,49.8,49.95,65
2026-10-07 12:00:25,22687.3,2026-10-13,22250.0,CE,44596,477.7,60125,122915,474.4,475.85,65
2026-10-07 12:00:25,22687.3,2026-10-13,23050.0,CE,44636,29.8,1727310,17906395,29.7,29.8,65
2026-10-07 12:00:25,22687.3,2026-10-13,22150.0,PE,44591,19.5,1324310,12476035,19.45,19.55,65
2026-10-07 12:00:25,22687.3,2026-10-13,22200.0,CE,44592,521.55,352820,570245,519.0,520.4,65
2026-10-07 12:05:55,22711.7,2026-10-13,22700.0,PE,44621,134.9,8704930,85717970,134.6,134.8,65
2026-10-07 12:05:55,22711.7,2026-10-13,22700.0,CE,44620,160.55,9066720,123639100,160.25,160.6,65
2026-10-07 12:05:55,22711.7,2026-10-13,22750.0,PE,44623,158.5,1600885,18066555,158.0,158.35,65
2026-10-07 12:05:55,22711.7,2026-10-13,22750.0,CE,44622,134.25,3859895,52260065,134.1,134.4,65
2026-10-07 12:05:55,22711.7,2026-10-13,22100.0,CE,44584,636.7,96265,114660,638.4,640.7,65
2026-10-07 12:05:55,22711.7,2026-10-13,22150.0,CE,44586,592.6,27820,65455,590.95,593.2,65
2026-10-07 12:05:55,22711.7,2026-10-13,22100.0,PE,44585,14.9,4127500,21435505,14.85,14.9,65
2026-10-07 12:05:55,22711.7,2026-10-13,22900.0,PE,44629,246.05,1027455,3978910,245.45,246.15,65
2026-10-07 12:05:55,22711.7,2026-10-13,22900.0,CE,44628,71.75,4257305,51165790,71.75,71.9,65
2026-10-07 12:05:55,22711.7,2026-10-13,22800.0,PE,44625,184.4,2759705,20229105,184.4,184.55,65
2026-10-07 12:05:55,22711.7,2026-10-13,22800.0,CE,44624,110.25,8778640,87257885,109.85,110.15,65
2026-10-07 12:05:55,22711.7,2026-10-13,22850.0,PE,44627,213.75,450515,3234790,213.75,214.05,65
2026-10-07 12:05:55,22711.7,2026-10-13,22850.0,CE,44626,89.7,2422030,32100705,89.7,89.95,65
2026-10-07 12:05:55,22711.7,2026-10-13,23250.0,CE,44654,10.85,2263690,14381770,10.8,10.85,65
2026-10-07 12:05:55,22711.7,2026-10-13,23200.0,PE,44653,488.6,284765,267475,486.65,488.25,65
2026-10-07 12:05:55,22711.7,2026-10-13,22500.0,CE,44612,291.55,2202395,20143955,291.6,292.35,65
2026-10-07 12:05:55,22711.7,2026-10-13,23300.0,CE,44656,8.2,4803695,24378055,8.1,8.2,65
2026-10-07 12:05:55,22711.7,2026-10-13,23250.0,PE,44655,533.4,197665,95745,533.8,535.95,65
2026-10-07 12:05:55,22711.7,2026-10-13,22450.0,PE,44611,55.55,2617160,36951200,55.4,55.55,65
2026-10-07 12:05:55,22711.7,2026-10-13,23200.0,CE,44650,14.45,6367660,30570995,14.45,14.5,65
2026-10-07 12:05:55,22711.7,2026-10-13,22650.0,CE,44618,189.65,3024710,77394330,189.55,190.0,65
2026-10-07 12:05:55,22711.7,2026-10-13,22600.0,PE,44617,96.0,11049740,137230405,95.7,96.0,65
2026-10-07 12:05:55,22711.7,2026-10-13,22650.0,PE,44619,114.0,4862520,76039080,113.8,114.1,65
2026-10-07 12:05:55,22711.7,2026-10-13,22550.0,CE,44614,255.3,718510,16583645,255.2,255.8,65
2026-10-07 12:05:55,22711.7,2026-10-13,23300.0,PE,44657,582.15,240240,70460,580.35,582.45,65
2026-10-07 12:05:55,22711.7,2026-10-13,22500.0,PE,44613,66.95,8321040,76466390,66.65,66.85,65
2026-10-07 12:05:55,22711.7,2026-10-13,22600.0,CE,44616,220.65,5132790,99906365,220.85,221.4,65
2026-10-07 12:05:55,22711.7,2026-10-13,22550.0,PE,44615,80.15,3502265,46941505,80.15,80.35,65
2026-10-07 12:05:55,22711.7,2026-10-13,22350.0,PE,44601,37.95,1997125,19964035,37.7,37.85,65
2026-10-07 12:05:55,22711.7,2026-10-13,23050.0,PE,44645,357.05,84175,257725,356.7,357.65,65
2026-10-07 12:05:55,22711.7,2026-10-13,22350.0,CE,44600,413.25,108225,491270,412.75,413.95,65
2026-10-07 12:05:55,22711.7,2026-10-13,22450.0,CE,44608,328.6,187460,2217930,330.45,331.35,65
2026-10-07 12:05:55,22711.7,2026-10-13,23100.0,PE,44647,399.55,363675,448500,398.55,399.55,65
2026-10-07 12:05:55,22711.7,2026-10-13,22400.0,CE,44602,370.85,657020,3973060,370.85,371.85,65
2026-10-07 12:05:55,22711.7,2026-10-13,23100.0,CE,44646,25.55,5420220,33773870,25.55,25.65,65
2026-10-07 12:05:55,22711.7,2026-10-13,23150.0,PE,44649,444.4,28665,65455,441.55,443.6,65
2026-10-07 12:05:55,22711.7,2026-10-13,23150.0,CE,44648,19.25,1869400,15845375,19.3,19.35,65
2026-10-07 12:05:55,22711.7,2026-10-13,22400.0,PE,44604,45.7,5413590,46950995,45.7,45.85,65
2026-10-07 12:05:55,22711.7,2026-10-13,22300.0,PE,44599,31.1,4853225,36074545,31.05,31.2,65
2026-10-07 12:05:55,22711.7,2026-10-13,23000.0,CE,44632,44.15,8884785,64162540,44.15,44.25,65
2026-10-07 12:05:55,22711.7,2026-10-13,22300.0,CE,44598,455.0,296530,1459380,455.7,457.15,65
2026-10-07 12:05:55,22711.7,2026-10-13,22950.0,PE,44631,280.55,276640,769665,279.8,280.55,65
2026-10-07 12:05:55,22711.7,2026-10-13,23000.0,PE,44633,318.05,1515020,3638505,317.0,317.85,65
2026-10-07 12:05:55,22711.7,2026-10-13,22200.0,PE,44595,21.3,6742905,36346960,21.3,21.4,65
2026-10-07 12:05:55,22711.7,2026-10-13,22250.0,PE,44597,25.85,1781520,17854395,25.7,25.8,65
2026-10-07 12:05:55,22711.7,2026-10-13,22950.0,CE,44630,56.65,1992770,24076650,56.7,56.85,65
2026-10-07 12:05:55,22711.7,2026-10-13,22250.0,CE,44596,501.95,59475,126750,500.45,502.0,65
2026-10-07 12:05:55,22711.7,2026-10-13,23050.0,CE,44636,33.8,1724710,18741580,33.8,33.95,65
2026-10-07 12:05:55,22711.7,2026-10-13,22150.0,PE,44591,17.7,1356355,12842310,17.7,17.8,65
2026-10-07 12:05:55,22711.7,2026-10-13,22200.0,CE,44592,545.0,353535,579215,545.6,547.15,65
2026-10-07 12:10:22,22695.5,2026-10-13,22700.0,PE,44621,143.85,8836620,88309390,143.25,143.55,65
2026-10-07 12:10:22,22695.5,2026-10-13,22700.0,CE,44620,148.05,9008285,126459515,148.3,148.55,65
2026-10-07 12:10:22,22695.5,2026-10-13,22750.0,PE,44623,168.0,1652950,18766345,168.0,168.3,65
2026-10-07 12:10:22,22695.5,2026-10-13,22750.0,CE,44622,123.35,3905460,53784705,123.1,123.35,65
2026-10-07 12:10:22,22695.5,2026-10-13,22100.0,CE,44584,617.45,96525,115895,617.4,620.6,65
2026-10-07 12:10:22,22695.5,2026-10-13,22150.0,CE,44586,578.0,27885,65845,571.1,573.0,65
2026-10-07 12:10:22,22695.5,2026-10-13,22100.0,PE,44585,15.7,4145245,21669700,15.6,15.7,65
2026-10-07 12:10:22,22695.5,2026-10-13,22900.0,PE,44629,260.0,1020435,4091815,260.0,260.55,65
2026-10-07 12:10:22,22695.5,2026-10-13,22900.0,CE,44628,64.75,4236375,52208650,64.1,64.3,65
2026-10-07 12:10:22,22695.5,2026-10-13,22800.0,PE,44625,195.7,2828020,20849270,196.0,196.2,65
2026-10-07 12:10:22,22695.5,2026-10-13,22800.0,CE,44624,100.15,8732165,89177140,99.9,100.0,65
2026-10-07 12:10:22,22695.5,2026-10-13,22850.0,PE,44627,226.35,456755,3344250,226.55,227.15,65
2026-10-07 12:10:22,22695.5,2026-10-13,22850.0,CE,44626,81.15,2409875,32952920,80.6,80.8,65
2026-10-07 12:10:22,22695.5,2026-10-13,23250.0,CE,44654,9.7,2291510,14732965,9.65,9.7,65
2026-10-07 12:10:22,22695.5,2026-10-13,23200.0,PE,44653,508.45,284440,270010,506.95,508.5,65
2026-10-07 12:10:22,22695.5,2026-10-13,22500.0,CE,44612,275.75,2252250,20495865,274.45,275.15,65
2026-10-07 12:10:22,22695.5,2026-10-13,23300.0,CE,44656,7.3,4741490,24804325,7.25,7.3,65
2026-10-07 12:10:22,22695.5,2026-10-13,23250.0,PE,44655,553.4,197405,96135,553.45,555.65,65
2026-10-07 12:10:22,22695.5,2026-10-13,22450.0,PE,44611,59.55,2777385,37743550,59.6,59.7,65
2026-10-07 12:10:22,22695.5,2026-10-13,23200.0,CE,44650,12.8,6386315,31128760,12.7,12.75,65
2026-10-07 12:10:22,22695.5,2026-10-13,22650.0,CE,44618,176.05,2955745,78453700,176.1,176.5,65
2026-10-07 12:10:22,22695.5,2026-10-13,22600.0,PE,44617,102.25,11190140,139027070,102.25,102.55,65
2026-10-07 12:10:22,22695.5,2026-10-13,22650.0,PE,44619,122.0,4950075,77042680,121.8,121.95,65
2026-10-07 12:10:22,22695.5,2026-10-13,22550.0,CE,44614,240.2,703560,16760835,239.65,240.2,65
2026-10-07 12:10:22,22695.5,2026-10-13,23300.0,PE,44657,602.75,240695,71305,600.2,603.0,65
2026-10-07 12:10:22,22695.5,2026-10-13,22500.0,PE,44613,71.65,8347690,77461280,71.75,71.9,65
2026-10-07 12:10:22,22695.5,2026-10-13,22600.0,CE,44616,207.2,5055180,100934470,206.75,207.2,65
2026-10-07 12:10:22,22695.5,2026-10-13,22550.0,PE,44615,85.9,3601000,47764665,85.9,86.15,65
2026-10-07 12:10:22,22695.5,2026-10-13,22350.0,PE,44601,40.65,2040545,20216495,40.55,40.65,65
2026-10-07 12:10:22,22695.5,2026-10-13,23050.0,PE,44645,376.05,83395,263185,373.85,374.8,65
2026-10-07 12:10:22,22695.5,2026-10-13,22350.0,CE,44600,392.0,108290,495430,394.45,395.5,65
2026-10-07 12:10:22,22695.5,2026-10-13,22450.0,CE,44608,311.55,195585,2237950,312.8,313.6,65
2026-10-07 12:10:22,22695.5,2026-10-13,23100.0,PE,44647,417.75,361855,461760,416.4,417.45,65
2026-10-07 12:10:22,22695.5,2026-10-13,22400.0,CE,44602,353.45,660660,4017845,353.25,353.9,65
2026-10-07 12:10:22,22695.5,2026-10-13,23100.0,CE,44646,22.5,5418270,34369270,22.6,22.65,65
2026-10-07 12:10:22,22695.5,2026-10-13,23150.0,PE,44649,462.15,28535,66885,460.7,462.25,65
2026-10-07 12:10:22,22695.5,2026-10-13,23150.0,CE,44648,17.0,1895400,16149640,17.0,17.1,65
2026-10-07 12:10:22,22695.5,2026-10-13,22400.0,PE,44604,49.25,5466500,47607560,49.05,49.2,65
2026-10-07 12:10:22,22695.5,2026-10-13,22300.0,PE,44599,33.4,4895540,36523630,33.3,33.4,65
2026-10-07 12:10:22,22695.5,2026-10-13,23000.0,CE,44632,39.15,9272120,66097460,39.15,39.2,65
2026-10-07 12:10:22,22695.5,2026-10-13,22300.0,CE,44598,435.15,301990,1471210,436.9,438.1,65
2026-10-07 12:10:22,22695.5,2026-10-13,22950.0,PE,44631,296.7,275925,802165,294.8,295.5,65
2026-10-07 12:10:22,22695.5,2026-10-13,23000.0,PE,44633,334.45,1512160,3696095,333.1,333.85,65
2026-10-07 12:10:22,22695.5,2026-10-13,22200.0,PE,44595,22.85,6722625,36693670,22.75,22.85,65
2026-10-07 12:10:22,22695.5,2026-10-13,22250.0,PE,44597,27.5,1778855,18067725,27.5,27.6,65
2026-10-07 12:10:22,22695.5,2026-10-13,22950.0,CE,44630,50.5,1987050,24614005,50.55,50.7,65
2026-10-07 12:10:22,22695.5,2026-10-13,22250.0,CE,44596,480.95,60450,128830,480.75,482.45,65
2026-10-07 12:10:22,22695.5,2026-10-13,23050.0,CE,44636,29.95,1741870,19175065,29.85,30.0,65
2026-10-07 12:10:22,22695.5,2026-10-13,22150.0,PE,44591,18.85,1312935,13013065,18.85,18.95,65
2026-10-07 12:10:22,22695.5,2026-10-13,22200.0,CE,44592,525.25,354250,586040,525.1,526.4,65
2026-10-07 12:15:17,22677.1,2026-10-13,22700.0,PE,44621,155.85,8603855,93157415,155.6,155.9,65
2026-10-07 12:15:17,22677.1,2026-10-13,22700.0,CE,44620,135.25,9233510,130409565,134.95,135.25,65
2026-10-07 12:15:17,22677.1,2026-10-13,22750.0,PE,44623,182.05,1537185,19723080,181.45,181.9,65
2026-10-07 12:15:17,22677.1,2026-10-13,22750.0,CE,44622,111.35,3910660,55669315,111.4,111.7,65
2026-10-07 12:15:17,22677.1,2026-10-13,22100.0,CE,44584,594.9,96720,116675,594.8,596.8,65
2026-10-07 12:15:17,22677.1,2026-10-13,22150.0,CE,44586,545.2,28015,66105,548.3,549.95,65
2026-10-07 12:15:17,22677.1,2026-10-13,22100.0,PE,44585,16.9,4127240,22139585,16.85,16.95,65
2026-10-07 12:15:17,22677.1,2026-10-13,22900.0,PE,44629,277.2,1015950,4280705,277.1,277.75,65
2026-10-07 12:15:17,22677.1,2026-10-13,22900.0,CE,44628,57.25,4369690,53660425,57.25,57.45,65
2026-10-07 12:15:17,22677.1,2026-10-13,22800.0,PE,44625,211.45,2711800,21932430,210.6,211.15,65
2026-10-07 12:15:17,22677.1,2026-10-13,22800.0,CE,44624,90.15,8778250,91699465,90.25,90.5,65
2026-10-07 12:15:17,22677.1,2026-10-13,22850.0,PE,44627,242.65,448890,3514225,242.7,243.3,65
2026-10-07 12:15:17,22677.1,2026-10-13,22850.0,CE,44626,72.3,2426450,34125520,72.45,72.65,65
2026-10-07 12:15:17,22677.1,2026-10-13,23250.0,CE,44654,8.7,2295605,15160405,8.6,8.7,65
2026-10-07 12:15:17,22677.1,2026-10-13,23200.0,PE,44653,530.0,284050,275470,530.7,532.3,65
2026-10-07 12:15:17,22677.1,2026-10-13,22500.0,CE,44612,256.65,2273375,20875725,256.5,257.15,65
2026-10-07 12:15:17,22677.1,2026-10-13,23300.0,CE,44656,6.6,4751175,25418315,6.55,6.6,65
2026-10-07 12:15:17,22677.1,2026-10-13,23250.0,PE,44655,583.3,197535,96980,575.85,579.65,65
2026-10-07 12:15:17,22677.1,2026-10-13,22450.0,PE,44611,65.25,2704390,38785890,64.8,65.0,65
2026-10-07 12:15:17,22677.1,2026-10-13,23200.0,CE,44650,11.4,6385600,31978765,11.4,11.45,65
2026-10-07 12:15:17,22677.1,2026-10-13,22650.0,CE,44618,161.45,2933645,79865630,161.0,161.45,65
2026-10-07 12:15:17,22677.1,2026-10-13,22600.0,PE,44617,111.8,10841805,142678445,111.8,112.15,65
2026-10-07 12:15:17,22677.1,2026-10-13,22650.0,PE,44619,132.5,4754555,79957865,132.65,132.95,65
2026-10-07 12:15:17,22677.1,2026-10-13,22550.0,CE,44614,223.2,713115,17006405,222.45,222.95,65
2026-10-07 12:15:17,22677.1,2026-10-13,23300.0,PE,44657,629.9,240825,71955,624.5,626.5,65
2026-10-07 12:15:17,22677.1,2026-10-13,22500.0,PE,44613,78.6,8083985,79679990,78.15,78.35,65
2026-10-07 12:15:17,22677.1,2026-10-13,22600.0,CE,44616,190.0,5105880,102435060,190.0,190.45,65
2026-10-07 12:15:17,22677.1,2026-10-13,22550.0,PE,44615,93.65,3487510,49124530,93.7,93.9,65
2026-10-07 12:15:17,22677.1,2026-10-13,22350.0,PE,44601,44.25,2048150,20808060,44.25,44.35,65
2026-10-07 12:15:17,22677.1,2026-10-13,23050.0,PE,44645,395.95,82030,269035,395.4,396.6,65
2026-10-07 12:15:17,22677.1,2026-10-13,22350.0,CE,44600,373.95,109135,501085,372.9,373.95,65
2026-10-07 12:15:17,22677.1,2026-10-13,22450.0,CE,44608,294.45,193765,2272725,293.7,294.6,65
2026-10-07 12:15:17,22677.1,2026-10-13,23100.0,PE,44647,443.95,357630,478530,439.2,440.6,65
2026-10-07 12:15:17,22677.1,2026-10-13,22400.0,CE,44602,332.2,658710,4079335,332.15,333.1,65
2026-10-07 12:15:17,22677.1,2026-10-13,23100.0,CE,44646,20.0,5477355,35363055,19.85,19.95,65
2026-10-07 12:15:17,22677.1,2026-10-13,23150.0,PE,44649,478.15,28405,67405,482.8,486.6,65
2026-10-07 12:15:17,22677.1,2026-10-13,23150.0,CE,44648,15.0,1909700,16497130,15.05,15.15,65
2026-10-07 12:15:17,22677.1,2026-10-13,22400.0,PE,44604,53.75,5494385,49150140,53.75,53.9,65
2026-10-07 12:15:17,22677.1,2026-10-13,22300.0,PE,44599,36.4,4828200,37541790,36.45,36.55,65
2026-10-07 12:15:17,22677.1,2026-10-13,23000.0,CE,44632,34.75,9304100,68235180,34.65,34.75,65
2026-10-07 12:15:17,22677.1,2026-10-13,22300.0,CE,44598,414.7,311025,1502410,414.75,416.0,65
2026-10-07 12:15:17,22677.1,2026-10-13,22950.0,PE,44631,313.15,277030,832845,314.85,315.75,65
2026-10-07 12:15:17,22677.1,2026-10-13,23000.0,PE,44633,354.15,1499680,3813940,354.05,355.0,65
2026-10-07 12:15:17,22677.1,2026-10-13,22200.0,PE,44595,24.7,6725160,37949015,24.7,24.85,65
2026-10-07 12:15:17,22677.1,2026-10-13,22250.0,PE,44597,30.1,1795950,18591040,30.1,30.2,65
2026-10-07 12:15:17,22677.1,2026-10-13,22950.0,CE,44630,44.65,2019680,25556180,44.5,44.7,65
2026-10-07 12:15:17,22677.1,2026-10-13,22250.0,CE,44596,455.05,61035,131105,458.15,459.6,65
2026-10-07 12:15:17,22677.1,2026-10-13,23050.0,CE,44636,26.4,1798810,19787170,26.4,26.45,65
2026-10-07 12:15:17,22677.1,2026-10-13,22150.0,PE,44591,20.5,1309945,13352235,20.4,20.5,65
2026-10-07 12:15:17,22677.1,2026-10-13,22200.0,CE,44592,499.9,351780,597675,502.6,504.1,65
2026-10-07 12:20:29,22669.75,2026-10-13,22700.0,PE,44621,157.8,8847540,96341050,157.4,157.8,65
2026-10-07 12:20:29,22669.75,2026-10-13,22700.0,CE,44620,135.0,9434295,133334565,134.85,135.15,65
2026-10-07 12:20:29,22669.75,2026-10-13,22750.0,PE,44623,184.15,1547910,20393360,183.75,184.15,65
2026-10-07 12:20:29,22669.75,2026-10-13,22750.0,CE,44622,111.45,4050670,57036460,111.25,111.45,65
2026-10-07 12:20:29,22669.75,2026-10-13,22100.0,CE,44584,596.95,96850,117715,592.8,594.3,65
2026-10-07 12:20:29,22669.75,2026-10-13,22050.0,PE,44583,14.85,1414790,13227565,14.75,14.85,65
2026-10-07 12:20:29,22669.75,2026-10-13,22150.0,CE,44586,550.7,28470,67210,548.15,551.0,65
2026-10-07 12:20:29,22669.75,2026-10-13,22100.0,PE,44585,17.65,4145050,22452690,17.65,17.7,65
2026-10-07 12:20:29,22669.75,2026-10-13,22900.0,PE,44629,280.1,995020,4449445,279.25,280.0,65
2026-10-07 12:20:29,22669.75,2026-10-13,22900.0,CE,44628,57.35,4478435,54640170,57.15,57.35,65
2026-10-07 12:20:29,22669.75,2026-10-13,22800.0,PE,44625,213.3,2805790,22615970,212.85,213.3,65
2026-10-07 12:20:29,22669.75,2026-10-13,22800.0,CE,44624,90.1,8885630,93454075,90.05,90.3,65
2026-10-07 12:20:29,22669.75,2026-10-13,22850.0,PE,44627,245.35,453115,3628040,245.4,246.0,65
2026-10-07 12:20:29,22669.75,2026-10-13,22850.0,CE,44626,72.45,2477930,34878350,72.2,72.35,65
2026-10-07 12:20:29,22669.75,2026-10-13,22050.0,CE,44582,644.2,14950,37765,638.7,640.8,65
2026-10-07 12:20:29,22669.75,2026-10-13,23250.0,CE,44654,8.6,2306590,15377440,8.6,8.65,65
2026-10-07 12:20:29,22669.75,2026-10-13,23200.0,PE,44653,530.3,284310,278590,533.5,534.95,65
2026-10-07 12:20:29,22669.75,2026-10-13,22500.0,CE,44612,256.0,2276755,21117785,255.5,256.1,65
2026-10-07 12:20:29,22669.75,2026-10-13,23250.0,PE,44655,585.1,197470,97825,579.0,583.0,65
2026-10-07 12:20:29,22669.75,2026-10-13,22450.0,PE,44611,66.75,2623270,39577785,66.55,66.8,65
2026-10-07 12:20:29,22669.75,2026-10-13,23200.0,CE,44650,11.35,6347120,32686810,11.3,11.35,65
2026-10-07 12:20:29,22669.75,2026-10-13,22650.0,CE,44618,161.65,3011970,81225235,161.3,161.7,65
2026-10-07 12:20:29,22669.75,2026-10-13,22600.0,PE,44617,113.9,11015810,145537210,113.6,113.9,65
2026-10-07 12:20:29,22669.75,2026-10-13,22650.0,PE,44619,134.55,5013320,82079725,134.3,134.65,65
2026-10-07 12:20:29,22669.75,2026-10-13,22550.0,CE,44614,222.75,726245,17227340,222.1,222.65,65
2026-10-07 12:20:29,22669.75,2026-10-13,22500.0,PE,44613,80.15,8197605,81463265,80.15,80.35,65
2026-10-07 12:20:29,22669.75,2026-10-13,22600.0,CE,44616,190.2,5086380,103588095,190.2,190.65,65
2026-10-07 12:20:29,22669.75,2026-10-13,22550.0,PE,44615,95.55,3551470,50225760,95.55,95.8,65
2026-10-07 12:20:29,22669.75,2026-10-13,22350.0,PE,44601,45.8,2041325,21294325,45.65,45.75,65
2026-10-07 12:20:29,22669.75,2026-10-13,23050.0,PE,44645,400.0,81965,274690,397.5,398.8,65
2026-10-07 12:20:29,22669.75,2026-10-13,22350.0,CE,44600,372.55,110760,508950,372.15,373.35,65
2026-10-07 12:20:29,22669.75,2026-10-13,22450.0,CE,44608,296.3,193635,2294500,293.1,294.0,65
2026-10-07 12:20:29,22669.75,2026-10-13,23100.0,PE,44647,439.4,356720,482365,441.15,442.45,65
2026-10-07 12:20:29,22669.75,2026-10-13,22400.0,CE,44602,331.6,665860,4140370,331.75,332.65,65
2026-10-07 12:20:29,22669.75,2026-10-13,23100.0,CE,44646,19.8,5502510,35818900,19.8,19.85,65
2026-10-07 12:20:29,22669.75,2026-10-13,23150.0,PE,44649,488.8,28015,67665,485.5,488.65,65
2026-10-07 12:20:29,22669.75,2026-10-13,23150.0,CE,44648,15.05,1910285,16728595,14.95,15.0,65
2026-10-07 12:20:29,22669.75,2026-10-13,22400.0,PE,44604,55.35,5434325,50039535,55.25,55.4,65
2026-10-07 12:20:29,22669.75,2026-10-13,22300.0,PE,44599,37.65,4838405,38537005,37.65,37.75,65
2026-10-07 12:20:29,22669.75,2026-10-13,23000.0,CE,44632,34.65,9349080,69661020,34.5,34.65,65
2026-10-07 12:20:29,22669.75,2026-10-13,22300.0,CE,44598,416.85,304525,1528410,413.9,415.2,65
2026-10-07 12:20:29,22669.75,2026-10-13,22950.0,PE,44631,317.4,277160,858130,316.4,317.15,65
2026-10-07 12:20:29,22669.75,2026-10-13,23000.0,PE,44633,355.9,1500720,3906500,355.85,356.8,65
2026-10-07 12:20:29,22669.75,2026-10-13,22200.0,PE,44595,25.8,6760130,38648480,25.7,25.8,65
2026-10-07 12:20:29,22669.75,2026-10-13,22250.0,PE,44597,31.25,1812785,18980325,31.15,31.25,65
2026-10-07 12:20:29,22669.75,2026-10-13,22950.0,CE,44630,44.6,2174510,26062725,44.6,44.75,65
2026-10-07 12:20:29,22669.75,2026-10-13,22250.0,CE,44596,461.5,61035,132210,456.0,457.65,65
2026-10-07 12:20:29,22669.75,2026-10-13,23050.0,CE,44636,26.3,1792960,20153900,26.3,26.4,65
2026-10-07 12:20:29,22669.75,2026-10-13,22150.0,PE,44591,21.35,1289470,13667485,21.3,21.4,65
2026-10-07 12:20:29,22669.75,2026-10-13,22200.0,CE,44592,501.7,352170,604565,501.65,503.05,65
2026-10-07 12:25:21,22664.65,2026-10-13,22700.0,PE,44621,159.6,8984690,98240415,159.55,159.95,65
2026-10-07 12:25:21,22664.65,2026-10-13,22700.0,CE,44620,132.2,9483435,134806490,131.9,132.3,65
2026-10-07 12:25:21,22664.65,2026-10-13,22750.0,PE,44623,185.9,1544595,20759180,185.85,186.3,65
2026-10-07 12:25:21,22664.65,2026-10-13,22750.0,CE,44622,108.8,4049760,57788705,108.55,108.8,65
2026-10-07 12:25:21,22664.65,2026-10-13,22100.0,CE,44584,590.0,97435,118040,589.0,590.6,65
2026-10-07 12:25:21,22664.65,2026-10-13,22050.0,PE,44583,15.0,1494415,13521170,14.95,15.05,65
2026-10-07 12:25:21,22664.65,2026-10-13,22150.0,CE,44586,544.8,28535,67535,542.65,544.4,65
2026-10-07 12:25:21,22664.65,2026-10-13,22100.0,PE,44585,17.95,4133285,22742850,17.85,17.9,65
2026-10-07 12:25:21,22664.65,2026-10-13,22900.0,PE,44629,282.3,997100,4505085,282.1,282.85,65
2026-10-07 12:25:21,22664.65,2026-10-13,22900.0,CE,44628,55.45,4526405,55167970,55.5,55.7,65
2026-10-07 12:25:21,22664.65,2026-10-13,22800.0,PE,44625,215.25,2787980,22973860,215.15,215.7,65
2026-10-07 12:25:21,22664.65,2026-10-13,22800.0,CE,44624,87.9,8967985,94384875,87.7,87.9,65
2026-10-07 12:25:21,22664.65,2026-10-13,22850.0,PE,44627,248.4,448045,3672760,247.25,247.8,65
2026-10-07 12:25:21,22664.65,2026-10-13,22850.0,CE,44626,70.3,2525185,35383075,70.55,70.7,65
2026-10-07 12:25:21,22664.65,2026-10-13,22050.0,CE,44582,644.65,14950,37830,635.0,637.8,65
2026-10-07 12:25:21,22664.65,2026-10-13,23250.0,CE,44654,8.3,2306330,15544555,8.3,8.35,65
2026-10-07 12:25:21,22664.65,2026-10-13,23200.0,PE,44653,540.0,284570,280085,536.9,538.65,65
2026-10-07 12:25:21,22664.65,2026-10-13,22500.0,CE,44612,253.25,2289495,21265855,252.95,253.65,65
2026-10-07 12:25:21,22664.65,2026-10-13,23250.0,PE,44655,580.7,197405,98020,583.45,585.45,65
2026-10-07 12:25:21,22664.65,2026-10-13,22450.0,PE,44611,67.95,2653755,40026285,67.7,67.9,65
2026-10-07 12:25:21,22664.65,2026-10-13,23200.0,CE,44650,10.8,6336785,33048470,10.8,10.9,65
2026-10-07 12:25:21,22664.65,2026-10-13,22650.0,CE,44618,158.55,3110510,81986255,158.2,158.55,65
2026-10-07 12:25:21,22664.65,2026-10-13,22600.0,PE,44617,115.25,11160370,147437095,115.2,115.5,65
2026-10-07 12:25:21,22664.65,2026-10-13,22650.0,PE,44619,136.65,5178485,83545800,136.1,136.45,65
2026-10-07 12:25:21,22664.65,2026-10-13,22550.0,CE,44614,218.45,723125,17349410,219.3,219.9,65
2026-10-07 12:25:21,22664.65,2026-10-13,22500.0,PE,44613,81.25,8186100,82733885,81.1,81.35,65
2026-10-07 12:25:21,22664.65,2026-10-13,22600.0,CE,44616,187.4,5135650,104209755,187.2,187.55,65
2026-10-07 12:25:21,22664.65,2026-10-13,22550.0,PE,44615,97.25,3579225,50905010,96.7,96.95,65
2026-10-07 12:25:21,22664.65,2026-10-13,22350.0,PE,44601,46.5,2038010,21601580,46.45,46.6,65
2026-10-07 12:25:21,22664.65,2026-10-13,23050.0,PE,44645,404.8,82290,276770,401.65,402.9,65
2026-10-07 12:25:21,22664.65,2026-10-13,22350.0,CE,44600,366.75,111475,514475,367.9,368.95,65
2026-10-07 12:25:21,22664.65,2026-10-13,22450.0,CE,44608,290.1,194285,2305745,289.3,290.1,65
2026-10-07 12:25:21,22664.65,2026-10-13,23100.0,PE,44647,446.5,357240,484640,445.6,446.6,65
2026-10-07 12:25:21,22664.65,2026-10-13,22400.0,CE,44602,327.6,666575,4171570,327.65,328.55,65
2026-10-07 12:25:21,22664.65,2026-10-13,23100.0,CE,44646,18.95,5483855,36147345,18.95,19.05,65
2026-10-07 12:25:21,22664.65,2026-10-13,23150.0,PE,44649,494.5,28015,67925,489.75,492.6,65
2026-10-07 12:25:21,22664.65,2026-10-13,23150.0,CE,44648,14.45,1908660,16871465,14.4,14.45,65
2026-10-07 12:25:21,22664.65,2026-10-13,22400.0,PE,44604,56.2,5465850,50636950,56.15,56.35,65
2026-10-07 12:25:21,22664.65,2026-10-13,22300.0,PE,44599,38.4,4976855,39008060,38.25,38.4,65
2026-10-07 12:25:21,22664.65,2026-10-13,23000.0,CE,44632,33.25,9391200,70458245,33.35,33.45,65
2026-10-07 12:25:21,22664.65,2026-10-13,22300.0,CE,44598,406.85,304330,1535820,409.85,411.05,65
2026-10-07 12:25:21,22664.65,2026-10-13,22950.0,PE,44631,320.65,281190,874640,319.5,320.25,65
2026-10-07 12:25:21,22664.65,2026-10-13,23000.0,PE,44633,358.95,1500850,3950310,359.5,360.45,65
2026-10-07 12:25:21,22664.65,2026-10-13,22200.0,PE,44595,26.25,6761885,39015925,26.15,26.25,65
2026-10-07 12:25:21,22664.65,2026-10-13,22250.0,PE,44597,31.7,1808755,19210945,31.65,31.8,65
2026-10-07 12:25:21,22664.65,2026-10-13,22950.0,CE,44630,43.1,2201615,26394745,43.1,43.25,65
2026-10-07 12:25:21,22664.65,2026-10-13,22250.0,CE,44596,452.6,61035,132730,453.0,454.8,65
2026-10-07 12:25:21,22664.65,2026-10-13,23050.0,CE,44636,25.35,1793545,20400640,25.25,25.35,65
2026-10-07 12:25:21,22664.65,2026-10-13,22150.0,PE,44591,21.7,1310660,13857610,21.65,21.75,65
2026-10-07 12:25:21,22664.65,2026-10-13,22200.0,CE,44592,495.3,352625,606840,497.5,499.1,65
2026-10-07 12:30:47,22651.65,2026-10-13,22700.0,PE,44621,167.75,8473660,104037635,167.45,167.75,65
2026-10-07 12:30:47,22651.65,2026-10-13,22700.0,CE,44620,124.6,9638980,138093995,124.45,124.7,65
2026-10-07 12:30:47,22651.65,2026-10-13,22750.0,PE,44623,194.55,1424930,21818550,195.05,195.45,65
2026-10-07 12:30:47,22651.65,2026-10-13,22750.0,CE,44622,102.4,4016350,59156045,101.75,102.05,65
2026-10-07 12:30:47,22651.65,2026-10-13,22100.0,CE,44584,571.95,97695,119405,573.95,576.9,65
2026-10-07 12:30:47,22651.65,2026-10-13,22050.0,PE,44583,15.55,1467440,13962715,15.7,15.8,65
2026-10-07 12:30:47,22651.65,2026-10-13,22150.0,CE,44586,524.6,28990,69095,528.35,530.0,65
2026-10-07 12:30:47,22651.65,2026-10-13,22100.0,PE,44585,18.7,4103580,23434060,18.65,18.7,65
2026-10-07 12:30:47,22651.65,2026-10-13,22900.0,PE,44629,293.4,986310,4682405,293.25,294.1,65
2026-10-07 12:30:47,22651.65,2026-10-13,22900.0,CE,44628,51.6,4448275,56485325,51.45,51.65,65
2026-10-07 12:30:47,22651.65,2026-10-13,22800.0,PE,44625,224.9,2638935,24050910,224.95,225.4,65
2026-10-07 12:30:47,22651.65,2026-10-13,22800.0,CE,44624,82.35,8954920,96621655,82.35,82.45,65
2026-10-07 12:30:47,22651.65,2026-10-13,22850.0,PE,44627,258.85,422175,3857165,258.05,258.75,65
2026-10-07 12:30:47,22651.65,2026-10-13,22850.0,CE,44626,65.55,2471300,36246470,65.4,65.6,65
2026-10-07 12:30:47,22651.65,2026-10-13,22050.0,CE,44582,619.2,15210,38220,619.3,621.7,65
2026-10-07 12:30:47,22651.65,2026-10-13,23250.0,CE,44654,7.65,2228330,15923895,7.6,7.7,65
2026-10-07 12:30:47,22651.65,2026-10-13,23200.0,PE,44653,554.0,282165,287495,551.6,553.3,65
2026-10-07 12:30:47,22651.65,2026-10-13,22500.0,CE,44612,241.5,2330445,21668595,241.5,242.05,65
2026-10-07 12:30:47,22651.65,2026-10-13,23250.0,PE,44655,604.65,197470,98735,597.2,602.15,65
2026-10-07 12:30:47,22651.65,2026-10-13,22450.0,PE,44611,71.0,2547155,41552355,71.0,71.1,65
2026-10-07 12:30:47,22651.65,2026-10-13,23200.0,CE,44650,9.85,6534905,34694335,9.9,10.0,65
2026-10-07 12:30:47,22651.65,2026-10-13,22650.0,CE,44618,150.25,3243760,83787990,149.9,150.2,65
2026-10-07 12:30:47,22651.65,2026-10-13,22600.0,PE,44617,121.1,10775440,152813505,121.0,121.2,65
2026-10-07 12:30:47,22651.65,2026-10-13,22650.0,PE,44619,143.0,4953520,88191740,143.0,143.2,65
2026-10-07 12:30:47,22651.65,2026-10-13,22550.0,CE,44614,209.0,733265,17619485,208.6,208.85,65
2026-10-07 12:30:47,22651.65,2026-10-13,22500.0,PE,44613,85.6,7925385,86005660,85.55,85.75,65
2026-10-07 12:30:47,22651.65,2026-10-13,22600.0,CE,44616,178.1,5175430,105777295,177.7,178.05,65
2026-10-07 12:30:47,22651.65,2026-10-13,22550.0,PE,44615,102.0,3456440,52858130,102.0,102.2,65
2026-10-07 12:30:47,22651.65,2026-10-13,22350.0,PE,44601,48.7,2155205,22997780,48.7,48.85,65
2026-10-07 12:30:47,22651.65,2026-10-13,23050.0,PE,44645,420.0,80990,285090,414.75,416.15,65
2026-10-07 12:30:47,22651.65,2026-10-13,22350.0,CE,44600,355.15,110565,528710,354.7,355.8,65
2026-10-07 12:30:47,22651.65,2026-10-13,22450.0,CE,44608,276.85,199745,2353455,278.2,279.1,65
2026-10-07 12:30:47,22651.65,2026-10-13,23100.0,PE,44647,463.85,356850,497705,459.9,461.3,65
2026-10-07 12:30:47,22651.65,2026-10-13,22400.0,CE,44602,316.1,665210,4247815,314.6,315.4,65
2026-10-07 12:30:47,22651.65,2026-10-13,23100.0,CE,44646,17.5,5491395,36937550,17.35,17.45,65
2026-10-07 12:30:47,22651.65,2026-10-13,23150.0,PE,44649,510.35,27755,69225,505.3,507.05,65
2026-10-07 12:30:47,22651.65,2026-10-13,23150.0,CE,44648,13.2,1865955,17276285,13.2,13.25,65
2026-10-07 12:30:47,22651.65,2026-10-13,22400.0,PE,44604,59.05,5218395,52674115,59.6,59.75,65
2026-10-07 12:30:47,22651.65,2026-10-13,22300.0,PE,44599,40.1,4915625,40396980,40.25,40.4,65
2026-10-07 12:30:47,22651.65,2026-10-13,23000.0,CE,44632,30.7,9206860,72610980,30.65,30.75,65
2026-10-07 12:30:47,22651.65,2026-10-13,22300.0,CE,44598,397.35,305825,1571440,396.55,397.65,65
2026-10-07 12:30:47,22651.65,2026-10-13,22950.0,PE,44631,334.95,284050,916500,331.6,332.35,65
2026-10-07 12:30:47,22651.65,2026-10-13,23000.0,PE,44633,372.0,1499875,4062305,371.7,372.95,65
2026-10-07 12:30:47,22651.65,2026-10-13,22200.0,PE,44595,27.35,6778915,40217970,27.3,27.4,65
2026-10-07 12:30:47,22651.65,2026-10-13,22250.0,PE,44597,33.25,1786395,19969170,33.25,33.35,65
2026-10-07 12:30:47,22651.65,2026-10-13,22950.0,CE,44630,39.65,2458040,27769755,39.6,39.7,65
2026-10-07 12:30:47,22651.65,2026-10-13,22250.0,CE,44596,438.9,62270,136890,438.95,440.35,65
2026-10-07 12:30:47,22651.65,2026-10-13,23050.0,CE,44636,23.3,1800955,21054800,23.2,23.3,65
2026-10-07 12:30:47,22651.65,2026-10-13,22150.0,PE,44591,22.7,1311505,14406340,22.65,22.75,65
2026-10-07 12:30:47,22651.65,2026-10-13,22200.0,CE,44592,478.85,352430,620620,483.25,484.6,65
2026-10-07 12:35:24,22661.8,2026-10-13,22700.0,PE,44621,164.05,8202025,106496975,163.7,164.05,65
2026-10-07 12:35:24,22661.8,2026-10-13,22700.0,CE,44620,126.65,10161580,140419435,126.65,127.05,65
2026-10-07 12:35:24,22661.8,2026-10-13,22750.0,PE,44623,191.05,1414075,22269065,190.65,191.1,65
2026-10-07 12:35:24,22661.8,2026-10-13,22750.0,CE,44622,104.0,4179240,60211515,104.0,104.25,65
2026-10-07 12:35:24,22661.8,2026-10-13,22100.0,CE,44584,581.45,97955,120250,579.2,581.05,65
2026-10-07 12:35:24,22661.8,2026-10-13,22050.0,PE,44583,15.45,1458340,14201980,15.45,15.5,65
2026-10-07 12:35:24,22661.8,2026-10-13,22150.0,CE,44586,534.1,28990,70070,533.5,535.05,65
2026-10-07 12:35:24,22661.8,2026-10-13,22100.0,PE,44585,18.45,4122690,23885355,18.4,18.45,65
2026-10-07 12:35:24,22661.8,2026-10-13,22900.0,PE,44629,289.0,984815,4759755,288.65,289.35,65
2026-10-07 12:35:24,22661.8,2026-10-13,22900.0,CE,44628,52.55,4496700,57263700,52.35,52.55,65
2026-10-07 12:35:24,22661.8,2026-10-13,22800.0,PE,44625,220.5,2717325,24559795,220.8,221.3,65
2026-10-07 12:35:24,22661.8,2026-10-13,22800.0,CE,44624,83.65,9060285,98097870,83.65,83.85,65
2026-10-07 12:35:24,22661.8,2026-10-13,22850.0,PE,44627,253.85,409110,3930485,253.4,254.0,65
2026-10-07 12:35:24,22661.8,2026-10-13,22850.0,CE,44626,66.95,2523105,36678070,66.9,67.1,65
2026-10-07 12:35:24,22661.8,2026-10-13,22050.0,CE,44582,619.2,15210,38220,625.6,627.5,65
2026-10-07 12:35:24,22661.8,2026-10-13,23250.0,CE,44654,7.85,2232685,16092960,7.8,7.9,65
2026-10-07 12:35:24,22661.8,2026-10-13,23200.0,PE,44653,547.6,282880,289705,545.9,547.4,65
2026-10-07 12:35:24,22661.8,2026-10-13,22500.0,CE,44612,245.2,2344485,21926450,245.35,245.9,65
2026-10-07 12:35:24,22661.8,2026-10-13,23250.0,PE,44655,594.4,197535,99060,592.2,594.55,65
2026-10-07 12:35:24,22661.8,2026-10-13,22450.0,PE,44611,69.4,2455960,42313635,69.2,69.45,65
2026-10-07 12:35:24,22661.8,2026-10-13,23200.0,CE,44650,10.2,6851650,35090575,10.15,10.2,65
2026-10-07 12:35:24,22661.8,2026-10-13,22650.0,CE,44618,152.85,3614130,85399145,152.35,152.7,65
2026-10-07 12:35:24,22661.8,2026-10-13,22600.0,PE,44617,118.45,10590125,155512045,118.1,118.4,65
2026-10-07 12:35:24,22661.8,2026-10-13,22650.0,PE,44619,140.0,4680195,90415325,139.65,140.0,65
2026-10-07 12:35:24,22661.8,2026-10-13,22550.0,CE,44614,212.2,764920,17828265,211.8,212.3,65
2026-10-07 12:35:24,22661.8,2026-10-13,22500.0,PE,44613,83.5,7579390,88072140,83.2,83.4,65
2026-10-07 12:35:24,22661.8,2026-10-13,22600.0,CE,44616,181.15,5385900,106890485,180.65,181.1,65
2026-10-07 12:35:24,22661.8,2026-10-13,22550.0,PE,44615,99.35,3264365,53940315,99.35,99.65,65
2026-10-07 12:35:24,22661.8,2026-10-13,22350.0,PE,44601,47.65,2173275,23504130,47.45,47.6,65
2026-10-07 12:35:24,22661.8,2026-10-13,23050.0,PE,44645,411.25,81120,290160,409.45,410.7,65
2026-10-07 12:35:24,22661.8,2026-10-13,22350.0,CE,44600,359.55,109460,534755,359.4,360.5,65
2026-10-07 12:35:24,22661.8,2026-10-13,22450.0,CE,44608,282.35,199420,2391415,281.55,282.3,65
2026-10-07 12:35:24,22661.8,2026-10-13,23100.0,PE,44647,454.85,359645,503165,453.7,454.9,65
2026-10-07 12:35:24,22661.8,2026-10-13,22400.0,CE,44602,319.7,667160,4291495,319.7,320.5,65
2026-10-07 12:35:24,22661.8,2026-10-13,23100.0,CE,44646,17.9,5525260,37425505,17.8,17.85,65
2026-10-07 12:35:24,22661.8,2026-10-13,23150.0,PE,44649,501.2,28275,70330,499.5,501.4,65
2026-10-07 12:35:24,22661.8,2026-10-13,23150.0,CE,44648,13.45,1881165,17467385,13.5,13.6,65
2026-10-07 12:35:24,22661.8,2026-10-13,22400.0,PE,44604,57.55,5182385,53686750,57.5,57.7,65
2026-10-07 12:35:24,22661.8,2026-10-13,22300.0,PE,44599,39.35,4831320,41226965,39.3,39.4,65
2026-10-07 12:35:24,22661.8,2026-10-13,23000.0,CE,44632,31.3,9160255,73821020,31.25,31.4,65
2026-10-07 12:35:24,22661.8,2026-10-13,22300.0,CE,44598,400.95,301730,1585480,400.95,402.0,65
2026-10-07 12:35:24,22661.8,2026-10-13,22950.0,PE,44631,327.5,287495,934115,326.55,327.35,65
2026-10-07 12:35:24,22661.8,2026-10-13,23000.0,PE,44633,367.9,1499095,4109040,366.95,368.05,65
2026-10-07 12:35:24,22661.8,2026-10-13,22200.0,PE,44595,26.85,6639165,40878045,26.75,26.85,65
2026-10-07 12:35:24,22661.8,2026-10-13,22250.0,PE,44597,32.45,1799200,20322380,32.35,32.45,65
2026-10-07 12:35:24,22661.8,2026-10-13,22950.0,CE,44630,40.5,3112395,28318160,40.45,40.5,65
2026-10-07 12:35:24,22661.8,2026-10-13,22250.0,CE,44596,446.1,62855,137475,443.7,445.3,65
2026-10-07 12:35:24,22661.8,2026-10-13,23050.0,CE,44636,23.65,1940120,21489650,23.65,23.8,65
2026-10-07 12:35:24,22661.8,2026-10-13,22150.0,PE,44591,22.25,1313520,14748110,22.15,22.2,65
2026-10-07 12:35:24,22661.8,2026-10-13,22200.0,CE,44592,488.4,354315,627835,488.35,489.85,65
2026-10-07 12:40:19,22661.7,2026-10-13,22700.0,PE,44621,161.25,8339825,108300400,161.45,161.7,65
2026-10-07 12:40:19,22661.7,2026-10-13,22700.0,CE,44620,127.6,10332920,142467195,127.5,127.65,65
2026-10-07 12:40:19,22661.7,2026-10-13,22750.0,PE,44623,188.45,1434615,22653865,188.15,188.65,65
2026-10-07 12:40:19,22661.7,2026-10-13,22750.0,CE,44622,104.45,4269200,61091680,104.2,104.45,65
2026-10-07 12:40:19,22661.7,2026-10-13,22100.0,CE,44584,583.85,98085,120835,582.9,584.65,65
2026-10-07 12:40:19,22661.7,2026-10-13,22050.0,PE,44583,15.6,1469520,14387945,15.6,15.7,65
2026-10-07 12:40:19,22661.7,2026-10-13,22150.0,CE,44586,535.3,28925,70525,536.7,538.1,65
2026-10-07 12:40:19,22661.7,2026-10-13,22100.0,PE,44585,18.55,4164355,24232195,18.5,18.55,65
2026-10-07 12:40:19,22661.7,2026-10-13,22900.0,PE,44629,286.25,985660,4815590,285.65,286.35,65
2026-10-07 12:40:19,22661.7,2026-10-13,22900.0,CE,44628,52.5,4527835,57872100,52.35,52.55,65
2026-10-07 12:40:19,22661.7,2026-10-13,22800.0,PE,44625,218.0,2694770,24909495,218.1,218.45,65
2026-10-07 12:40:19,22661.7,2026-10-13,22800.0,CE,44624,84.0,9081540,99425235,84.0,84.2,65
2026-10-07 12:40:19,22661.7,2026-10-13,22850.0,PE,44627,251.1,406965,3988205,250.4,251.0,65
2026-10-07 12:40:19,22661.7,2026-10-13,22850.0,CE,44626,67.1,2556060,37115195,66.95,67.1,65
2026-10-07 12:40:19,22661.7,2026-10-13,22050.0,CE,44582,631.0,15210,38285,629.55,631.3,65
2026-10-07 12:40:19,22661.7,2026-10-13,23250.0,CE,44654,7.75,2290925,16351790,7.65,7.7,65
2026-10-07 12:40:19,22661.7,2026-10-13,23200.0,PE,44653,543.65,282750,291135,542.35,543.9,65
2026-10-07 12:40:19,22661.7,2026-10-13,22500.0,CE,44612,247.45,2347735,22129510,247.0,247.5,65
2026-10-07 12:40:19,22661.7,2026-10-13,23250.0,PE,44655,595.7,197535,99125,589.1,591.85,65
2026-10-07 12:40:19,22661.7,2026-10-13,22450.0,PE,44611,68.2,2483455,42844685,68.15,68.4,65
2026-10-07 12:40:19,22661.7,2026-10-13,23200.0,CE,44650,10.0,6950385,35553765,9.95,10.0,65
2026-10-07 12:40:19,22661.7,2026-10-13,22650.0,CE,44618,153.75,3670940,86651240,153.5,153.8,65
2026-10-07 12:40:19,22661.7,2026-10-13,22600.0,PE,44617,116.6,10657400,157388985,116.35,116.6,65
2026-10-07 12:40:19,22661.7,2026-10-13,22650.0,PE,44619,137.7,4807140,92062685,137.55,137.65,65
2026-10-07 12:40:19,22661.7,2026-10-13,22550.0,CE,44614,213.6,769210,17981210,213.25,213.8,65
2026-10-07 12:40:19,22661.7,2026-10-13,22500.0,PE,44613,81.6,7617870,89370905,81.85,82.0,65
2026-10-07 12:40:19,22661.7,2026-10-13,22600.0,CE,44616,182.0,5437380,107906630,181.95,182.0,65
2026-10-07 12:40:19,22661.7,2026-10-13,22550.0,PE,44615,97.95,3321890,54591615,97.7,97.95,65
2026-10-07 12:40:19,22661.7,2026-10-13,22350.0,PE,44601,46.85,2187965,23782785,46.9,47.05,65
2026-10-07 12:40:19,22661.7,2026-10-13,23050.0,PE,44645,407.3,81445,292500,406.55,407.85,65
2026-10-07 12:40:19,22661.7,2026-10-13,22350.0,CE,44600,362.7,109980,540085,362.0,363.05,65
2026-10-07 12:40:19,22661.7,2026-10-13,22450.0,CE,44608,284.15,192400,2420925,283.45,284.15,65
2026-10-07 12:40:19,22661.7,2026-10-13,23100.0,PE,44647,451.35,358800,505830,450.7,451.7,65
2026-10-07 12:40:19,22661.7,2026-10-13,22400.0,CE,44602,322.7,674180,4330885,322.1,322.7,65
2026-10-07 12:40:19,22661.7,2026-10-13,23100.0,CE,44646,17.6,5561920,37850020,17.6,17.7,65
2026-10-07 12:40:19,22661.7,2026-10-13,23150.0,PE,44649,495.95,28535,70785,495.7,497.85,65
2026-10-07 12:40:19,22661.7,2026-10-13,23150.0,CE,44648,13.35,1880970,17675645,13.3,13.35,65
2026-10-07 12:40:19,22661.7,2026-10-13,22400.0,PE,44604,56.8,5213715,54350400,56.8,57.0,65
2026-10-07 12:40:19,22661.7,2026-10-13,22300.0,PE,44599,38.8,4802980,41814955,38.8,38.9,65
2026-10-07 12:40:19,22661.7,2026-10-13,23000.0,CE,44632,31.2,9288760,74703265,31.15,31.2,65
2026-10-07 12:40:19,22661.7,2026-10-13,22300.0,CE,44598,401.8,294710,1605370,403.95,405.1,65
2026-10-07 12:40:19,22661.7,2026-10-13,22950.0,PE,44631,323.8,285870,946790,323.5,324.4,65
2026-10-07 12:40:19,22661.7,2026-10-13,23000.0,PE,44633,363.7,1516515,4172805,363.65,364.65,65
2026-10-07 12:40:19,22661.7,2026-10-13,22200.0,PE,44595,26.75,6679400,41349685,26.65,26.75,65
2026-10-07 12:40:19,22661.7,2026-10-13,22250.0,PE,44597,32.2,1802385,20547865,32.2,32.3,65
2026-10-07 12:40:19,22661.7,2026-10-13,22950.0,CE,44630,40.4,3136770,28646475,40.35,40.5,65
2026-10-07 12:40:19,22661.7,2026-10-13,22250.0,CE,44596,447.8,62920,138775,446.7,448.0,65
2026-10-07 12:40:19,22661.7,2026-10-13,23050.0,CE,44636,23.6,1963520,21778900,23.5,23.6,65
2026-10-07 12:40:19,22661.7,2026-10-13,22150.0,PE,44591,22.35,1344850,15066610,22.2,22.3,65
2026-10-07 12:40:19,22661.7,2026-10-13,22200.0,CE,44592,492.35,353145,630890,491.25,492.55,65
2026-10-07 12:45:26,22667.7,2026-10-13,22700.0,PE,44621,159.35,8207810,110305260,159.0,159.35,65
2026-10-07 12:45:26,22667.7,2026-10-13,22700.0,CE,44620,128.2,10349040,145135965,128.05,128.4,65
2026-10-07 12:45:26,22667.7,2026-10-13,22750.0,PE,44623,186.4,1465165,23101845,186.1,186.4,65
2026-10-07 12:45:26,22667.7,2026-10-13,22750.0,CE,44622,105.05,4311905,62221575,104.75,105.0,65
2026-10-07 12:45:26,22667.7,2026-10-13,22100.0,CE,44584,594.0,98280,121420,584.25,586.75,65
2026-10-07 12:45:26,22667.7,2026-10-13,22050.0,PE,44583,15.05,1460940,14630590,14.95,15.0,65
2026-10-07 12:45:26,22667.7,2026-10-13,22150.0,CE,44586,548.65,29055,70655,538.3,539.8,65
2026-10-07 12:45:26,22667.7,2026-10-13,22100.0,PE,44585,17.8,4163965,24579945,17.7,17.8,65
2026-10-07 12:45:26,22667.7,2026-10-13,22900.0,PE,44629,284.6,970515,4896515,283.9,284.6,65
2026-10-07 12:45:26,22667.7,2026-10-13,22900.0,CE,44628,52.55,4597710,58705075,52.5,52.65,65
2026-10-07 12:45:26,22667.7,2026-10-13,22800.0,PE,44625,215.95,2686450,25321725,215.25,215.7,65
2026-10-07 12:45:26,22667.7,2026-10-13,22800.0,CE,44624,84.45,9262175,101297820,84.5,84.7,65
2026-10-07 12:45:26,22667.7,2026-10-13,22850.0,PE,44627,248.5,400790,4066725,248.4,249.0,65
2026-10-07 12:45:26,22667.7,2026-10-13,22850.0,CE,44626,67.25,2604095,37747905,67.25,67.35,65
2026-10-07 12:45:26,22667.7,2026-10-13,22050.0,CE,44582,638.45,15275,38480,631.0,633.95,65
2026-10-07 12:45:26,22667.7,2026-10-13,23250.0,CE,44654,7.8,2308800,16560310,7.75,7.8,65
2026-10-07 12:45:26,22667.7,2026-10-13,23200.0,PE,44653,540.0,283010,292825,540.05,541.6,65
2026-10-07 12:45:26,22667.7,2026-10-13,22500.0,CE,44612,248.7,2331290,22408295,247.6,248.25,65
2026-10-07 12:45:26,22667.7,2026-10-13,23250.0,PE,44655,583.8,197470,99190,585.85,589.2,65
2026-10-07 12:45:26,22667.7,2026-10-13,22450.0,PE,44611,66.9,2485795,43551560,66.5,66.7,65
2026-10-07 12:45:26,22667.7,2026-10-13,23200.0,CE,44650,10.1,6986460,35904440,10.1,10.15,65
2026-10-07 12:45:26,22667.7,2026-10-13,22650.0,CE,44618,154.2,3790670,88373350,153.65,153.9,65
2026-10-07 12:45:26,22667.7,2026-10-13,22600.0,PE,44617,114.8,10624380,159357575,114.4,114.7,65
2026-10-07 12:45:26,22667.7,2026-10-13,22650.0,PE,44619,135.85,4735120,94067090,135.55,135.85,65
2026-10-07 12:45:26,22667.7,2026-10-13,22550.0,CE,44614,214.45,782275,18194345,214.0,214.3,65
2026-10-07 12:45:26,22667.7,2026-10-13,22500.0,PE,44613,80.4,7608705,90742925,80.2,80.4,65
2026-10-07 12:45:26,22667.7,2026-10-13,22600.0,CE,44616,182.0,5411445,109263570,182.4,182.8,65
2026-10-07 12:45:26,22667.7,2026-10-13,22550.0,PE,44615,96.3,3266575,55330860,96.25,96.5,65
2026-10-07 12:45:26,22667.7,2026-10-13,22350.0,PE,44601,45.7,2173470,24133330,45.6,45.75,65
2026-10-07 12:45:26,22667.7,2026-10-13,23050.0,PE,44645,398.5,81835,295425,403.8,405.35,65
2026-10-07 12:45:26,22667.7,2026-10-13,22350.0,CE,44600,369.3,109720,545480,363.15,364.4,65
2026-10-07 12:45:26,22667.7,2026-10-13,22450.0,CE,44608,286.0,192400,2445430,284.75,285.6,65
2026-10-07 12:45:26,22667.7,2026-10-13,23100.0,PE,44647,444.5,357435,515775,448.3,449.6,65
2026-10-07 12:45:26,22667.7,2026-10-13,22400.0,CE,44602,325.55,682955,4391010,323.0,323.65,65
2026-10-07 12:45:26,22667.7,2026-10-13,23100.0,CE,44646,17.8,5574465,38451205,17.7,17.75,65
2026-10-07 12:45:26,22667.7,2026-10-13,23150.0,PE,44649,485.15,28470,71045,492.5,495.1,65
2026-10-07 12:45:26,22667.7,2026-10-13,23150.0,CE,44648,13.5,1875185,17835415,13.4,13.5,65
2026-10-07 12:45:26,22667.7,2026-10-13,22400.0,PE,44604,55.55,5225285,55136120,55.4,55.55,65
2026-10-07 12:45:26,22667.7,2026-10-13,22300.0,PE,44599,37.85,4650230,42633825,37.85,38.0,65
2026-10-07 12:45:26,22667.7,2026-10-13,23000.0,CE,44632,31.4,9551685,75995010,31.3,31.35,65
2026-10-07 12:45:26,22667.7,2026-10-13,22300.0,CE,44598,406.6,284115,1628055,405.0,405.9,65
2026-10-07 12:45:26,22667.7,2026-10-13,22950.0,PE,44631,317.85,286455,962585,321.1,322.0,65
2026-10-07 12:45:26,22667.7,2026-10-13,23000.0,PE,44633,361.6,1524055,4206085,361.85,362.5,65
2026-10-07 12:45:26,22667.7,2026-10-13,22200.0,PE,44595,25.95,6661330,41801500,25.85,25.95,65
2026-10-07 12:45:26,22667.7,2026-10-13,22250.0,PE,44597,31.4,1963130,21102575,31.4,31.45,65
2026-10-07 12:45:26,22667.7,2026-10-13,22950.0,CE,44630,40.5,3143725,29075735,40.5,40.55,65
2026-10-07 12:45:26,22667.7,2026-10-13,22250.0,CE,44596,453.0,62920,140790,449.15,450.7,65
2026-10-07 12:45:26,22667.7,2026-10-13,23050.0,CE,44636,23.75,1956110,22076990,23.65,23.75,65
2026-10-07 12:45:26,22667.7,2026-10-13,22150.0,PE,44591,21.45,1304485,15349100,21.4,21.5,65
2026-10-07 12:45:26,22667.7,2026-10-13,22200.0,CE,44592,496.7,349505,636350,492.7,494.15,65
2026-10-07 12:50:21,22654.2,2026-10-13,22700.0,PE,44621,166.5,8416915,112594950,165.9,166.1,65
2026-10-07 12:50:21,22654.2,2026-10-13,22700.0,CE,44620,123.6,10342020,146844945,123.6,123.85,65
2026-10-07 12:50:21,22654.2,2026-10-13,22750.0,PE,44623,193.3,1424475,23547680,193.25,193.7,65
2026-10-07 12:50:21,22654.2,2026-10-13,22750.0,CE,44622,101.1,4256785,62895690,100.85,101.1,65
2026-10-07 12:50:21,22654.2,2026-10-13,22100.0,CE,44584,575.8,98670,122135,575.0,576.25,65
2026-10-07 12:50:21,22654.2,2026-10-13,22050.0,PE,44583,15.95,1462695,14792830,15.95,16.05,65
2026-10-07 12:50:21,22654.2,2026-10-13,22150.0,CE,44586,536.4,29510,71240,529.25,530.75,65
2026-10-07 12:50:21,22654.2,2026-10-13,22100.0,PE,44585,19.0,4213885,24948885,19.0,19.1,65
2026-10-07 12:50:21,22654.2,2026-10-13,22900.0,PE,44629,291.9,981240,4953780,292.1,292.9,65
2026-10-07 12:50:21,22654.2,2026-10-13,22900.0,CE,44628,50.0,4642690,59543380,50.0,50.15,65
2026-10-07 12:50:21,22654.2,2026-10-13,22800.0,PE,44625,223.85,2669875,25772695,223.35,223.85,65
2026-10-07 12:50:21,22654.2,2026-10-13,22800.0,CE,44624,81.0,9187815,102723140,80.8,81.0,65
2026-10-07 12:50:21,22654.2,2026-10-13,22850.0,PE,44627,255.65,407615,4140890,255.95,256.6,65
2026-10-07 12:50:21,22654.2,2026-10-13,22850.0,CE,44626,64.35,2596100,38146290,64.35,64.5,65
2026-10-07 12:50:21,22654.2,2026-10-13,22050.0,CE,44582,621.6,15535,38740,621.95,623.6,65
2026-10-07 12:50:21,22654.2,2026-10-13,23250.0,CE,44654,7.25,2368080,16734510,7.2,7.3,65
2026-10-07 12:50:21,22654.2,2026-10-13,23200.0,PE,44653,549.4,282555,293865,549.4,550.85,65
2026-10-07 12:50:21,22654.2,2026-10-13,22500.0,CE,44612,242.15,2329080,22572550,241.45,242.05,65
2026-10-07 12:50:21,22654.2,2026-10-13,23250.0,PE,44655,583.8,197470,99190,596.15,599.7,65
2026-10-07 12:50:21,22654.2,2026-10-13,22450.0,PE,44611,70.6,2560805,44219890,70.55,70.6,65
2026-10-07 12:50:21,22654.2,2026-10-13,23200.0,CE,44650,9.4,7299500,36758345,9.3,9.4,65
2026-10-07 12:50:21,22654.2,2026-10-13,22650.0,CE,44618,149.1,3746665,89443575,149.1,149.35,65
2026-10-07 12:50:21,22654.2,2026-10-13,22600.0,PE,44617,120.0,10728510,161405335,119.75,120.05,65
2026-10-07 12:50:21,22654.2,2026-10-13,22650.0,PE,44619,141.35,4908540,95955990,141.4,141.75,65
2026-10-07 12:50:21,22654.2,2026-10-13,22550.0,CE,44614,208.4,775775,18342220,207.85,208.4,65
2026-10-07 12:50:21,22654.2,2026-10-13,22500.0,PE,44613,84.5,7702565,92095900,84.3,84.5,65
2026-10-07 12:50:21,22654.2,2026-10-13,22600.0,CE,44616,177.5,5344885,110030635,177.1,177.5,65
2026-10-07 12:50:21,22654.2,2026-10-13,22550.0,PE,44615,101.35,3451175,56196855,101.05,101.35,65
2026-10-07 12:50:21,22654.2,2026-10-13,22350.0,PE,44601,48.5,2194465,24497720,48.35,48.55,65
2026-10-07 12:50:21,22654.2,2026-10-13,23050.0,PE,44645,416.35,82290,298805,413.3,414.6,65
2026-10-07 12:50:21,22654.2,2026-10-13,22350.0,CE,44600,353.1,109720,548210,355.2,356.2,65
2026-10-07 12:50:21,22654.2,2026-10-13,22450.0,CE,44608,279.1,192595,2460965,277.1,277.85,65
2026-10-07 12:50:21,22654.2,2026-10-13,23100.0,PE,44647,458.25,355160,520910,457.8,459.0,65
2026-10-07 12:50:21,22654.2,2026-10-13,22400.0,CE,44602,315.9,681590,4430400,315.15,315.9,65
2026-10-07 12:50:21,22654.2,2026-10-13,23100.0,CE,44646,16.6,5514860,38981345,16.65,16.7,65
2026-10-07 12:50:21,22654.2,2026-10-13,23150.0,PE,44649,497.9,28665,71565,502.25,505.0,65
2026-10-07 12:50:21,22654.2,2026-10-13,23150.0,CE,44648,12.55,2033330,18283785,12.5,12.55,65
2026-10-07 12:50:21,22654.2,2026-10-13,22400.0,PE,44604,58.85,5231655,55864120,58.7,58.9,65
2026-10-07 12:50:21,22654.2,2026-10-13,22300.0,PE,44599,40.15,4673370,43407130,40.05,40.2,65
2026-10-07 12:50:21,22654.2,2026-10-13,23000.0,CE,44632,29.6,9474595,77108980,29.6,29.65,65
2026-10-07 12:50:21,22654.2,2026-10-13,22300.0,CE,44598,398.45,282165,1641445,396.5,397.65,65
2026-10-07 12:50:21,22654.2,2026-10-13,22950.0,PE,44631,330.0,290420,974870,330.0,330.75,65
2026-10-07 12:50:21,22654.2,2026-10-13,23000.0,PE,44633,370.95,1580085,4302610,370.45,371.35,65
2026-10-07 12:50:21,22654.2,2026-10-13,22200.0,PE,44595,27.4,6852170,42433560,27.4,27.55,65
2026-10-07 12:50:21,22654.2,2026-10-13,22250.0,PE,44597,33.25,2012205,21388185,33.15,33.25,65
2026-10-07 12:50:21,22654.2,2026-10-13,22950.0,CE,44630,38.6,3189550,29474380,38.5,38.6,65
2026-10-07 12:50:21,22654.2,2026-10-13,22250.0,CE,44596,440.8,62920,141245,439.6,441.2,65
2026-10-07 12:50:21,22654.2,2026-10-13,23050.0,CE,44636,22.3,1936090,22349990,22.3,22.35,65
2026-10-07 12:50:21,22654.2,2026-10-13,22150.0,PE,44591,22.8,1477580,15883205,22.7,22.8,65
2026-10-07 12:50:21,22654.2,2026-10-13,22200.0,CE,44592,490.0,349895,640640,483.6,485.1,65
2026-10-07 12:55:15,22654.4,2026-10-13,22700.0,PE,44621,164.8,7998705,115570065,164.3,164.5,65
2026-10-07 12:55:15,22654.4,2026-10-13,22700.0,CE,44620,123.5,10402730,149299605,123.7,124.0,65
2026-10-07 12:55:15,22654.4,2026-10-13,22750.0,PE,44623,192.0,1367925,24166025,191.6,192.05,65
2026-10-07 12:55:15,22654.4,2026-10-13,22750.0,CE,44622,100.65,4293965,63934065,101.0,101.25,65
2026-10-07 12:55:15,22654.4,2026-10-13,22100.0,CE,44584,565.0,98605,122395,575.35,577.25,65
2026-10-07 12:55:15,22654.4,2026-10-13,22050.0,PE,44583,15.5,1462175,15009280,15.4,15.5,65
2026-10-07 12:55:15,22654.4,2026-10-13,22150.0,CE,44586,530.3,29315,72150,529.75,531.05,65
2026-10-07 12:55:15,22654.4,2026-10-13,22100.0,PE,44585,18.45,4216355,25494300,18.3,18.4,65
2026-10-07 12:55:15,22654.4,2026-10-13,22900.0,PE,44629,290.9,974610,5050370,290.05,290.8,65
2026-10-07 12:55:15,22654.4,2026-10-13,22900.0,CE,44628,50.6,4644965,60506485,50.45,50.6,65
2026-10-07 12:55:15,22654.4,2026-10-13,22800.0,PE,44625,222.0,2661815,26418665,221.5,222.0,65
2026-10-07 12:55:15,22654.4,2026-10-13,22800.0,CE,44624,81.25,9226620,104687505,81.3,81.5,65
2026-10-07 12:55:15,22654.4,2026-10-13,22850.0,PE,44627,255.15,405990,4220190,254.85,255.4,65
2026-10-07 12:55:15,22654.4,2026-10-13,22850.0,CE,44626,64.75,2624310,38755860,64.5,64.7,65
2026-10-07 12:55:15,22654.4,2026-10-13,22050.0,CE,44582,612.7,15470,38805,622.4,625.15,65
2026-10-07 12:55:15,22654.4,2026-10-13,23250.0,CE,44654,7.35,2339415,16960840,7.3,7.35,65
2026-10-07 12:55:15,22654.4,2026-10-13,23200.0,PE,44653,554.45,282685,296465,548.85,550.45,65
2026-10-07 12:55:15,22654.4,2026-10-13,22500.0,CE,44612,241.8,2357355,22892545,241.5,242.15,65
2026-10-07 12:55:15,22654.4,2026-10-13,23250.0,PE,44655,601.15,197470,99515,595.3,597.9,65
2026-10-07 12:55:15,22654.4,2026-10-13,22450.0,PE,44611,69.5,2499055,45111755,69.15,69.25,65
2026-10-07 12:55:15,22654.4,2026-10-13,23200.0,CE,44650,9.5,7317960,37197485,9.45,9.5,65
2026-10-07 12:55:15,22654.4,2026-10-13,22650.0,CE,44618,148.8,3813030,91017290,149.15,149.45,65
2026-10-07 12:55:15,22654.4,2026-10-13,22600.0,PE,44617,118.45,10511540,164670155,118.3,118.6,65
2026-10-07 12:55:15,22654.4,2026-10-13,22650.0,PE,44619,140.45,4721990,98881120,139.8,140.1,65
2026-10-07 12:55:15,22654.4,2026-10-13,22550.0,CE,44614,208.6,786305,18573685,208.45,209.0,65
2026-10-07 12:55:15,22654.4,2026-10-13,22500.0,PE,44613,83.15,7506980,94236220,83.1,83.35,65
2026-10-07 12:55:15,22654.4,2026-10-13,22600.0,CE,44616,177.3,5415020,111334145,177.1,177.5,65
2026-10-07 12:55:15,22654.4,2026-10-13,22550.0,PE,44615,99.45,3192605,57573815,99.4,99.65,65
2026-10-07 12:55:15,22654.4,2026-10-13,22350.0,PE,44601,47.6,2129335,25023310,47.35,47.5,65
2026-10-07 12:55:15,22654.4,2026-10-13,23050.0,PE,44645,413.0,80080,307905,411.65,412.95,65
2026-10-07 12:55:15,22654.4,2026-10-13,22350.0,CE,44600,356.1,109785,555035,356.1,357.0,65
2026-10-07 12:55:15,22654.4,2026-10-13,22450.0,CE,44608,277.7,195455,2491125,278.1,278.9,65
2026-10-07 12:55:15,22654.4,2026-10-13,23100.0,PE,44647,457.75,356850,527670,456.5,457.65,65
2026-10-07 12:55:15,22654.4,2026-10-13,22400.0,CE,44602,316.6,770250,4615195,316.0,316.75,65
2026-10-07 12:55:15,22654.4,2026-10-13,23100.0,CE,44646,16.8,5514145,39495495,16.8,16.85,65
2026-10-07 12:55:15,22654.4,2026-10-13,23150.0,PE,44649,505.75,28730,72215,501.05,503.9,65
2026-10-07 12:55:15,22654.4,2026-10-13,23150.0,CE,44648,12.7,2043405,18522010,12.6,12.7,65
2026-10-07 12:55:15,22654.4,2026-10-13,22400.0,PE,44604,57.9,5310175,56949750,57.5,57.65,65
2026-10-07 12:55:15,22654.4,2026-10-13,22300.0,PE,44599,39.3,4704830,44314660,39.1,39.25,65
2026-10-07 12:55:15,22654.4,2026-10-13,23000.0,CE,44632,29.9,9531080,78214825,29.75,29.9,65
2026-10-07 12:55:15,22654.4,2026-10-13,22300.0,CE,44598,394.0,281385,1660685,397.25,398.45,65
2026-10-07 12:55:15,22654.4,2026-10-13,22950.0,PE,44631,329.1,294320,998075,328.55,329.5,65
2026-10-07 12:55:15,22654.4,2026-10-13,23000.0,PE,44633,369.25,1582815,4367870,369.05,370.15,65
2026-10-07 12:55:15,22654.4,2026-10-13,22200.0,PE,44595,26.6,7069140,43292535,26.55,26.65,65
2026-10-07 12:55:15,22654.4,2026-10-13,22250.0,PE,44597,32.4,1981785,21732750,32.35,32.5,65
2026-10-07 12:55:15,22654.4,2026-10-13,22950.0,CE,44630,38.85,3217565,29897530,38.7,38.8,65
2026-10-07 12:55:15,22654.4,2026-10-13,22250.0,CE,44596,439.9,63765,143130,440.05,441.9,65
2026-10-07 12:55:15,22654.4,2026-10-13,23050.0,CE,44636,22.4,1935570,22669595,22.5,22.55,65
2026-10-07 12:55:15,22654.4,2026-10-13,22150.0,PE,44591,22.1,1480700,16265275,22.1,22.2,65
2026-10-07 12:55:15,22654.4,2026-10-13,22200.0,CE,44592,481.1,350480,651365,484.85,486.45,65
2026-10-07 13:00:29,22616.4,2026-10-13,22700.0,PE,44621,189.5,7589530,119970695,189.8,190.05,65
2026-10-07 13:00:29,22616.4,2026-10-13,22700.0,CE,44620,107.05,10461685,152557275,106.95,107.25,65
2026-10-07 13:00:29,22616.4,2026-10-13,22750.0,PE,44623,219.6,1322360,25188735,219.35,219.85,65
2026-10-07 13:00:29,22616.4,2026-10-13,22750.0,CE,44622,87.15,4389190,65667940,87.1,87.3,65
2026-10-07 13:00:29,22616.4,2026-10-13,22100.0,CE,44584,538.0,98995,123695,536.95,538.6,65
2026-10-07 13:00:29,22616.4,2026-10-13,22050.0,PE,44583,17.85,1471145,15460315,17.7,17.8,65
2026-10-07 13:00:29,22616.4,2026-10-13,22150.0,CE,44586,497.95,29770,73905,491.85,493.3,65
2026-10-07 13:00:29,22616.4,2026-10-13,22100.0,PE,44585,21.4,4176185,26357175,21.3,21.4,65
2026-10-07 13:00:29,22616.4,2026-10-13,22900.0,PE,44629,326.1,953680,5220930,324.9,325.75,65
2026-10-07 13:00:29,22616.4,2026-10-13,22900.0,CE,44628,43.45,4636450,61788870,43.4,43.45,65
2026-10-07 13:00:29,22616.4,2026-10-13,22800.0,PE,44625,252.75,2559245,27347385,252.55,252.7,65
2026-10-07 13:00:29,22616.4,2026-10-13,22800.0,CE,44624,69.85,9251385,107044080,69.7,69.85,65
2026-10-07 13:00:29,22616.4,2026-10-13,22850.0,PE,44627,287.45,387140,4349085,287.4,288.15,65
2026-10-07 13:00:29,22616.4,2026-10-13,22850.0,CE,44626,55.35,2644590,39670670,55.3,55.5,65
2026-10-07 13:00:29,22616.4,2026-10-13,22050.0,CE,44582,581.05,15730,39130,582.85,584.65,65
2026-10-07 13:00:29,22616.4,2026-10-13,22000.0,PE,44581,14.9,7333690,47927230,14.85,14.95,65
2026-10-07 13:00:29,22616.4,2026-10-13,23200.0,PE,44653,589.25,281905,308360,589.8,591.6,65
2026-10-07 13:00:29,22616.4,2026-10-13,22500.0,CE,44612,214.95,2411110,23394865,214.55,215.0,65
2026-10-07 13:00:29,22616.4,2026-10-13,22450.0,PE,44611,81.95,2423525,46540455,81.7,81.95,65
2026-10-07 13:00:29,22616.4,2026-10-13,23200.0,CE,44650,8.8,7260825,37886420,8.85,8.9,65
2026-10-07 13:00:29,22616.4,2026-10-13,22000.0,CE,44572,629.0,280995,491140,629.55,631.1,65
2026-10-07 13:00:29,22616.4,2026-10-13,22650.0,CE,44618,129.9,3983135,93299245,129.8,129.85,65
2026-10-07 13:00:29,22616.4,2026-10-13,22600.0,PE,44617,138.35,10236980,170526265,138.1,138.45,65
2026-10-07 13:00:29,22616.4,2026-10-13,22650.0,PE,44619,163.05,4376710,103379315,162.55,162.95,65
2026-10-07 13:00:29,22616.4,2026-10-13,22550.0,CE,44614,184.0,853710,18967065,183.65,184.15,65
2026-10-07 13:00:29,22616.4,2026-10-13,22500.0,PE,44613,98.05,7225725,97703905,97.95,98.25,65
2026-10-07 13:00:29,22616.4,2026-10-13,22600.0,CE,44616,155.15,5703100,113576580,155.1,155.55,65
2026-10-07 13:00:29,22616.4,2026-10-13,22550.0,PE,44615,117.0,3050385,59471880,116.75,116.9,65
2026-10-07 13:00:29,22616.4,2026-10-13,22350.0,PE,44601,56.05,2100735,25816635,56.05,56.2,65
2026-10-07 13:00:29,22616.4,2026-10-13,23050.0,PE,44645,452.6,78715,319280,451.05,452.3,65
2026-10-07 13:00:29,22616.4,2026-10-13,22350.0,CE,44600,324.1,114270,572195,322.55,323.55,65
2026-10-07 13:00:29,22616.4,2026-10-13,22450.0,CE,44608,249.0,203970,2547480,248.5,249.2,65
2026-10-07 13:00:29,22616.4,2026-10-13,23100.0,PE,44647,499.15,350090,559585,496.0,497.3,65
2026-10-07 13:00:29,22616.4,2026-10-13,22400.0,CE,44602,285.95,811460,4829175,284.85,285.5,65
2026-10-07 13:00:29,22616.4,2026-10-13,23100.0,CE,44646,15.15,5568810,40445080,15.05,15.15,65
2026-10-07 13:00:29,22616.4,2026-10-13,23150.0,PE,44649,543.3,29445,73840,542.45,544.15,65
2026-10-07 13:00:29,22616.4,2026-10-13,23150.0,CE,44648,11.7,2061020,18974800,11.6,11.65,65
2026-10-07 13:00:29,22616.4,2026-10-13,22400.0,PE,44604,68.15,5188885,58798610,67.9,68.1,65
2026-10-07 13:00:29,22616.4,2026-10-13,22300.0,PE,44599,46.4,4645420,45686485,46.3,46.5,65
2026-10-07 13:00:29,22616.4,2026-10-13,23000.0,CE,44632,26.05,9598355,79854125,26.05,26.15,65
2026-10-07 13:00:29,22616.4,2026-10-13,22300.0,CE,44598,362.6,290030,1723670,362.45,363.5,65
2026-10-07 13:00:29,22616.4,2026-10-13,22950.0,PE,44631,365.0,290940,1030640,365.1,366.05,65
2026-10-07 13:00:29,22616.4,2026-10-13,23000.0,PE,44633,408.5,1581580,4594200,407.7,408.85,65
2026-10-07 13:00:29,22616.4,2026-10-13,22200.0,PE,44595,31.2,7135570,44584215,31.2,31.3,65
2026-10-07 13:00:29,22616.4,2026-10-13,22250.0,PE,44597,38.3,1973790,22330685,38.2,38.3,65
2026-10-07 13:00:29,22616.4,2026-10-13,22950.0,CE,44630,33.55,3278340,30660825,33.5,33.6,65
2026-10-07 13:00:29,22616.4,2026-10-13,22250.0,CE,44596,405.0,64480,145795,404.15,405.4,65
2026-10-07 13:00:29,22616.4,2026-10-13,23050.0,CE,44636,19.85,1966380,23251345,19.85,19.95,65
2026-10-07 13:00:29,22616.4,2026-10-13,22150.0,PE,44591,25.95,1484925,16957200,25.85,25.95,65
2026-10-07 13:00:29,22616.4,2026-10-13,22200.0,CE,44592,447.15,355420,671255,447.5,448.75,65
2026-10-07 13:05:51,22608.5,2026-10-13,22700.0,PE,44621,198.1,7383415,123522360,197.7,198.1,65
2026-10-07 13:05:51,22608.5,2026-10-13,22700.0,CE,44620,105.0,10732670,155494950,104.8,105.05,65
2026-10-07 13:05:51,22608.5,2026-10-13,22750.0,PE,44623,228.9,1243190,25839060,228.95,229.4,65
2026-10-07 13:05:51,22608.5,2026-10-13,22750.0,CE,44622,85.25,4479540,66881425,85.05,85.25,65
2026-10-07 13:05:51,22608.5,2026-10-13,22100.0,CE,44584,532.5,99060,128115,528.1,529.65,65
2026-10-07 13:05:51,22608.5,2026-10-13,22050.0,PE,44583,19.0,1451645,15935010,18.8,18.9,65
2026-10-07 13:05:51,22608.5,2026-10-13,22150.0,CE,44586,481.3,31070,75855,483.1,485.4,65
2026-10-07 13:05:51,22608.5,2026-10-13,22100.0,PE,44585,22.7,4103580,27199510,22.75,22.8,65
2026-10-07 13:05:51,22608.5,2026-10-13,22900.0,PE,44629,335.55,950560,5322850,335.5,336.4,65
2026-10-07 13:05:51,22608.5,2026-10-13,22900.0,CE,44628,42.65,5007080,63044995,42.55,42.65,65
2026-10-07 13:05:51,22608.5,2026-10-13,22800.0,PE,44625,261.9,2474810,28038725,261.4,261.75,65
2026-10-07 13:05:51,22608.5,2026-10-13,22800.0,CE,44624,68.6,9463090,109110430,68.3,68.5,65
2026-10-07 13:05:51,22608.5,2026-10-13,22850.0,PE,44627,298.0,368615,4469270,297.75,298.5,65
2026-10-07 13:05:51,22608.5,2026-10-13,22850.0,CE,44626,54.35,2729415,40416740,54.35,54.45,65
2026-10-07 13:05:51,22608.5,2026-10-13,22050.0,CE,44582,578.65,15730,39390,573.95,576.35,65
2026-10-07 13:05:51,22608.5,2026-10-13,22000.0,PE,44581,15.8,7196670,49504455,15.8,15.85,65
2026-10-07 13:05:51,22608.5,2026-10-13,23200.0,PE,44653,600.0,280540,315250,598.6,600.0,65
2026-10-07 13:05:51,22608.5,2026-10-13,22500.0,CE,44612,209.85,2517320,23942555,209.45,209.85,65
2026-10-07 13:05:51,22608.5,2026-10-13,22450.0,PE,44611,86.95,2303860,48051250,87.05,87.25,65
2026-10-07 13:05:51,22608.5,2026-10-13,23200.0,CE,44650,8.7,7315100,38393030,8.7,8.8,65
2026-10-07 13:05:51,22608.5,2026-10-13,22000.0,CE,44572,623.0,311740,548535,620.0,621.3,65
2026-10-07 13:05:51,22608.5,2026-10-13,22650.0,CE,44618,126.8,4315805,95427930,126.55,126.8,65
2026-10-07 13:05:51,22608.5,2026-10-13,22600.0,PE,44617,145.75,10046660,176639190,145.7,146.0,65
2026-10-07 13:05:51,22608.5,2026-10-13,22650.0,PE,44619,170.65,4102345,107129880,170.6,171.0,65
2026-10-07 13:05:51,22608.5,2026-10-13,22550.0,CE,44614,179.75,914420,19410820,179.45,179.7,65
2026-10-07 13:05:51,22608.5,2026-10-13,22500.0,PE,44613,104.4,7011160,101383880,104.15,104.4,65
2026-10-07 13:05:51,22608.5,2026-10-13,22600.0,CE,44616,151.7,6181630,115987885,151.7,151.9,65
2026-10-07 13:05:51,22608.5,2026-10-13,22550.0,PE,44615,124.0,2943005,61594520,123.65,123.95,65
2026-10-07 13:05:51,22608.5,2026-10-13,22350.0,PE,44601,60.2,1865240,27350570,60.05,60.25,65
2026-10-07 13:05:51,22608.5,2026-10-13,23050.0,PE,44645,457.4,78000,328445,461.9,463.4,65
2026-10-07 13:05:51,22608.5,2026-10-13,22350.0,CE,44600,318.0,115700,584480,315.5,316.6,65
2026-10-07 13:05:51,22608.5,2026-10-13,22450.0,CE,44608,243.75,217555,2616835,243.75,244.05,65
2026-10-07 13:05:51,22608.5,2026-10-13,23100.0,PE,44647,504.9,346775,577590,505.6,507.4,65
2026-10-07 13:05:51,22608.5,2026-10-13,22400.0,CE,44602,279.1,824525,4965545,279.0,279.1,65
2026-10-07 13:05:51,22608.5,2026-10-13,23100.0,CE,44646,14.9,5595720,40973335,14.95,15.0,65
2026-10-07 13:05:51,22608.5,2026-10-13,23150.0,PE,44649,548.85,31265,77480,552.5,554.5,65
2026-10-07 13:05:51,22608.5,2026-10-13,23150.0,CE,44648,11.45,2077790,19334640,11.45,11.55,65
2026-10-07 13:05:51,22608.5,2026-10-13,22400.0,PE,44604,72.95,5058950,61040720,72.85,73.0,65
2026-10-07 13:05:51,22608.5,2026-10-13,22300.0,PE,44599,49.7,4789070,47657350,49.35,49.5,65
2026-10-07 13:05:51,22608.5,2026-10-13,23000.0,CE,44632,25.85,9677850,81213145,25.8,25.9,65
2026-10-07 13:05:51,22608.5,2026-10-13,22300.0,CE,44598,357.45,296530,1748630,356.0,357.0,65
2026-10-07 13:05:51,22608.5,2026-10-13,22950.0,PE,44631,376.0,295165,1058590,375.55,376.6,65
2026-10-07 13:05:51,22608.5,2026-10-13,23000.0,PE,44633,418.0,1552200,4724265,417.3,418.0,65
2026-10-07 13:05:51,22608.5,2026-10-13,22200.0,PE,44595,33.75,7131670,46204080,33.45,33.55,65
2026-10-07 13:05:51,22608.5,2026-10-13,22250.0,PE,44597,41.1,1934270,23157615,41.05,41.2,65
2026-10-07 13:05:51,22608.5,2026-10-13,22950.0,CE,44630,33.0,2861495,31505370,33.05,33.15,65
2026-10-07 13:05:51,22608.5,2026-10-13,22250.0,CE,44596,400.0,64285,148720,395.8,397.1,65
2026-10-07 13:05:51,22608.5,2026-10-13,23050.0,CE,44636,19.7,2021240,23559185,19.6,19.7,65
2026-10-07 13:05:51,22608.5,2026-10-13,22150.0,PE,44591,27.7,1468220,17488510,27.6,27.7,65
2026-10-07 13:05:51,22608.5,2026-10-13,22200.0,CE,44592,442.35,357630,688935,439.6,441.0,65
2026-10-07 13:10:29,22560.1,2026-10-13,22700.0,PE,44621,234.6,6298500,128492390,234.1,234.6,65
2026-10-07 13:10:29,22560.1,2026-10-13,22700.0,CE,44620,90.4,11239670,160337580,90.3,90.4,65
2026-10-07 13:10:29,22560.1,2026-10-13,22750.0,PE,44623,269.0,1092390,26613925,268.4,268.9,65
2026-10-07 13:10:29,22560.1,2026-10-13,22750.0,CE,44622,73.15,4698265,68867695,73.1,73.2,65
2026-10-07 13:10:29,22560.1,2026-10-13,22100.0,CE,44584,491.9,103545,134875,485.25,486.6,65
2026-10-07 13:10:29,22560.1,2026-10-13,22050.0,PE,44583,25.6,1413815,17127240,25.85,25.95,65
2026-10-07 13:10:29,22560.1,2026-10-13,22150.0,CE,44586,448.1,34515,82810,440.45,442.45,65
2026-10-07 13:10:29,22560.1,2026-10-13,22100.0,PE,44585,30.5,4000815,29509155,30.25,30.35,65
2026-10-07 13:10:29,22560.1,2026-10-13,22900.0,PE,44629,380.0,939965,5522010,379.3,380.0,65
2026-10-07 13:10:29,22560.1,2026-10-13,22900.0,CE,44628,36.5,4898725,65803725,36.8,36.9,65
2026-10-07 13:10:29,22560.1,2026-10-13,22800.0,PE,44625,302.4,2309450,28983760,302.6,303.4,65
2026-10-07 13:10:29,22560.1,2026-10-13,22800.0,CE,44624,58.9,9210825,112432515,58.85,59.0,65
2026-10-07 13:10:29,22560.1,2026-10-13,22850.0,PE,44627,343.0,351715,4602910,339.8,340.65,65
2026-10-07 13:10:29,22560.1,2026-10-13,22850.0,CE,44626,46.6,2935335,42122210,46.8,46.95,65
2026-10-07 13:10:29,22560.1,2026-10-13,22050.0,CE,44582,533.0,15860,40170,527.05,528.5,65
2026-10-07 13:10:29,22560.1,2026-10-13,22000.0,PE,44581,21.35,7068490,52212550,21.2,21.3,65
2026-10-07 13:10:29,22560.1,2026-10-13,22500.0,CE,44612,184.15,2760355,25045930,184.65,184.75,65
2026-10-07 13:10:29,22560.1,2026-10-13,22450.0,PE,44611,109.6,2030600,51207455,109.4,109.75,65
2026-10-07 13:10:29,22560.1,2026-10-13,22000.0,CE,44572,575.0,318890,576160,575.0,576.6,65
2026-10-07 13:10:29,22560.1,2026-10-13,22650.0,CE,44618,109.7,4511260,98016230,109.7,110.0,65
2026-10-07 13:10:29,22560.1,2026-10-13,22600.0,PE,44617,177.3,9047545,186921800,175.85,176.0,65
2026-10-07 13:10:29,22560.1,2026-10-13,22650.0,PE,44619,203.9,3228615,111926945,203.85,204.45,65
2026-10-07 13:10:29,22560.1,2026-10-13,22550.0,CE,44614,155.8,1411540,20797140,157.35,157.65,65
2026-10-07 13:10:29,22560.1,2026-10-13,22500.0,PE,44613,129.6,6940765,107774680,128.2,128.45,65
2026-10-07 13:10:29,22560.1,2026-10-13,22600.0,CE,44616,131.45,7260565,120346525,132.1,132.15,65
2026-10-07 13:10:29,22560.1,2026-10-13,22550.0,PE,44615,152.15,2755870,66568580,150.4,150.85,65
2026-10-07 13:10:29,22560.1,2026-10-13,21950.0,PE,44571,17.9,1111110,14370980,17.55,17.6,65
2026-10-07 13:10:29,22560.1,2026-10-13,21950.0,CE,44570,696.1,715,715,617.85,626.65,65
2026-10-07 13:10:29,22560.1,2026-10-13,22350.0,PE,44601,77.65,1785810,29343860,77.35,77.55,65
2026-10-07 13:10:29,22560.1,2026-10-13,23050.0,PE,44645,507.2,79755,338390,509.75,511.25,65
2026-10-07 13:10:29,22560.1,2026-10-13,22350.0,CE,44600,282.05,127985,622635,282.35,283.0,65
2026-10-07 13:10:29,22560.1,2026-10-13,22450.0,CE,44608,214.45,265655,2801435,215.0,215.45,65
2026-10-07 13:10:29,22560.1,2026-10-13,23100.0,PE,44647,550.8,344630,592605,558.6,560.0,65
2026-10-07 13:10:29,22560.1,2026-10-13,22400.0,CE,44602,246.0,848120,5270460,245.75,246.0,65
2026-10-07 13:10:29,22560.1,2026-10-13,23100.0,CE,44646,13.3,5564195,42715205,13.3,13.4,65
2026-10-07 13:10:29,22560.1,2026-10-13,23150.0,PE,44649,598.6,31525,79495,602.55,604.6,65
2026-10-07 13:10:29,22560.1,2026-10-13,23150.0,CE,44648,10.4,2385175,20517120,10.4,10.45,65
2026-10-07 13:10:29,22560.1,2026-10-13,22400.0,PE,44604,92.85,4749940,65361855,92.95,93.0,65
2026-10-07 13:10:29,22560.1,2026-10-13,22300.0,PE,44599,64.4,4166955,50675625,64.5,64.65,65
2026-10-07 13:10:29,22560.1,2026-10-13,23000.0,CE,44632,22.7,9511125,83943405,22.6,22.65,65
2026-10-07 13:10:29,22560.1,2026-10-13,22300.0,CE,44598,319.8,318565,1826890,319.4,320.35,65
2026-10-07 13:10:29,22560.1,2026-10-13,22950.0,PE,44631,416.75,290290,1095640,420.9,422.1,65
2026-10-07 13:10:29,22560.1,2026-10-13,23000.0,PE,44633,465.9,1536340,4971720,465.45,466.8,65
2026-10-07 13:10:29,22560.1,2026-10-13,22200.0,PE,44595,45.2,6901115,49223915,44.2,44.3,65
2026-10-07 13:10:29,22560.1,2026-10-13,22250.0,PE,44597,53.95,1721850,25177230,53.4,53.55,65
2026-10-07 13:10:29,22560.1,2026-10-13,22950.0,CE,44630,28.55,3066050,32582225,28.65,28.75,65
2026-10-07 13:10:29,22560.1,2026-10-13,22250.0,CE,44596,363.75,63700,154895,358.7,359.8,65
2026-10-07 13:10:29,22560.1,2026-10-13,23050.0,CE,44636,17.5,2014935,24639680,17.45,17.5,65
2026-10-07 13:10:29,22560.1,2026-10-13,22150.0,PE,44591,37.25,1407770,18949125,36.65,36.75,65
2026-10-07 13:10:29,22560.1,2026-10-13,22200.0,CE,44592,400.0,371865,732810,400.55,400.9,65
2026-10-07 13:16:00,22575.9,2026-10-13,22700.0,PE,44621,218.5,5858580,130956475,219.3,219.8,65
2026-10-07 13:16:00,22575.9,2026-10-13,22700.0,CE,44620,93.6,11815505,164276450,93.05,93.15,65
2026-10-07 13:16:00,22575.9,2026-10-13,22750.0,PE,44623,250.7,1081600,27124175,250.1,250.5,65
2026-10-07 13:16:00,22575.9,2026-10-13,22750.0,CE,44622,76.1,4835285,70312580,75.9,76.05,65
2026-10-07 13:16:00,22575.9,2026-10-13,22100.0,CE,44584,504.0,104715,140660,501.05,502.45,65
2026-10-07 13:16:00,22575.9,2026-10-13,22050.0,PE,44583,22.4,1461005,18206110,22.45,22.55,65
2026-10-07 13:16:00,22575.9,2026-10-13,22150.0,CE,44586,456.8,34515,84370,456.75,458.5,65
2026-10-07 13:16:00,22575.9,2026-10-13,22100.0,PE,44585,27.05,4097340,31174455,27.05,27.15,65
2026-10-07 13:16:00,22575.9,2026-10-13,22900.0,PE,44629,362.05,936455,5635110,360.85,361.85,65
2026-10-07 13:16:00,22575.9,2026-10-13,22900.0,CE,44628,37.6,5076110,67481180,37.5,37.6,65
2026-10-07 13:16:00,22575.9,2026-10-13,22800.0,PE,44625,285.45,2269670,29608670,284.7,285.4,65
2026-10-07 13:16:00,22575.9,2026-10-13,22800.0,CE,44624,60.6,9102210,115479195,60.6,60.7,65
2026-10-07 13:16:00,22575.9,2026-10-13,22850.0,PE,44627,322.7,339690,4734860,322.8,323.6,65
2026-10-07 13:16:00,22575.9,2026-10-13,22850.0,CE,44626,47.85,2967900,43336995,47.65,47.8,65
2026-10-07 13:16:00,22575.9,2026-10-13,22050.0,CE,44582,547.65,16120,41405,544.45,546.25,65
2026-10-07 13:16:00,22575.9,2026-10-13,22000.0,PE,44581,18.9,7132840,55050255,18.85,18.95,65
2026-10-07 13:16:00,22575.9,2026-10-13,23200.0,PE,44653,631.55,280605,324480,630.0,632.05,65
2026-10-07 13:16:00,22575.9,2026-10-13,22500.0,CE,44612,192.75,2994485,26507195,191.55,192.0,65
2026-10-07 13:16:00,22575.9,2026-10-13,22450.0,PE,44611,99.2,1879540,53638715,99.0,99.25,65
2026-10-07 13:16:00,22575.9,2026-10-13,23200.0,CE,44650,7.9,7358065,40567215,7.85,7.9,65
2026-10-07 13:16:00,22575.9,2026-10-13,22000.0,CE,44572,592.2,320255,595075,590.4,592.0,65
2026-10-07 13:16:00,22575.9,2026-10-13,22650.0,CE,44618,114.1,4806620,100160515,114.05,114.35,65
2026-10-07 13:16:00,22575.9,2026-10-13,22600.0,PE,44617,162.6,9023690,193654175,162.1,162.5,65
2026-10-07 13:16:00,22575.9,2026-10-13,22650.0,PE,44619,188.55,2814435,114016760,188.7,189.1,65
2026-10-07 13:16:00,22575.9,2026-10-13,22550.0,CE,44614,163.65,1947010,22995570,163.55,163.95,65
2026-10-07 13:16:00,22575.9,2026-10-13,22500.0,PE,44613,117.2,6729450,112186815,117.65,117.95,65
2026-10-07 13:16:00,22575.9,2026-10-13,22600.0,CE,44616,137.55,8287240,125564790,137.2,137.55,65
2026-10-07 13:16:00,22575.9,2026-10-13,22550.0,PE,44615,138.7,3027050,70893225,138.35,138.7,65
2026-10-07 13:16:00,22575.9,2026-10-13,22350.0,PE,44601,69.5,1652300,30870905,69.65,69.85,65
2026-10-07 13:16:00,22575.9,2026-10-13,23050.0,PE,44645,491.85,79105,347490,490.55,492.15,65
2026-10-07 13:16:00,22575.9,2026-10-13,22350.0,CE,44600,293.95,139555,677950,292.95,293.8,65
2026-10-07 13:16:00,22575.9,2026-10-13,22450.0,CE,44608,224.4,301015,3061760,223.8,224.3,65
2026-10-07 13:16:00,22575.9,2026-10-13,23100.0,PE,44647,537.25,347100,618540,536.8,538.1,65
2026-10-07 13:16:00,22575.9,2026-10-13,22400.0,CE,44602,257.85,925535,5625750,258.1,258.7,65
2026-10-07 13:16:00,22575.9,2026-10-13,23100.0,CE,44646,13.15,5719610,43969055,13.15,13.2,65
2026-10-07 13:16:00,22575.9,2026-10-13,23150.0,PE,44649,589.4,32695,82745,583.45,585.75,65
2026-10-07 13:16:00,22575.9,2026-10-13,23150.0,CE,44648,10.1,2663570,21328060,10.1,10.15,65
2026-10-07 13:16:00,22575.9,2026-10-13,22400.0,PE,44604,83.25,4675450,69356950,83.0,83.2,65
2026-10-07 13:16:00,22575.9,2026-10-13,22300.0,PE,44599,57.55,3999645,53283035,57.55,57.75,65
2026-10-07 13:16:00,22575.9,2026-10-13,23000.0,CE,44632,22.75,9817860,86252010,22.65,22.75,65
2026-10-07 13:16:00,22575.9,2026-10-13,22300.0,CE,44598,332.4,318955,1924390,332.15,333.15,65
2026-10-07 13:16:00,22575.9,2026-10-13,22950.0,PE,44631,403.2,290030,1127750,402.1,403.05,65
2026-10-07 13:16:00,22575.9,2026-10-13,23000.0,PE,44633,446.9,1525290,5098925,446.0,447.05,65
2026-10-07 13:16:00,22575.9,2026-10-13,22200.0,PE,44595,39.6,6780410,51561185,39.4,39.55,65
2026-10-07 13:16:00,22575.9,2026-10-13,22250.0,PE,44597,47.7,1773460,26538460,47.7,47.85,65
2026-10-07 13:16:00,22575.9,2026-10-13,22950.0,CE,44630,29.1,3183830,33779265,29.1,29.2,65
2026-10-07 13:16:00,22575.9,2026-10-13,22250.0,CE,44596,372.8,62595,163410,372.15,373.3,65
2026-10-07 13:16:00,22575.9,2026-10-13,23050.0,CE,44636,17.3,2052830,25403950,17.3,17.35,65
2026-10-07 13:16:00,22575.9,2026-10-13,22150.0,PE,44591,32.7,1444885,20283250,32.7,32.8,65
2026-10-07 13:16:00,22575.9,2026-10-13,22200.0,CE,44592,414.1,369655,781495,414.0,415.25,65
2026-10-07 13:20:22,22583.8,2026-10-13,22700.0,PE,44621,214.25,5791500,131909635,213.95,214.4,65
2026-10-07 13:20:22,22583.8,2026-10-13,22700.0,CE,44620,95.3,11902345,166279880,95.0,95.3,65
2026-10-07 13:20:22,22583.8,2026-10-13,22750.0,PE,44623,245.6,1071850,27320410,245.5,246.05,65
2026-10-07 13:20:22,22583.8,2026-10-13,22750.0,CE,44622,77.25,4944030,71099535,77.2,77.4,65
2026-10-07 13:20:22,22583.8,2026-10-13,22100.0,CE,44584,503.65,104975,142805,505.35,506.7,65
2026-10-07 13:20:22,22583.8,2026-10-13,22050.0,PE,44583,21.3,1527890,18554965,21.2,21.3,65
2026-10-07 13:20:22,22583.8,2026-10-13,22150.0,CE,44586,468.75,34710,85085,461.05,463.15,65
2026-10-07 13:20:22,22583.8,2026-10-13,22100.0,PE,44585,25.6,4041050,31729815,25.6,25.7,65
2026-10-07 13:20:22,22583.8,2026-10-13,22900.0,PE,44629,355.0,934505,5672615,354.35,355.25,65
2026-10-07 13:20:22,22583.8,2026-10-13,22900.0,CE,44628,38.4,5195515,68383835,38.3,38.45,65
2026-10-07 13:20:22,22583.8,2026-10-13,22800.0,PE,44625,280.0,2277340,29848975,280.15,280.85,65
2026-10-07 13:20:22,22583.8,2026-10-13,22800.0,CE,44624,61.9,9488765,117059605,61.7,61.9,65
2026-10-07 13:20:22,22583.8,2026-10-13,22850.0,PE,44627,316.0,336895,4773405,316.5,317.4,65
2026-10-07 13:20:22,22583.8,2026-10-13,22850.0,CE,44626,49.1,3026205,43935320,48.9,49.05,65
2026-10-07 13:20:22,22583.8,2026-10-13,22050.0,CE,44582,549.7,16380,41990,550.55,552.7,65
2026-10-07 13:20:22,22583.8,2026-10-13,22000.0,PE,44581,17.75,7192510,56062565,17.55,17.65,65
2026-10-07 13:20:22,22583.8,2026-10-13,23200.0,PE,44653,619.9,280410,325520,625.0,626.9,65
2026-10-07 13:20:22,22583.8,2026-10-13,22500.0,CE,44612,195.25,3010605,27218750,194.7,195.0,65
2026-10-07 13:20:22,22583.8,2026-10-13,22450.0,PE,44611,95.9,1949545,54576535,95.65,95.9,65
2026-10-07 13:20:22,22583.8,2026-10-13,23200.0,CE,44650,8.05,7367230,40997645,8.05,8.1,65
2026-10-07 13:20:22,22583.8,2026-10-13,22000.0,CE,44572,597.35,325455,611520,597.0,599.05,65
2026-10-07 13:20:22,22583.8,2026-10-13,22650.0,CE,44618,115.8,4772885,101318360,115.9,116.1,65
2026-10-07 13:20:22,22583.8,2026-10-13,22600.0,PE,44617,158.2,9025575,196552005,157.95,158.2,65
2026-10-07 13:20:22,22583.8,2026-10-13,22650.0,PE,44619,184.9,2647580,114918245,184.45,184.85,65
2026-10-07 13:20:22,22583.8,2026-10-13,22550.0,CE,44614,165.55,2018055,24037780,165.55,165.9,65
2026-10-07 13:20:22,22583.8,2026-10-13,22500.0,PE,44613,113.65,6854705,114353590,113.4,113.7,65
2026-10-07 13:20:22,22583.8,2026-10-13,22600.0,CE,44616,139.7,8635640,128368370,139.2,139.55,65
2026-10-07 13:20:22,22583.8,2026-10-13,22550.0,PE,44615,134.8,3143660,72430280,134.65,135.0,65
2026-10-07 13:20:22,22583.8,2026-10-13,22350.0,PE,44601,66.85,1585350,31572840,66.65,66.85,65
2026-10-07 13:20:22,22583.8,2026-10-13,23050.0,PE,44645,484.4,79040,351585,483.5,484.85,65
2026-10-07 13:20:22,22583.8,2026-10-13,22350.0,CE,44600,299.45,142870,697970,298.4,299.15,65
2026-10-07 13:20:22,22583.8,2026-10-13,22450.0,CE,44608,227.0,301405,3171610,226.35,226.9,65
2026-10-07 13:20:22,22583.8,2026-10-13,23100.0,PE,44647,533.1,347035,625495,530.55,532.15,65
2026-10-07 13:20:22,22583.8,2026-10-13,22400.0,CE,44602,261.7,916045,5751785,260.7,261.35,65
2026-10-07 13:20:22,22583.8,2026-10-13,23100.0,CE,44646,13.4,5938985,44599880,13.4,13.45,65
2026-10-07 13:20:22,22583.8,2026-10-13,23150.0,PE,44649,570.85,32760,83265,578.05,580.0,65
2026-10-07 13:20:22,22583.8,2026-10-13,23150.0,CE,44648,10.4,2697760,21515975,10.35,10.4,65
2026-10-07 13:20:22,22583.8,2026-10-13,22400.0,PE,44604,79.95,4687410,70766475,79.9,80.15,65
2026-10-07 13:20:22,22583.8,2026-10-13,22300.0,PE,44599,55.1,4063020,54299180,55.1,55.25,65
2026-10-07 13:20:22,22583.8,2026-10-13,23000.0,CE,44632,23.25,9997845,87428250,23.2,23.25,65
2026-10-07 13:20:22,22583.8,2026-10-13,22300.0,CE,44598,335.1,322075,1971775,335.5,336.45,65
2026-10-07 13:20:22,22583.8,2026-10-13,22950.0,PE,44631,397.35,297310,1142960,397.05,398.15,65
2026-10-07 13:20:22,22583.8,2026-10-13,23000.0,PE,44633,442.05,1516905,5145790,440.85,442.0,65
2026-10-07 13:20:22,22583.8,2026-10-13,22200.0,PE,44595,37.6,6675110,52589160,37.6,37.7,65
2026-10-07 13:20:22,22583.8,2026-10-13,22250.0,PE,44597,45.5,1776840,27034215,45.45,45.55,65
2026-10-07 13:20:22,22583.8,2026-10-13,22950.0,CE,44630,29.75,3229655,34122855,29.7,29.8,65
2026-10-07 13:20:22,22583.8,2026-10-13,22250.0,CE,44596,373.7,63245,168740,376.05,377.1,65
2026-10-07 13:20:22,22583.8,2026-10-13,23050.0,CE,44636,17.75,2094820,25700285,17.65,17.7,65
2026-10-07 13:20:22,22583.8,2026-10-13,22150.0,PE,44591,31.0,1453660,20746180,30.95,31.05,65
2026-10-07 13:20:22,22583.8,2026-10-13,22200.0,CE,44592,416.15,375050,807430,418.45,419.75,65
2026-10-07 13:25:19,22571.1,2026-10-13,22700.0,PE,44621,223.8,5783895,133110250,223.95,224.5,65
2026-10-07 13:25:19,22571.1,2026-10-13,22700.0,CE,44620,91.65,12007125,167961235,91.45,91.7,65
2026-10-07 13:25:19,22571.1,2026-10-13,22750.0,PE,44623,257.1,1023815,27591395,256.05,256.7,65
2026-10-07 13:25:19,22571.1,2026-10-13,22750.0,CE,44622,74.35,4866030,71877000,74.35,74.5,65
2026-10-07 13:25:19,22571.1,2026-10-13,22100.0,CE,44584,498.6,106275,146640,494.0,495.45,65
2026-10-07 13:25:19,22571.1,2026-10-13,22050.0,PE,44583,23.05,1526980,18878275,23.0,23.1,65
2026-10-07 13:25:19,22571.1,2026-10-13,22150.0,CE,44586,451.7,34515,85800,450.05,451.6,65
2026-10-07 13:25:19,22571.1,2026-10-13,22100.0,PE,44585,27.85,4069260,32396000,27.85,27.95,65
2026-10-07 13:25:19,22571.1,2026-10-13,22900.0,PE,44629,368.8,929825,5733585,368.8,369.4,65
2026-10-07 13:25:19,22571.1,2026-10-13,22900.0,CE,44628,37.05,5358275,69404465,37.05,37.15,65
2026-10-07 13:25:19,22571.1,2026-10-13,22800.0,PE,44625,292.1,2257645,30156295,291.55,292.0,65
2026-10-07 13:25:19,22571.1,2026-10-13,22800.0,CE,44624,59.5,9505990,118376375,59.35,59.5,65
2026-10-07 13:25:19,22571.1,2026-10-13,22850.0,PE,44627,330.25,340990,4819685,329.05,329.85,65
2026-10-07 13:25:19,22571.1,2026-10-13,22850.0,CE,44626,47.05,3056235,44499910,47.05,47.2,65
2026-10-07 13:25:19,22571.1,2026-10-13,22050.0,CE,44582,540.0,16640,42510,539.65,541.15,65
2026-10-07 13:25:19,22571.1,2026-10-13,22000.0,PE,44581,19.35,7260045,57088005,19.3,19.4,65
2026-10-07 13:25:19,22571.1,2026-10-13,22500.0,CE,44612,188.0,3135860,27869465,187.7,188.15,65
2026-10-07 13:25:19,22571.1,2026-10-13,22450.0,PE,44611,102.2,2073760,55850145,102.15,102.4,65
2026-10-07 13:25:19,22571.1,2026-10-13,22000.0,CE,44572,585.05,327600,620230,584.15,585.5,65
2026-10-07 13:25:19,22571.1,2026-10-13,22650.0,CE,44618,111.65,4743960,102409255,111.6,111.75,65
2026-10-07 13:25:19,22571.1,2026-10-13,22600.0,PE,44617,167.35,8752835,200309785,166.95,167.4,65
2026-10-07 13:25:19,22571.1,2026-10-13,22650.0,PE,44619,194.5,2605005,116021100,193.95,194.45,65
2026-10-07 13:25:19,22571.1,2026-10-13,22550.0,CE,44614,159.7,2099890,24832925,159.8,160.0,65
2026-10-07 13:25:19,22571.1,2026-10-13,22500.0,PE,44613,121.05,6870565,116913485,120.85,121.15,65
2026-10-07 13:25:19,22571.1,2026-10-13,22600.0,CE,44616,134.0,8864570,130430235,134.0,134.35,65
2026-10-07 13:25:19,22571.1,2026-10-13,22550.0,PE,44615,142.9,3324425,74808435,142.6,142.95,65
2026-10-07 13:25:19,22571.1,2026-10-13,21950.0,PE,44571,16.15,1231165,16238170,16.05,16.15,65
2026-10-07 13:25:19,22571.1,2026-10-13,21950.0,CE,44570,633.1,780,910,629.0,635.05,65
2026-10-07 13:25:19,22571.1,2026-10-13,22350.0,PE,44601,71.6,1634620,32388850,71.6,71.8,65
2026-10-07 13:25:19,22571.1,2026-10-13,23050.0,PE,44645,499.35,79300,355160,498.45,499.9,65
2026-10-07 13:25:19,22571.1,2026-10-13,22350.0,CE,44600,288.95,145600,714805,288.3,289.05,65
2026-10-07 13:25:19,22571.1,2026-10-13,22450.0,CE,44608,219.4,317980,3275740,219.4,219.5,65
2026-10-07 13:25:19,22571.1,2026-10-13,23100.0,PE,44647,546.45,347035,642980,544.0,545.95,65
2026-10-07 13:25:19,22571.1,2026-10-13,22400.0,CE,44602,252.2,934895,5894915,252.85,253.2,65
2026-10-07 13:25:19,22571.1,2026-10-13,23100.0,CE,44646,13.15,5964660,45328270,13.15,13.2,65
2026-10-07 13:25:19,22571.1,2026-10-13,23150.0,PE,44649,593.1,32825,83785,591.1,593.8,65
2026-10-07 13:25:19,22571.1,2026-10-13,23150.0,CE,44648,10.2,2730390,21754525,10.15,10.25,65
2026-10-07 13:25:19,22571.1,2026-10-13,22400.0,PE,44604,85.9,4760795,72373275,85.5,85.65,65
2026-10-07 13:25:19,22571.1,2026-10-13,22300.0,PE,44599,59.6,4182425,55552705,59.4,59.6,65
2026-10-07 13:25:19,22571.1,2026-10-13,23000.0,CE,44632,22.45,9740055,89013470,22.45,22.55,65
2026-10-07 13:25:19,22571.1,2026-10-13,22300.0,CE,44598,326.0,325000,2016690,326.05,326.95,65
2026-10-07 13:25:19,22571.1,2026-10-13,22950.0,PE,44631,411.25,301730,1159080,410.55,411.6,65
2026-10-07 13:25:19,22571.1,2026-10-13,23000.0,PE,44633,454.95,1506440,5192330,454.05,455.1,65
2026-10-07 13:25:19,22571.1,2026-10-13,22200.0,PE,44595,40.75,6807385,53995955,40.7,40.8,65
2026-10-07 13:25:19,22571.1,2026-10-13,22250.0,PE,44597,49.4,1773395,27518725,49.25,49.4,65
2026-10-07 13:25:19,22571.1,2026-10-13,22950.0,CE,44630,28.65,3243045,34423220,28.7,28.8,65
2026-10-07 13:25:19,22571.1,2026-10-13,22250.0,CE,44596,367.6,65065,171860,365.65,366.85,65
2026-10-07 13:25:19,22571.1,2026-10-13,23050.0,CE,44636,17.25,2112500,26022360,17.2,17.25,65
2026-10-07 13:25:19,22571.1,2026-10-13,22150.0,PE,44591,33.85,1502345,21236215,33.75,33.85,65
2026-10-07 13:25:19,22571.1,2026-10-13,22200.0,CE,44592,407.6,377000,822250,407.2,408.45,65
2026-10-07 13:31:20,22588.7,2026-10-13,22700.0,PE,44621,211.6,5702255,134305990,211.5,212.1,65
2026-10-07 13:31:20,22588.7,2026-10-13,22700.0,CE,44620,95.4,12163645,170448395,95.3,95.6,65
2026-10-07 13:31:20,22588.7,2026-10-13,22750.0,PE,44623,243.25,1015690,27857180,243.35,244.0,65
2026-10-07 13:31:20,22588.7,2026-10-13,22750.0,CE,44622,77.5,4860245,72948330,77.3,77.5,65
2026-10-07 13:31:20,22588.7,2026-10-13,22100.0,CE,44584,511.0,105690,150735,508.1,509.5,65
2026-10-07 13:31:20,22588.7,2026-10-13,22050.0,PE,44583,20.8,1542450,19378905,20.75,20.8,65
2026-10-07 13:31:20,22588.7,2026-10-13,22150.0,CE,44586,470.5,34710,87100,462.85,464.55,65
2026-10-07 13:31:20,22588.7,2026-10-13,22100.0,PE,44585,25.1,4130685,33365280,24.9,25.0,65
2026-10-07 13:31:20,22588.7,2026-10-13,22900.0,PE,44629,354.05,914680,5831605,353.05,354.0,65
2026-10-07 13:31:20,22588.7,2026-10-13,22900.0,CE,44628,38.25,5460585,71274580,38.35,38.5,65
2026-10-07 13:31:20,22588.7,2026-10-13,22800.0,PE,44625,278.0,2246270,30474275,277.0,277.3,65
2026-10-07 13:31:20,22588.7,2026-10-13,22800.0,CE,44624,61.85,10136815,120578835,61.9,62.1,65
2026-10-07 13:31:20,22588.7,2026-10-13,22850.0,PE,44627,314.5,336830,4885920,314.45,315.2,65
2026-10-07 13:31:20,22588.7,2026-10-13,22850.0,CE,44626,49.0,3085355,45113705,48.9,49.05,65
2026-10-07 13:31:20,22588.7,2026-10-13,22050.0,CE,44582,560.35,16640,42900,552.65,554.4,65
2026-10-07 13:31:20,22588.7,2026-10-13,22000.0,PE,44581,17.3,7250555,58680310,17.25,17.35,65
2026-10-07 13:31:20,22588.7,2026-10-13,23200.0,PE,44653,616.3,285415,340665,622.6,624.15,65
2026-10-07 13:31:20,22588.7,2026-10-13,22500.0,CE,44612,195.7,3199755,28897960,195.75,195.85,65
2026-10-07 13:31:20,22588.7,2026-10-13,22450.0,PE,44611,94.2,2049710,57239325,93.75,94.0,65
2026-10-07 13:31:20,22588.7,2026-10-13,23200.0,CE,44650,7.95,7329335,41888925,7.95,8.0,65
2026-10-07 13:31:20,22588.7,2026-10-13,22000.0,CE,44572,601.0,321295,639600,599.0,600.2,65
2026-10-07 13:31:20,22588.7,2026-10-13,22650.0,CE,44618,116.4,4892290,104009685,116.1,116.4,65
2026-10-07 13:31:20,22588.7,2026-10-13,22600.0,PE,44617,156.4,8711300,204125805,156.45,156.55,65
2026-10-07 13:31:20,22588.7,2026-10-13,22650.0,PE,44619,182.75,2597335,117071565,182.5,182.75,65
2026-10-07 13:31:20,22588.7,2026-10-13,22550.0,CE,44614,166.15,2226900,26296010,166.75,167.1,65
2026-10-07 13:31:20,22588.7,2026-10-13,22500.0,PE,44613,112.4,6944925,119554045,112.0,112.35,65
2026-10-07 13:31:20,22588.7,2026-10-13,22600.0,CE,44616,139.6,9096360,133806205,139.55,139.9,65
2026-10-07 13:31:20,22588.7,2026-10-13,22550.0,PE,44615,132.95,3231605,77372620,132.5,132.85,65
2026-10-07 13:31:20,22588.7,2026-10-13,22350.0,PE,44601,65.55,1561690,33365280,65.5,65.7,65
2026-10-07 13:31:20,22588.7,2026-10-13,23050.0,PE,44645,477.85,79885,360230,482.9,484.4,65
2026-10-07 13:31:20,22588.7,2026-10-13,22350.0,CE,44600,298.45,144625,752440,298.2,299.0,65
2026-10-07 13:31:20,22588.7,2026-10-13,22450.0,CE,44608,227.9,331630,3466125,228.1,228.55,65
2026-10-07 13:31:20,22588.7,2026-10-13,23100.0,PE,44647,528.55,346580,647205,528.15,529.65,65
2026-10-07 13:31:20,22588.7,2026-10-13,22400.0,CE,44602,262.85,945880,6101290,261.75,262.35,65
2026-10-07 13:31:20,22588.7,2026-10-13,23100.0,CE,44646,13.4,6115135,45996665,13.35,13.4,65
2026-10-07 13:31:20,22588.7,2026-10-13,23150.0,PE,44649,575.65,33280,85930,574.3,576.5,65
2026-10-07 13:31:20,22588.7,2026-10-13,23150.0,CE,44648,10.25,2977585,22328345,10.25,10.35,65
2026-10-07 13:31:20,22588.7,2026-10-13,22400.0,PE,44604,78.75,4719455,74365200,78.85,79.0,65
2026-10-07 13:31:20,22588.7,2026-10-13,22300.0,PE,44599,54.3,4260490,57265845,54.15,54.35,65
2026-10-07 13:31:20,22588.7,2026-10-13,23000.0,CE,44632,23.1,10026835,90554360,23.1,23.2,65
2026-10-07 13:31:20,22588.7,2026-10-13,22300.0,CE,44598,337.9,339430,2087280,336.8,337.7,65
2026-10-07 13:31:20,22588.7,2026-10-13,22950.0,PE,44631,395.85,298415,1176890,395.2,396.4,65
2026-10-07 13:31:20,22588.7,2026-10-13,23000.0,PE,44633,439.15,1504815,5298345,438.45,439.65,65
2026-10-07 13:31:20,22588.7,2026-10-13,22200.0,PE,44595,37.0,6733610,55414515,36.7,36.85,65
2026-10-07 13:31:20,22588.7,2026-10-13,22250.0,PE,44597,44.9,1792570,28464540,44.75,44.9,65
2026-10-07 13:31:20,22588.7,2026-10-13,22950.0,CE,44630,29.65,3208790,35012640,29.7,29.75,65
2026-10-07 13:31:20,22588.7,2026-10-13,22250.0,CE,44596,380.9,63960,176475,377.2,378.45,65
2026-10-07 13:31:20,22588.7,2026-10-13,23050.0,CE,44636,17.6,2108470,26325585,17.6,17.65,65
2026-10-07 13:31:20,22588.7,2026-10-13,22150.0,PE,44591,30.4,1483625,21902790,30.4,30.5,65
2026-10-07 13:31:20,22588.7,2026-10-13,22200.0,CE,44592,425.0,372645,841230,420.0,421.2,65
2026-10-07 13:35:27,22600.75,2026-10-13,22700.0,PE,44621,196.0,5709665,135078190,196.0,196.25,65
2026-10-07 13:35:27,22600.75,2026-10-13,22700.0,CE,44620,101.1,11875890,172319355,101.1,101.35,65
2026-10-07 13:35:27,22600.75,2026-10-13,22750.0,PE,44623,226.8,1024010,27995955,226.4,226.95,65
2026-10-07 13:35:27,22600.75,2026-10-13,22750.0,CE,44622,81.95,4834440,73538530,82.05,82.25,65
2026-10-07 13:35:27,22600.75,2026-10-13,22100.0,CE,44584,522.0,106470,153140,525.9,527.35,65
2026-10-07 13:35:27,22600.75,2026-10-13,22050.0,PE,44583,18.3,1565135,19642090,18.4,18.45,65
2026-10-07 13:35:27,22600.75,2026-10-13,22150.0,CE,44586,475.95,34775,87685,480.65,482.5,65
2026-10-07 13:35:27,22600.75,2026-10-13,22100.0,PE,44585,22.15,4147325,33776860,22.1,22.2,65
2026-10-07 13:35:27,22600.75,2026-10-13,22900.0,PE,44629,334.95,912275,5860530,334.2,334.9,65
2026-10-07 13:35:27,22600.75,2026-10-13,22900.0,CE,44628,40.5,5359315,72079475,40.45,40.5,65
2026-10-07 13:35:27,22600.75,2026-10-13,22800.0,PE,44625,260.65,2245425,30611425,260.0,260.55,65
2026-10-07 13:35:27,22600.75,2026-10-13,22800.0,CE,44624,65.45,10200970,121893915,65.3,65.45,65
2026-10-07 13:35:27,22600.75,2026-10-13,22850.0,PE,44627,296.0,339950,4913025,295.9,296.6,65
2026-10-07 13:35:27,22600.75,2026-10-13,22850.0,CE,44626,51.8,3037580,45658015,51.65,51.8,65
2026-10-07 13:35:27,22600.75,2026-10-13,22050.0,CE,44582,572.1,16900,43420,572.35,573.9,65
2026-10-07 13:35:27,22600.75,2026-10-13,22000.0,PE,44581,15.4,7341555,59471490,15.4,15.45,65
2026-10-07 13:35:27,22600.75,2026-10-13,23200.0,PE,44653,608.0,292370,352040,601.9,603.5,65
2026-10-07 13:35:27,22600.75,2026-10-13,22500.0,CE,44612,206.0,3208595,29431220,206.05,206.5,65
2026-10-07 13:35:27,22600.75,2026-10-13,22450.0,PE,44611,85.05,2130245,57924230,84.75,85.0,65
2026-10-07 13:35:27,22600.75,2026-10-13,23200.0,CE,44650,8.2,7356960,42298750,8.15,8.2,65
2026-10-07 13:35:27,22600.75,2026-10-13,22000.0,CE,44572,618.0,321360,643955,617.5,618.9,65
2026-10-07 13:35:27,22600.75,2026-10-13,22650.0,CE,44618,123.6,4728165,105091090,123.25,123.55,65
2026-10-07 13:35:27,22600.75,2026-10-13,22600.0,PE,44617,143.0,8865480,206213605,143.0,143.35,65
2026-10-07 13:35:27,22600.75,2026-10-13,22650.0,PE,44619,168.25,2588170,117736775,168.0,168.4,65
2026-10-07 13:35:27,22600.75,2026-10-13,22550.0,CE,44614,176.2,2210260,27230710,175.75,176.2,65
2026-10-07 13:35:27,22600.75,2026-10-13,22500.0,PE,44613,101.25,7098715,120902860,101.25,101.55,65
2026-10-07 13:35:27,22600.75,2026-10-13,22600.0,CE,44616,148.25,8882250,136136715,147.95,148.3,65
2026-10-07 13:35:27,22600.75,2026-10-13,22550.0,PE,44615,121.35,3381625,78574275,120.95,121.25,65
2026-10-07 13:35:27,22600.75,2026-10-13,22350.0,PE,44601,58.55,1603550,33823010,58.35,58.55,65
2026-10-07 13:35:27,22600.75,2026-10-13,23050.0,PE,44645,464.1,79755,363805,461.8,463.25,65
2026-10-07 13:35:27,22600.75,2026-10-13,22350.0,CE,44600,312.6,146510,777920,312.85,313.55,65
2026-10-07 13:35:27,22600.75,2026-10-13,22450.0,CE,44608,239.3,346580,3551015,239.35,239.9,65
2026-10-07 13:35:27,22600.75,2026-10-13,23100.0,PE,44647,509.85,346840,650130,507.0,508.35,65
2026-10-07 13:35:27,22600.75,2026-10-13,22400.0,CE,44602,275.15,936715,6231745,275.1,275.35,65
2026-10-07 13:35:27,22600.75,2026-10-13,23100.0,CE,44646,13.9,6199895,46339085,13.85,13.9,65
2026-10-07 13:35:27,22600.75,2026-10-13,23150.0,PE,44649,560.0,33345,86190,553.1,556.35,65
2026-10-07 13:35:27,22600.75,2026-10-13,23150.0,CE,44648,10.65,2984150,22471345,10.6,10.65,65
2026-10-07 13:35:27,22600.75,2026-10-13,22400.0,PE,44604,70.55,4772625,75265645,70.55,70.65,65
2026-10-07 13:35:27,22600.75,2026-10-13,22300.0,PE,44599,48.15,4323475,58063655,48.15,48.3,65
2026-10-07 13:35:27,22600.75,2026-10-13,23000.0,CE,44632,24.2,9867000,91549965,24.15,24.25,65
2026-10-07 13:35:27,22600.75,2026-10-13,22300.0,CE,44598,352.35,339430,2126995,352.45,353.0,65
2026-10-07 13:35:27,22600.75,2026-10-13,22950.0,PE,44631,377.85,299195,1186185,374.95,376.05,65
2026-10-07 13:35:27,22600.75,2026-10-13,23000.0,PE,44633,418.55,1507220,5339945,417.8,418.75,65
2026-10-07 13:35:27,22600.75,2026-10-13,22200.0,PE,44595,32.8,6785805,56086420,32.6,32.75,65
2026-10-07 13:35:27,22600.75,2026-10-13,22250.0,PE,44597,39.65,1813175,28790580,39.65,39.75,65
2026-10-07 13:35:27,22600.75,2026-10-13,22950.0,CE,44630,31.3,3223220,35285640,31.15,31.25,65
2026-10-07 13:35:27,22600.75,2026-10-13,22250.0,CE,44596,394.85,63635,181870,393.9,394.95,65
2026-10-07 13:35:27,22600.75,2026-10-13,23050.0,CE,44636,18.4,2138500,26526825,18.35,18.4,65
2026-10-07 13:35:27,22600.75,2026-10-13,22150.0,PE,44591,26.9,1490190,22132045,26.9,27.0,65
2026-10-07 13:35:27,22600.75,2026-10-13,22200.0,CE,44592,436.45,371150,855790,436.1,437.4,65
2026-10-07 13:40:23,22596.1,2026-10-13,22700.0,PE,44621,201.75,5703490,135946070,201.75,202.2,65
2026-10-07 13:40:23,22596.1,2026-10-13,22700.0,CE,44620,98.0,11687845,174024890,97.95,98.2,65
2026-10-07 13:40:23,22596.1,2026-10-13,22750.0,PE,44623,233.45,1016470,28139735,232.4,233.0,65
2026-10-07 13:40:23,22596.1,2026-10-13,22750.0,CE,44622,79.8,4826380,74240595,79.5,79.75,65
2026-10-07 13:40:23,22596.1,2026-10-13,22100.0,CE,44584,515.4,106080,156195,517.8,519.25,65
2026-10-07 13:40:23,22596.1,2026-10-13,22050.0,PE,44583,19.2,1567410,19804590,19.2,19.3,65
2026-10-07 13:40:23,22596.1,2026-10-13,22150.0,CE,44586,471.1,35880,91000,473.5,475.2,65
2026-10-07 13:40:23,22596.1,2026-10-13,22100.0,PE,44585,23.35,4161170,34125845,23.25,23.35,65
2026-10-07 13:40:23,22596.1,2026-10-13,22900.0,PE,44629,341.7,915395,5900960,341.85,342.6,65
2026-10-07 13:40:23,22596.1,2026-10-13,22900.0,CE,44628,38.95,5409430,72941050,39.0,39.15,65
2026-10-07 13:40:23,22596.1,2026-10-13,22800.0,PE,44625,267.0,2286635,30828915,266.7,267.35,65
2026-10-07 13:40:23,22596.1,2026-10-13,22800.0,CE,44624,63.3,10298405,123056570,63.05,63.25,65
2026-10-07 13:40:23,22596.1,2026-10-13,22850.0,PE,44627,303.4,341185,4939935,302.45,303.25,65
2026-10-07 13:40:23,22596.1,2026-10-13,22850.0,CE,44626,49.9,3010605,46146230,50.0,50.15,65
2026-10-07 13:40:23,22596.1,2026-10-13,22050.0,CE,44582,564.0,17160,44265,564.5,566.4,65
2026-10-07 13:40:23,22596.1,2026-10-13,22000.0,PE,44581,16.2,7427615,60534110,16.15,16.25,65
2026-10-07 13:40:23,22596.1,2026-10-13,23200.0,PE,44653,610.45,288795,373230,610.1,611.95,65
2026-10-07 13:40:23,22596.1,2026-10-13,22500.0,CE,44612,201.25,3178760,30087070,201.35,201.9,65
2026-10-07 13:40:23,22596.1,2026-10-13,22450.0,PE,44611,88.2,2163590,58781710,88.3,88.5,65
2026-10-07 13:40:23,22596.1,2026-10-13,23200.0,CE,44650,8.0,7363850,42569020,7.95,8.05,65
2026-10-07 13:40:23,22596.1,2026-10-13,22000.0,CE,44572,607.8,321685,651040,609.05,610.5,65
2026-10-07 13:40:23,22596.1,2026-10-13,22650.0,CE,44618,120.0,4843215,106419430,119.6,119.9,65
2026-10-07 13:40:23,22596.1,2026-10-13,22600.0,PE,44617,147.95,8836295,208872690,147.6,147.95,65
2026-10-07 13:40:23,22596.1,2026-10-13,22650.0,PE,44619,173.1,2558075,118620905,173.35,173.8,65
2026-10-07 13:40:23,22596.1,2026-10-13,22550.0,CE,44614,171.8,2102620,28037880,171.5,171.8,65
2026-10-07 13:40:23,22596.1,2026-10-13,22500.0,PE,44613,105.3,7089225,122618990,105.0,105.2,65
2026-10-07 13:40:23,22596.1,2026-10-13,22600.0,CE,44616,144.35,8778120,138517275,143.95,144.35,65
2026-10-07 13:40:23,22596.1,2026-10-13,22550.0,PE,44615,125.45,3389685,79826305,125.1,125.4,65
2026-10-07 13:40:23,22596.1,2026-10-13,22350.0,PE,44601,61.1,1602250,34296405,61.1,61.25,65
2026-10-07 13:40:23,22596.1,2026-10-13,23050.0,PE,44645,474.8,81055,366470,470.6,471.9,65
2026-10-07 13:40:23,22596.1,2026-10-13,22350.0,CE,44600,303.5,143650,798785,306.25,307.1,65
2026-10-07 13:40:23,22596.1,2026-10-13,22450.0,CE,44608,233.85,346645,3661645,234.0,234.5,65
2026-10-07 13:40:23,22596.1,2026-10-13,23100.0,PE,44647,516.05,352105,670215,515.35,516.7,65
2026-10-07 13:40:23,22596.1,2026-10-13,22400.0,CE,44602,269.6,924560,6378775,269.5,270.2,65
2026-10-07 13:40:23,22596.1,2026-10-13,23100.0,CE,44646,13.5,6176625,46736885,13.45,13.5,65
2026-10-07 13:40:23,22596.1,2026-10-13,23150.0,PE,44649,564.4,33930,87100,562.55,564.6,65
2026-10-07 13:40:23,22596.1,2026-10-13,23150.0,CE,44648,10.3,2907450,22781330,10.35,10.4,65
2026-10-07 13:40:23,22596.1,2026-10-13,22400.0,PE,44604,73.5,4827485,76395215,73.35,73.55,65
2026-10-07 13:40:23,22596.1,2026-10-13,22300.0,PE,44599,50.45,4314375,58810570,50.4,50.55,65
2026-10-07 13:40:23,22596.1,2026-10-13,23000.0,CE,44632,23.4,9962225,92623830,23.35,23.45,65
2026-10-07 13:40:23,22596.1,2026-10-13,22300.0,CE,44598,346.95,332540,2162420,345.7,346.7,65
2026-10-07 13:40:23,22596.1,2026-10-13,22950.0,PE,44631,384.55,298935,1194765,382.45,383.7,65
2026-10-07 13:40:23,22596.1,2026-10-13,23000.0,PE,44633,426.1,1498575,5403125,426.3,427.25,65
2026-10-07 13:40:23,22596.1,2026-10-13,22200.0,PE,44595,34.3,6793085,56884360,34.2,34.25,65
2026-10-07 13:40:23,22596.1,2026-10-13,22250.0,PE,44597,41.55,1796665,29094260,41.5,41.65,65
2026-10-07 13:40:23,22596.1,2026-10-13,22950.0,CE,44630,30.2,3239145,35595885,30.1,30.2,65
2026-10-07 13:40:23,22596.1,2026-10-13,22250.0,CE,44596,386.6,61490,187720,387.45,388.55,65
2026-10-07 13:40:23,22596.1,2026-10-13,23050.0,CE,44636,17.75,2146105,26764335,17.75,17.8,65
2026-10-07 13:40:23,22596.1,2026-10-13,22150.0,PE,44591,28.35,1483235,22356750,28.25,28.35,65
2026-10-07 13:40:23,22596.1,2026-10-13,22200.0,CE,44592,427.4,364910,866255,429.55,430.9,65
2026-10-07 13:45:26,22601.4,2026-10-13,22700.0,PE,44621,198.2,5685095,136458205,198.35,198.8,65
2026-10-07 13:45:26,22601.4,2026-10-13,22700.0,CE,44620,100.3,11687910,175392165,100.0,100.1,65
2026-10-07 13:45:26,22601.4,2026-10-13,22750.0,PE,44623,229.1,1014910,28235480,229.1,229.3,65
2026-10-07 13:45:26,22601.4,2026-10-13,22750.0,CE,44622,81.15,4828005,74790625,81.35,81.5,65
2026-10-07 13:45:26,22601.4,2026-10-13,22100.0,CE,44584,526.85,106925,157820,522.45,523.95,65
2026-10-07 13:45:26,22601.4,2026-10-13,22050.0,PE,44583,18.55,1565070,19981325,18.7,18.75,65
2026-10-07 13:45:26,22601.4,2026-10-13,22150.0,CE,44586,481.8,36010,91455,477.35,478.9,65
2026-10-07 13:45:26,22601.4,2026-10-13,22100.0,PE,44585,22.5,4167280,34558355,22.55,22.7,65
2026-10-07 13:45:26,22601.4,2026-10-13,22900.0,PE,44629,338.05,914355,5920785,336.85,337.8,65
2026-10-07 13:45:26,22601.4,2026-10-13,22900.0,CE,44628,39.75,5434130,73371025,39.75,39.9,65
2026-10-07 13:45:26,22601.4,2026-10-13,22800.0,PE,44625,263.1,2298660,30957485,263.05,263.75,65
2026-10-07 13:45:26,22601.4,2026-10-13,22800.0,CE,44624,64.4,10309000,123763835,64.25,64.4,65
2026-10-07 13:45:26,22601.4,2026-10-13,22850.0,PE,44627,296.35,341445,4962880,297.75,298.55,65
2026-10-07 13:45:26,22601.4,2026-10-13,22850.0,CE,44626,51.1,3030040,46508865,51.2,51.35,65
2026-10-07 13:45:26,22601.4,2026-10-13,22050.0,CE,44582,573.0,17485,44915,568.75,571.15,65
2026-10-07 13:45:26,22601.4,2026-10-13,22000.0,PE,44581,15.5,7365150,61171435,15.55,15.65,65
2026-10-07 13:45:26,22601.4,2026-10-13,23200.0,PE,44653,602.2,297440,373750,604.1,605.65,65
2026-10-07 13:45:26,22601.4,2026-10-13,22500.0,CE,44612,204.35,3173690,30425265,204.9,205.4,65
2026-10-07 13:45:26,22601.4,2026-10-13,22450.0,PE,44611,86.6,2181595,59328945,86.6,86.85,65
2026-10-07 13:45:26,22601.4,2026-10-13,23200.0,CE,44650,8.0,7376070,42769155,8.0,8.05,65
2026-10-07 13:45:26,22601.4,2026-10-13,22000.0,CE,44572,616.95,322595,655395,615.0,616.75,65
2026-10-07 13:45:26,22601.4,2026-10-13,22650.0,CE,44618,122.05,4873830,107253835,121.9,122.2,65
2026-10-07 13:45:26,22601.4,2026-10-13,22600.0,PE,44617,144.8,8893690,210513680,144.45,144.8,65
2026-10-07 13:45:26,22601.4,2026-10-13,22650.0,PE,44619,170.2,2565290,119067845,170.3,170.65,65
2026-10-07 13:45:26,22601.4,2026-10-13,22550.0,CE,44614,175.05,2078440,28579460,174.5,174.8,65
2026-10-07 13:45:26,22601.4,2026-10-13,22500.0,PE,44613,102.8,7160855,123652360,102.55,102.85,65
2026-10-07 13:45:26,22601.4,2026-10-13,22600.0,CE,44616,147.0,8717020,140449595,147.0,147.1,65
2026-10-07 13:45:26,22601.4,2026-10-13,22550.0,PE,44615,122.4,3437200,80659930,122.85,123.0,65
2026-10-07 13:45:26,22601.4,2026-10-13,22350.0,PE,44601,59.9,1591200,34609770,59.7,59.85,65
2026-10-07 13:45:26,22601.4,2026-10-13,23050.0,PE,44645,461.9,80600,369265,464.6,466.05,65
2026-10-07 13:45:26,22601.4,2026-10-13,22350.0,CE,44600,310.65,144430,813280,310.15,311.1,65
2026-10-07 13:45:26,22601.4,2026-10-13,22450.0,CE,44608,238.0,350285,3732430,237.05,237.65,65
2026-10-07 13:45:26,22601.4,2026-10-13,23100.0,PE,44647,509.7,352365,673140,509.3,510.8,65
2026-10-07 13:45:26,22601.4,2026-10-13,22400.0,CE,44602,273.8,915330,6469840,273.75,274.45,65
2026-10-07 13:45:26,22601.4,2026-10-13,23100.0,CE,44646,13.65,6154655,47042580,13.6,13.65,65
2026-10-07 13:45:26,22601.4,2026-10-13,23150.0,PE,44649,554.8,33865,87490,557.8,559.6,65
2026-10-07 13:45:26,22601.4,2026-10-13,23150.0,CE,44648,10.4,2930980,22925890,10.4,10.45,65
2026-10-07 13:45:26,22601.4,2026-10-13,22400.0,PE,44604,71.8,4890210,77190100,71.8,72.0,65
2026-10-07 13:45:26,22601.4,2026-10-13,22300.0,PE,44599,49.15,4357210,59302750,49.15,49.3,65
2026-10-07 13:45:26,22601.4,2026-10-13,23000.0,CE,44632,23.75,9988160,93157285,23.75,23.85,65
2026-10-07 13:45:26,22601.4,2026-10-13,22300.0,CE,44598,349.25,333320,2182635,350.15,351.15,65
2026-10-07 13:45:26,22601.4,2026-10-13,22950.0,PE,44631,375.0,298220,1203475,376.7,377.8,65
2026-10-07 13:45:26,22601.4,2026-10-13,23000.0,PE,44633,421.1,1504360,5439265,420.3,421.3,65
2026-10-07 13:45:26,22601.4,2026-10-13,22200.0,PE,44595,33.3,6814275,57386550,33.2,33.35,65
2026-10-07 13:45:26,22601.4,2026-10-13,22250.0,PE,44597,40.45,1832025,29331510,40.25,40.4,65
2026-10-07 13:45:26,22601.4,2026-10-13,22950.0,CE,44630,30.7,3225235,35820135,30.6,30.7,65
2026-10-07 13:45:26,22601.4,2026-10-13,22250.0,CE,44596,394.7,62465,190320,391.1,392.35,65
2026-10-07 13:45:26,22601.4,2026-10-13,23050.0,CE,44636,18.0,2182440,26946335,17.95,18.05,65
2026-10-07 13:45:26,22601.4,2026-10-13,22150.0,PE,44591,27.45,1494415,22582820,27.55,27.6,65
2026-10-07 13:45:26,22601.4,2026-10-13,22200.0,CE,44592,433.1,364650,870805,434.9,436.2,65
2026-10-07 13:50:28,22604.5,2026-10-13,22700.0,PE,44621,202.0,5662865,137061210,201.6,202.0,65
2026-10-07 13:50:28,22604.5,2026-10-13,22700.0,CE,44620,98.7,11620830,176597330,98.55,98.75,65
2026-10-07 13:50:28,22604.5,2026-10-13,22750.0,PE,44623,233.1,1010555,28312245,232.65,233.0,65
2026-10-07 13:50:28,22604.5,2026-10-13,22750.0,CE,44622,80.15,4824040,75223720,80.0,80.15,65
2026-10-07 13:50:28,22604.5,2026-10-13,22100.0,CE,44584,522.0,107380,158275,518.4,519.8,65
2026-10-07 13:50:28,22604.5,2026-10-13,22050.0,PE,44583,19.1,1548105,20110545,19.0,19.1,65
2026-10-07 13:50:28,22604.5,2026-10-13,22150.0,CE,44586,474.25,36335,92235,473.1,474.85,65
2026-10-07 13:50:28,22604.5,2026-10-13,22100.0,PE,44585,23.1,4170270,34825180,23.0,23.1,65
2026-10-07 13:50:28,22604.5,2026-10-13,22900.0,PE,44629,340.15,915980,5934110,341.45,342.25,65
2026-10-07 13:50:28,22604.5,2026-10-13,22900.0,CE,44628,39.4,5434910,73720010,39.3,39.4,65
2026-10-07 13:50:28,22604.5,2026-10-13,22800.0,PE,44625,266.6,2306915,31075785,266.45,267.05,65
2026-10-07 13:50:28,22604.5,2026-10-13,22800.0,CE,44624,63.5,10394410,124523815,63.5,63.6,65
2026-10-07 13:50:28,22604.5,2026-10-13,22850.0,PE,44627,301.0,341250,4988165,303.0,303.75,65
2026-10-07 13:50:28,22604.5,2026-10-13,22850.0,CE,44626,50.3,3023020,46807020,50.25,50.4,65
2026-10-07 13:50:28,22604.5,2026-10-13,22050.0,CE,44582,567.45,17680,45045,564.75,566.2,65
2026-10-07 13:50:28,22604.5,2026-10-13,22000.0,PE,44581,15.9,7378150,61603880,15.9,16.0,65
2026-10-07 13:50:28,22604.5,2026-10-13,23200.0,PE,44653,602.2,297440,373750,610.05,612.0,65
2026-10-07 13:50:28,22604.5,2026-10-13,22500.0,CE,44612,201.6,3181815,30754945,201.6,202.05,65
2026-10-07 13:50:28,22604.5,2026-10-13,22450.0,PE,44611,88.35,2158975,59819045,88.1,88.35,65
2026-10-07 13:50:28,22604.5,2026-10-13,23200.0,CE,44650,7.95,7438080,43111120,7.95,8.0,65
2026-10-07 13:50:28,22604.5,2026-10-13,22000.0,CE,44572,615.35,322010,661635,611.0,612.55,65
2026-10-07 13:50:28,22604.5,2026-10-13,22650.0,CE,44618,120.2,4935580,107988205,120.2,120.5,65
2026-10-07 13:50:28,22604.5,2026-10-13,22600.0,PE,44617,148.05,8894860,212045730,147.9,148.2,65
2026-10-07 13:50:28,22604.5,2026-10-13,22650.0,PE,44619,173.35,2548325,119567110,173.35,173.75,65
2026-10-07 13:50:28,22604.5,2026-10-13,22550.0,CE,44614,172.15,2037815,28968745,171.75,172.0,65
2026-10-07 13:50:28,22604.5,2026-10-13,22500.0,PE,44613,105.25,7161830,124600775,105.0,105.3,65
2026-10-07 13:50:28,22604.5,2026-10-13,22600.0,CE,44616,144.7,8736585,141921585,144.35,144.65,65
2026-10-07 13:50:28,22604.5,2026-10-13,22550.0,PE,44615,125.3,3421080,81367650,125.35,125.6,65
2026-10-07 13:50:28,22604.5,2026-10-13,22350.0,PE,44601,60.95,1583400,34900645,60.9,61.05,65
2026-10-07 13:50:28,22604.5,2026-10-13,23050.0,PE,44645,465.95,80470,369785,469.35,470.65,65
2026-10-07 13:50:28,22604.5,2026-10-13,22350.0,CE,44600,308.65,144820,819455,307.05,307.9,65
2026-10-07 13:50:28,22604.5,2026-10-13,22450.0,CE,44608,234.55,337155,3783195,234.6,235.15,65
2026-10-07 13:50:28,22604.5,2026-10-13,23100.0,PE,44647,509.75,354055,677625,514.7,515.95,65
2026-10-07 13:50:28,22604.5,2026-10-13,22400.0,CE,44602,270.9,905450,6541925,270.0,270.6,65
2026-10-07 13:50:28,22604.5,2026-10-13,23100.0,CE,44646,13.55,6112795,47254090,13.55,13.6,65
2026-10-07 13:50:28,22604.5,2026-10-13,23150.0,PE,44649,560.05,33800,87750,562.85,564.3,65
2026-10-07 13:50:28,22604.5,2026-10-13,23150.0,CE,44648,10.45,2952365,23049325,10.4,10.45,65
2026-10-07 13:50:28,22604.5,2026-10-13,22400.0,PE,44604,73.5,4919200,77980890,73.5,73.7,65
2026-10-07 13:50:28,22604.5,2026-10-13,22300.0,PE,44599,50.4,4262960,59883265,50.15,50.3,65
2026-10-07 13:50:28,22604.5,2026-10-13,23000.0,CE,44632,23.7,10052900,93798380,23.65,23.7,65
2026-10-07 13:50:28,22604.5,2026-10-13,22300.0,CE,44598,348.6,336375,2195830,346.35,347.35,65
2026-10-07 13:50:28,22604.5,2026-10-13,22950.0,PE,44631,380.5,298415,1206400,382.35,383.4,65
2026-10-07 13:50:28,22604.5,2026-10-13,23000.0,PE,44633,426.0,1505530,5462990,425.25,426.15,65
2026-10-07 13:50:28,22604.5,2026-10-13,22200.0,PE,44595,34.1,6821555,58023355,34.0,34.1,65
2026-10-07 13:50:28,22604.5,2026-10-13,22250.0,PE,44597,41.35,1826435,29545490,41.35,41.5,65
2026-10-07 13:50:28,22604.5,2026-10-13,22950.0,CE,44630,30.4,3195270,36011430,30.35,30.4,65
2026-10-07 13:50:28,22604.5,2026-10-13,22250.0,CE,44596,390.2,63310,192595,387.3,388.5,65
2026-10-07 13:50:28,22604.5,2026-10-13,23050.0,CE,44636,18.0,2183740,27036425,17.9,18.0,65
2026-10-07 13:50:28,22604.5,2026-10-13,22150.0,PE,44591,28.1,1483495,22711520,28.05,28.15,65
2026-10-07 13:50:28,22604.5,2026-10-13,22200.0,CE,44592,431.8,365300,874770,429.95,431.05,65
2026-10-07 13:55:26,22580.15,2026-10-13,22700.0,PE,44621,207.5,5512130,138642075,207.2,207.55,65
2026-10-07 13:55:26,22580.15,2026-10-13,22700.0,CE,44620,95.6,11215100,179247770,95.6,95.8,65
2026-10-07 13:55:26,22580.15,2026-10-13,22750.0,PE,44623,238.15,1008345,28558790,238.55,239.0,65
2026-10-07 13:55:26,22580.15,2026-10-13,22750.0,CE,44622,77.4,4764045,75923120,77.2,77.25,65
2026-10-07 13:55:26,22580.15,2026-10-13,22100.0,CE,44584,512.75,107315,160355,511.65,513.0,65
2026-10-07 13:55:26,22580.15,2026-10-13,22050.0,PE,44583,19.95,1555580,20400575,19.95,20.05,65
2026-10-07 13:55:26,22580.15,2026-10-13,22150.0,CE,44586,467.15,36790,93990,466.6,468.2,65
2026-10-07 13:55:26,22580.15,2026-10-13,22100.0,PE,44585,24.25,4252105,35567155,24.1,24.25,65
2026-10-07 13:55:26,22580.15,2026-10-13,22900.0,PE,44629,349.1,916565,6006975,348.35,349.25,65
2026-10-07 13:55:26,22580.15,2026-10-13,22900.0,CE,44628,37.8,5403450,74413625,37.7,37.85,65
2026-10-07 13:55:26,22580.15,2026-10-13,22800.0,PE,44625,272.65,2312505,31401500,272.45,273.15,65
2026-10-07 13:55:26,22580.15,2026-10-13,22800.0,CE,44624,61.1,10751910,126186970,61.15,61.3,65
2026-10-07 13:55:26,22580.15,2026-10-13,22850.0,PE,44627,310.2,338910,5045625,309.5,310.4,65
2026-10-07 13:55:26,22580.15,2026-10-13,22850.0,CE,44626,48.45,3000270,47387795,48.35,48.4,65
2026-10-07 13:55:26,22580.15,2026-10-13,22050.0,CE,44582,558.4,18460,46670,557.55,559.0,65
2026-10-07 13:55:26,22580.15,2026-10-13,22000.0,PE,44581,16.75,7258940,63146525,16.65,16.75,65
2026-10-07 13:55:26,22580.15,2026-10-13,23200.0,PE,44653,620.4,296855,374790,617.45,619.1,65
2026-10-07 13:55:26,22580.15,2026-10-13,22500.0,CE,44612,196.7,3133130,31368805,197.0,197.45,65
2026-10-07 13:55:26,22580.15,2026-10-13,22450.0,PE,44611,91.45,2307370,61039745,91.45,91.6,65
2026-10-07 13:55:26,22580.15,2026-10-13,23200.0,CE,44650,7.6,7624890,43618770,7.55,7.6,65
2026-10-07 13:55:26,22580.15,2026-10-13,22000.0,CE,44572,603.0,322985,670280,602.35,604.5,65
2026-10-07 13:55:26,22580.15,2026-10-13,22650.0,CE,44618,117.0,4716595,109243160,117.0,117.15,65
2026-10-07 13:55:26,22580.15,2026-10-13,22600.0,PE,44617,152.75,8945690,215870200,152.85,153.0,65
2026-10-07 13:55:26,22580.15,2026-10-13,22650.0,PE,44619,178.1,2555930,120695315,178.3,178.75,65
2026-10-07 13:55:26,22580.15,2026-10-13,22550.0,CE,44614,167.8,1941290,29720860,167.85,168.0,65
2026-10-07 13:55:26,22580.15,2026-10-13,22500.0,PE,44613,109.25,7446335,126744800,108.9,109.05,65
2026-10-07 13:55:26,22580.15,2026-10-13,22600.0,CE,44616,141.0,8387795,144417975,140.75,140.85,65
2026-10-07 13:55:26,22580.15,2026-10-13,22550.0,PE,44615,129.45,3700450,83510375,129.5,129.7,65
2026-10-07 13:55:26,22580.15,2026-10-13,22350.0,PE,44601,63.25,1617395,35583015,63.3,63.5,65
2026-10-07 13:55:26,22580.15,2026-10-13,23050.0,PE,44645,477.0,80925,373360,476.8,478.05,65
2026-10-07 13:55:26,22580.15,2026-10-13,22350.0,CE,44600,301.1,144170,855075,301.1,302.0,65
2026-10-07 13:55:26,22580.15,2026-10-13,22450.0,CE,44608,229.65,317460,3908580,229.5,230.05,65
2026-10-07 13:55:26,22580.15,2026-10-13,23100.0,PE,44647,526.7,353015,686530,522.55,523.9,65
2026-10-07 13:55:26,22580.15,2026-10-13,22400.0,CE,44602,265.1,892190,6695585,264.25,264.9,65
2026-10-07 13:55:26,22580.15,2026-10-13,23100.0,CE,44646,12.95,6067685,47659300,12.9,13.0,65
2026-10-07 13:55:26,22580.15,2026-10-13,23150.0,PE,44649,570.35,33865,88270,569.2,571.65,65
2026-10-07 13:55:26,22580.15,2026-10-13,23150.0,CE,44648,10.0,2923570,23238020,9.9,10.0,65
2026-10-07 13:55:26,22580.15,2026-10-13,22400.0,PE,44604,76.25,5039320,79601600,76.45,76.65,65
2026-10-07 13:55:26,22580.15,2026-10-13,22300.0,PE,44599,52.3,4303000,60997430,52.35,52.5,65
2026-10-07 13:55:26,22580.15,2026-10-13,23000.0,CE,44632,22.55,9836385,95269850,22.5,22.6,65
2026-10-07 13:55:26,22580.15,2026-10-13,22300.0,CE,44598,341.15,309985,2271555,340.05,341.1,65
2026-10-07 13:55:26,22580.15,2026-10-13,22950.0,PE,44631,390.6,304395,1242085,389.9,390.95,65
2026-10-07 13:55:26,22580.15,2026-10-13,23000.0,PE,44633,433.85,1502150,5525000,432.5,433.5,65
2026-10-07 13:55:26,22580.15,2026-10-13,22200.0,PE,44595,35.7,6899555,59002060,35.65,35.75,65
2026-10-07 13:55:26,22580.15,2026-10-13,22250.0,PE,44597,43.35,1862835,30066465,43.3,43.45,65
2026-10-07 13:55:26,22580.15,2026-10-13,22950.0,CE,44630,29.25,2888015,37186110,29.1,29.15,65
2026-10-07 13:55:26,22580.15,2026-10-13,22250.0,CE,44596,381.7,66105,206830,380.65,381.75,65
2026-10-07 13:55:26,22580.15,2026-10-13,23050.0,CE,44636,17.15,2162875,27304355,17.05,17.15,65
2026-10-07 13:55:26,22580.15,2026-10-13,22150.0,PE,44591,29.5,1463930,23193690,29.45,29.55,65
2026-10-07 13:55:26,22580.15,2026-10-13,22200.0,CE,44592,423.25,373100,900445,422.95,424.25,65
2026-10-07 14:00:21,22560.05,2026-10-13,22700.0,PE,44621,227.0,5282225,140121020,227.0,227.55,65
2026-10-07 14:00:21,22560.05,2026-10-13,22700.0,CE,44620,87.65,11189815,181337455,87.4,87.65,65
2026-10-07 14:00:21,22560.05,2026-10-13,22750.0,PE,44623,259.8,999765,28805530,259.95,260.55,65
2026-10-07 14:00:21,22560.05,2026-10-13,22750.0,CE,44622,70.65,4831320,76719305,70.65,70.8,65
2026-10-07 14:00:21,22560.05,2026-10-13,22100.0,CE,44584,490.0,108030,162500,486.55,488.0,65
2026-10-07 14:00:21,22560.05,2026-10-13,22050.0,PE,44583,22.85,1538095,20772180,22.65,22.7,65
2026-10-07 14:00:21,22560.05,2026-10-13,22150.0,CE,44586,450.9,36985,94510,442.8,444.1,65
2026-10-07 14:00:21,22560.05,2026-10-13,22100.0,PE,44585,27.6,4167020,36454665,27.55,27.6,65
2026-10-07 14:00:21,22560.05,2026-10-13,22900.0,PE,44629,374.3,912470,6069115,373.9,374.85,65
2026-10-07 14:00:21,22560.05,2026-10-13,22900.0,CE,44628,34.65,5465200,75338120,34.6,34.7,65
2026-10-07 14:00:21,22560.05,2026-10-13,22800.0,PE,44625,295.6,2269540,31726370,295.45,296.25,65
2026-10-07 14:00:21,22560.05,2026-10-13,22800.0,CE,44624,55.95,10793055,127824125,56.0,56.1,65
2026-10-07 14:00:21,22560.05,2026-10-13,22850.0,PE,44627,334.0,333255,5087290,334.15,335.0,65
2026-10-07 14:00:21,22560.05,2026-10-13,22850.0,CE,44626,44.35,3174145,48208810,44.25,44.35,65
2026-10-07 14:00:21,22560.05,2026-10-13,22050.0,CE,44582,540.55,18655,47385,532.45,534.1,65
2026-10-07 14:00:21,22560.05,2026-10-13,22000.0,PE,44581,19.05,7244705,64518415,18.9,18.95,65
2026-10-07 14:00:21,22560.05,2026-10-13,22500.0,CE,44612,182.0,3156790,31993910,181.55,182.0,65
2026-10-07 14:00:21,22560.05,2026-10-13,22450.0,PE,44611,103.45,2176590,62524150,103.15,103.45,65
2026-10-07 14:00:21,22560.05,2026-10-13,22000.0,CE,44572,577.85,325715,680160,577.65,579.0,65
2026-10-07 14:00:21,22560.05,2026-10-13,22650.0,CE,44618,107.1,4760990,110376890,107.0,107.15,65
2026-10-07 14:00:21,22560.05,2026-10-13,22600.0,PE,44617,169.1,8590530,220378535,169.4,169.85,65
2026-10-07 14:00:21,22560.05,2026-10-13,22650.0,PE,44619,196.9,2495285,122014360,196.5,196.9,65
2026-10-07 14:00:21,22560.05,2026-10-13,22550.0,CE,44614,154.8,2059785,30682600,154.05,154.3,65
2026-10-07 14:00:21,22560.05,2026-10-13,22500.0,PE,44613,122.4,7132450,130001560,122.55,122.85,65
2026-10-07 14:00:21,22560.05,2026-10-13,22600.0,CE,44616,129.3,8563555,146981445,128.7,129.05,65
2026-10-07 14:00:21,22560.05,2026-10-13,22550.0,PE,44615,144.55,3548285,86681010,144.7,144.95,65
2026-10-07 14:00:21,22560.05,2026-10-13,21950.0,PE,44571,15.65,1154660,18331690,15.65,15.75,65
2026-10-07 14:00:21,22560.05,2026-10-13,21950.0,CE,44570,646.8,780,1105,617.85,631.9,65
2026-10-07 14:00:21,22560.05,2026-10-13,22350.0,PE,44601,72.05,1612910,36486125,72.05,72.3,65
2026-10-07 14:00:21,22560.05,2026-10-13,23050.0,PE,44645,504.1,82290,375895,502.6,504.0,65
2026-10-07 14:00:21,22560.05,2026-10-13,22350.0,CE,44600,284.05,148005,880295,281.55,282.2,65
2026-10-07 14:00:21,22560.05,2026-10-13,22450.0,CE,44608,212.9,327015,4025320,212.95,213.45,65
2026-10-07 14:00:21,22560.05,2026-10-13,23100.0,PE,44647,548.9,350935,692510,549.6,551.5,65
2026-10-07 14:00:21,22560.05,2026-10-13,22400.0,CE,44602,247.05,909740,6820255,246.35,246.9,65
2026-10-07 14:00:21,22560.05,2026-10-13,23100.0,CE,44646,12.2,6283745,48248590,12.15,12.2,65
2026-10-07 14:00:21,22560.05,2026-10-13,23150.0,PE,44649,598.0,33800,88725,598.05,600.3,65
2026-10-07 14:00:21,22560.05,2026-10-13,23150.0,CE,44648,9.55,2906800,23437115,9.55,9.6,65
2026-10-07 14:00:21,22560.05,2026-10-13,22400.0,PE,44604,86.7,4876040,81738475,86.45,86.7,65
2026-10-07 14:00:21,22560.05,2026-10-13,22300.0,PE,44599,59.7,4270435,62054135,59.65,59.8,65
2026-10-07 14:00:21,22560.05,2026-10-13,23000.0,CE,44632,21.0,10014940,96521100,20.9,21.0,65
2026-10-07 14:00:21,22560.05,2026-10-13,22300.0,CE,44598,319.7,321425,2314975,319.2,320.15,65
2026-10-07 14:00:21,22560.05,2026-10-13,22950.0,PE,44631,414.1,301730,1254565,415.9,417.2,65
2026-10-07 14:00:21,22560.05,2026-10-13,23000.0,PE,44633,460.0,1497015,5582655,459.35,460.7,65
2026-10-07 14:00:21,22560.05,2026-10-13,22200.0,PE,44595,40.7,6962735,60238100,40.8,40.95,65
2026-10-07 14:00:21,22560.05,2026-10-13,22250.0,PE,44597,49.35,1856270,30643340,49.45,49.6,65
2026-10-07 14:00:21,22560.05,2026-10-13,22950.0,CE,44630,26.8,2858830,37526840,26.85,26.9,65
2026-10-07 14:00:21,22560.05,2026-10-13,22250.0,CE,44596,360.55,65910,211835,358.55,359.75,65
2026-10-07 14:00:21,22560.05,2026-10-13,23050.0,CE,44636,15.95,2181010,27587170,16.0,16.05,65
2026-10-07 14:00:21,22560.05,2026-10-13,22150.0,PE,44591,33.55,1427400,23585510,33.75,33.85,65
2026-10-07 14:00:21,22560.05,2026-10-13,22200.0,CE,44592,400.65,375245,908960,400.0,401.2,65
2026-10-07 14:05:27,22569.85,2026-10-13,22700.0,PE,44621,215.5,5066165,141516440,215.45,215.95,65
2026-10-07 14:05:27,22569.85,2026-10-13,22700.0,CE,44620,91.2,11305385,183876030,91.0,91.25,65
2026-10-07 14:05:27,22569.85,2026-10-13,22750.0,PE,44623,247.6,997230,29057730,247.4,248.05,65
2026-10-07 14:05:27,22569.85,2026-10-13,22750.0,CE,44622,73.7,4856215,77749685,73.7,73.95,65
2026-10-07 14:05:27,22569.85,2026-10-13,22100.0,CE,44584,499.3,112125,169975,499.5,500.85,65
2026-10-07 14:05:27,22569.85,2026-10-13,22050.0,PE,44583,20.6,1503645,21287825,20.5,20.6,65
2026-10-07 14:05:27,22569.85,2026-10-13,22150.0,CE,44586,461.0,37375,96005,454.95,456.4,65
2026-10-07 14:05:27,22569.85,2026-10-13,22100.0,PE,44585,24.8,4206410,37399440,24.75,24.8,65
2026-10-07 14:05:27,22569.85,2026-10-13,22900.0,PE,44629,359.25,906620,6173245,359.6,360.35,65
2026-10-07 14:05:27,22569.85,2026-10-13,22900.0,CE,44628,36.35,5611060,76353680,36.3,36.4,65
2026-10-07 14:05:27,22569.85,2026-10-13,22800.0,PE,44625,283.65,2261090,32079645,282.6,283.2,65
2026-10-07 14:05:27,22569.85,2026-10-13,22800.0,CE,44624,58.6,10870925,129864085,58.65,58.7,65
2026-10-07 14:05:27,22569.85,2026-10-13,22850.0,PE,44627,319.2,331370,5127785,319.95,320.6,65
2026-10-07 14:05:27,22569.85,2026-10-13,22850.0,CE,44626,46.4,3174145,48888970,46.4,46.55,65
2026-10-07 14:05:27,22569.85,2026-10-13,22050.0,CE,44582,545.0,18720,47645,544.65,546.1,65
2026-10-07 14:05:27,22569.85,2026-10-13,22000.0,PE,44581,17.25,7181850,66132365,17.1,17.2,65
2026-10-07 14:05:27,22569.85,2026-10-13,22500.0,CE,44612,188.6,3279705,33063225,189.15,189.3,65
2026-10-07 14:05:27,22569.85,2026-10-13,22450.0,PE,44611,95.1,2097810,64137970,95.05,95.25,65
2026-10-07 14:05:27,22569.85,2026-10-13,22000.0,CE,44572,594.2,326300,693290,591.0,592.6,65
2026-10-07 14:05:27,22569.85,2026-10-13,22650.0,CE,44618,111.2,4882085,111957885,111.2,111.5,65
2026-10-07 14:05:27,22569.85,2026-10-13,22600.0,PE,44617,158.75,8374340,224909685,159.05,159.35,65
2026-10-07 14:05:27,22569.85,2026-10-13,22650.0,PE,44619,185.7,2348125,123384495,185.65,186.0,65
2026-10-07 14:05:27,22569.85,2026-10-13,22550.0,CE,44614,160.1,2357745,32401070,160.35,160.55,65
2026-10-07 14:05:27,22569.85,2026-10-13,22500.0,PE,44613,113.55,6958640,133664960,113.45,113.55,65
2026-10-07 14:05:27,22569.85,2026-10-13,22600.0,CE,44616,134.15,9021350,150430280,134.2,134.3,65
2026-10-07 14:05:27,22569.85,2026-10-13,22550.0,PE,44615,135.0,3373240,90331800,134.85,135.0,65
2026-10-07 14:05:27,22569.85,2026-10-13,21950.0,PE,44571,14.25,1151150,18721560,14.15,14.25,65
2026-10-07 14:05:27,22569.85,2026-10-13,21950.0,CE,44570,640.35,845,1170,635.35,641.95,65
2026-10-07 14:05:27,22569.85,2026-10-13,22350.0,PE,44601,66.0,1540500,37629085,65.85,66.0,65
2026-10-07 14:05:27,22569.85,2026-10-13,23050.0,PE,44645,491.05,80730,383175,489.8,491.35,65
2026-10-07 14:05:27,22569.85,2026-10-13,22350.0,CE,44600,291.3,149695,916370,290.45,291.25,65
2026-10-07 14:05:27,22569.85,2026-10-13,22450.0,CE,44608,220.9,380705,4242420,220.4,221.0,65
2026-10-07 14:05:27,22569.85,2026-10-13,23100.0,PE,44647,535.15,348010,720330,535.65,537.1,65
2026-10-07 14:05:27,22569.85,2026-10-13,22400.0,CE,44602,255.0,955500,7068685,254.65,255.3,65
2026-10-07 14:05:27,22569.85,2026-10-13,23100.0,CE,44646,12.85,6223360,48777495,12.75,12.85,65
2026-10-07 14:05:27,22569.85,2026-10-13,23150.0,PE,44649,583.0,33800,89180,582.85,584.5,65
2026-10-07 14:05:27,22569.85,2026-10-13,23150.0,CE,44648,9.95,2882035,23685220,9.9,9.95,65
2026-10-07 14:05:27,22569.85,2026-10-13,22400.0,PE,44604,79.5,4857515,84052150,79.3,79.5,65
2026-10-07 14:05:27,22569.85,2026-10-13,22300.0,PE,44599,54.4,4317300,63589500,54.35,54.4,65
2026-10-07 14:05:27,22569.85,2026-10-13,23000.0,CE,44632,22.0,10033205,97741345,22.0,22.05,65
2026-10-07 14:05:27,22569.85,2026-10-13,22300.0,CE,44598,330.3,330915,2374970,329.0,329.9,65
2026-10-07 14:05:27,22569.85,2026-10-13,22950.0,PE,44631,400.0,296920,1273545,401.25,402.3,65
2026-10-07 14:05:27,22569.85,2026-10-13,23000.0,PE,44633,445.15,1483040,5704270,444.8,446.05,65
2026-10-07 14:05:27,22569.85,2026-10-13,22200.0,PE,44595,36.8,7033975,62342475,36.75,36.85,65
2026-10-07 14:05:27,22569.85,2026-10-13,22250.0,PE,44597,44.85,1809600,31373940,44.8,44.95,65
2026-10-07 14:05:27,22569.85,2026-10-13,22950.0,CE,44630,28.15,2825290,37965720,28.15,28.25,65
2026-10-07 14:05:27,22569.85,2026-10-13,22250.0,CE,44596,370.0,66885,219505,369.5,370.65,65
2026-10-07 14:05:27,22569.85,2026-10-13,23050.0,CE,44636,16.85,2194465,27891500,16.85,16.9,65
2026-10-07 14:05:27,22569.85,2026-10-13,22150.0,PE,44591,30.4,1423955,24156665,30.3,30.4,65
2026-10-07 14:05:27,22569.85,2026-10-13,22200.0,CE,44592,412.75,374530,937430,411.45,412.75,65
2026-10-07 14:10:53,22564.95,2026-10-13,22700.0,PE,44621,215.0,5053945,142222730,215.1,215.65,65
2026-10-07 14:10:53,22564.95,2026-10-13,22700.0,CE,44620,89.75,11356345,185324685,89.7,89.95,65
2026-10-07 14:10:53,22564.95,2026-10-13,22750.0,PE,44623,247.9,995930,29173755,247.75,248.2,65
2026-10-07 14:10:53,22564.95,2026-10-13,22750.0,CE,44622,72.25,4851535,78267085,72.25,72.45,65
2026-10-07 14:10:53,22564.95,2026-10-13,22100.0,CE,44584,497.75,114075,176605,497.75,498.9,65
2026-10-07 14:10:53,22564.95,2026-10-13,22050.0,PE,44583,20.6,1503125,21530730,20.55,20.6,65
2026-10-07 14:10:53,22564.95,2026-10-13,22150.0,CE,44586,454.1,38025,98800,453.75,455.25,65
2026-10-07 14:10:53,22564.95,2026-10-13,22100.0,PE,44585,25.0,4243785,37811475,24.85,24.95,65
2026-10-07 14:10:53,22564.95,2026-10-13,22900.0,PE,44629,360.3,905320,6197490,359.6,360.55,65
2026-10-07 14:10:53,22564.95,2026-10-13,22900.0,CE,44628,35.0,5651100,76921780,35.0,35.15,65
2026-10-07 14:10:53,22564.95,2026-10-13,22800.0,PE,44625,282.8,2280915,32284460,282.65,283.3,65
2026-10-07 14:10:53,22564.95,2026-10-13,22800.0,CE,44624,57.15,11075740,131135095,57.0,57.2,65
2026-10-07 14:10:53,22564.95,2026-10-13,22850.0,PE,44627,320.65,336960,5151055,319.9,320.65,65
2026-10-07 14:10:53,22564.95,2026-10-13,22850.0,CE,44626,45.2,3192410,49364770,45.05,45.2,65
2026-10-07 14:10:53,22564.95,2026-10-13,22050.0,CE,44582,546.6,18785,49010,542.95,544.4,65
2026-10-07 14:10:53,22564.95,2026-10-13,22000.0,PE,44581,17.2,7235995,66807455,17.1,17.15,65
2026-10-07 14:10:53,22564.95,2026-10-13,22500.0,CE,44612,188.0,3283670,33669870,187.75,188.25,65
2026-10-07 14:10:53,22564.95,2026-10-13,22450.0,PE,44611,95.8,2132000,65043355,95.55,95.8,65
2026-10-07 14:10:53,22564.95,2026-10-13,22000.0,CE,44572,588.45,324545,701415,588.3,590.5,65
2026-10-07 14:10:53,22564.95,2026-10-13,22650.0,CE,44618,110.2,4911335,112769280,110.0,110.2,65
2026-10-07 14:10:53,22564.95,2026-10-13,22600.0,PE,44617,159.15,8431735,227037460,158.7,159.15,65
2026-10-07 14:10:53,22564.95,2026-10-13,22650.0,PE,44619,185.9,2376335,124009210,185.85,186.3,65
2026-10-07 14:10:53,22564.95,2026-10-13,22550.0,CE,44614,159.3,2489045,33402525,159.05,159.4,65
2026-10-07 14:10:53,22564.95,2026-10-13,22500.0,PE,44613,113.85,7118150,135373420,113.6,113.85,65
2026-10-07 14:10:53,22564.95,2026-10-13,22600.0,CE,44616,133.3,9156810,152357140,133.0,133.15,65
2026-10-07 14:10:53,22564.95,2026-10-13,22550.0,PE,44615,135.4,3532360,92046760,135.05,135.4,65
2026-10-07 14:10:53,22564.95,2026-10-13,21950.0,PE,44571,14.1,1126710,19034015,14.1,14.2,65
2026-10-07 14:10:53,22564.95,2026-10-13,21950.0,CE,44570,643.8,910,1300,633.5,641.55,65
2026-10-07 14:10:53,22564.95,2026-10-13,22350.0,PE,44601,66.0,1590745,38189970,65.95,66.15,65
2026-10-07 14:10:53,22564.95,2026-10-13,23050.0,PE,44645,490.0,80600,385905,490.7,492.25,65
2026-10-07 14:10:53,22564.95,2026-10-13,22350.0,CE,44600,290.05,153595,936455,290.05,290.85,65
2026-10-07 14:10:53,22564.95,2026-10-13,22450.0,CE,44608,219.6,385775,4335955,219.25,219.85,65
2026-10-07 14:10:53,22564.95,2026-10-13,23100.0,PE,44647,539.15,348335,725270,536.9,538.3,65
2026-10-07 14:10:53,22564.95,2026-10-13,22400.0,CE,44602,255.1,952770,7171970,253.35,253.85,65
2026-10-07 14:10:53,22564.95,2026-10-13,23100.0,CE,44646,12.1,6216600,49209355,12.1,12.15,65
2026-10-07 14:10:53,22564.95,2026-10-13,23150.0,PE,44649,581.6,34060,89505,584.0,586.0,65
2026-10-07 14:10:53,22564.95,2026-10-13,23150.0,CE,44648,9.5,2871440,23849995,9.45,9.5,65
2026-10-07 14:10:53,22564.95,2026-10-13,22400.0,PE,44604,79.65,4920110,85157475,79.75,80.0,65
2026-10-07 14:10:53,22564.95,2026-10-13,22300.0,PE,44599,54.7,4454775,64389130,54.6,54.75,65
2026-10-07 14:10:53,22564.95,2026-10-13,23000.0,CE,44632,21.15,10054720,98582445,21.1,21.15,65
2026-10-07 14:10:53,22564.95,2026-10-13,22300.0,CE,44598,329.0,337285,2422615,327.8,328.6,65
2026-10-07 14:10:53,22564.95,2026-10-13,22950.0,PE,44631,401.85,296855,1280695,401.8,402.95,65
2026-10-07 14:10:53,22564.95,2026-10-13,23000.0,PE,44633,446.8,1478555,5742360,445.65,446.85,65
2026-10-07 14:10:53,22564.95,2026-10-13,22200.0,PE,44595,37.0,7065110,63022635,36.85,37.0,65
2026-10-07 14:10:53,22564.95,2026-10-13,22250.0,PE,44597,45.0,1692470,31899400,44.95,45.1,65
2026-10-07 14:10:53,22564.95,2026-10-13,22950.0,CE,44630,27.2,2805075,38326080,27.1,27.2,65
2026-10-07 14:10:53,22564.95,2026-10-13,22250.0,CE,44596,370.0,66755,221975,368.4,369.35,65
2026-10-07 14:10:53,22564.95,2026-10-13,23050.0,CE,44636,16.0,2188225,28107690,16.0,16.05,65
2026-10-07 14:10:53,22564.95,2026-10-13,22150.0,PE,44591,30.45,1434290,24481730,30.35,30.45,65
2026-10-07 14:10:53,22564.95,2026-10-13,22200.0,CE,44592,410.6,375700,948415,410.3,411.45,65
2026-10-07 14:15:17,22561.2,2026-10-13,22700.0,PE,44621,217.3,5078385,142870195,216.75,217.35,65
2026-10-07 14:15:17,22561.2,2026-10-13,22700.0,CE,44620,89.8,11348870,186318795,89.65,89.85,65
2026-10-07 14:15:17,22561.2,2026-10-13,22750.0,PE,44623,249.4,995150,29288350,248.45,249.05,65
2026-10-07 14:15:17,22561.2,2026-10-13,22750.0,CE,44622,72.4,4868240,78733850,72.35,72.4,65
2026-10-07 14:15:17,22561.2,2026-10-13,22100.0,CE,44584,496.8,113750,179855,496.6,497.85,65
2026-10-07 14:15:17,22561.2,2026-10-13,22050.0,PE,44583,20.8,1511900,21809255,20.75,20.85,65
2026-10-07 14:15:17,22561.2,2026-10-13,22150.0,CE,44586,454.1,39520,101595,452.6,454.1,65
2026-10-07 14:15:17,22561.2,2026-10-13,22100.0,PE,44585,25.25,4249700,38152725,25.2,25.3,65
2026-10-07 14:15:17,22561.2,2026-10-13,22900.0,PE,44629,360.6,910325,6251505,361.2,362.25,65
2026-10-07 14:15:17,22561.2,2026-10-13,22900.0,CE,44628,35.2,5636800,77403105,35.1,35.2,65
2026-10-07 14:15:17,22561.2,2026-10-13,22800.0,PE,44625,284.9,2260245,32469060,284.1,284.8,65
2026-10-07 14:15:17,22561.2,2026-10-13,22800.0,CE,44624,57.0,11140350,131962740,57.1,57.15,65
2026-10-07 14:15:17,22561.2,2026-10-13,22850.0,PE,44627,320.8,338455,5179395,321.4,322.3,65
2026-10-07 14:15:17,22561.2,2026-10-13,22850.0,CE,44626,45.15,3198260,49658115,45.05,45.2,65
2026-10-07 14:15:17,22561.2,2026-10-13,22050.0,CE,44582,547.15,19435,49855,542.3,544.25,65
2026-10-07 14:15:17,22561.2,2026-10-13,22000.0,PE,44581,17.35,7278570,67360345,17.3,17.4,65
2026-10-07 14:15:17,22561.2,2026-10-13,22500.0,CE,44612,187.8,3268135,34116615,187.6,188.1,65
2026-10-07 14:15:17,22561.2,2026-10-13,22450.0,PE,44611,96.5,2217930,65884390,96.55,96.8,65
2026-10-07 14:15:17,22561.2,2026-10-13,22000.0,CE,44572,585.8,326625,707980,587.95,590.0,65
2026-10-07 14:15:17,22561.2,2026-10-13,22650.0,CE,44618,110.0,4903925,113266920,109.95,110.05,65
2026-10-07 14:15:17,22561.2,2026-10-13,22600.0,PE,44617,160.0,8362510,229133840,159.95,160.35,65
2026-10-07 14:15:17,22561.2,2026-10-13,22650.0,PE,44619,187.15,2378285,124661875,187.15,187.5,65
2026-10-07 14:15:17,22561.2,2026-10-13,22550.0,CE,44614,159.1,2500420,34049405,158.75,159.2,65
2026-10-07 14:15:17,22561.2,2026-10-13,22500.0,PE,44613,115.0,7163780,137264465,114.65,114.9,65
2026-10-07 14:15:17,22561.2,2026-10-13,22600.0,CE,44616,132.8,9010170,153683075,132.75,133.0,65
2026-10-07 14:15:17,22561.2,2026-10-13,22550.0,PE,44615,136.0,3709485,93688010,136.15,136.5,65
2026-10-07 14:15:17,22561.2,2026-10-13,21950.0,PE,44571,14.25,1133015,19272630,14.15,14.25,65
2026-10-07 14:15:17,22561.2,2026-10-13,21950.0,CE,44570,643.8,910,1300,632.1,638.55,65
2026-10-07 14:15:17,22561.2,2026-10-13,22350.0,PE,44601,67.15,1598870,38652445,66.95,67.15,65
2026-10-07 14:15:17,22561.2,2026-10-13,23050.0,PE,44645,488.6,79430,387465,491.45,493.25,65
2026-10-07 14:15:17,22561.2,2026-10-13,22350.0,CE,44600,288.2,154895,949975,289.25,290.0,65
2026-10-07 14:15:17,22561.2,2026-10-13,22450.0,CE,44608,219.35,381290,4396990,218.8,219.4,65
2026-10-07 14:15:17,22561.2,2026-10-13,23100.0,PE,44647,538.3,347815,729235,538.3,539.2,65
2026-10-07 14:15:17,22561.2,2026-10-13,22400.0,CE,44602,253.9,986180,7283835,253.4,254.05,65
2026-10-07 14:15:17,22561.2,2026-10-13,23100.0,CE,44646,12.15,6178510,49563865,12.15,12.2,65
2026-10-07 14:15:17,22561.2,2026-10-13,23150.0,PE,44649,586.35,33995,90155,585.1,587.15,65
2026-10-07 14:15:17,22561.2,2026-10-13,23150.0,CE,44648,9.5,2870010,23993840,9.45,9.5,65
2026-10-07 14:15:17,22561.2,2026-10-13,22400.0,PE,44604,80.6,4999215,86325590,80.4,80.6,65
2026-10-07 14:15:17,22561.2,2026-10-13,22300.0,PE,44599,55.2,4518020,65093665,55.3,55.5,65
2026-10-07 14:15:17,22561.2,2026-10-13,23000.0,CE,44632,21.1,10055370,99104980,21.1,21.2,65
2026-10-07 14:15:17,22561.2,2026-10-13,22300.0,CE,44598,328.85,350415,2458300,327.4,328.35,65
2026-10-07 14:15:17,22561.2,2026-10-13,22950.0,PE,44631,407.1,295880,1286740,402.95,404.1,65
2026-10-07 14:15:17,22561.2,2026-10-13,23000.0,PE,44633,446.45,1476540,5758545,446.7,447.8,65
2026-10-07 14:15:17,22561.2,2026-10-13,22200.0,PE,44595,37.45,7009275,64052235,37.4,37.55,65
2026-10-07 14:15:17,22561.2,2026-10-13,22250.0,PE,44597,45.55,1729065,32239350,45.5,45.7,65
2026-10-07 14:15:17,22561.2,2026-10-13,22950.0,CE,44630,27.1,2724800,38570610,27.1,27.2,65
2026-10-07 14:15:17,22561.2,2026-10-13,22250.0,CE,44596,367.8,68640,225485,367.45,368.8,65
2026-10-07 14:15:17,22561.2,2026-10-13,23050.0,CE,44636,16.05,2155140,28258100,16.05,16.1,65
2026-10-07 14:15:17,22561.2,2026-10-13,22150.0,PE,44591,30.85,1458145,24793925,30.85,30.95,65
2026-10-07 14:15:17,22561.2,2026-10-13,22200.0,CE,44592,408.05,376350,959920,409.35,410.65,65
2026-10-07 14:20:18,22583.15,2026-10-13,22700.0,PE,44621,195.25,4815005,143996645,196.65,197.05,65
2026-10-07 14:20:18,22583.15,2026-10-13,22700.0,CE,44620,97.65,11197485,188720285,97.7,97.9,65
2026-10-07 14:20:18,22583.15,2026-10-13,22750.0,PE,44623,225.7,975715,29459950,225.55,225.95,65
2026-10-07 14:20:18,22583.15,2026-10-13,22750.0,CE,44622,78.75,4839510,79574105,78.8,78.95,65
2026-10-07 14:20:18,22583.15,2026-10-13,22100.0,CE,44584,522.2,112515,184860,522.15,523.45,65
2026-10-07 14:20:18,22583.15,2026-10-13,22050.0,PE,44583,17.55,1496365,22085700,17.5,17.6,65
2026-10-07 14:20:18,22583.15,2026-10-13,22150.0,CE,44586,472.45,43290,107965,477.95,479.0,65
2026-10-07 14:20:18,22583.15,2026-10-13,22100.0,PE,44585,21.45,4158050,38810395,21.5,21.55,65
2026-10-07 14:20:18,22583.15,2026-10-13,22900.0,PE,44629,334.8,900445,6308770,334.3,335.2,65
2026-10-07 14:20:18,22583.15,2026-10-13,22900.0,CE,44628,37.9,5676645,78017745,37.9,38.05,65
2026-10-07 14:20:18,22583.15,2026-10-13,22800.0,PE,44625,259.9,2220985,32806215,260.05,260.3,65
2026-10-07 14:20:18,22583.15,2026-10-13,22800.0,CE,44624,62.3,11296090,133532425,62.05,62.2,65
2026-10-07 14:20:18,22583.15,2026-10-13,22850.0,PE,44627,295.2,341510,5241210,295.3,296.0,65
2026-10-07 14:20:18,22583.15,2026-10-13,22850.0,CE,44626,48.9,3255785,50107135,48.95,49.1,65
2026-10-07 14:20:18,22583.15,2026-10-13,22050.0,CE,44582,563.1,19435,50375,569.05,572.35,65
2026-10-07 14:20:18,22583.15,2026-10-13,22000.0,PE,44581,14.75,7322315,68239600,14.9,15.0,65
2026-10-07 14:20:18,22583.15,2026-10-13,23200.0,PE,44653,608.0,294580,411060,603.2,605.1,65
2026-10-07 14:20:18,22583.15,2026-10-13,22500.0,CE,44612,203.0,3262610,35168705,202.55,203.0,65
2026-10-07 14:20:18,22583.15,2026-10-13,22450.0,PE,44611,83.9,2163525,66856660,84.55,84.8,65
2026-10-07 14:20:18,22583.15,2026-10-13,23200.0,CE,44650,7.5,8121100,46131475,7.5,7.55,65
2026-10-07 14:20:18,22583.15,2026-10-13,22000.0,CE,44572,614.95,324025,719030,615.0,617.15,65
2026-10-07 14:20:18,22583.15,2026-10-13,22650.0,CE,44618,119.95,4887740,114501920,119.5,119.75,65
2026-10-07 14:20:18,22583.15,2026-10-13,22600.0,PE,44617,142.0,8158540,232031735,142.0,142.2,65
2026-10-07 14:20:18,22583.15,2026-10-13,22650.0,PE,44619,166.75,2337075,125441355,167.2,167.45,65
2026-10-07 14:20:18,22583.15,2026-10-13,22550.0,CE,44614,172.7,2511860,35709440,172.2,172.65,65
2026-10-07 14:20:18,22583.15,2026-10-13,22500.0,PE,44613,100.25,7148505,139414470,100.45,100.7,65
2026-10-07 14:20:18,22583.15,2026-10-13,22600.0,CE,44616,144.75,8935160,156880165,144.5,144.8,65
2026-10-07 14:20:18,22583.15,2026-10-13,22550.0,PE,44615,120.1,3601325,95629950,119.8,120.1,65
2026-10-07 14:20:18,22583.15,2026-10-13,22350.0,PE,44601,57.25,1549210,39178425,58.2,58.4,65
2026-10-07 14:20:18,22583.15,2026-10-13,23050.0,PE,44645,465.0,79365,389415,463.45,465.1,65
2026-10-07 14:20:18,22583.15,2026-10-13,22350.0,CE,44600,309.65,148915,982605,309.15,309.95,65
2026-10-07 14:20:18,22583.15,2026-10-13,22450.0,CE,44608,236.1,386620,4530175,235.85,236.5,65
2026-10-07 14:20:18,22583.15,2026-10-13,23100.0,PE,44647,510.0,345605,736515,508.6,510.2,65
2026-10-07 14:20:18,22583.15,2026-10-13,22400.0,CE,44602,271.8,964795,7488715,271.8,272.15,65
2026-10-07 14:20:18,22583.15,2026-10-13,23100.0,CE,44646,12.85,6113900,50082630,12.75,12.8,65
2026-10-07 14:20:18,22583.15,2026-10-13,23150.0,PE,44649,566.95,33865,90480,553.8,558.3,65
2026-10-07 14:20:18,22583.15,2026-10-13,23150.0,CE,44648,9.8,2877615,24138985,9.8,9.85,65
2026-10-07 14:20:18,22583.15,2026-10-13,22400.0,PE,44604,69.8,5035095,87715290,69.5,69.75,65
2026-10-07 14:20:18,22583.15,2026-10-13,22300.0,PE,44599,47.25,4570605,66013935,47.35,47.5,65
2026-10-07 14:20:18,22583.15,2026-10-13,23000.0,CE,44632,22.6,10173995,100255870,22.5,22.55,65
2026-10-07 14:20:18,22583.15,2026-10-13,22300.0,CE,44598,349.2,336180,2536885,348.65,349.6,65
2026-10-07 14:20:18,22583.15,2026-10-13,22950.0,PE,44631,377.1,294775,1294800,375.1,376.25,65
2026-10-07 14:20:18,22583.15,2026-10-13,23000.0,PE,44633,420.0,1478945,5804630,418.95,420.1,65
2026-10-07 14:20:18,22583.15,2026-10-13,22200.0,PE,44595,31.75,6988150,64952680,31.75,31.85,65
2026-10-07 14:20:18,22583.15,2026-10-13,22250.0,PE,44597,38.65,1700855,32641895,38.75,38.85,65
2026-10-07 14:20:18,22583.15,2026-10-13,22950.0,CE,44630,29.2,2724215,38904125,29.1,29.25,65
2026-10-07 14:20:18,22583.15,2026-10-13,22250.0,CE,44596,390.0,67535,231270,390.6,391.8,65
2026-10-07 14:20:18,22583.15,2026-10-13,23050.0,CE,44636,17.0,2158910,28485925,17.0,17.1,65
2026-10-07 14:20:18,22583.15,2026-10-13,22150.0,PE,44591,26.05,1460940,25105665,26.1,26.2,65
2026-10-07 14:20:18,22583.15,2026-10-13,22200.0,CE,44592,434.0,371865,976625,433.4,434.6,65
2026-10-07 14:25:27,22592.35,2026-10-13,22700.0,PE,44621,191.55,4779515,145074150,191.15,191.6,65
2026-10-07 14:25:27,22592.35,2026-10-13,22700.0,CE,44620,98.95,11071775,190701030,98.7,98.95,65
2026-10-07 14:25:27,22592.35,2026-10-13,22750.0,PE,44623,221.65,997815,29632200,221.6,222.15,65
2026-10-07 14:25:27,22592.35,2026-10-13,22750.0,CE,44622,79.7,4842825,80432820,79.55,79.75,65
2026-10-07 14:25:27,22592.35,2026-10-13,22100.0,CE,44584,527.75,112515,187070,526.3,527.65,65
2026-10-07 14:25:27,22592.35,2026-10-13,22050.0,PE,44583,17.05,1496430,22304425,16.95,17.1,65
2026-10-07 14:25:27,22592.35,2026-10-13,22150.0,CE,44586,479.8,42705,109915,480.75,482.6,65
2026-10-07 14:25:27,22592.35,2026-10-13,22100.0,PE,44585,20.7,4156555,39274560,20.6,20.65,65
2026-10-07 14:25:27,22592.35,2026-10-13,22900.0,PE,44629,330.4,907270,6336655,330.2,331.0,65
2026-10-07 14:25:27,22592.35,2026-10-13,22900.0,CE,44628,38.25,5611190,78589745,38.15,38.25,65
2026-10-07 14:25:27,22592.35,2026-10-13,22800.0,PE,44625,255.6,2172560,33093060,255.0,255.6,65
2026-10-07 14:25:27,22592.35,2026-10-13,22800.0,CE,44624,62.75,11180260,134886310,62.6,62.75,65
2026-10-07 14:25:27,22592.35,2026-10-13,22850.0,PE,44627,291.15,344955,5270005,291.15,291.8,65
2026-10-07 14:25:27,22592.35,2026-10-13,22850.0,CE,44626,49.25,3167905,50618230,49.25,49.4,65
2026-10-07 14:25:27,22592.35,2026-10-13,22050.0,CE,44582,571.05,19175,50765,572.95,574.85,65
2026-10-07 14:25:27,22592.35,2026-10-13,22000.0,PE,44581,14.3,7335120,69110275,14.25,14.35,65
2026-10-07 14:25:27,22592.35,2026-10-13,23200.0,PE,44653,601.85,294060,412490,597.85,599.6,65
2026-10-07 14:25:27,22592.35,2026-10-13,22500.0,CE,44612,204.75,3148275,35983090,204.7,205.2,65
2026-10-07 14:25:27,22592.35,2026-10-13,22450.0,PE,44611,81.45,2009995,67810730,81.4,81.6,65
2026-10-07 14:25:27,22592.35,2026-10-13,23200.0,CE,44650,7.5,8016255,46288385,7.45,7.5,65
2026-10-07 14:25:27,22592.35,2026-10-13,22000.0,CE,44572,622.0,321750,722345,619.0,620.95,65
2026-10-07 14:25:27,22592.35,2026-10-13,22650.0,CE,44618,121.2,4810715,115767275,120.8,121.1,65
2026-10-07 14:25:27,22592.35,2026-10-13,22600.0,PE,44617,138.75,8208460,234754975,139.0,139.25,65
2026-10-07 14:25:27,22592.35,2026-10-13,22650.0,PE,44619,163.8,2254460,126315670,163.8,164.1,65
2026-10-07 14:25:27,22592.35,2026-10-13,22550.0,CE,44614,174.4,2384915,36983440,173.9,174.25,65
2026-10-07 14:25:27,22592.35,2026-10-13,22500.0,PE,44613,97.8,7269600,141182015,97.8,98.0,65
2026-10-07 14:25:27,22592.35,2026-10-13,22600.0,CE,44616,145.9,8620625,159967210,145.8,146.2,65
2026-10-07 14:25:27,22592.35,2026-10-13,22550.0,PE,44615,117.35,3612960,97212310,117.3,117.55,65
2026-10-07 14:25:27,22592.35,2026-10-13,22350.0,PE,44601,55.5,1585675,39725660,55.55,55.7,65
2026-10-07 14:25:27,22592.35,2026-10-13,23050.0,PE,44645,458.65,79495,390780,457.9,459.35,65
2026-10-07 14:25:27,22592.35,2026-10-13,22350.0,CE,44600,313.15,146185,1001455,312.2,313.1,65
2026-10-07 14:25:27,22592.35,2026-10-13,22450.0,CE,44608,238.8,340795,4713670,238.25,238.8,65
2026-10-07 14:25:27,22592.35,2026-10-13,23100.0,PE,44647,501.7,345605,739375,503.4,504.8,65
2026-10-07 14:25:27,22592.35,2026-10-13,22400.0,CE,44602,274.55,932945,7646470,274.45,275.1,65
2026-10-07 14:25:27,22592.35,2026-10-13,23100.0,CE,44646,12.85,6091930,50435840,12.8,12.9,65
2026-10-07 14:25:27,22592.35,2026-10-13,23150.0,PE,44649,551.3,33865,91715,549.9,552.3,65
2026-10-07 14:25:27,22592.35,2026-10-13,23150.0,CE,44648,9.8,2875665,24261575,9.8,9.85,65
2026-10-07 14:25:27,22592.35,2026-10-13,22400.0,PE,44604,67.6,4882345,89055980,67.4,67.65,65
2026-10-07 14:25:27,22592.35,2026-10-13,22300.0,PE,44599,45.7,4558450,66825070,45.75,45.9,65
2026-10-07 14:25:27,22592.35,2026-10-13,23000.0,CE,44632,22.6,10160995,100997455,22.65,22.7,65
2026-10-07 14:25:27,22592.35,2026-10-13,22300.0,CE,44598,353.1,335855,2573610,351.9,353.0,65
2026-10-07 14:25:27,22592.35,2026-10-13,22950.0,PE,44631,370.0,295555,1301235,371.0,371.95,65
2026-10-07 14:25:27,22592.35,2026-10-13,23000.0,PE,44633,414.55,1484925,5838235,414.05,415.0,65
2026-10-07 14:25:27,22592.35,2026-10-13,22200.0,PE,44595,30.8,6913725,66005485,30.75,30.85,65
2026-10-07 14:25:27,22592.35,2026-10-13,22250.0,PE,44597,37.45,1704040,32987890,37.5,37.65,65
2026-10-07 14:25:27,22592.35,2026-10-13,22950.0,CE,44630,29.3,2707185,39207415,29.3,29.4,65
2026-10-07 14:25:27,22592.35,2026-10-13,22250.0,CE,44596,394.9,65780,233610,393.75,395.0,65
2026-10-07 14:25:27,22592.35,2026-10-13,23050.0,CE,44636,17.1,2166450,28714205,17.05,17.15,65
2026-10-07 14:25:27,22592.35,2026-10-13,22150.0,PE,44591,25.35,1461330,25455300,25.25,25.35,65
2026-10-07 14:25:27,22592.35,2026-10-13,22200.0,CE,44592,437.0,368290,987155,437.05,438.15,65
2026-10-07 14:30:24,22638.25,2026-10-13,22700.0,PE,44621,161.65,4761510,147335370,160.85,161.25,65
2026-10-07 14:30:24,22638.25,2026-10-13,22700.0,CE,44620,118.0,10065315,198149770,118.65,118.75,65
2026-10-07 14:30:24,22638.25,2026-10-13,22750.0,PE,44623,189.45,1034995,30136080,188.95,189.4,65
2026-10-07 14:30:24,22638.25,2026-10-13,22750.0,CE,44622,95.7,4433780,84237790,95.7,96.0,65
2026-10-07 14:30:24,22638.25,2026-10-13,22100.0,CE,44584,568.75,111085,197600,571.4,573.15,65
2026-10-07 14:30:24,22638.25,2026-10-13,22050.0,PE,44583,13.9,1502150,22876490,13.75,13.85,65
2026-10-07 14:30:24,22638.25,2026-10-13,22150.0,CE,44586,524.15,41665,115245,525.85,527.5,65
2026-10-07 14:30:24,22638.25,2026-10-13,22100.0,PE,44585,16.75,4009785,40721005,16.7,16.75,65
2026-10-07 14:30:24,22638.25,2026-10-13,22900.0,PE,44629,289.95,899080,6535425,288.45,289.25,65
2026-10-07 14:30:24,22638.25,2026-10-13,22900.0,CE,44628,46.5,5208905,81962140,46.45,46.6,65
2026-10-07 14:30:24,22638.25,2026-10-13,22800.0,PE,44625,219.7,2156960,33952750,218.9,219.55,65
2026-10-07 14:30:24,22638.25,2026-10-13,22800.0,CE,44624,75.9,10757435,140315760,76.05,76.3,65
2026-10-07 14:30:24,22638.25,2026-10-13,22850.0,PE,44627,252.15,344175,5348850,252.5,252.95,65
2026-10-07 14:30:24,22638.25,2026-10-13,22850.0,CE,44626,59.9,3024580,53233505,60.05,60.25,65
2026-10-07 14:30:24,22638.25,2026-10-13,22050.0,CE,44582,616.6,19240,52390,618.4,620.65,65
2026-10-07 14:30:24,22638.25,2026-10-13,23250.0,CE,44654,6.5,2668445,21944585,6.45,6.55,65
2026-10-07 14:30:24,22638.25,2026-10-13,23200.0,PE,44653,547.95,294970,422500,549.15,550.65,65
2026-10-07 14:30:24,22638.25,2026-10-13,22500.0,CE,44612,235.65,2868645,38113725,236.15,236.75,65
2026-10-07 14:30:24,22638.25,2026-10-13,23250.0,PE,44655,602.2,213265,125775,596.05,599.45,65
2026-10-07 14:30:24,22638.25,2026-10-13,22450.0,PE,44611,66.2,1975675,69359875,65.9,66.1,65
2026-10-07 14:30:24,22638.25,2026-10-13,23200.0,CE,44650,8.3,7988500,47799115,8.2,8.3,65
2026-10-07 14:30:24,22638.25,2026-10-13,22650.0,CE,44618,143.45,4299880,121593420,143.3,143.45,65
2026-10-07 14:30:24,22638.25,2026-10-13,22600.0,PE,44617,115.25,8262605,240729385,114.6,114.8,65
2026-10-07 14:30:24,22638.25,2026-10-13,22650.0,PE,44619,137.1,2339025,128402495,136.8,137.1,65
2026-10-07 14:30:24,22638.25,2026-10-13,22550.0,CE,44614,202.5,1899495,39812630,202.7,203.25,65
2026-10-07 14:30:24,22638.25,2026-10-13,22500.0,PE,44613,79.8,7090005,145398955,79.6,79.8,65
2026-10-07 14:30:24,22638.25,2026-10-13,22600.0,CE,44616,171.4,7345845,169709540,172.0,172.3,65
2026-10-07 14:30:24,22638.25,2026-10-13,22550.0,PE,44615,96.3,3310060,100210565,95.9,96.15,65
2026-10-07 14:30:24,22638.25,2026-10-13,22350.0,PE,44601,44.9,1552265,40859780,44.65,44.8,65
2026-10-07 14:30:24,22638.25,2026-10-13,23050.0,PE,44645,410.75,79950,398255,411.55,412.7,65
2026-10-07 14:30:24,22638.25,2026-10-13,22350.0,CE,44600,351.05,130325,1076530,350.8,351.8,65
2026-10-07 14:30:24,22638.25,2026-10-13,22450.0,CE,44608,272.05,301795,5046405,272.35,273.0,65
2026-10-07 14:30:24,22638.25,2026-10-13,23100.0,PE,44647,455.85,344955,751335,456.95,458.4,65
2026-10-07 14:30:24,22638.25,2026-10-13,22400.0,CE,44602,311.85,844220,8076575,310.3,311.1,65
2026-10-07 14:30:24,22638.25,2026-10-13,23100.0,CE,44646,14.85,5907395,52110370,14.85,14.9,65
2026-10-07 14:30:24,22638.25,2026-10-13,23150.0,PE,44649,500.3,35295,95810,502.3,504.3,65
2026-10-07 14:30:24,22638.25,2026-10-13,23150.0,CE,44648,11.05,2815930,25464010,11.05,11.15,65
2026-10-07 14:30:24,22638.25,2026-10-13,22400.0,PE,44604,54.5,4999670,91662285,54.5,54.7,65
2026-10-07 14:30:24,22638.25,2026-10-13,22300.0,PE,44599,36.7,4417400,69374695,36.6,36.7,65
2026-10-07 14:30:24,22638.25,2026-10-13,23000.0,CE,44632,27.0,10027485,104715195,27.0,27.05,65
2026-10-07 14:30:24,22638.25,2026-10-13,22300.0,CE,44598,392.0,298480,2690155,391.85,393.0,65
2026-10-07 14:30:24,22638.25,2026-10-13,22950.0,PE,44631,327.55,291590,1327820,327.35,328.4,65
2026-10-07 14:30:24,22638.25,2026-10-13,23000.0,PE,44633,367.6,1482780,6041490,369.25,370.2,65
2026-10-07 14:30:24,22638.25,2026-10-13,22200.0,PE,44595,24.65,6709235,67911870,24.55,24.6,65
2026-10-07 14:30:24,22638.25,2026-10-13,22250.0,PE,44597,30.15,1627600,34508890,30.0,30.1,65
2026-10-07 14:30:24,22638.25,2026-10-13,22950.0,CE,44630,35.55,2536495,40886040,35.45,35.6,65
2026-10-07 14:30:24,22638.25,2026-10-13,22250.0,CE,44596,435.05,64935,242970,435.6,437.05,65
2026-10-07 14:30:24,22638.25,2026-10-13,23050.0,CE,44636,20.15,2078180,29956550,20.1,20.2,65
2026-10-07 14:30:24,22638.25,2026-10-13,22150.0,PE,44591,20.3,1380340,26218855,20.25,20.3,65
2026-10-07 14:30:24,22638.25,2026-10-13,22200.0,CE,44592,479.8,355875,1040585,480.5,481.95,65
2026-10-07 14:35:20,22629.65,2026-10-13,22700.0,PE,44621,170.6,5032950,149275035,170.65,171.0,65
2026-10-07 14:35:20,22629.65,2026-10-13,22700.0,CE,44620,109.65,9952410,202255235,109.5,109.75,65
2026-10-07 14:35:20,22629.65,2026-10-13,22750.0,PE,44623,199.2,1066520,30560985,198.5,198.95,65
2026-10-07 14:35:20,22629.65,2026-10-13,22750.0,CE,44622,88.8,4296565,86281065,88.85,89.0,65
2026-10-07 14:35:20,22629.65,2026-10-13,22100.0,CE,44584,559.9,111085,201760,552.95,554.85,65
2026-10-07 14:35:20,22629.65,2026-10-13,22050.0,PE,44583,14.35,1553240,23347025,14.25,14.35,65
2026-10-07 14:35:20,22629.65,2026-10-13,22150.0,CE,44586,517.45,36920,129740,508.95,510.6,65
2026-10-07 14:35:20,22629.65,2026-10-13,22100.0,PE,44585,17.4,3815565,41280980,17.3,17.4,65
2026-10-07 14:35:20,22629.65,2026-10-13,22900.0,PE,44629,303.1,904540,6650020,302.6,303.3,65
2026-10-07 14:35:20,22629.65,2026-10-13,22900.0,CE,44628,42.9,5568615,84077175,42.7,42.9,65
2026-10-07 14:35:20,22629.65,2026-10-13,22800.0,PE,44625,230.65,2163135,34679385,231.7,232.25,65
2026-10-07 14:35:20,22629.65,2026-10-13,22800.0,CE,44624,70.3,10452130,143577395,70.15,70.3,65
2026-10-07 14:35:20,22629.65,2026-10-13,22850.0,PE,44627,265.7,361400,5471440,265.15,265.85,65
2026-10-07 14:35:20,22629.65,2026-10-13,22850.0,CE,44626,55.3,2746705,55058380,55.3,55.45,65
2026-10-07 14:35:20,22629.65,2026-10-13,22050.0,CE,44582,611.9,19695,53430,601.65,603.8,65
2026-10-07 14:35:20,22629.65,2026-10-13,23250.0,CE,44654,6.45,2631785,22478625,6.45,6.5,65
2026-10-07 14:35:20,22629.65,2026-10-13,23200.0,PE,44653,567.0,294840,425490,566.25,568.1,65
2026-10-07 14:35:20,22629.65,2026-10-13,22500.0,CE,44612,223.9,2822105,39016380,223.25,223.85,65
2026-10-07 14:35:20,22629.65,2026-10-13,23250.0,PE,44655,593.4,213135,126100,612.75,616.35,65
2026-10-07 14:35:20,22629.65,2026-10-13,22450.0,PE,44611,70.0,2027480,70173870,70.3,70.5,65
2026-10-07 14:35:20,22629.65,2026-10-13,23200.0,CE,44650,8.05,7869160,48631570,8.05,8.15,65
2026-10-07 14:35:20,22629.65,2026-10-13,22650.0,CE,44618,134.05,4217980,124749170,134.0,134.35,65
2026-10-07 14:35:20,22629.65,2026-10-13,22600.0,PE,44617,121.85,8623615,244606115,121.6,121.9,65
2026-10-07 14:35:20,22629.65,2026-10-13,22650.0,PE,44619,144.2,2761590,130701220,144.25,144.7,65
2026-10-07 14:35:20,22629.65,2026-10-13,22550.0,CE,44614,190.85,1610245,41054325,190.6,191.1,65
2026-10-07 14:35:20,22629.65,2026-10-13,22500.0,PE,44613,84.6,7241195,147741620,84.4,84.5,65
2026-10-07 14:35:20,22629.65,2026-10-13,22600.0,CE,44616,161.1,7183540,173903340,160.9,161.3,65
2026-10-07 14:35:20,22629.65,2026-10-13,22550.0,PE,44615,101.75,3521830,101982660,101.8,102.05,65
2026-10-07 14:35:20,22629.65,2026-10-13,22350.0,PE,44601,47.05,1838070,42066180,47.2,47.35,65
2026-10-07 14:35:20,22629.65,2026-10-13,23050.0,PE,44645,425.7,83330,412685,427.95,429.8,65
2026-10-07 14:35:20,22629.65,2026-10-13,22350.0,CE,44600,340.8,130455,1108705,335.2,336.25,65
2026-10-07 14:35:20,22629.65,2026-10-13,22450.0,CE,44608,259.3,290030,5194995,257.45,258.2,65
2026-10-07 14:35:20,22629.65,2026-10-13,23100.0,PE,44647,469.5,345800,757835,472.45,473.9,65
2026-10-07 14:35:20,22629.65,2026-10-13,22400.0,CE,44602,296.5,841035,8224515,296.65,297.45,65
2026-10-07 14:35:20,22629.65,2026-10-13,23100.0,CE,44646,14.1,5855005,53224470,14.1,14.15,65
2026-10-07 14:35:20,22629.65,2026-10-13,23150.0,PE,44649,515.0,34905,96655,520.1,522.6,65
2026-10-07 14:35:20,22629.65,2026-10-13,23150.0,CE,44648,10.6,3147105,26061620,10.65,10.7,65
2026-10-07 14:35:20,22629.65,2026-10-13,22400.0,PE,44604,57.7,5113550,93095210,57.4,57.6,65
2026-10-07 14:35:20,22629.65,2026-10-13,22300.0,PE,44599,38.6,4422015,70874245,38.55,38.7,65
2026-10-07 14:35:20,22629.65,2026-10-13,23000.0,CE,44632,25.2,9752860,107251365,25.15,25.25,65
2026-10-07 14:35:20,22629.65,2026-10-13,22300.0,CE,44598,376.85,298675,2722265,377.1,378.15,65
2026-10-07 14:35:20,22629.65,2026-10-13,22950.0,PE,44631,339.2,296335,1369550,342.05,343.15,65
2026-10-07 14:35:20,22629.65,2026-10-13,23000.0,PE,44633,384.8,1501045,6126250,384.0,384.9,65
2026-10-07 14:35:20,22629.65,2026-10-13,22200.0,PE,44595,25.75,6729840,69130100,25.65,25.75,65
2026-10-07 14:35:20,22629.65,2026-10-13,22250.0,PE,44597,31.6,1628835,35150700,31.5,31.65,65
2026-10-07 14:35:20,22629.65,2026-10-13,22950.0,CE,44630,32.75,2431520,42108950,32.85,32.95,65
2026-10-07 14:35:20,22629.65,2026-10-13,22250.0,CE,44596,426.25,70525,254735,420.0,421.35,65
2026-10-07 14:35:20,22629.65,2026-10-13,23050.0,CE,44636,18.9,2040025,30846335,18.85,18.95,65
2026-10-07 14:35:20,22629.65,2026-10-13,22150.0,PE,44591,21.2,1380730,26638235,21.15,21.2,65
2026-10-07 14:35:20,22629.65,2026-10-13,22200.0,CE,44592,463.95,351195,1050140,464.05,465.25,65
2026-10-07 14:40:23,22612.9,2026-10-13,22700.0,PE,44621,172.85,4922905,151043490,173.1,173.4,65
2026-10-07 14:40:23,22612.9,2026-10-13,22700.0,CE,44620,106.4,9746360,204858680,106.0,106.2,65
2026-10-07 14:40:23,22612.9,2026-10-13,22750.0,PE,44623,202.3,1076400,30966000,201.85,202.2,65
2026-10-07 14:40:23,22612.9,2026-10-13,22750.0,CE,44622,85.5,4192175,87581715,85.5,85.65,65
2026-10-07 14:40:23,22612.9,2026-10-13,22100.0,CE,44584,546.2,111865,204165,548.5,549.9,65
2026-10-07 14:40:23,22612.9,2026-10-13,22050.0,PE,44583,14.15,1586845,23692305,14.15,14.25,65
2026-10-07 14:40:23,22612.9,2026-10-13,22150.0,CE,44586,504.6,36985,130975,501.75,504.15,65
2026-10-07 14:40:23,22612.9,2026-10-13,22100.0,PE,44585,17.35,3744650,41914275,17.3,17.35,65
2026-10-07 14:40:23,22612.9,2026-10-13,22900.0,PE,44629,307.0,910260,6740045,307.1,307.95,65
2026-10-07 14:40:23,22612.9,2026-10-13,22900.0,CE,44628,40.9,5386745,85801560,40.75,40.85,65
2026-10-07 14:40:23,22612.9,2026-10-13,22800.0,PE,44625,233.95,2139735,35322755,233.85,234.45,65
2026-10-07 14:40:23,22612.9,2026-10-13,22800.0,CE,44624,67.3,10409620,145676700,67.35,67.5,65
2026-10-07 14:40:23,22612.9,2026-10-13,22850.0,PE,44627,268.6,354900,5540405,269.1,269.85,65
2026-10-07 14:40:23,22612.9,2026-10-13,22850.0,CE,44626,52.9,2732600,55845140,52.75,52.9,65
2026-10-07 14:40:23,22612.9,2026-10-13,22050.0,CE,44582,595.6,20280,54405,594.55,597.7,65
2026-10-07 14:40:23,22612.9,2026-10-13,22000.0,PE,44581,11.95,7545980,73555820,11.9,11.95,65
2026-10-07 14:40:23,22612.9,2026-10-13,23200.0,PE,44653,571.7,290225,434460,572.8,574.5,65
2026-10-07 14:40:23,22612.9,2026-10-13,22500.0,CE,44612,217.9,2777125,39682825,217.95,218.25,65
2026-10-07 14:40:23,22612.9,2026-10-13,22450.0,PE,44611,70.6,2094430,71170515,70.65,70.8,65
2026-10-07 14:40:23,22612.9,2026-10-13,23200.0,CE,44650,7.7,7806240,49220730,7.6,7.7,65
2026-10-07 14:40:23,22612.9,2026-10-13,22000.0,CE,44572,641.95,317395,758810,641.7,643.9,65
2026-10-07 14:40:23,22612.9,2026-10-13,22650.0,CE,44618,129.75,4110145,126697220,129.65,129.95,65
2026-10-07 14:40:23,22612.9,2026-10-13,22600.0,PE,44617,123.75,8859240,249284685,123.55,123.75,65
2026-10-07 14:40:23,22612.9,2026-10-13,22650.0,PE,44619,146.8,2928705,132935985,146.7,147.05,65
2026-10-07 14:40:23,22612.9,2026-10-13,22550.0,CE,44614,186.2,1556620,41629835,185.55,185.85,65
2026-10-07 14:40:23,22612.9,2026-10-13,22500.0,PE,44613,85.75,7423780,150288840,85.7,85.75,65
2026-10-07 14:40:23,22612.9,2026-10-13,22600.0,CE,44616,156.35,7203625,176666815,156.35,156.65,65
2026-10-07 14:40:23,22612.9,2026-10-13,22550.0,PE,44615,103.25,3663725,103963080,103.5,103.65,65
2026-10-07 14:40:23,22612.9,2026-10-13,22350.0,PE,44601,47.3,1826435,42815500,47.5,47.6,65
2026-10-07 14:40:23,22612.9,2026-10-13,23050.0,PE,44645,432.85,82095,425620,433.35,434.75,65
2026-10-07 14:40:23,22612.9,2026-10-13,22350.0,CE,44600,330.35,128245,1126385,329.65,330.55,65
2026-10-07 14:40:23,22612.9,2026-10-13,22450.0,CE,44608,253.9,285480,5269810,253.35,253.95,65
2026-10-07 14:40:23,22612.9,2026-10-13,23100.0,PE,44647,478.85,347815,767065,478.5,480.0,65
2026-10-07 14:40:23,22612.9,2026-10-13,22400.0,CE,44602,291.4,841100,8339370,291.0,291.65,65
2026-10-07 14:40:23,22612.9,2026-10-13,23100.0,CE,44646,13.3,5913960,54100995,13.25,13.3,65
2026-10-07 14:40:23,22612.9,2026-10-13,23150.0,PE,44649,526.55,34905,98865,525.85,528.05,65
2026-10-07 14:40:23,22612.9,2026-10-13,23150.0,CE,44648,10.1,3120975,26518375,10.0,10.05,65
2026-10-07 14:40:23,22612.9,2026-10-13,22400.0,PE,44604,58.25,5304845,94756870,58.15,58.25,65
2026-10-07 14:40:23,22612.9,2026-10-13,22300.0,PE,44599,38.8,4469465,72162220,38.75,38.9,65
2026-10-07 14:40:23,22612.9,2026-10-13,23000.0,CE,44632,23.85,9928815,109092490,23.85,23.95,65
2026-10-07 14:40:23,22612.9,2026-10-13,22300.0,CE,44598,369.0,298545,2747485,370.5,371.7,65
2026-10-07 14:40:23,22612.9,2026-10-13,22950.0,PE,44631,347.5,301405,1399645,346.95,347.75,65
2026-10-07 14:40:23,22612.9,2026-10-13,23000.0,PE,44633,390.1,1487590,6197945,388.85,389.75,65
2026-10-07 14:40:23,22612.9,2026-10-13,22200.0,PE,44595,25.8,6720935,70170295,25.8,25.9,65
2026-10-07 14:40:23,22612.9,2026-10-13,22250.0,PE,44597,31.65,1614795,35809085,31.65,31.75,65
2026-10-07 14:40:23,22612.9,2026-10-13,22950.0,CE,44630,31.3,2366780,42795415,31.2,31.3,65
2026-10-07 14:40:23,22612.9,2026-10-13,22250.0,CE,44596,414.5,70850,258375,413.55,414.9,65
2026-10-07 14:40:23,22612.9,2026-10-13,23050.0,CE,44636,17.85,2010710,31372835,17.8,17.9,65
2026-10-07 14:40:23,22612.9,2026-10-13,22150.0,PE,44591,21.15,1439165,27144780,21.15,21.25,65
2026-10-07 14:40:23,22612.9,2026-10-13,22200.0,CE,44592,458.0,352170,1059890,457.6,459.0,65
2026-10-07 14:45:25,22619.8,2026-10-13,22700.0,PE,44621,168.45,4864925,152048975,168.15,168.55,65
2026-10-07 14:45:25,22619.8,2026-10-13,22700.0,CE,44620,105.85,9944935,206550565,105.55,105.8,65
2026-10-07 14:45:25,22619.8,2026-10-13,22750.0,PE,44623,197.1,1075945,31217420,197.1,197.55,65
2026-10-07 14:45:25,22619.8,2026-10-13,22750.0,CE,44622,84.7,4269070,88460320,84.75,84.9,65
2026-10-07 14:45:25,22619.8,2026-10-13,22100.0,CE,44584,552.15,112190,205595,551.5,553.35,65
2026-10-07 14:45:25,22619.8,2026-10-13,22050.0,PE,44583,13.9,1528150,24081070,13.8,13.9,65
2026-10-07 14:45:25,22619.8,2026-10-13,22150.0,CE,44586,501.95,37115,131755,506.25,507.75,65
2026-10-07 14:45:25,22619.8,2026-10-13,22100.0,PE,44585,16.8,3690765,42323970,16.8,16.9,65
2026-10-07 14:45:25,22619.8,2026-10-13,22900.0,PE,44629,301.2,906035,6784505,301.65,302.45,65
2026-10-07 14:45:25,22619.8,2026-10-13,22900.0,CE,44628,39.8,5367960,86693945,39.55,39.7,65
2026-10-07 14:45:25,22619.8,2026-10-13,22800.0,PE,44625,228.6,2139215,35550125,228.95,229.5,65
2026-10-07 14:45:25,22619.8,2026-10-13,22800.0,CE,44624,66.6,10417680,146935490,66.3,66.45,65
2026-10-07 14:45:25,22619.8,2026-10-13,22850.0,PE,44627,264.0,341900,5593445,263.75,264.5,65
2026-10-07 14:45:25,22619.8,2026-10-13,22850.0,CE,44626,51.85,2710435,56507360,51.75,51.8,65
2026-10-07 14:45:25,22619.8,2026-10-13,22050.0,CE,44582,595.3,20800,55055,599.75,601.8,65
2026-10-07 14:45:25,22619.8,2026-10-13,22000.0,PE,44581,11.75,7420140,74466015,11.65,11.75,65
2026-10-07 14:45:25,22619.8,2026-10-13,23200.0,PE,44653,568.0,289640,437060,568.55,570.0,65
2026-10-07 14:45:25,22619.8,2026-10-13,22500.0,CE,44612,219.15,2752165,40133860,219.1,219.55,65
2026-10-07 14:45:25,22619.8,2026-10-13,22450.0,PE,44611,68.25,2091830,71875895,68.4,68.5,65
2026-10-07 14:45:25,22619.8,2026-10-13,23200.0,CE,44650,7.1,7825220,49604165,7.05,7.1,65
2026-10-07 14:45:25,22619.8,2026-10-13,22000.0,CE,44572,649.0,317395,761540,645.8,647.9,65
2026-10-07 14:45:25,22619.8,2026-10-13,22650.0,CE,44618,129.5,4328155,128249290,129.5,129.7,65
2026-10-07 14:45:25,22619.8,2026-10-13,22600.0,PE,44617,119.9,8725860,251960085,119.65,119.9,65
2026-10-07 14:45:25,22619.8,2026-10-13,22650.0,PE,44619,142.5,2833090,134231955,142.25,142.45,65
2026-10-07 14:45:25,22619.8,2026-10-13,22550.0,CE,44614,187.15,1521325,42074110,186.4,186.8,65
2026-10-07 14:45:25,22619.8,2026-10-13,22500.0,PE,44613,82.65,7365475,151731840,82.85,82.95,65
2026-10-07 14:45:25,22619.8,2026-10-13,22600.0,CE,44616,156.6,7293520,178863685,156.5,156.8,65
2026-10-07 14:45:25,22619.8,2026-10-13,22550.0,PE,44615,100.05,3595085,105145300,99.95,100.2,65
2026-10-07 14:45:25,22619.8,2026-10-13,22350.0,PE,44601,46.0,1783405,43287530,45.85,46.0,65
2026-10-07 14:45:25,22619.8,2026-10-13,23050.0,PE,44645,427.95,81770,434005,428.3,429.7,65
2026-10-07 14:45:25,22619.8,2026-10-13,22350.0,CE,44600,333.5,126035,1132495,332.25,333.1,65
2026-10-07 14:45:25,22619.8,2026-10-13,22450.0,CE,44608,255.0,293020,5356455,255.0,255.4,65
2026-10-07 14:45:25,22619.8,2026-10-13,23100.0,PE,44647,480.2,348270,769600,473.45,475.5,65
2026-10-07 14:45:25,22619.8,2026-10-13,22400.0,CE,44602,293.75,849095,8403330,293.0,293.5,65
2026-10-07 14:45:25,22619.8,2026-10-13,23100.0,CE,44646,12.45,5970510,54623465,12.4,12.5,65
2026-10-07 14:45:25,22619.8,2026-10-13,23150.0,PE,44649,519.3,34775,99515,521.0,523.05,65
2026-10-07 14:45:25,22619.8,2026-10-13,23150.0,CE,44648,9.35,3206580,26883155,9.3,9.4,65
2026-10-07 14:45:25,22619.8,2026-10-13,22400.0,PE,44604,56.25,5261620,95762550,56.15,56.3,65
2026-10-07 14:45:25,22619.8,2026-10-13,22300.0,PE,44599,37.45,4603950,73181810,37.5,37.65,65
2026-10-07 14:45:25,22619.8,2026-10-13,23000.0,CE,44632,22.95,9882080,110107790,22.85,22.95,65
2026-10-07 14:45:25,22619.8,2026-10-13,22300.0,CE,44598,375.1,302510,2763540,373.6,374.7,65
2026-10-07 14:45:25,22619.8,2026-10-13,22950.0,PE,44631,340.4,302770,1411735,341.85,342.7,65
2026-10-07 14:45:25,22619.8,2026-10-13,23000.0,PE,44633,385.15,1492205,6232135,384.05,385.05,65
2026-10-07 14:45:25,22619.8,2026-10-13,22200.0,PE,44595,24.9,6734845,70873725,24.9,25.0,65
2026-10-07 14:45:25,22619.8,2026-10-13,22250.0,PE,44597,30.65,1601340,36177700,30.6,30.75,65
2026-10-07 14:45:25,22619.8,2026-10-13,22950.0,CE,44630,30.05,2404675,43333095,30.0,30.05,65
2026-10-07 14:45:25,22619.8,2026-10-13,22250.0,CE,44596,416.75,71305,261300,416.3,417.55,65
2026-10-07 14:45:25,22619.8,2026-10-13,23050.0,CE,44636,16.95,2028780,31718310,16.85,16.9,65
2026-10-07 14:45:25,22619.8,2026-10-13,22150.0,PE,44591,20.5,1377025,27451125,20.45,20.55,65
2026-10-07 14:45:25,22619.8,2026-10-13,22200.0,CE,44592,463.2,351130,1062230,461.25,462.55,65
2026-10-07 14:50:24,22609.65,2026-10-13,22700.0,PE,44621,180.2,4794400,153413130,179.75,180.2,65
2026-10-07 14:50:24,22609.65,2026-10-13,22700.0,CE,44620,98.6,9633000,209468870,98.4,98.65,65
2026-10-07 14:50:24,22609.65,2026-10-13,22750.0,PE,44623,209.7,1030055,31583955,209.7,210.2,65
2026-10-07 14:50:24,22609.65,2026-10-13,22750.0,CE,44622,78.45,4194255,89914045,78.45,78.65,65
2026-10-07 14:50:24,22609.65,2026-10-13,22100.0,CE,44584,541.2,113100,209040,535.4,536.8,65
2026-10-07 14:50:24,22609.65,2026-10-13,22050.0,PE,44583,15.6,1617330,24507080,15.65,15.7,65
2026-10-07 14:50:24,22609.65,2026-10-13,22150.0,CE,44586,500.65,37570,132665,489.35,491.8,65
2026-10-07 14:50:24,22609.65,2026-10-13,22100.0,PE,44585,18.95,3711955,42884530,18.9,19.0,65
2026-10-07 14:50:24,22609.65,2026-10-13,22900.0,PE,44629,318.2,901615,6868420,317.25,318.1,65
2026-10-07 14:50:24,22609.65,2026-10-13,22900.0,CE,44628,36.4,5253235,87986015,36.3,36.45,65
2026-10-07 14:50:24,22609.65,2026-10-13,22800.0,PE,44625,243.2,2117895,36010715,242.6,243.15,65
2026-10-07 14:50:24,22609.65,2026-10-13,22800.0,CE,44624,61.15,10257780,148924295,61.15,61.3,65
2026-10-07 14:50:24,22609.65,2026-10-13,22850.0,PE,44627,279.4,329810,5661175,278.4,279.1,65
2026-10-07 14:50:24,22609.65,2026-10-13,22850.0,CE,44626,47.55,2741245,57477420,47.65,47.8,65
2026-10-07 14:50:24,22609.65,2026-10-13,22050.0,CE,44582,591.65,21450,56420,582.1,584.3,65
2026-10-07 14:50:24,22609.65,2026-10-13,22000.0,PE,44581,13.25,7363200,75417810,13.1,13.2,65
2026-10-07 14:50:24,22609.65,2026-10-13,23200.0,PE,44653,582.55,289575,438750,586.0,587.8,65
2026-10-07 14:50:24,22609.65,2026-10-13,22500.0,CE,44612,208.05,2719665,40741740,207.55,208.1,65
2026-10-07 14:50:24,22609.65,2026-10-13,22450.0,PE,44611,75.0,2133365,72802925,74.8,75.0,65
2026-10-07 14:50:24,22609.65,2026-10-13,23200.0,CE,44650,6.55,7772570,50491935,6.55,6.6,65
2026-10-07 14:50:24,22609.65,2026-10-13,22000.0,CE,44572,630.05,317330,766090,628.7,630.65,65
2026-10-07 14:50:24,22609.65,2026-10-13,22650.0,CE,44618,121.3,3974295,130435435,121.4,121.7,65
2026-10-07 14:50:24,22609.65,2026-10-13,22600.0,PE,44617,129.6,8760895,256342060,129.35,129.65,65
2026-10-07 14:50:24,22609.65,2026-10-13,22650.0,PE,44619,152.8,2804815,136137300,152.8,153.2,65
2026-10-07 14:50:24,22609.65,2026-10-13,22550.0,CE,44614,176.05,1479335,42764345,175.55,175.9,65
2026-10-07 14:50:24,22609.65,2026-10-13,22500.0,PE,44613,90.75,7350915,154625510,90.1,90.35,65
2026-10-07 14:50:24,22609.65,2026-10-13,22600.0,CE,44616,147.4,6881420,181774905,147.05,147.4,65
2026-10-07 14:50:24,22609.65,2026-10-13,22550.0,PE,44615,108.6,3626740,106851485,108.7,109.0,65
2026-10-07 14:50:24,22609.65,2026-10-13,22350.0,PE,44601,50.75,1786655,43899375,50.5,50.65,65
2026-10-07 14:50:24,22609.65,2026-10-13,23050.0,PE,44645,448.05,79950,442910,445.5,446.75,65
2026-10-07 14:50:24,22609.65,2026-10-13,22350.0,CE,44600,317.25,125905,1151540,318.15,319.05,65
2026-10-07 14:50:24,22609.65,2026-10-13,22450.0,CE,44608,242.5,291005,5430945,242.35,243.0,65
2026-10-07 14:50:24,22609.65,2026-10-13,23100.0,PE,44647,493.15,350220,786435,491.35,492.9,65
2026-10-07 14:50:24,22609.65,2026-10-13,22400.0,CE,44602,279.3,871000,8607690,279.15,279.8,65
2026-10-07 14:50:24,22609.65,2026-10-13,23100.0,CE,44646,11.4,6124690,55466320,11.4,11.45,65
2026-10-07 14:50:24,22609.65,2026-10-13,23150.0,PE,44649,533.3,33475,102245,538.4,540.3,65
2026-10-07 14:50:24,22609.65,2026-10-13,23150.0,CE,44648,8.6,3198390,27287195,8.6,8.65,65
2026-10-07 14:50:24,22609.65,2026-10-13,22400.0,PE,44604,61.75,5280600,97268340,61.65,61.85,65
2026-10-07 14:50:24,22609.65,2026-10-13,22300.0,PE,44599,41.8,4865900,74472970,41.55,41.7,65
2026-10-07 14:50:24,22609.65,2026-10-13,23000.0,CE,44632,20.9,9931025,111692750,20.9,20.95,65
2026-10-07 14:50:24,22609.65,2026-10-13,22300.0,CE,44598,359.65,305565,2786615,359.15,360.2,65
2026-10-07 14:50:24,22609.65,2026-10-13,22950.0,PE,44631,359.1,304460,1431105,358.05,359.0,65
2026-10-07 14:50:24,22609.65,2026-10-13,23000.0,PE,44633,402.0,1480960,6277700,401.0,401.95,65
2026-10-07 14:50:24,22609.65,2026-10-13,22200.0,PE,44595,28.0,6661590,71833190,27.85,27.95,65
2026-10-07 14:50:24,22609.65,2026-10-13,22250.0,PE,44597,34.1,1755325,36970830,34.1,34.2,65
2026-10-07 14:50:24,22609.65,2026-10-13,22950.0,CE,44630,27.45,2350270,43988620,27.45,27.55,65
2026-10-07 14:50:24,22609.65,2026-10-13,22250.0,CE,44596,405.1,73645,269295,401.15,402.45,65
2026-10-07 14:50:24,22609.65,2026-10-13,23050.0,CE,44636,15.45,2049515,32317610,15.4,15.5,65
2026-10-07 14:50:24,22609.65,2026-10-13,22150.0,PE,44591,23.0,1393925,27903915,22.9,23.0,65
2026-10-07 14:50:24,22609.65,2026-10-13,22200.0,CE,44592,446.0,352625,1068275,444.2,445.6,65
2026-10-07 14:55:28,22605.35,2026-10-13,22700.0,PE,44621,182.9,4602780,155429885,180.15,180.6,65
2026-10-07 14:55:28,22605.35,2026-10-13,22700.0,CE,44620,96.75,9728225,212443920,97.7,97.9,65
2026-10-07 14:55:28,22605.35,2026-10-13,22750.0,PE,44623,213.5,970580,32165900,210.15,210.7,65
2026-10-07 14:55:28,22605.35,2026-10-13,22750.0,CE,44622,77.0,4255030,91445315,77.85,77.95,65
2026-10-07 14:55:28,22605.35,2026-10-13,22100.0,CE,44584,532.95,113815,212355,530.65,532.45,65
2026-10-07 14:55:28,22605.35,2026-10-13,22050.0,PE,44583,15.5,1686750,25370670,15.35,15.4,65
2026-10-07 14:55:28,22605.35,2026-10-13,22150.0,CE,44586,484.9,37310,133835,483.45,487.55,65
2026-10-07 14:55:28,22605.35,2026-10-13,22100.0,PE,44585,19.0,3707470,44043610,18.95,19.05,65
2026-10-07 14:55:28,22605.35,2026-10-13,22900.0,PE,44629,322.0,887380,6982820,321.75,322.65,65
2026-10-07 14:55:28,22605.35,2026-10-13,22900.0,CE,44628,35.85,5240365,89224915,35.75,35.85,65
2026-10-07 14:55:28,22605.35,2026-10-13,22800.0,PE,44625,246.0,2055690,36591620,245.1,245.7,65
2026-10-07 14:55:28,22605.35,2026-10-13,22800.0,CE,44624,60.25,10178740,150984470,60.25,60.45,65
2026-10-07 14:55:28,22605.35,2026-10-13,22850.0,PE,44627,279.5,313170,5759520,282.0,282.7,65
2026-10-07 14:55:28,22605.35,2026-10-13,22850.0,CE,44626,46.9,2756975,58501690,46.7,46.85,65
2026-10-07 14:55:28,22605.35,2026-10-13,22050.0,CE,44582,569.5,21840,57720,576.3,580.8,65
2026-10-07 14:55:28,22605.35,2026-10-13,22000.0,PE,44581,13.2,7361770,76996205,12.9,12.95,65
2026-10-07 14:55:28,22605.35,2026-10-13,23200.0,PE,44653,590.0,289770,442195,590.3,592.35,65
2026-10-07 14:55:28,22605.35,2026-10-13,22500.0,CE,44612,204.65,2739165,41583555,204.4,204.9,65
2026-10-07 14:55:28,22605.35,2026-10-13,22450.0,PE,44611,75.85,1994525,74609990,75.4,75.6,65
2026-10-07 14:55:28,22605.35,2026-10-13,23200.0,CE,44650,6.55,7762755,51290720,6.5,6.55,65
2026-10-07 14:55:28,22605.35,2026-10-13,22000.0,CE,44572,626.45,316550,774215,626.85,628.8,65
2026-10-07 14:55:28,22605.35,2026-10-13,22650.0,CE,44618,119.3,3968835,132658565,118.85,119.1,65
2026-10-07 14:55:28,22605.35,2026-10-13,22600.0,PE,44617,131.45,8320975,262887300,129.2,129.55,65
2026-10-07 14:55:28,22605.35,2026-10-13,22650.0,PE,44619,155.75,2523560,138744385,155.55,155.95,65
2026-10-07 14:55:28,22605.35,2026-10-13,22550.0,CE,44614,173.05,1504620,43622995,173.0,173.3,65
2026-10-07 14:55:28,22605.35,2026-10-13,22500.0,PE,44613,91.75,6952335,159262545,91.45,91.65,65
2026-10-07 14:55:28,22605.35,2026-10-13,22600.0,CE,44616,144.95,7107100,185325465,146.2,146.4,65
2026-10-07 14:55:28,22605.35,2026-10-13,22550.0,PE,44615,110.1,3440060,110107920,110.15,110.45,65
2026-10-07 14:55:28,22605.35,2026-10-13,22350.0,PE,44601,51.35,1683825,45218355,50.1,50.2,65
2026-10-07 14:55:28,22605.35,2026-10-13,23050.0,PE,44645,450.05,78780,453115,446.95,448.45,65
2026-10-07 14:55:28,22605.35,2026-10-13,22350.0,CE,44600,315.0,118885,1209000,316.65,317.4,65
2026-10-07 14:55:28,22605.35,2026-10-13,22450.0,CE,44608,240.0,283660,5608005,239.4,239.95,65
2026-10-07 14:55:28,22605.35,2026-10-13,23100.0,PE,44647,493.4,346125,808275,493.35,495.1,65
2026-10-07 14:55:28,22605.35,2026-10-13,22400.0,CE,44602,276.05,880295,8823230,277.7,278.4,65
2026-10-07 14:55:28,22605.35,2026-10-13,23100.0,CE,44646,11.3,6169475,56250805,11.3,11.4,65
2026-10-07 14:55:28,22605.35,2026-10-13,23150.0,PE,44649,544.75,33215,104000,541.55,546.1,65
2026-10-07 14:55:28,22605.35,2026-10-13,23150.0,CE,44648,8.55,3233490,27676220,8.6,8.65,65
2026-10-07 14:55:28,22605.35,2026-10-13,22400.0,PE,44604,62.7,4971330,100003540,61.35,61.55,65
2026-10-07 14:55:28,22605.35,2026-10-13,22300.0,PE,44599,42.15,4752865,76250525,42.0,42.1,65
2026-10-07 14:55:28,22605.35,2026-10-13,23000.0,CE,44632,20.65,9959560,113443200,20.6,20.7,65
2026-10-07 14:55:28,22605.35,2026-10-13,22300.0,CE,44598,355.3,312910,2826070,354.7,355.65,65
2026-10-07 14:55:28,22605.35,2026-10-13,22950.0,PE,44631,360.0,303095,1455675,358.8,359.9,65
2026-10-07 14:55:28,22605.35,2026-10-13,23000.0,PE,44633,402.3,1451190,6384560,405.15,406.1,65
2026-10-07 14:55:28,22605.35,2026-10-13,22200.0,PE,44595,28.0,6523140,73642790,28.05,28.15,65
2026-10-07 14:55:28,22605.35,2026-10-13,22250.0,PE,44597,34.35,1620580,38181195,33.55,33.7,65
2026-10-07 14:55:28,22605.35,2026-10-13,22950.0,CE,44630,27.15,2348450,44735405,27.25,27.35,65
2026-10-07 14:55:28,22605.35,2026-10-13,22250.0,CE,44596,401.1,73645,278135,399.7,400.95,65
2026-10-07 14:55:28,22605.35,2026-10-13,23050.0,CE,44636,15.35,2072460,33039890,15.4,15.45,65
2026-10-07 14:55:28,22605.35,2026-10-13,22150.0,PE,44591,23.1,1461005,28907385,22.95,23.05,65
2026-10-07 14:55:28,22605.35,2026-10-13,22200.0,CE,44592,442.0,356850,1098435,439.9,441.25,65
2026-10-07 15:00:26,22591.25,2026-10-13,22700.0,PE,44621,192.1,4609215,156434525,191.05,191.55,65
2026-10-07 15:00:26,22591.25,2026-10-13,22700.0,CE,44620,94.8,9706450,214198010,94.95,95.15,65
2026-10-07 15:00:26,22591.25,2026-10-13,22750.0,PE,44623,221.05,981435,32404840,222.35,222.9,65
2026-10-07 15:00:26,22591.25,2026-10-13,22750.0,CE,44622,76.0,4193865,92233310,75.75,75.95,65
2026-10-07 15:00:26,22591.25,2026-10-13,22100.0,CE,44584,522.85,113685,213395,520.5,521.9,65
2026-10-07 15:00:26,22591.25,2026-10-13,22050.0,PE,44583,16.1,1707745,25711205,16.15,16.25,65
2026-10-07 15:00:26,22591.25,2026-10-13,22150.0,CE,44586,492.95,37245,133900,476.45,478.0,65
2026-10-07 15:00:26,22591.25,2026-10-13,22100.0,PE,44585,19.9,3698630,44410080,20.1,20.15,65
2026-10-07 15:00:26,22591.25,2026-10-13,22900.0,PE,44629,332.1,888940,7035405,331.2,332.2,65
2026-10-07 15:00:26,22591.25,2026-10-13,22900.0,CE,44628,35.5,5176860,90027405,35.5,35.6,65
2026-10-07 15:00:26,22591.25,2026-10-13,22800.0,PE,44625,255.9,2046005,36870925,255.35,255.9,65
2026-10-07 15:00:26,22591.25,2026-10-13,22800.0,CE,44624,59.4,10187060,152032725,59.3,59.45,65
2026-10-07 15:00:26,22591.25,2026-10-13,22850.0,PE,44627,293.45,315640,5799235,292.05,292.8,65
2026-10-07 15:00:26,22591.25,2026-10-13,22850.0,CE,44626,46.2,2775305,59162155,46.1,46.2,65
2026-10-07 15:00:26,22591.25,2026-10-13,22050.0,CE,44582,569.5,21840,57720,565.4,568.7,65
2026-10-07 15:00:26,22591.25,2026-10-13,22000.0,PE,44581,13.65,7402460,77737205,13.6,13.65,65
2026-10-07 15:00:26,22591.25,2026-10-13,23200.0,PE,44653,604.2,289705,442650,601.75,603.0,65
2026-10-07 15:00:26,22591.25,2026-10-13,22500.0,CE,44612,200.25,2748980,41999490,199.9,200.45,65
2026-10-07 15:00:26,22591.25,2026-10-13,22450.0,PE,44611,80.9,2015520,75408645,80.55,80.75,65
2026-10-07 15:00:26,22591.25,2026-10-13,23200.0,CE,44650,6.5,7714590,51758980,6.5,6.55,65
2026-10-07 15:00:26,22591.25,2026-10-13,22000.0,CE,44572,613.75,316030,784290,613.55,615.55,65
2026-10-07 15:00:26,22591.25,2026-10-13,22650.0,CE,44618,116.85,3996265,134023500,116.05,116.35,65
2026-10-07 15:00:26,22591.25,2026-10-13,22600.0,PE,44617,139.0,8418735,266126185,138.5,138.85,65
2026-10-07 15:00:26,22591.25,2026-10-13,22650.0,PE,44619,163.3,2553655,140060115,164.75,165.15,65
2026-10-07 15:00:26,22591.25,2026-10-13,22550.0,CE,44614,169.95,1493570,44079230,169.45,169.8,65
2026-10-07 15:00:26,22591.25,2026-10-13,22500.0,PE,44613,97.45,7157735,161846945,97.25,97.45,65
2026-10-07 15:00:26,22591.25,2026-10-13,22600.0,CE,44616,141.55,7109050,187207410,141.45,141.8,65
2026-10-07 15:00:26,22591.25,2026-10-13,22550.0,PE,44615,116.55,3436810,111598760,116.6,116.85,65
2026-10-07 15:00:26,22591.25,2026-10-13,22350.0,PE,44601,54.5,1716845,45816875,54.45,54.5,65
2026-10-07 15:00:26,22591.25,2026-10-13,23050.0,PE,44645,460.9,80275,455975,460.0,461.45,65
2026-10-07 15:00:26,22591.25,2026-10-13,22350.0,CE,44600,306.45,118105,1219400,307.45,308.15,65
2026-10-07 15:00:26,22591.25,2026-10-13,22450.0,CE,44608,233.85,285675,5677685,233.6,234.25,65
2026-10-07 15:00:26,22591.25,2026-10-13,23100.0,PE,44647,508.95,346840,810420,505.5,507.1,65
2026-10-07 15:00:26,22591.25,2026-10-13,22400.0,CE,44602,268.35,897260,8925410,268.9,269.6,65
2026-10-07 15:00:26,22591.25,2026-10-13,23100.0,CE,44646,11.25,6234150,56818190,11.15,11.2,65
2026-10-07 15:00:26,22591.25,2026-10-13,23150.0,PE,44649,557.0,33280,104845,556.05,557.85,65
2026-10-07 15:00:26,22591.25,2026-10-13,23150.0,CE,44648,8.55,3255330,28038010,8.5,8.55,65
2026-10-07 15:00:26,22591.25,2026-10-13,22400.0,PE,44604,66.5,4934085,101234770,66.55,66.7,65
2026-10-07 15:00:26,22591.25,2026-10-13,22300.0,PE,44599,44.8,4415190,77510810,45.2,45.35,65
2026-10-07 15:00:26,22591.25,2026-10-13,23000.0,CE,44632,20.55,9945585,114227360,20.4,20.5,65
2026-10-07 15:00:26,22591.25,2026-10-13,22300.0,CE,44598,348.1,313820,2835820,345.7,346.65,65
2026-10-07 15:00:26,22591.25,2026-10-13,22950.0,PE,44631,373.0,303160,1463800,373.4,374.4,65
2026-10-07 15:00:26,22591.25,2026-10-13,23000.0,PE,44633,415.0,1452555,6414980,417.15,418.05,65
2026-10-07 15:00:26,22591.25,2026-10-13,22200.0,PE,44595,29.7,6542445,74300265,29.55,29.65,65
2026-10-07 15:00:26,22591.25,2026-10-13,22250.0,PE,44597,36.3,1602575,38607725,36.35,36.5,65
2026-10-07 15:00:26,22591.25,2026-10-13,22950.0,CE,44630,26.95,2362555,45070610,26.75,26.85,65
2026-10-07 15:00:26,22591.25,2026-10-13,22250.0,CE,44596,387.05,73710,279305,388.05,389.25,65
2026-10-07 15:00:26,22591.25,2026-10-13,23050.0,CE,44636,15.2,2049905,33340905,15.2,15.3,65
2026-10-07 15:00:26,22591.25,2026-10-13,22150.0,PE,44591,24.3,1460355,29212560,24.3,24.4,65
2026-10-07 15:00:26,22591.25,2026-10-13,22200.0,CE,44592,430.0,355550,1102465,430.7,432.05,65
2026-10-07 15:05:19,22590.2,2026-10-13,22700.0,PE,44621,192.6,4502550,157373515,192.55,192.85,65
2026-10-07 15:05:19,22590.2,2026-10-13,22700.0,CE,44620,92.2,9546095,215391930,92.3,92.4,65
2026-10-07 15:05:19,22590.2,2026-10-13,22750.0,PE,44623,223.6,933075,32598995,223.65,224.2,65
2026-10-07 15:05:19,22590.2,2026-10-13,22750.0,CE,44622,73.55,4178850,92844960,73.65,73.85,65
2026-10-07 15:05:19,22590.2,2026-10-13,22100.0,CE,44584,519.0,114205,216775,517.85,519.2,65
2026-10-07 15:05:19,22590.2,2026-10-13,22050.0,PE,44583,16.4,1525030,26257140,16.3,16.4,65
2026-10-07 15:05:19,22590.2,2026-10-13,22150.0,CE,44586,471.8,37375,134355,471.85,473.85,65
2026-10-07 15:05:19,22590.2,2026-10-13,22100.0,PE,44585,19.85,3681080,44839470,19.85,19.9,65
2026-10-07 15:05:19,22590.2,2026-10-13,22900.0,PE,44629,334.75,883025,7076940,333.75,334.6,65
2026-10-07 15:05:19,22590.2,2026-10-13,22900.0,CE,44628,34.3,4875000,90918360,34.35,34.45,65
2026-10-07 15:05:19,22590.2,2026-10-13,22800.0,PE,44625,258.15,2008565,37126765,257.6,258.25,65
2026-10-07 15:05:19,22590.2,2026-10-13,22800.0,CE,44624,57.4,10154300,152930635,57.4,57.55,65
2026-10-07 15:05:19,22590.2,2026-10-13,22850.0,PE,44627,294.4,306215,5847075,294.5,295.2,65
2026-10-07 15:05:19,22590.2,2026-10-13,22850.0,CE,44626,44.75,3139175,59927530,44.6,44.75,65
2026-10-07 15:05:19,22590.2,2026-10-13,22050.0,CE,44582,565.15,21320,58175,564.7,566.6,65
2026-10-07 15:05:19,22590.2,2026-10-13,22000.0,PE,44581,13.65,7425275,78737555,13.6,13.65,65
2026-10-07 15:05:19,22590.2,2026-10-13,23200.0,PE,44653,609.0,288600,451100,605.1,607.1,65
2026-10-07 15:05:19,22590.2,2026-10-13,22500.0,CE,44612,196.1,2802475,42442855,196.25,196.75,65
2026-10-07 15:05:19,22590.2,2026-10-13,22450.0,PE,44611,81.15,1991275,76345165,80.9,81.15,65
2026-10-07 15:05:19,22590.2,2026-10-13,23200.0,CE,44650,6.4,7713030,52244660,6.4,6.45,65
2026-10-07 15:05:19,22590.2,2026-10-13,22000.0,CE,44572,614.0,321100,789230,610.6,612.3,65
2026-10-07 15:05:19,22590.2,2026-10-13,22650.0,CE,44618,113.75,3976180,135062330,113.8,114.1,65
2026-10-07 15:05:19,22590.2,2026-10-13,22600.0,PE,44617,139.6,8258250,268998665,139.3,139.65,65
2026-10-07 15:05:19,22590.2,2026-10-13,22650.0,PE,44619,164.75,2465385,141203790,164.3,164.65,65
2026-10-07 15:05:19,22590.2,2026-10-13,22550.0,CE,44614,165.95,1489020,44466825,166.25,166.65,65
2026-10-07 15:05:19,22590.2,2026-10-13,22500.0,PE,44613,97.85,6621225,164132085,97.65,97.9,65
2026-10-07 15:05:19,22590.2,2026-10-13,22600.0,CE,44616,138.65,7320820,188981520,138.25,138.5,65
2026-10-07 15:05:19,22590.2,2026-10-13,22550.0,PE,44615,117.35,3437980,113223695,116.75,117.05,65
2026-10-07 15:05:19,22590.2,2026-10-13,22350.0,PE,44601,54.7,1667445,46336745,54.45,54.6,65
2026-10-07 15:05:19,22590.2,2026-10-13,23050.0,PE,44645,456.45,79950,458835,463.9,465.35,65
2026-10-07 15:05:19,22590.2,2026-10-13,22350.0,CE,44600,303.35,120575,1232140,303.55,304.25,65
2026-10-07 15:05:19,22590.2,2026-10-13,22450.0,CE,44608,230.05,288730,5742035,229.6,230.05,65
2026-10-07 15:05:19,22590.2,2026-10-13,23100.0,PE,44647,503.1,345540,817440,509.75,511.15,65
2026-10-07 15:05:19,22590.2,2026-10-13,22400.0,CE,44602,265.5,921180,9028435,265.5,266.0,65
2026-10-07 15:05:19,22590.2,2026-10-13,23100.0,CE,44646,10.95,6241430,57147545,10.9,10.95,65
2026-10-07 15:05:19,22590.2,2026-10-13,23150.0,PE,44649,551.0,33735,105235,557.85,559.6,65
2026-10-07 15:05:19,22590.2,2026-10-13,23150.0,CE,44648,8.4,3227575,28265770,8.35,8.4,65
2026-10-07 15:05:19,22590.2,2026-10-13,22400.0,PE,44604,66.85,4886700,102456705,66.7,66.85,65
2026-10-07 15:05:19,22590.2,2026-10-13,22300.0,PE,44599,44.9,4428580,78360100,44.7,44.9,65
2026-10-07 15:05:19,22590.2,2026-10-13,23000.0,CE,44632,19.85,9933560,114847135,19.85,19.95,65
2026-10-07 15:05:19,22590.2,2026-10-13,22300.0,CE,44598,344.7,319410,2849795,343.35,344.4,65
2026-10-07 15:05:19,22590.2,2026-10-13,22950.0,PE,44631,375.25,301860,1476930,375.4,376.45,65
2026-10-07 15:05:19,22590.2,2026-10-13,23000.0,PE,44633,420.15,1441895,6447610,418.9,419.95,65
2026-10-07 15:05:19,22590.2,2026-10-13,22200.0,PE,44595,29.7,6540040,75021960,29.55,29.7,65
2026-10-07 15:05:19,22590.2,2026-10-13,22250.0,PE,44597,36.6,1598675,38991095,36.5,36.65,65
2026-10-07 15:05:19,22590.2,2026-10-13,22950.0,CE,44630,25.95,2363920,45354075,25.95,26.05,65
2026-10-07 15:05:19,22590.2,2026-10-13,22250.0,CE,44596,386.8,77740,285350,385.3,386.4,65
2026-10-07 15:05:19,22590.2,2026-10-13,23050.0,CE,44636,14.7,2062775,33557940,14.7,14.8,65
2026-10-07 15:05:19,22590.2,2026-10-13,22150.0,PE,44591,24.4,1436630,29485950,24.25,24.35,65
2026-10-07 15:05:19,22590.2,2026-10-13,22200.0,CE,44592,428.0,356070,1107990,428.25,429.65,65
2026-10-07 15:10:12,22580.55,2026-10-13,22700.0,PE,44621,195.7,4470180,158471300,195.7,195.85,65
2026-10-07 15:10:12,22580.55,2026-10-13,22700.0,CE,44620,88.8,9441835,217328215,88.75,88.95,65
2026-10-07 15:10:12,22580.55,2026-10-13,22750.0,PE,44623,227.45,904865,32782035,227.0,227.35,65
2026-10-07 15:10:12,22580.55,2026-10-13,22750.0,CE,44622,70.6,4144855,93752490,70.65,70.7,65
2026-10-07 15:10:12,22580.55,2026-10-13,22100.0,CE,44584,510.0,116935,218725,511.8,513.05,65
2026-10-07 15:10:12,22580.55,2026-10-13,22050.0,PE,44583,16.25,1445795,26574470,16.2,16.25,65
2026-10-07 15:10:12,22580.55,2026-10-13,22150.0,CE,44586,468.2,37310,135915,466.1,467.6,65
2026-10-07 15:10:12,22580.55,2026-10-13,22100.0,PE,44585,19.85,3670810,45258135,19.85,19.9,65
2026-10-07 15:10:12,22580.55,2026-10-13,22900.0,PE,44629,339.6,870935,7117175,338.7,339.45,65
2026-10-07 15:10:12,22580.55,2026-10-13,22900.0,CE,44628,32.45,4708860,91688545,32.45,32.55,65
2026-10-07 15:10:12,22580.55,2026-10-13,22800.0,PE,44625,261.6,1989390,37408280,261.15,261.65,65
2026-10-07 15:10:12,22580.55,2026-10-13,22800.0,CE,44624,54.65,10193950,154427260,54.75,54.9,65
2026-10-07 15:10:12,22580.55,2026-10-13,22850.0,PE,44627,299.15,289380,5890950,298.65,299.25,65
2026-10-07 15:10:12,22580.55,2026-10-13,22850.0,CE,44626,42.4,3096470,60501870,42.35,42.45,65
2026-10-07 15:10:12,22580.55,2026-10-13,22050.0,CE,44582,559.25,22035,58955,558.3,559.65,65
2026-10-07 15:10:12,22580.55,2026-10-13,22000.0,PE,44581,13.55,7426120,79504425,13.5,13.55,65
2026-10-07 15:10:12,22580.55,2026-10-13,23200.0,PE,44653,614.15,286910,454220,611.5,613.1,65
2026-10-07 15:10:12,22580.55,2026-10-13,22500.0,CE,44612,191.75,2779595,42888105,191.45,191.75,65
2026-10-07 15:10:12,22580.55,2026-10-13,22450.0,PE,44611,82.1,2007785,77221170,82.1,82.3,65
2026-10-07 15:10:12,22580.55,2026-10-13,23200.0,CE,44650,6.0,7666360,52925145,5.95,6.0,65
2026-10-07 15:10:12,22580.55,2026-10-13,22000.0,CE,44572,605.0,322335,796445,605.0,605.4,65
2026-10-07 15:10:12,22580.55,2026-10-13,22650.0,CE,44618,110.0,3892850,136146270,109.95,110.0,65
2026-10-07 15:10:12,22580.55,2026-10-13,22600.0,PE,44617,141.65,8207745,272507755,141.65,141.85,65
2026-10-07 15:10:12,22580.55,2026-10-13,22650.0,PE,44619,167.3,2356510,142181000,166.95,167.3,65
2026-10-07 15:10:12,22580.55,2026-10-13,22550.0,CE,44614,161.6,1505010,45020885,161.3,161.6,65
2026-10-07 15:10:12,22580.55,2026-10-13,22500.0,PE,44613,99.05,6459245,166215920,99.1,99.25,65
2026-10-07 15:10:12,22580.55,2026-10-13,22600.0,CE,44616,134.2,7218640,191226165,134.15,134.2,65
2026-10-07 15:10:12,22580.55,2026-10-13,22550.0,PE,44615,119.1,3353350,114836410,118.9,119.1,65
2026-10-07 15:10:12,22580.55,2026-10-13,22350.0,PE,44601,55.5,1541020,47241935,55.4,55.5,65
2026-10-07 15:10:12,22580.55,2026-10-13,23050.0,PE,44645,469.15,79300,460850,469.95,470.8,65
2026-10-07 15:10:12,22580.55,2026-10-13,22350.0,CE,44600,297.7,120315,1244750,297.95,298.35,65
2026-10-07 15:10:12,22580.55,2026-10-13,22450.0,CE,44608,224.8,281255,5803460,224.55,224.8,65
2026-10-07 15:10:12,22580.55,2026-10-13,23100.0,PE,44647,517.0,341575,828750,515.85,517.2,65
2026-10-07 15:10:12,22580.55,2026-10-13,22400.0,CE,44602,260.65,910065,9132500,260.15,260.55,65
2026-10-07 15:10:12,22580.55,2026-10-13,23100.0,CE,44646,10.2,6210685,57726305,10.2,10.25,65
2026-10-07 15:10:12,22580.55,2026-10-13,23150.0,PE,44649,564.0,33605,105625,563.1,564.9,65
2026-10-07 15:10:12,22580.55,2026-10-13,23150.0,CE,44648,7.8,3213470,28542085,7.75,7.8,65
2026-10-07 15:10:12,22580.55,2026-10-13,22400.0,PE,44604,67.6,4786925,103597520,67.6,67.75,65
2026-10-07 15:10:12,22580.55,2026-10-13,22300.0,PE,44599,45.1,4431375,79429610,45.1,45.15,65
2026-10-07 15:10:12,22580.55,2026-10-13,23000.0,CE,44632,18.7,10058880,115846120,18.7,18.8,65
2026-10-07 15:10:12,22580.55,2026-10-13,22300.0,CE,44598,337.0,321945,2870205,337.25,338.2,65
2026-10-07 15:10:12,22580.55,2026-10-13,22950.0,PE,44631,381.35,299715,1490320,380.55,381.45,65
2026-10-07 15:10:12,22580.55,2026-10-13,23000.0,PE,44633,425.3,1433055,6496685,424.35,425.25,65
2026-10-07 15:10:12,22580.55,2026-10-13,22200.0,PE,44595,29.8,6503250,75807355,29.8,29.85,65
2026-10-07 15:10:12,22580.55,2026-10-13,22250.0,PE,44597,36.75,1594060,39395200,36.75,36.8,65
2026-10-07 15:10:12,22580.55,2026-10-13,22950.0,CE,44630,24.5,2280655,45775730,24.5,24.55,65
2026-10-07 15:10:12,22580.55,2026-10-13,22250.0,CE,44596,379.05,78390,287755,379.05,380.2,65
2026-10-07 15:10:12,22580.55,2026-10-13,23050.0,CE,44636,13.8,2027805,33956260,13.75,13.8,65
2026-10-07 15:10:12,22580.55,2026-10-13,22150.0,PE,44591,24.4,1435720,29752905,24.35,24.4,65
2026-10-07 15:10:12,22580.55,2026-10-13,22200.0,CE,44592,422.35,355355,1116050,421.85,423.05,65
